address_id,person_id,address_line,location_id,pincode,address_type
54284ae0-c2b3-405a-8c91-8dfa7dded135,aec12e43-108b-427a-aa5e-9172fc135ca3,"House No. 249, Munirka Colony, Sunoli",4084b2c2-1a7b-4c95-8daf-73b43d009467,263601,permanent
7bee4ad4-0588-4b29-aec7-e0b13199aca7,cc1a9eaf-455e-4d5e-bd79-a5b244d64a1f,"House No. 249, Munirka Colony, Sunoli",4084b2c2-1a7b-4c95-8daf-73b43d009467,263601,permanent
8ee3671d-72cd-421d-b866-62c045576d3a,2fb9ccba-04e4-4ccc-96fd-eb1d1b3c35f7,"House No. 226, Camac Street Colony, Sunoli",4084b2c2-1a7b-4c95-8daf-73b43d009467,263601,permanent
eab0a282-a724-4bf0-affb-246f08b0e70d,5c967353-da8f-4dfc-9a6b-ecda50d103bb,"House No. 226, Camac Street Colony, Sunoli",4084b2c2-1a7b-4c95-8daf-73b43d009467,263601,permanent
c743d923-c5c1-49f8-b3f3-e2488afebbb9,a6a6df1b-5f66-4c8b-b473-5a3ab770f17a,"House No. 226, Camac Street Colony, Sunoli",4084b2c2-1a7b-4c95-8daf-73b43d009467,263601,permanent
3622ca9a-278e-4458-ac43-58bbe90bba0a,53240630-41a5-484a-b367-e3c8ea343e4c,"House No. 226, Camac Street Colony, Sunoli",4084b2c2-1a7b-4c95-8daf-73b43d009467,263601,permanent
d5279dca-4af6-48e0-98df-522bbc254cd4,565e485b-93b0-4779-8562-889a76de5c1d,"House No. 126, Palam Marg Road, Sunoli",4084b2c2-1a7b-4c95-8daf-73b43d009467,263601,permanent
ee428667-f6b8-429c-874b-a496d9e36c04,ad49bd53-d644-487a-8590-ae1d570c3454,"House No. 126, Palam Marg Road, Sunoli",4084b2c2-1a7b-4c95-8daf-73b43d009467,263601,permanent
29de0a9f-4185-4896-a3b5-a63cf40f3a59,ad49bd53-d644-487a-8590-ae1d570c3454,"House No. 139, Khan Market Extension, Govandi",12fd7c68-ddcd-4eb1-8122-5e012bed78f1,400088,current
af786b46-0eb7-4032-9214-be422630d7c1,5d306493-b101-41ff-8897-5fb63e8d853f,"House No. 118, Chanakyapuri Colony, Artiyan Kallan",c02d795c-a08a-4eac-b4c4-4fefaf879cf7,342606,permanent
076999a1-6618-4f01-93c0-6bd138880436,7a8dcb3d-2353-4f1c-8481-583a228493ce,"House No. 118, Chanakyapuri Colony, Artiyan Kallan",c02d795c-a08a-4eac-b4c4-4fefaf879cf7,342606,permanent
7576ffc3-1a09-4d22-a431-9b7d2d582f66,7a8dcb3d-2353-4f1c-8481-583a228493ce,"House No. 102, Vasant Kunj Street, Padumbasan",3548beb9-6adf-49db-968e-bb7eea1585ad,721636,current
410e9d09-30d6-46bd-bef5-6090047e71de,da22d3e9-8ebe-4152-94ca-c6259d859ad8,"House No. 118, Chanakyapuri Colony, Artiyan Kallan",c02d795c-a08a-4eac-b4c4-4fefaf879cf7,342606,permanent
f5326ca0-8259-401c-939d-3e33889b7829,6bfc4329-68a0-4317-9c16-a40b7be04ac2,"House No. 104, Ramesh Nagar Road, Masgaon",86fefb20-41f1-4cf7-8888-b9afdb990b01,210506,permanent
c053fe8f-f31e-4526-be02-ca6355cede12,0b96f7c8-c4cb-43cf-aba8-22d1638b549b,"House No. 104, Ramesh Nagar Road, Masgaon",86fefb20-41f1-4cf7-8888-b9afdb990b01,210506,permanent
17924329-1483-4a84-834d-3e073de71c4e,16817167-1c76-444a-b3c0-c65e54712a2a,"House No. 104, Ramesh Nagar Road, Masgaon",86fefb20-41f1-4cf7-8888-b9afdb990b01,210506,permanent
b039210f-4dfb-4132-a7dd-4d6de7d5226e,7d6f20e1-961e-46de-8504-3ea2f6d7692a,"House No. 104, Ramesh Nagar Road, Masgaon",86fefb20-41f1-4cf7-8888-b9afdb990b01,210506,permanent
cfd080c6-5432-4bf1-b2dc-a1feb0ae1371,7d6f20e1-961e-46de-8504-3ea2f6d7692a,"House No. 274, Brigade Road Colony, Kalikrishnagar",cc25d34d-0396-4913-b1c3-0766f4f66c68,799132,work
31e25b48-794d-43f1-a3f0-e783e4dd495c,bb92ad30-66e1-4be1-b2ff-cf53d52b6c13,"House No. 122, Civil Lines Lane, Masgaon",86fefb20-41f1-4cf7-8888-b9afdb990b01,210506,permanent
8fbeb9c0-2caa-45c8-828f-6504bca5f595,73afdf7b-f403-4f68-a828-79d245d66657,"House No. 167, Satya Marg Enclave, Masgaon",86fefb20-41f1-4cf7-8888-b9afdb990b01,210506,permanent
599861b1-19e1-4d56-b9bb-62bac28f5716,3c9c5911-b0c5-46cd-8e9f-f136e566c0be,"House No. 297, Pedder Road Enclave, Masgaon",86fefb20-41f1-4cf7-8888-b9afdb990b01,210506,permanent
ec7f384a-c574-4351-af86-f50a68a09af9,3c9c5911-b0c5-46cd-8e9f-f136e566c0be,"House No. 135, Bypass Road Street, Devenampalayam",a684d76b-fc88-4771-ac63-cb6776a45e23,642120,work
1f97485c-daef-4bd3-9732-cd6317107a7a,836fb355-2c29-4670-84f7-d2bbc5a3a9f9,"House No. 220, Raja Ram Mohan Roy Road Enclave, Masgaon",86fefb20-41f1-4cf7-8888-b9afdb990b01,210506,permanent
754ddea2-a54c-4c17-9565-37b37952a5c9,24abd191-d037-4855-b375-7a464e656ced,"House No. 220, Raja Ram Mohan Roy Road Enclave, Masgaon",86fefb20-41f1-4cf7-8888-b9afdb990b01,210506,permanent
53e799b5-b8fe-45e1-8a27-711bf7619bbf,e8b38c53-06e8-4472-92b1-ba4b33753200,"House No. 220, Raja Ram Mohan Roy Road Enclave, Masgaon",86fefb20-41f1-4cf7-8888-b9afdb990b01,210506,permanent
f1cfead3-561c-47f1-8057-aeec92efcfe1,f3cb50b6-edbb-44e2-987c-13cf7b2b22ef,"House No. 220, Raja Ram Mohan Roy Road Enclave, Masgaon",86fefb20-41f1-4cf7-8888-b9afdb990b01,210506,permanent
d3b1fc2d-c704-4afe-82f9-71768a825c72,e519fc8a-3b2e-4b65-abe6-bb0356808a54,"House No. 220, Raja Ram Mohan Roy Road Enclave, Masgaon",86fefb20-41f1-4cf7-8888-b9afdb990b01,210506,permanent
1ef05dc4-710d-410c-8d6a-677fd1812adc,deae4823-68b5-44b6-964e-e48543f0c8e6,"House No. 80, Atal Bihari Vajpayee Marg Extension, Masgaon",86fefb20-41f1-4cf7-8888-b9afdb990b01,210506,permanent
80b2e4da-df07-4f07-92b7-ef0f77163965,6641b356-0f73-4184-9190-a96424cd43c5,"House No. 80, Atal Bihari Vajpayee Marg Extension, Masgaon",86fefb20-41f1-4cf7-8888-b9afdb990b01,210506,permanent
42e428b6-f31d-4089-9597-5f61b2175973,6641b356-0f73-4184-9190-a96424cd43c5,"House No. 162, Swatantrata Marg Colony, Metwada",0c59af77-a212-46d4-b2dc-84da2b403d3c,466118,work
520cb250-f733-4384-8017-8c4c8d254b7d,39967684-7922-4d5f-a5c0-c1f2a4d2eb10,"House No. 80, Atal Bihari Vajpayee Marg Extension, Masgaon",86fefb20-41f1-4cf7-8888-b9afdb990b01,210506,permanent
01c6dbf8-ff52-4c4b-af7f-4eb4e986a156,7d3c7594-2c8b-4e80-b2c0-0f5c9b86ec99,"House No. 77, Jaipur Road Colony, Mutharasikuppam",c0975979-9043-4963-855f-ca856764a207,632106,permanent
b060c08f-9b01-4005-b9ca-9b6db53c319f,f6a345fd-f373-45ae-897b-3a5e448f0a10,"House No. 176, Rajouri Garden Road, Mutharasikuppam",c0975979-9043-4963-855f-ca856764a207,632106,permanent
00d07a19-6868-4bc2-bd36-b38ef17301d0,c453596c-6636-48eb-9b21-2a9aab157eab,"House No. 176, Rajouri Garden Road, Mutharasikuppam",c0975979-9043-4963-855f-ca856764a207,632106,permanent
cca0c362-981f-4a06-b2ec-9cf07865f6ed,54c82bdd-31ea-4ed6-9d88-87aa3fa602dd,"House No. 273, Station Road Colony, Mutharasikuppam",c0975979-9043-4963-855f-ca856764a207,632106,permanent
46b18f74-7a93-455a-a994-393a1c066922,a58cce80-7076-468f-94d2-5d9da15f955b,"House No. 273, Station Road Colony, Mutharasikuppam",c0975979-9043-4963-855f-ca856764a207,632106,permanent
cd27ba4c-813c-40e2-bb3c-41e48ed5b72c,01a47444-734f-4ef7-a3a4-92fd4f5673d8,"House No. 189, Marine Drive Marg, Kachhwa",5de0aec7-f8dc-425d-8e90-d5e96c9c6fb3,231501,permanent
b5b07bfe-4645-4935-b8e7-5c9021465587,f41f457b-1975-41bc-97f0-d83efefcce31,"House No. 189, Marine Drive Marg, Kachhwa",5de0aec7-f8dc-425d-8e90-d5e96c9c6fb3,231501,permanent
96ad3101-7818-4322-b11f-6f9f3f82b13d,f41f457b-1975-41bc-97f0-d83efefcce31,"House No. 284, Aerocity Lane, Aurangpura",f9e138a1-81a9-4077-9fbb-2529525867ac,451001,current
273e04ba-c3c2-4ecf-ba07-d16f1f7e7b76,67f57f97-1080-4f10-89a8-902ba86ece6f,"House No. 189, Marine Drive Marg, Kachhwa",5de0aec7-f8dc-425d-8e90-d5e96c9c6fb3,231501,permanent
43dea560-917c-4d44-bade-b5181ade44a7,3c7a9e48-11c9-4597-a7d4-fc6136349c43,"House No. 189, Marine Drive Marg, Kachhwa",5de0aec7-f8dc-425d-8e90-d5e96c9c6fb3,231501,permanent
b19d18fb-ece4-44cf-b0cc-4b3228cef1d7,43fbb141-67d7-4de2-8f11-99a6591b1748,"House No. 117, Bellary Road Extension, Kachhwa",5de0aec7-f8dc-425d-8e90-d5e96c9c6fb3,231501,permanent
04f510ee-2786-4633-a023-06fce5ec0780,a0eec687-e78f-40c8-b68d-013ff0f8149c,"House No. 117, Bellary Road Extension, Kachhwa",5de0aec7-f8dc-425d-8e90-d5e96c9c6fb3,231501,permanent
ee9f8516-f4e6-4238-b44c-ea46a11242ff,8970fbd6-6aef-45b0-9c43-bcb423be1445,"House No. 14, Main Road Marg, Kachhwa",5de0aec7-f8dc-425d-8e90-d5e96c9c6fb3,231501,permanent
246cdcb8-2713-4c1d-8bd9-ad9b80c9469a,745b0fba-f5d3-40c3-9aa5-758b06aa1954,"House No. 14, Main Road Marg, Kachhwa",5de0aec7-f8dc-425d-8e90-d5e96c9c6fb3,231501,permanent
69fc0cdb-182e-458f-81d1-2b3dadaeedd8,712178c7-7e72-43da-a358-1a4770b8ddcf,"House No. 14, Main Road Marg, Kachhwa",5de0aec7-f8dc-425d-8e90-d5e96c9c6fb3,231501,permanent
26006851-176c-43f8-b0cb-7bfe6b3d7784,962061f8-7a5c-4543-b468-5740d2455ac9,"House No. 204, Secunderabad Road Street, Kachhwa",5de0aec7-f8dc-425d-8e90-d5e96c9c6fb3,231501,permanent
2832036a-8cc2-425e-928b-0b10be4055dc,5bac2cac-75e9-4981-98e1-8b843874d8fd,"House No. 204, Secunderabad Road Street, Kachhwa",5de0aec7-f8dc-425d-8e90-d5e96c9c6fb3,231501,permanent
5e96482b-ac2c-4c3e-8d59-8bb102af4c64,8f894cdd-94c2-4c60-b0af-002ffeeb7d56,"House No. 90, Paharganj Street, Eja",c72b3670-988d-4140-b70e-75cb3ec17b11,241001,permanent
e614b645-653c-406a-8dc0-c3741b9d1cc6,dd4f5e05-61d1-41cf-8117-8089f01c9c54,"House No. 90, Paharganj Street, Eja",c72b3670-988d-4140-b70e-75cb3ec17b11,241001,permanent
4898a513-6335-4686-a0ed-90c5de54f7b0,7af59a83-c416-4442-9060-f4a577034180,"House No. 90, Paharganj Street, Eja",c72b3670-988d-4140-b70e-75cb3ec17b11,241001,permanent
c8e38725-50ed-4345-9e02-d6c276b7e6d3,9e93689b-011c-49bd-b38e-4270bcbb6dbe,"House No. 90, Paharganj Street, Eja",c72b3670-988d-4140-b70e-75cb3ec17b11,241001,permanent
4af2c8c7-5be2-4072-b465-ba2080355dd9,1625d745-435b-464f-8b41-7bb07e32d54f,"House No. 90, Paharganj Street, Eja",c72b3670-988d-4140-b70e-75cb3ec17b11,241001,permanent
125f59c0-ea03-4c3e-abf6-e294891d4dff,21b3d97c-017c-48d5-bb9d-45ec192822f3,"House No. 101, Sardar Patel Marg Enclave, Yellamalai",c059e218-b273-4941-8842-7fa64f52a475,643228,permanent
1afdf20e-9064-4595-a2b3-16b374d57f6c,1566dfa7-583e-4869-b4e2-ec7267bbbf29,"House No. 101, Sardar Patel Marg Enclave, Yellamalai",c059e218-b273-4941-8842-7fa64f52a475,643228,permanent
ca8be79d-793c-471b-8e3d-110f5d6ae6eb,1566dfa7-583e-4869-b4e2-ec7267bbbf29,"House No. 237, Ishwar Chandra Vidyasagar Road Nagar, Panga",db717a45-5491-48ac-ab83-6c494e47532c,679338,current
ad69d698-5a95-42df-a1ca-64e0866cd459,376f27e4-a6c9-48fb-be55-e53c25f6e965,"House No. 257, Aurobindo Marg Enclave, Yellamalai",c059e218-b273-4941-8842-7fa64f52a475,643228,permanent
5436aaab-342e-47c2-962b-bf3a25c6a647,07723ba6-e0c7-4d35-944b-4ca10f7d77c8,"House No. 257, Aurobindo Marg Enclave, Yellamalai",c059e218-b273-4941-8842-7fa64f52a475,643228,permanent
06f1dcab-9858-43d2-a428-6265fe82bb01,4c7e0c24-796c-4ac8-8674-03843b089a56,"House No. 36, Lala Lajpat Rai Marg Nagar, Yellamalai",c059e218-b273-4941-8842-7fa64f52a475,643228,permanent
bd1161f1-77e2-4fca-94e0-a0663b9b7f89,5316156b-196d-4335-8a2b-336865fd84ef,"House No. 36, Lala Lajpat Rai Marg Nagar, Yellamalai",c059e218-b273-4941-8842-7fa64f52a475,643228,permanent
86b3ab44-4a84-433b-9db8-bfcca394a431,38f3835d-dbc8-4d65-9ac7-7b55580d0924,"House No. 36, Lala Lajpat Rai Marg Nagar, Yellamalai",c059e218-b273-4941-8842-7fa64f52a475,643228,permanent
dfadf394-a3b3-4ca6-ac3a-b1625f6d7a75,a6e01bb6-e7d3-41a8-8e60-51bb1616d131,"House No. 300, Worli Sea Face Lane, Hadmatiya",014215a7-d217-430a-8364-14c98610181e,360110,permanent
0ae832db-e236-4302-ac3d-c58cf1957602,a6e01bb6-e7d3-41a8-8e60-51bb1616d131,"House No. 117, Bhikaji Cama Place Enclave, Lasiyari",a1ac6dda-cf2b-4f37-b3bf-4697fe4e7bff,246424,current
25e0dc5a-a3c1-424d-9f2d-7ba915ab72e4,301d5ff0-c633-470a-991d-b434ba34b84c,"House No. 300, Worli Sea Face Lane, Hadmatiya",014215a7-d217-430a-8364-14c98610181e,360110,permanent
68a719d7-9a18-479d-9a0e-2c989da0d1c8,53cdddf2-09d4-4405-a72d-eed3c559550a,"House No. 300, Worli Sea Face Lane, Hadmatiya",014215a7-d217-430a-8364-14c98610181e,360110,permanent
c5ecde7c-5bc1-4c81-9d9d-684ea6e498a8,712d9149-66e4-4e37-87a3-98f91e39528b,"House No. 65, Bhulabhai Desai Road Enclave, Hadmatiya",014215a7-d217-430a-8364-14c98610181e,360110,permanent
08337726-1a2e-404f-9e4b-d8122520529f,c1d30be8-ee50-43a5-9786-cad8b0d2fec2,"House No. 65, Bhulabhai Desai Road Enclave, Hadmatiya",014215a7-d217-430a-8364-14c98610181e,360110,permanent
74a68c78-aab4-4185-b3ab-9b3ec966422f,a3ea767d-af72-417a-985f-a19a89b8725a,"House No. 65, Bhulabhai Desai Road Enclave, Hadmatiya",014215a7-d217-430a-8364-14c98610181e,360110,permanent
661d2d12-93a1-4302-8f0c-bd6145eebcc4,6663fe0b-b0ec-457f-8dea-1ab513b8f811,"House No. 65, Bhulabhai Desai Road Enclave, Hadmatiya",014215a7-d217-430a-8364-14c98610181e,360110,permanent
32f1d1df-a0ae-4ae8-bc31-dfc895e514ee,f71fa1e6-87cf-4997-9bc1-79e082224e7f,"House No. 222, B T Road Road, Hadmatiya",014215a7-d217-430a-8364-14c98610181e,360110,permanent
68dbf50e-1039-47f1-9bd9-54810907cabc,b97243d8-5458-4ae9-8928-9a34f805e531,"House No. 222, B T Road Road, Hadmatiya",014215a7-d217-430a-8364-14c98610181e,360110,permanent
b6135565-ad1b-47ad-b50c-f576fbc91bd4,b24af610-2d8d-4597-b400-5c224281b9ee,"House No. 222, B T Road Road, Hadmatiya",014215a7-d217-430a-8364-14c98610181e,360110,permanent
24e63081-d622-4eae-bbb0-f6820275808f,9a88128b-a11e-4719-90d9-57dd6d1507f6,"House No. 264, C R Avenue Road, Hadmatiya",014215a7-d217-430a-8364-14c98610181e,360110,permanent
d7fc2722-01eb-43a0-96ff-7709f3f635b9,fecebe3d-821d-4461-8f73-50f40303c96c,"House No. 158, S P Road Lane, Sukalwadi",dcab7c79-270b-4d35-ad1e-3714b5b3d15b,416534,permanent
532c07f8-4933-4cf9-80f6-27d2a296977d,fecebe3d-821d-4461-8f73-50f40303c96c,"House No. 96, Laxmi Nagar Marg, Tamulichiga",2796f166-4b38-41c0-aa90-df4c3f1d5918,785682,current
30184d0c-6afc-40d9-85fb-173121de2d2e,7d9588a6-ed36-4e65-a049-b78ff1fed110,"House No. 275, Bhikaji Cama Place Colony, Sukalwadi",dcab7c79-270b-4d35-ad1e-3714b5b3d15b,416534,permanent
90c976e8-4b3c-42e4-a4ef-7cdf5e1853aa,6e07c906-1153-49c1-9237-6453f147a589,"House No. 275, Bhikaji Cama Place Colony, Sukalwadi",dcab7c79-270b-4d35-ad1e-3714b5b3d15b,416534,permanent
2d9a34ca-2ecc-4df1-b694-9e9650657832,3b2df297-1cf6-4878-9cdd-a165757f4d13,"House No. 275, Bhikaji Cama Place Colony, Sukalwadi",dcab7c79-270b-4d35-ad1e-3714b5b3d15b,416534,permanent
8f212874-2867-4c14-873c-29905bf31636,9b9968ed-f49c-4780-9212-f09b9ed9dd66,"House No. 275, Bhikaji Cama Place Colony, Sukalwadi",dcab7c79-270b-4d35-ad1e-3714b5b3d15b,416534,permanent
fd2defdc-4d00-4ece-8782-78a59eb15e67,074205e4-695a-49ad-8587-d67af4f735c7,"House No. 275, Bhikaji Cama Place Colony, Sukalwadi",dcab7c79-270b-4d35-ad1e-3714b5b3d15b,416534,permanent
c3f3365b-558f-4ed2-a63b-52eeccadaa90,f1a8d7c2-5601-4f24-9a1e-a4602b9fc452,"House No. 198, Nehru Place Nagar, Sukalwadi",dcab7c79-270b-4d35-ad1e-3714b5b3d15b,416534,permanent
18eab743-f75d-471b-83c9-db35c81ae055,95b21a34-896e-4a99-ab1f-18b495bd8672,"House No. 272, Tonk Road Nagar, Sukalwadi",dcab7c79-270b-4d35-ad1e-3714b5b3d15b,416534,permanent
27d74714-9feb-4361-9747-d0d23bce512a,95b21a34-896e-4a99-ab1f-18b495bd8672,"House No. 181, Nungambakkam High Road Colony, Janawad",677b943d-7828-4146-9dbe-db090c179e46,313333,current
c4b96ece-3e8b-4768-9ee7-9655c5ed5dc4,f0b9c854-5c74-4e1d-9a3e-d98aad2eb796,"House No. 272, Tonk Road Nagar, Sukalwadi",dcab7c79-270b-4d35-ad1e-3714b5b3d15b,416534,permanent
0726cf91-6e5a-4f2c-9391-cb28be0316b1,a320ee3a-ba3e-40b3-b0e9-2d9266f355fc,"House No. 272, Tonk Road Nagar, Sukalwadi",dcab7c79-270b-4d35-ad1e-3714b5b3d15b,416534,permanent
9fd354f4-2215-4b75-b56f-92a83b36ac10,97c19247-87ac-486f-ac15-862d7a702684,"House No. 272, Tonk Road Nagar, Sukalwadi",dcab7c79-270b-4d35-ad1e-3714b5b3d15b,416534,permanent
435283c7-f6d4-4a4e-a6fb-fd68206c7df0,9140c2ff-ada7-4be4-bfc7-25b0945d4bea,"House No. 238, Vinay Marg Lane, Saltighat Gujarpur",943731aa-f7f4-45ff-b9ae-48f396e860e0,711401,permanent
59802a44-a5ca-4409-9dd2-0cb9159d791c,699e5332-74a6-40da-a531-fc66bae1556e,"House No. 238, Vinay Marg Lane, Saltighat Gujarpur",943731aa-f7f4-45ff-b9ae-48f396e860e0,711401,permanent
045e04df-7534-4c96-855e-4153392f2288,ffb11dae-2aff-4e98-8384-6b2169e79785,"House No. 74, Rajpath Nagar, Saltighat Gujarpur",943731aa-f7f4-45ff-b9ae-48f396e860e0,711401,permanent
49d11031-ecc6-4150-a110-e6e4622f66f1,d06d2263-8e37-4e7b-8d00-e8d5e0999b11,"House No. 74, Rajpath Nagar, Saltighat Gujarpur",943731aa-f7f4-45ff-b9ae-48f396e860e0,711401,permanent
83bfad6a-0473-4b2c-841f-fa5e263243dd,4f5ce979-ecb2-4e53-b0e3-6c1a025dc4a2,"House No. 224, Karol Bagh Street, Kalikrishnagar",cc25d34d-0396-4913-b1c3-0766f4f66c68,799132,permanent
f76fad99-f6af-404d-a556-656df7038a5b,4f5ce979-ecb2-4e53-b0e3-6c1a025dc4a2,"House No. 28, Gokhale Road Nagar, Dubara",e137e7b2-7e1e-406d-bd4d-ca4981740883,276301,work
41297b67-960e-490c-b253-8562004bc9a9,1c999a98-2351-4786-bf7d-c1a622ce58c6,"House No. 224, Karol Bagh Street, Kalikrishnagar",cc25d34d-0396-4913-b1c3-0766f4f66c68,799132,permanent
ce061c81-47a2-4ee4-a7da-f0c1d497e9de,1b6cec20-660f-4e8c-a927-c4b64d300ec3,"House No. 224, Karol Bagh Street, Kalikrishnagar",cc25d34d-0396-4913-b1c3-0766f4f66c68,799132,permanent
3114825e-0b82-4d3d-9746-026fcb0590c0,1b6cec20-660f-4e8c-a927-c4b64d300ec3,"House No. 183, C R Avenue Road, Buriya",26761411-cf0a-4118-9225-5d7d50d855c6,135101,current
1d232b76-2abe-4d7b-aef8-4f96c520f5f6,5d819959-67b8-47c8-9d65-bc44c7d4d99b,"House No. 194, Subhash Nagar Street, Kalikrishnagar",cc25d34d-0396-4913-b1c3-0766f4f66c68,799132,permanent
f7b4e6a7-02e2-4957-bcf1-f204f4748e01,5d819959-67b8-47c8-9d65-bc44c7d4d99b,"House No. 248, Patel Chowk Nagar, Moran",5e7265f2-e024-4948-ae97-9577296c20d5,785669,current
bd4fc8f2-61f7-42b4-a32f-b46c48a45c14,c8388749-8792-499f-8d2c-46c54adc4495,"House No. 194, Subhash Nagar Street, Kalikrishnagar",cc25d34d-0396-4913-b1c3-0766f4f66c68,799132,permanent
2a2d459a-f6fd-433b-b0ac-abab886a5600,e9888f39-cbf1-4770-824b-aa4262afc197,"House No. 194, Subhash Nagar Street, Kalikrishnagar",cc25d34d-0396-4913-b1c3-0766f4f66c68,799132,permanent
52b42456-7ca7-4561-a280-3d7b955aea3e,718c8dcc-4632-4831-aa1a-5706160a9a02,"House No. 194, Subhash Nagar Street, Kalikrishnagar",cc25d34d-0396-4913-b1c3-0766f4f66c68,799132,permanent
e158c715-21f0-4926-a47d-1b69f4a7bba7,760ca9ec-df70-4aa9-a799-c8069fb2dc29,"House No. 194, Subhash Nagar Street, Kalikrishnagar",cc25d34d-0396-4913-b1c3-0766f4f66c68,799132,permanent
3592250c-490d-497b-a71f-1f5b7e3abf0d,91cd6afb-4617-4190-8d3d-0b5d013a15ca,"House No. 65, Shahpur Jat Nagar, Kalikrishnagar",cc25d34d-0396-4913-b1c3-0766f4f66c68,799132,permanent
68e4ed76-51e7-42d4-aa41-3b89129eeb19,ae38c930-a117-47db-80b6-e927f80e043e,"House No. 65, Shahpur Jat Nagar, Kalikrishnagar",cc25d34d-0396-4913-b1c3-0766f4f66c68,799132,permanent
ed768346-dcaa-495f-85be-1ec95f2efac3,07834000-fe76-48d2-80ce-6b74fc220c82,"House No. 267, Netaji Subhash Chandra Bose Road Lane, Barbhita",577a7f7d-a1ab-4ae4-a4a4-967c0db47f84,783101,permanent
a4733a82-aa8c-459b-9415-9ac2a09a3059,549aa514-5e8b-486c-b99a-ac0a449bc98e,"House No. 225, Panchsheel Marg Nagar, Barbhita",577a7f7d-a1ab-4ae4-a4a4-967c0db47f84,783101,permanent
95a467ab-9c54-42a6-b176-6482ae09e777,549aa514-5e8b-486c-b99a-ac0a449bc98e,"House No. 260, Paschim Vihar Lane, Khushalpura",9c3ab627-7bf2-4906-a00a-aa7a9d1113bd,394650,current
3491a0b7-0cfb-4f01-bc9a-4af953c7fe45,3dcb8dd5-0888-428b-9965-b49080f53d22,"House No. 225, Panchsheel Marg Nagar, Barbhita",577a7f7d-a1ab-4ae4-a4a4-967c0db47f84,783101,permanent
d56a9d43-b551-47b2-a29b-67657acbaff7,43d397f3-6279-4e7b-b1e1-d2dd053d82d2,"House No. 225, Panchsheel Marg Nagar, Barbhita",577a7f7d-a1ab-4ae4-a4a4-967c0db47f84,783101,permanent
318606e2-3bed-460a-8bab-e0c786e26e96,43d397f3-6279-4e7b-b1e1-d2dd053d82d2,"House No. 273, Karol Bagh Lane, Kedlanagar",ffcdef86-07ee-4f5c-b8fd-a47e6040283d,825325,work
04b90955-6233-4e25-9369-5091f6c3feba,5cfd4624-2057-46b8-8433-475f7f34adfd,"House No. 47, Aurangzeb Road Colony, Barbhita",577a7f7d-a1ab-4ae4-a4a4-967c0db47f84,783101,permanent
34e382d5-e9b1-4973-90ac-b5c67dab8441,ea862a2e-c6f9-4145-a0be-80792bd28d47,"House No. 80, Hazra Road Extension, Thammadapalle",381ae24e-5183-4e34-97d6-ef99f38c569e,518512,permanent
090bae0f-055c-405d-bd72-c8e1ac95783a,cf32ee4c-d024-4cb0-ad3d-343fd4281f72,"House No. 80, Hazra Road Extension, Thammadapalle",381ae24e-5183-4e34-97d6-ef99f38c569e,518512,permanent
b2314914-1e39-4569-8749-5feff7a86123,dc49f805-8eab-470f-bacd-57345748432f,"House No. 80, Hazra Road Extension, Thammadapalle",381ae24e-5183-4e34-97d6-ef99f38c569e,518512,permanent
2dc0fb9e-90ea-473d-96bb-775ab4cd415d,702b93ee-f974-4574-9e24-99180e46c0fe,"House No. 110, Dadabhai Naoroji Road Lane, Laugaon",f0f86fcc-117f-4c6d-8a1e-46c45b1b8072,212621,permanent
92f436b3-db37-406e-90cc-725810052112,e67efc8b-b5d7-4752-ba74-2556fa0680a0,"House No. 110, Dadabhai Naoroji Road Lane, Laugaon",f0f86fcc-117f-4c6d-8a1e-46c45b1b8072,212621,permanent
5347ef8d-dd87-4898-ace4-4b8a56c2c5cb,df8f9173-d8b6-46df-ad3c-2ebcbba09b2e,"House No. 110, Dadabhai Naoroji Road Lane, Laugaon",f0f86fcc-117f-4c6d-8a1e-46c45b1b8072,212621,permanent
448a4046-14b1-4c6c-bd2e-c5770d8bd076,6682d7a0-40b3-4146-9c36-1cf8a8ec6ee9,"House No. 216, Ajmer Road Colony, Laugaon",f0f86fcc-117f-4c6d-8a1e-46c45b1b8072,212621,permanent
46932b24-46ca-4c69-9893-c499a514d887,6682d7a0-40b3-4146-9c36-1cf8a8ec6ee9,"House No. 110, M I Road Colony, Chargola Bazar",b9753cbb-9cd4-451b-9705-22cc5bde2d04,788713,current
7e5b2ce3-7909-409e-b225-4d6e7b0372e9,01ff5430-981d-4acc-b71b-e8eda2603794,"House No. 216, Ajmer Road Colony, Laugaon",f0f86fcc-117f-4c6d-8a1e-46c45b1b8072,212621,permanent
ebbf9bf2-0ccd-4725-a738-db8dedbdf502,b7cff819-060a-449b-852f-b6fa908f7602,"House No. 216, Ajmer Road Colony, Laugaon",f0f86fcc-117f-4c6d-8a1e-46c45b1b8072,212621,permanent
4eaa207a-aa4a-43a1-981d-6eeb0cab9e57,df08f019-1a45-4556-8724-3339c8bbdda0,"House No. 216, Ajmer Road Colony, Laugaon",f0f86fcc-117f-4c6d-8a1e-46c45b1b8072,212621,permanent
57390a78-07bf-4762-b147-018d0678e97d,012daffe-1970-46c9-a13d-c4bacae01ef1,"House No. 57, Nagarjuna Circle Extension, Laugaon",f0f86fcc-117f-4c6d-8a1e-46c45b1b8072,212621,permanent
ec7a244f-4fd2-49ff-a626-7425a50161f9,cb8afa22-9dcc-4a1f-bff4-ecc5cc58751b,"House No. 207, Subhash Chowk Enclave, Laugaon",f0f86fcc-117f-4c6d-8a1e-46c45b1b8072,212621,permanent
962f984d-5efe-4233-a624-1cc2f08b67b7,f9082f71-b52c-4e51-b39a-abd8b62427ca,"House No. 181, Ishwar Chandra Vidyasagar Road Enclave, Laugaon",f0f86fcc-117f-4c6d-8a1e-46c45b1b8072,212621,permanent
a846fb49-75f0-459f-bf13-646e4413e4a1,75680bcc-ed61-4f6b-82cc-ee0ee0cc0418,"House No. 296, Vitthalbhai Patel Road Enclave, Netra",136eff02-aaa9-4d02-9322-e157b879657b,306902,permanent
c78cf19f-6d53-45ca-9cd0-861efdaafe21,75680bcc-ed61-4f6b-82cc-ee0ee0cc0418,"House No. 206, Race Course Road Road, Devenampalayam",a684d76b-fc88-4771-ac63-cb6776a45e23,642120,current
2b8273f7-b7c5-4d9c-be42-0f1aa26adff8,e2d76151-3686-452b-b77e-22284bd5ee00,"House No. 296, Vitthalbhai Patel Road Enclave, Netra",136eff02-aaa9-4d02-9322-e157b879657b,306902,permanent
e35354a7-fc67-466b-bf6c-1fbb47168e26,7d7a9547-367c-47ec-8c5c-05fb43f36340,"House No. 296, Vitthalbhai Patel Road Enclave, Netra",136eff02-aaa9-4d02-9322-e157b879657b,306902,permanent
bb041ba6-4d89-48b0-9ee3-e30db5df8714,7d7a9547-367c-47ec-8c5c-05fb43f36340,"House No. 281, Lajpat Nagar Marg, Dubara",e137e7b2-7e1e-406d-bd4d-ca4981740883,276301,work
fd5b5aef-6abe-4329-a934-4246c0b07980,11f66c15-42c7-4d15-9e72-09f72d5ac4bf,"House No. 296, Vitthalbhai Patel Road Enclave, Netra",136eff02-aaa9-4d02-9322-e157b879657b,306902,permanent
0a17bcf6-ffc7-47eb-8d7f-17de33a44549,53d50e04-c90d-47d2-8f09-955a737af76e,"House No. 184, Kasturba Gandhi Marg Colony, Ujirpur",6c9f7d43-814e-48e7-8081-7acd5dc54b0a,731237,permanent
6f992ecf-497d-4e3f-a104-596e3ea9a12d,2079b283-a7d9-4c89-9be5-31d74e456d99,"House No. 184, Kasturba Gandhi Marg Colony, Ujirpur",6c9f7d43-814e-48e7-8081-7acd5dc54b0a,731237,permanent
61cbeae9-126a-4b26-a5b6-b1e0badd1c18,9a4680dd-40f5-4b82-aa4c-99ee4feb8599,"House No. 184, Kasturba Gandhi Marg Colony, Ujirpur",6c9f7d43-814e-48e7-8081-7acd5dc54b0a,731237,permanent
9a59b410-6220-4edd-8786-74bcb7fa36d6,59b6287b-4b20-4b6f-a0b3-d60ecf53823d,"House No. 184, Kasturba Gandhi Marg Colony, Ujirpur",6c9f7d43-814e-48e7-8081-7acd5dc54b0a,731237,permanent
b0b5ecbb-f090-4eb3-adf8-af8c9b147fd2,8168a6dd-e43e-4aa9-a49c-8f2189f923be,"House No. 117, Baba Kharak Singh Marg Extension, Ujirpur",6c9f7d43-814e-48e7-8081-7acd5dc54b0a,731237,permanent
093ac885-83ee-4bac-a708-8201218f0fd2,8168a6dd-e43e-4aa9-a49c-8f2189f923be,"House No. 160, Greater Kailash Extension, Arugonda",f34ee675-7a0e-436f-b6ca-61f475bbb7b6,517129,current
051ce4c6-9029-49aa-812e-da4df5711ac5,50f7fbea-3d0f-4a6f-a225-c90d955b7604,"House No. 117, Baba Kharak Singh Marg Extension, Ujirpur",6c9f7d43-814e-48e7-8081-7acd5dc54b0a,731237,permanent
fe751197-1fba-4cdc-842e-72730b6a383c,dcec1ec7-22d1-4f2e-84c3-77c259c5a64f,"House No. 149, Lado Sarai Nagar, Kathania",63567c45-207e-4463-9fb3-9061aea4680e,143105,permanent
04d8e27e-7724-4889-be41-e5a66b09e2b1,40d2d75f-cb6f-4851-ac2b-5a944fd70a7b,"House No. 149, Lado Sarai Nagar, Kathania",63567c45-207e-4463-9fb3-9061aea4680e,143105,permanent
a640a971-407e-4a16-adc4-fff75a202a43,8764b24f-ffe4-4fb6-96ca-c0d84cd2e537,"House No. 149, Lado Sarai Nagar, Kathania",63567c45-207e-4463-9fb3-9061aea4680e,143105,permanent
e4abd223-4c43-40ee-bf34-754cd7351ee3,6a04491d-36e6-45f3-a428-ed6c96715aab,"House No. 149, Lado Sarai Nagar, Kathania",63567c45-207e-4463-9fb3-9061aea4680e,143105,permanent
47c0c26f-980a-41a9-9b0b-907f935a1b94,bff07c3e-99b6-4e90-b956-a2a3d0d834be,"House No. 149, Dadabhai Naoroji Marg Marg, Kathania",63567c45-207e-4463-9fb3-9061aea4680e,143105,permanent
e0ab87af-557a-4a28-865f-0fd547b7a894,7d9f96cb-4c17-4959-a040-fb670e93f618,"House No. 149, Dadabhai Naoroji Marg Marg, Kathania",63567c45-207e-4463-9fb3-9061aea4680e,143105,permanent
4313c389-07c8-4e5a-bd4e-79ff9046cfed,60ca7f45-5c8b-45bc-9118-f8b0b54b9cc3,"House No. 149, Dadabhai Naoroji Marg Marg, Kathania",63567c45-207e-4463-9fb3-9061aea4680e,143105,permanent
bdd921fb-7ff1-4a05-94c7-ee99fac8b9d6,60ca7f45-5c8b-45bc-9118-f8b0b54b9cc3,"House No. 274, Barakhamba Road Colony, Charan Nikol",88f5cf00-b2bf-4ddd-9579-e495c6cecc0c,387640,current
7e182f85-f7eb-48e1-8e0b-ca184ded42d9,d89d4677-b509-42a7-b8bf-f03bf9012399,"House No. 296, Shanti Path Lane, Nawad",3bcf3cb2-15e9-4118-b082-241e75e7f818,341319,permanent
dd6353bb-5588-4cfe-9750-31bcf8f52fd8,29736372-b9ba-485f-95b1-4315ada4ef1c,"House No. 296, Shanti Path Lane, Nawad",3bcf3cb2-15e9-4118-b082-241e75e7f818,341319,permanent
e09c441d-2eac-41e4-868b-02d46c1b19ad,23b2c16e-a372-4057-94cd-b19071edd156,"House No. 296, Shanti Path Lane, Nawad",3bcf3cb2-15e9-4118-b082-241e75e7f818,341319,permanent
bd828a5a-6caf-4cc8-a1bd-c1463137ac70,a497cc0b-8883-41d6-99c6-3b5af50679c2,"House No. 78, Connaught Place Extension, Nawad",3bcf3cb2-15e9-4118-b082-241e75e7f818,341319,permanent
a4a7e35d-f82f-4773-8f7b-ff6837b7f32c,8bc8a00b-acca-4722-ae5d-3d35bdad668f,"House No. 78, Connaught Place Extension, Nawad",3bcf3cb2-15e9-4118-b082-241e75e7f818,341319,permanent
fb5fc060-1fac-4616-88db-3e4c0fd475c4,1173569c-c9f7-4111-adcd-efbdda71c32c,"House No. 78, Connaught Place Extension, Nawad",3bcf3cb2-15e9-4118-b082-241e75e7f818,341319,permanent
8d5ca76a-53eb-4f7e-861e-7f09d0b2ebcc,f29f2bb9-bc41-4751-856b-64748d5f640a,"House No. 78, Connaught Place Extension, Nawad",3bcf3cb2-15e9-4118-b082-241e75e7f818,341319,permanent
98e4bd3b-3dfb-4ec0-acc5-c8915d0e09dc,5ce28779-6af5-400c-b3bb-0933d4c6adab,"House No. 78, Connaught Place Extension, Nawad",3bcf3cb2-15e9-4118-b082-241e75e7f818,341319,permanent
d2cc1643-1afd-4688-aff3-7e04b96bef9c,ad8dfa60-1332-479b-8c85-4620bd0b02c0,"House No. 16, Bahadur Shah Zafar Marg Enclave, Nawad",3bcf3cb2-15e9-4118-b082-241e75e7f818,341319,permanent
abec8691-f5d2-4f24-b7be-7d96554c8008,94af256f-d5fd-4556-854e-8489e90e316e,"House No. 16, Bahadur Shah Zafar Marg Enclave, Nawad",3bcf3cb2-15e9-4118-b082-241e75e7f818,341319,permanent
439a2008-5b57-47bd-a46e-6d7a5e8b3170,3861c7c1-b2d7-4ae5-b1e7-71c397e5785d,"House No. 183, Mall Road Lane, Nawad",3bcf3cb2-15e9-4118-b082-241e75e7f818,341319,permanent
d7628eb0-145d-4c63-b55f-66c5f9047345,5a6f730b-aff6-4672-843f-6f051b6ca392,"House No. 183, Mall Road Lane, Nawad",3bcf3cb2-15e9-4118-b082-241e75e7f818,341319,permanent
0476d7c6-47c6-4aad-a524-8fe4e524a30e,fe0a1f87-8a54-42f8-a50e-e5c789c1efa2,"House No. 255, Jodhpur Road Colony, Chargola Bazar",b9753cbb-9cd4-451b-9705-22cc5bde2d04,788713,permanent
b5b6d91a-0d34-4699-947c-b4947c2d9b46,950a52da-4854-412c-a6bf-4f7e6f93cbb4,"House No. 255, Jodhpur Road Colony, Chargola Bazar",b9753cbb-9cd4-451b-9705-22cc5bde2d04,788713,permanent
a6dbcf69-cee8-4b48-9c0a-c02feab6fc54,4e23666b-e908-419c-8413-cc86957ec667,"House No. 255, Jodhpur Road Colony, Chargola Bazar",b9753cbb-9cd4-451b-9705-22cc5bde2d04,788713,permanent
4ae7684d-ad14-45db-bb16-47ac8888b403,4e23666b-e908-419c-8413-cc86957ec667,"House No. 98, Green Park Lane, Singibahar",d890e6e8-e9d5-40b8-8d55-7f7573bd97a1,496227,current
fa8af5a2-ed6b-4b0b-9077-291ffec59209,4556cc56-b8be-4b38-9780-75ecd506fb1d,"House No. 255, Jodhpur Road Colony, Chargola Bazar",b9753cbb-9cd4-451b-9705-22cc5bde2d04,788713,permanent
72c25140-c8d4-41ab-8d18-aff9ef897bee,4556cc56-b8be-4b38-9780-75ecd506fb1d,"House No. 225, Maharani Bagh Colony, Metwada",0c59af77-a212-46d4-b2dc-84da2b403d3c,466118,current
6f27ea91-a391-4d1f-b6c1-64786486c869,4556cc56-b8be-4b38-9780-75ecd506fb1d,"House No. 135, Bahadur Shah Zafar Marg Extension, Kedlanagar",ffcdef86-07ee-4f5c-b8fd-a47e6040283d,825325,work
755de6c6-d819-4483-8189-203ea31a5c3b,0fb96ed8-041e-420b-b723-2793c20c2712,"House No. 104, Sansar Chandra Road Nagar, Chargola Bazar",b9753cbb-9cd4-451b-9705-22cc5bde2d04,788713,permanent
584e6cf6-8775-4d22-b2f7-142569b28d1e,0fb96ed8-041e-420b-b723-2793c20c2712,"House No. 253, Subhash Chowk Street, Kallipalli",1c6b2c51-aa55-4558-ae96-d1770fade444,761002,current
cbf8286c-8fcc-4280-b90b-664bff9f864e,7b3edf2e-3833-4f2c-a96d-65888fac3ad7,"House No. 215, Hauz Khas Colony, Panapakam",60e018cc-80fd-40d1-be1b-e65e6d11acc3,517112,permanent
5a2af595-98a9-469f-89ac-58efd2baacc8,cdd4e8a5-2066-42db-b770-8791cd84a467,"House No. 215, Hauz Khas Colony, Panapakam",60e018cc-80fd-40d1-be1b-e65e6d11acc3,517112,permanent
06e621ca-b2ed-4733-8dcc-a53ededfc48e,fe175958-608d-4fbd-bf7a-2ad33064108c,"House No. 215, Hauz Khas Colony, Panapakam",60e018cc-80fd-40d1-be1b-e65e6d11acc3,517112,permanent
91437598-1318-46bb-a08e-eecf39601406,9b8c97f6-e515-44fa-9b93-a3cbf7295baa,"House No. 188, Inner Ring Road Colony, Fatehpur Kalan",0be8fffc-3af0-4ad1-baad-28ec2aa7f02f,246701,permanent
b133acf7-9f63-4514-8370-3584d12bc877,9b8c97f6-e515-44fa-9b93-a3cbf7295baa,"House No. 232, Sardar Patel Marg Enclave, Jalbera",3caa4f89-9dce-4bf1-8c9a-0c858356d4aa,134008,work
bd25f36e-2069-45ed-ab2a-84ca0b295472,a808b266-aab5-4467-9312-1ce4a3e3f472,"House No. 188, Inner Ring Road Colony, Fatehpur Kalan",0be8fffc-3af0-4ad1-baad-28ec2aa7f02f,246701,permanent
4d53657c-7b55-4fbb-a5cb-1d0831cd0b3f,37df37f9-0726-4b31-8b2f-f3089057ec43,"House No. 48, Ashoka Road Nagar, Fatehpur Kalan",0be8fffc-3af0-4ad1-baad-28ec2aa7f02f,246701,permanent
d2a2d825-0c73-4ab5-a8be-d32c13687559,2b702d18-57c4-4b1f-b4de-1ad37174906f,"House No. 48, Ashoka Road Nagar, Fatehpur Kalan",0be8fffc-3af0-4ad1-baad-28ec2aa7f02f,246701,permanent
94c19419-3959-4c24-8667-1c981dfb6eb4,fd5a7700-0a57-4692-96f4-86d7a9d3db87,"House No. 48, Ashoka Road Nagar, Fatehpur Kalan",0be8fffc-3af0-4ad1-baad-28ec2aa7f02f,246701,permanent
5aee0291-3c5c-4299-9ef8-7f8595276deb,02234f38-1200-4efc-b9b4-7b376cf9297e,"House No. 113, Rash Behari Avenue Street, Fatehpur Kalan",0be8fffc-3af0-4ad1-baad-28ec2aa7f02f,246701,permanent
aae3afaf-b875-4d47-8663-04f0b0bf1ef4,02234f38-1200-4efc-b9b4-7b376cf9297e,"House No. 216, Preet Vihar Street, Barbhita",577a7f7d-a1ab-4ae4-a4a4-967c0db47f84,783101,current
7692293a-eeb0-4e6f-8c54-f3ea581877c5,fd95c0e5-c820-436b-9ac4-99d99d7cd0a7,"House No. 113, Rash Behari Avenue Street, Fatehpur Kalan",0be8fffc-3af0-4ad1-baad-28ec2aa7f02f,246701,permanent
9597a388-b85d-45ae-b3aa-2b46189bd85e,fd95c0e5-c820-436b-9ac4-99d99d7cd0a7,"House No. 97, Jaipur Road Colony, Kamandanga",faceac5d-cef0-4845-be9d-06fa3701e641,783332,current
98ad4903-7953-45c2-b592-ae65a730a745,c4469d67-fbd1-4159-9266-09476e95b044,"House No. 78, Mirza Ismail Road Street, Aurangpura",f9e138a1-81a9-4077-9fbb-2529525867ac,451001,permanent
c5b8418e-7d58-408a-9b0f-1cf84712f7cc,69f01ae0-4e7c-43d4-9b9b-24eda30ee101,"House No. 78, Mirza Ismail Road Street, Aurangpura",f9e138a1-81a9-4077-9fbb-2529525867ac,451001,permanent
699e98b2-7876-4820-8dec-29bbd5fda62f,83e0458e-c36a-4d91-b9f1-e3312ef15d30,"House No. 78, Mirza Ismail Road Street, Aurangpura",f9e138a1-81a9-4077-9fbb-2529525867ac,451001,permanent
db1a1607-fcb3-47d4-b4b2-bf8959544526,7a4ad5a7-fe36-4c24-8480-b0a389602a34,"House No. 78, Mirza Ismail Road Street, Aurangpura",f9e138a1-81a9-4077-9fbb-2529525867ac,451001,permanent
2b8aed82-7b1a-4bf3-bc82-df7fc0f04ab0,c43f25b6-bdab-41df-af25-ba497e89655f,"House No. 131, Ring Road Nagar, Aurangpura",f9e138a1-81a9-4077-9fbb-2529525867ac,451001,permanent
0e4658bb-b7d4-4806-bc92-c88958f22157,9bd8bd45-f18b-416d-a9af-403a9142fe23,"House No. 33, Rani Jhansi Road Colony, Aurangpura",f9e138a1-81a9-4077-9fbb-2529525867ac,451001,permanent
939535cd-5169-4a7e-8452-93b7465669f9,abad1087-a032-425a-9096-268663fe4a9e,"House No. 159, Race Course Road Road, Aurangpura",f9e138a1-81a9-4077-9fbb-2529525867ac,451001,permanent
14d600e0-63c6-4b14-b7e8-0c1a5dbd5d9d,bccb7be1-58f6-40cb-b7e0-61d0ff399354,"House No. 159, Race Course Road Road, Aurangpura",f9e138a1-81a9-4077-9fbb-2529525867ac,451001,permanent
5c9d78d3-837f-4a57-a12f-7fc09a0aec3c,f6148609-5bc6-4d6f-8433-6f6852dd892c,"House No. 159, Race Course Road Road, Aurangpura",f9e138a1-81a9-4077-9fbb-2529525867ac,451001,permanent
7539bb17-2a30-4903-8b23-ea3e46efa3dc,94951e27-f598-42f7-a929-d76e9090a1a3,"House No. 115, Lokmanya Tilak Road Street, Jalbera",3caa4f89-9dce-4bf1-8c9a-0c858356d4aa,134008,permanent
ed239d1b-fa5c-41a1-bb2f-47bef9e8d8ca,bc03d0e3-7f88-4208-9567-e03c10bcbd4a,"House No. 115, Lokmanya Tilak Road Street, Jalbera",3caa4f89-9dce-4bf1-8c9a-0c858356d4aa,134008,permanent
fa573161-c247-4704-9e18-8681746470c6,bc03d0e3-7f88-4208-9567-e03c10bcbd4a,"House No. 280, Friends Colony Extension, Utari",bbdca28f-c49f-4ec2-8ae6-6634c58f2755,822116,current
c20ba7fb-aca1-43c2-b85d-d2284bd45e64,0846efa4-e94f-444b-be33-b56c4bacc2c7,"House No. 115, Lokmanya Tilak Road Street, Jalbera",3caa4f89-9dce-4bf1-8c9a-0c858356d4aa,134008,permanent
fcee872f-bfce-4580-b4bd-34baaee810aa,70d0585c-9eb6-46d7-b039-8f15e36d4347,"House No. 259, Gariahat Road Lane, Jalbera",3caa4f89-9dce-4bf1-8c9a-0c858356d4aa,134008,permanent
fcbd4d48-80fe-4c44-9e07-22f8f085b3eb,a6bc9d33-a88a-42e5-b1ff-e6f6cff335df,"House No. 259, Gariahat Road Lane, Jalbera",3caa4f89-9dce-4bf1-8c9a-0c858356d4aa,134008,permanent
5ddd0e87-f7f3-4298-bd9e-e58dc374ac95,d56ff9fc-b5c9-4cad-86b3-1c36796080f5,"House No. 259, Gariahat Road Lane, Jalbera",3caa4f89-9dce-4bf1-8c9a-0c858356d4aa,134008,permanent
b08d39f9-8357-4e79-93ab-7aa34b695f0f,3643d4ea-27fb-4c10-8358-963c6f1a841f,"House No. 250, Mehrauli Gurgaon Road Enclave, Jalbera",3caa4f89-9dce-4bf1-8c9a-0c858356d4aa,134008,permanent
306423ae-951c-4378-85f8-1cbe068e8292,c9190ae0-9ff8-4240-b559-64fbc4dc582f,"House No. 189, Shankar Road Street, Mamidivalasa",2ed4c69b-411d-4afd-bb03-e20234666fd9,532123,permanent
16eb84ae-6877-485e-9217-6e8144350ab2,132893f1-762c-4a52-928a-e8df96d31fcc,"House No. 189, Shankar Road Street, Mamidivalasa",2ed4c69b-411d-4afd-bb03-e20234666fd9,532123,permanent
53efbcfe-1d3c-47ef-8aed-e13da44ee83d,f4c98c6e-0735-4f28-82ca-5c5eb9516504,"House No. 189, Shankar Road Street, Mamidivalasa",2ed4c69b-411d-4afd-bb03-e20234666fd9,532123,permanent
59c437b3-ebb9-4fc4-9074-57ad18bc5b80,85de23ea-794a-4511-8e5b-461cbfd3dd6d,"House No. 189, Shankar Road Street, Mamidivalasa",2ed4c69b-411d-4afd-bb03-e20234666fd9,532123,permanent
53a56dba-7b48-4b9c-8a64-8519853c6ecb,03e1c7e9-aeb7-4886-9de0-910d76dd9af2,"House No. 152, Shivaji Marg Colony, Mamidivalasa",2ed4c69b-411d-4afd-bb03-e20234666fd9,532123,permanent
ec769144-9e27-437b-b374-6b48cce93125,a0fd26b1-ebe8-444f-a370-1f69ceb12d7d,"House No. 152, Shivaji Marg Colony, Mamidivalasa",2ed4c69b-411d-4afd-bb03-e20234666fd9,532123,permanent
e96e295b-dd90-4a6f-8ccf-c25bb59428c1,6ed2cb62-cc16-422f-83e0-7410332258ff,"House No. 152, Shivaji Marg Colony, Mamidivalasa",2ed4c69b-411d-4afd-bb03-e20234666fd9,532123,permanent
d0e97757-4969-4587-a8ce-2867c4240952,6ed2cb62-cc16-422f-83e0-7410332258ff,"House No. 72, Pherozeshah Mehta Road Colony, Kutenchuan",3657e03b-3d50-4b79-9079-c8ce5b4fcd39,766105,current
ba60d13d-7cb7-428b-85ec-6e61465b2165,75001b58-34fd-4018-ad7f-71f48d99167a,"House No. 235, Abids Road Colony, Mamidivalasa",2ed4c69b-411d-4afd-bb03-e20234666fd9,532123,permanent
4bff58e8-1d99-4929-85f8-db7d197baf4c,6773d977-2dd7-41a8-9be0-e35d8170ae02,"House No. 250, Kotla Mubarakpur Colony, Utari",bbdca28f-c49f-4ec2-8ae6-6634c58f2755,822116,permanent
523e4178-782a-4b95-aced-0b3aa52119b1,e7f7b135-9dbd-4ac7-81e3-8c3a8fd42da7,"House No. 250, Kotla Mubarakpur Colony, Utari",bbdca28f-c49f-4ec2-8ae6-6634c58f2755,822116,permanent
1f864a32-d98b-476c-a4be-6a2b9242ce87,34fcb887-d417-4641-9582-1ee1d030756f,"House No. 250, Kotla Mubarakpur Colony, Utari",bbdca28f-c49f-4ec2-8ae6-6634c58f2755,822116,permanent
207aa15a-040f-45c7-b4e8-9b5991c81991,b1b06975-6784-40a6-b574-73fe1adfdd0d,"House No. 250, Kotla Mubarakpur Colony, Utari",bbdca28f-c49f-4ec2-8ae6-6634c58f2755,822116,permanent
19d81fb0-71ef-4084-ad10-f46374452a46,b1b06975-6784-40a6-b574-73fe1adfdd0d,"House No. 300, Cantonment Road Nagar, Jangle Agahi",75380c1f-4115-442a-9723-069166b18ee0,273165,current
a8e839f2-6587-432d-9328-a1d958480c27,8bf5bca2-0eff-4aa6-8c12-075555eff9be,"House No. 225, Nyaya Marg Colony, Utari",bbdca28f-c49f-4ec2-8ae6-6634c58f2755,822116,permanent
79b96ec3-a6cb-478c-a76a-a9f671c87dab,25ceee92-f092-4f95-8aac-8cbe795eab76,"House No. 225, Nyaya Marg Colony, Utari",bbdca28f-c49f-4ec2-8ae6-6634c58f2755,822116,permanent
d1df889c-17e6-486f-bc75-ee1174205222,27c380f2-fa41-483e-b931-a7a973ccb69a,"House No. 157, Residency Road Lane, Utari",bbdca28f-c49f-4ec2-8ae6-6634c58f2755,822116,permanent
19f31a86-585f-44ac-812f-fb23c4be626d,27c380f2-fa41-483e-b931-a7a973ccb69a,"House No. 279, Dhaula Kuan Road, Syoli Talli",32a1289c-5423-492e-99ff-35bf1bfde5d8,246123,current
3db4645b-969a-4e4a-aad2-9613a3a9092e,27c380f2-fa41-483e-b931-a7a973ccb69a,"House No. 15, Parliament Street Colony, Kotaseetharampuram",256aab43-0c6d-401c-b922-b756b4f3c7f1,535559,work
4b706d8e-5b27-4aa2-a472-b504fdcd612b,4285df9b-9b16-4ccd-9844-3508c0d49fdc,"House No. 157, Residency Road Lane, Utari",bbdca28f-c49f-4ec2-8ae6-6634c58f2755,822116,permanent
92d1a217-4e3a-4507-af4f-1f4868b18546,c4805910-d6a1-4d0d-ac7a-da90aa8c9984,"House No. 157, Residency Road Lane, Utari",bbdca28f-c49f-4ec2-8ae6-6634c58f2755,822116,permanent
d0c1a3ef-be5d-45be-813e-a7b3478f07e7,4e0e2455-3713-4bd7-8fe6-9d4a97da8dff,"House No. 153, Sadar Bazaar Road, Utari",bbdca28f-c49f-4ec2-8ae6-6634c58f2755,822116,permanent
ecc6037a-6cdc-48f5-97b2-5da190da0eac,25167041-bbab-4d49-bff5-412dfe233394,"House No. 276, Badarpur Road, Utari",bbdca28f-c49f-4ec2-8ae6-6634c58f2755,822116,permanent
7af66c6f-308d-46e5-83b7-0a1559dd76df,25167041-bbab-4d49-bff5-412dfe233394,"House No. 276, Janpath Enclave, Deva",d1739ddb-7365-4554-a76b-d261f099ae21,534123,current
06be51e0-988d-427f-b7ff-67b1b9849300,ce716c81-4f0d-40c8-8271-14bb24ddba94,"House No. 252, Homi Bhabha Road Marg, Silwala Kalan",f4943b36-f9dd-415b-832e-bfdfc44bfab0,335525,permanent
66adce61-0211-4080-a755-c9974a38527d,97e7a266-16cc-4dad-adfa-180239b5ab7e,"House No. 252, Homi Bhabha Road Marg, Silwala Kalan",f4943b36-f9dd-415b-832e-bfdfc44bfab0,335525,permanent
e57395f2-758a-4953-859a-6d423ad52dac,c980f87a-54f3-491d-863f-93b9a4d00882,"House No. 32, Patel Chowk Road, Silwala Kalan",f4943b36-f9dd-415b-832e-bfdfc44bfab0,335525,permanent
b92cca39-d131-4e2d-894f-56cca202faf1,2378adc7-f645-4d69-829e-b8382e9bd302,"House No. 32, Patel Chowk Road, Silwala Kalan",f4943b36-f9dd-415b-832e-bfdfc44bfab0,335525,permanent
8d204225-4a8d-482b-b5a5-7affd9af13df,daefd846-d698-49f2-8f42-818bce176bdc,"House No. 126, Cantonment Road Nagar, Silwala Kalan",f4943b36-f9dd-415b-832e-bfdfc44bfab0,335525,permanent
8a731ae5-2717-4168-ab3f-9e9d863a3a02,16279b5f-489c-4c08-842d-99d95e761f7a,"House No. 126, Cantonment Road Nagar, Silwala Kalan",f4943b36-f9dd-415b-832e-bfdfc44bfab0,335525,permanent
ca11eee5-f583-444c-8444-3634ef8adfee,2024e16f-89ab-4f4a-a9d3-d876bf5f0041,"House No. 110, Lodhi Colony Lane, Govandi",12fd7c68-ddcd-4eb1-8122-5e012bed78f1,400088,permanent
dc804456-8920-42b7-bb00-a6e12604ce6c,42b59130-e240-41d3-91dd-4198bd1608d1,"House No. 110, Lodhi Colony Lane, Govandi",12fd7c68-ddcd-4eb1-8122-5e012bed78f1,400088,permanent
711bfb6c-35d6-45c7-b34d-6a155440b57d,bed5deb3-a425-4939-bce1-6b9beac6fa71,"House No. 18, Kalam Road Marg, Govandi",12fd7c68-ddcd-4eb1-8122-5e012bed78f1,400088,permanent
eda71325-ab02-4f44-81a3-4f9d88436dc0,1fdabe6f-b1a8-400f-a55a-a40837310fe1,"House No. 58, Vikram Sarabhai Marg Lane, Govandi",12fd7c68-ddcd-4eb1-8122-5e012bed78f1,400088,permanent
1af066d4-b88c-4e5b-baac-d2d4e93a94cb,c45888a0-87c5-4928-bdb0-7387fec57a59,"House No. 114, Tilak Nagar Road, Govandi",12fd7c68-ddcd-4eb1-8122-5e012bed78f1,400088,permanent
b0e1b41d-2c0c-46fb-9220-4f70496c2677,0e422d66-6c61-420e-a0c0-3461054fc904,"House No. 243, Link Road Street, Govandi",12fd7c68-ddcd-4eb1-8122-5e012bed78f1,400088,permanent
a43c1248-1eba-4f0c-be4c-c29f953efd31,9ff72ba4-6320-432d-ac05-d43b2b02279d,"House No. 243, Link Road Street, Govandi",12fd7c68-ddcd-4eb1-8122-5e012bed78f1,400088,permanent
df7962e3-2369-43f8-9045-e0fa1c5c9c79,b02b7697-210d-41fa-b47e-669c17cda55e,"House No. 91, Vishnu Garden Colony, Kalchina",5d59a820-d519-48f6-8e6a-e6c34bb77689,245304,permanent
d35099fe-7943-4799-9866-850af8817d8a,d13753dd-3346-4b84-ab78-25ec9d98f4ed,"House No. 199, Uttam Nagar Street, Kalchina",5d59a820-d519-48f6-8e6a-e6c34bb77689,245304,permanent
e1a81645-5693-4433-a8ea-39e53d978dd9,5256247a-486e-42fe-bedb-811fee5e90d0,"House No. 199, Uttam Nagar Street, Kalchina",5d59a820-d519-48f6-8e6a-e6c34bb77689,245304,permanent
6153dc25-ff92-454e-9c36-b2f2a65e4f09,ead4a103-d11b-4f80-bf0f-c4f293fe518a,"House No. 199, Uttam Nagar Street, Kalchina",5d59a820-d519-48f6-8e6a-e6c34bb77689,245304,permanent
282780ae-2123-4271-8599-9f69a09fa859,217ac4d9-aa17-48ba-bf92-bcbfc6e6d54f,"House No. 199, Uttam Nagar Street, Kalchina",5d59a820-d519-48f6-8e6a-e6c34bb77689,245304,permanent
e058bfee-4582-49b9-a30a-7fcce4e8f76f,a7a4e3d0-15ec-45e0-a71b-0d600552480e,"House No. 199, Uttam Nagar Street, Kalchina",5d59a820-d519-48f6-8e6a-e6c34bb77689,245304,permanent
d89699da-e72b-4e00-a163-499813dd5d08,e083e15f-9b47-4fd8-98ab-6971ee549401,"House No. 101, Mayur Vihar Extension, Kalchina",5d59a820-d519-48f6-8e6a-e6c34bb77689,245304,permanent
720106b8-fb09-4b31-9d98-d5939bbef574,e09a94ed-6067-4778-b7ac-c1d10524a523,"House No. 101, Mayur Vihar Extension, Kalchina",5d59a820-d519-48f6-8e6a-e6c34bb77689,245304,permanent
3e6c85d3-6e71-4d5d-a064-0047a0dca0f0,380bc09c-44db-4706-b9a8-4e7fb9b3afae,"House No. 261, Lakdi ka Pul Lane, Kalchina",5d59a820-d519-48f6-8e6a-e6c34bb77689,245304,permanent
f2347e9d-c7a2-442f-9dbd-df360330dc19,bc223b5f-d9bc-4d63-a898-f1dc456051db,"House No. 81, Mehdipatnam Nagar, Tithgam",3589d79f-1eb4-48f8-9a21-e9aead62416a,385575,permanent
17bea662-cfb6-4f04-a9d5-c22e2d1147d0,713e770c-aa4e-4050-bfe7-0cde8b3e81a9,"House No. 81, Mehdipatnam Nagar, Tithgam",3589d79f-1eb4-48f8-9a21-e9aead62416a,385575,permanent
53dcaf0f-47c4-4fe0-8eef-2b3d11e201d5,97a0b647-6be9-4631-a813-31c57e12f6f4,"House No. 81, Mehdipatnam Nagar, Tithgam",3589d79f-1eb4-48f8-9a21-e9aead62416a,385575,permanent
50fd5e65-aa9f-4fd8-834c-cb20f81621fe,3699f0b3-dabc-477c-82a0-5d2c5b556d40,"House No. 81, Mehdipatnam Nagar, Tithgam",3589d79f-1eb4-48f8-9a21-e9aead62416a,385575,permanent
cad38fcd-3c1d-49b8-b6d6-7f71c3f4bf83,3699f0b3-dabc-477c-82a0-5d2c5b556d40,"House No. 16, Vinay Marg Street, Korai",e3ab6e89-229d-4cd6-9439-4bf6ef14629c,212601,current
cd0d8635-c109-4ac3-85e7-08611504c3fb,a50df95b-b079-48dd-9f42-e7e789fa636a,"House No. 81, Mehdipatnam Nagar, Tithgam",3589d79f-1eb4-48f8-9a21-e9aead62416a,385575,permanent
01ef0397-38de-4014-a16f-c8de613f760d,779708a4-12b6-445e-8984-00fe98e489c8,"House No. 169, Ballygunge Circular Road Nagar, Tithgam",3589d79f-1eb4-48f8-9a21-e9aead62416a,385575,permanent
a8fb1f08-3fdf-42e2-be1b-dc8a25d1fe50,5df51b1e-d399-4c49-ba5a-7749cbc922bf,"House No. 169, Ballygunge Circular Road Nagar, Tithgam",3589d79f-1eb4-48f8-9a21-e9aead62416a,385575,permanent
4b9ba512-76e0-4270-a0a3-7ad9660d6514,b06e73ec-d0ef-4c22-b601-183f28712bc1,"House No. 46, Mathura Road Marg, Tithgam",3589d79f-1eb4-48f8-9a21-e9aead62416a,385575,permanent
9b78e755-928f-4ad8-aa89-f868f73a8abb,2fe671bd-327f-4093-bb86-bca3ced20e65,"House No. 150, Satya Niketan Street, Davarpar",3db20bf7-9a12-4ec3-a10b-d0b44db05cb1,273016,permanent
01681c2f-a024-456e-8d2b-04f8502311f8,2fe671bd-327f-4093-bb86-bca3ced20e65,"House No. 220, Guru Nanak Marg Lane, Muninagar",cf211dcd-89bd-42b4-9672-5311955f96e7,722122,current
d71757cf-10eb-4d3f-b3e6-61453112f14c,1139fc2f-985e-4f50-8e45-0420dbca121a,"House No. 144, Tagore Garden Extension, Davarpar",3db20bf7-9a12-4ec3-a10b-d0b44db05cb1,273016,permanent
ac7946ae-bebe-4f68-8849-788d54be4b89,16e75300-34bb-41e4-8441-820a8a6dbaba,"House No. 144, Tagore Garden Extension, Davarpar",3db20bf7-9a12-4ec3-a10b-d0b44db05cb1,273016,permanent
dc090cd8-9d02-49a7-8074-1e745ec59c8f,ea675771-73dc-451e-9807-2c15df7a67e7,"House No. 144, Tagore Garden Extension, Davarpar",3db20bf7-9a12-4ec3-a10b-d0b44db05cb1,273016,permanent
9b837296-ed84-4363-86bb-50f8ac33b2e4,a80dfb0e-0159-4ea9-8f7b-4baf7d7a1ea0,"House No. 144, Tagore Garden Extension, Davarpar",3db20bf7-9a12-4ec3-a10b-d0b44db05cb1,273016,permanent
505368ae-6e0c-4011-abd5-b29b65a00c4f,22ab3170-a8ff-458b-9643-7da72b4583ac,"House No. 268, Nangloi Lane, Davarpar",3db20bf7-9a12-4ec3-a10b-d0b44db05cb1,273016,permanent
60baf4ac-0f6b-451a-87af-85281a9cd71a,22ab3170-a8ff-458b-9643-7da72b4583ac,"House No. 153, Satya Niketan Extension, Nabedhi",f5ea23e0-2fe9-4f7e-884b-7ae993d3219e,757030,current
5d5264de-7476-41a8-b7a9-1113f5b97af8,a0b2e389-447f-4946-aaae-96dc8f928def,"House No. 114, Golf Links Marg, Kanakore",731dea87-33eb-4d96-b9a2-badc96e00b51,262001,permanent
5a469825-2ad0-4ba9-8342-24c42f40513d,d11fb4fe-9535-477c-9e64-bd42f780aee7,"House No. 114, Golf Links Marg, Kanakore",731dea87-33eb-4d96-b9a2-badc96e00b51,262001,permanent
2e3a3df6-726a-44fe-ba57-4995e9715965,02047f93-c067-466c-bfe4-86aa13159bb6,"House No. 190, Sarat Bose Road Nagar, Kanakore",731dea87-33eb-4d96-b9a2-badc96e00b51,262001,permanent
6819759c-a405-46f4-adb2-59c7ef61bcd2,e4010384-07c4-4d81-949e-736705cb2d90,"House No. 190, Sarat Bose Road Nagar, Kanakore",731dea87-33eb-4d96-b9a2-badc96e00b51,262001,permanent
c4467af2-ebf1-4901-a408-69434f242711,94516e6d-f485-41a5-894e-e76411f5cfd2,"House No. 190, Sarat Bose Road Nagar, Kanakore",731dea87-33eb-4d96-b9a2-badc96e00b51,262001,permanent
8293d0e1-d5ca-4bac-be26-12d85519b912,0910e46c-ab9a-40dc-8582-da13d896490a,"House No. 272, Jawaharlal Nehru Road Colony, Kanakore",731dea87-33eb-4d96-b9a2-badc96e00b51,262001,permanent
6c463a82-251c-44a6-a9b5-053aa8eea4a9,036484c0-7073-4f7d-96f0-9d0dda8c0830,"House No. 272, Jawaharlal Nehru Road Colony, Kanakore",731dea87-33eb-4d96-b9a2-badc96e00b51,262001,permanent
f4453e3e-3824-45c4-9836-237792146e99,036484c0-7073-4f7d-96f0-9d0dda8c0830,"House No. 233, Nyaya Marg Marg, Metwada",0c59af77-a212-46d4-b2dc-84da2b403d3c,466118,work
08eabe37-f330-4d62-b320-4896c80ab2d6,365d98c7-5be7-435e-bbae-6e9408ec99fc,"House No. 272, Jawaharlal Nehru Road Colony, Kanakore",731dea87-33eb-4d96-b9a2-badc96e00b51,262001,permanent
497cbda4-667c-4ad9-8680-86d8f7beaffe,e0b2c474-05fc-4a41-99d8-f9d2a4f59b15,"House No. 292, Prithviraj Road Nagar, Kanakore",731dea87-33eb-4d96-b9a2-badc96e00b51,262001,permanent
7c5a2ee4-15b4-45d0-ad90-7a5c215e212c,e0b2c474-05fc-4a41-99d8-f9d2a4f59b15,"House No. 203, Kailash Colony Lane, Ramnagar Shibpur",b32c5e6f-8770-4d7f-b94e-fd0dadf72904,743374,current
97f56b74-83d1-41f7-b618-108ef5eb5d58,618ecf13-0dc8-4bda-b803-3541b141a1a8,"House No. 252, Mundka Nagar, Hirethogaleri",fefa7954-f048-4a1b-abb2-bc926dfdd123,577007,permanent
25123a8d-169b-416c-b96d-c5f602300308,402083c8-4ed6-47fd-8bd5-1935ea2cf801,"House No. 252, Mundka Nagar, Hirethogaleri",fefa7954-f048-4a1b-abb2-bc926dfdd123,577007,permanent
219faeb9-3802-4805-b2ce-82e59dd13468,c2e906a2-8054-4d36-ae64-498a6d228acd,"House No. 252, Mundka Nagar, Hirethogaleri",fefa7954-f048-4a1b-abb2-bc926dfdd123,577007,permanent
b050506d-99e4-4aaa-bf65-a29eb8f9213d,f2695f78-c3b4-4285-937d-14c51fe2ecc0,"House No. 252, Mundka Nagar, Hirethogaleri",fefa7954-f048-4a1b-abb2-bc926dfdd123,577007,permanent
3fafe63c-4d7e-432e-990f-588e5c55b47f,bc53cc23-3113-4b36-91a0-845bb33e8f55,"House No. 252, Mundka Nagar, Hirethogaleri",fefa7954-f048-4a1b-abb2-bc926dfdd123,577007,permanent
5dc9da9d-fa3f-45e4-8e78-1e28e5c0637b,387dd86b-e4bf-4078-8e6c-58b01a334de2,"House No. 2, Africa Avenue Extension, Hirethogaleri",fefa7954-f048-4a1b-abb2-bc926dfdd123,577007,permanent
4fc015d3-ce9e-4e82-8396-2968a6c7a098,387dd86b-e4bf-4078-8e6c-58b01a334de2,"House No. 173, Punjabi Bagh Colony, Rayam",5142d1c6-96f2-49c3-9a7d-0db46d67442c,394355,current
c193fe88-d4b8-4576-bada-45ebecbe55e1,a5ae5e74-58f0-41c4-a661-a7d6740a7ed4,"House No. 2, Africa Avenue Extension, Hirethogaleri",fefa7954-f048-4a1b-abb2-bc926dfdd123,577007,permanent
bbae9e14-49a6-4d9e-adb5-065870264139,2a0fc983-2196-4f12-8630-2ebaeeccb756,"House No. 97, Nungambakkam High Road Colony, Hirethogaleri",fefa7954-f048-4a1b-abb2-bc926dfdd123,577007,permanent
08b34a93-4840-4e9f-99dd-c2c5492ece6a,527acfb6-d569-437a-93dd-9ffe15d94950,"House No. 97, Nungambakkam High Road Colony, Hirethogaleri",fefa7954-f048-4a1b-abb2-bc926dfdd123,577007,permanent
48c538c7-0c76-4c4f-8cd9-e44f326d4f0a,527acfb6-d569-437a-93dd-9ffe15d94950,"House No. 136, Mehdipatnam Lane, Mannam Nagar",acf95cbc-185f-41f6-abd6-8eae56de4478,689501,work
6d85dd84-344f-48c7-ae23-c70967b9e1a1,06514163-b3cc-4dc6-a43c-55f2ea34bc43,"House No. 144, Akbar Road Colony, Kotekere",fa611201-3cf8-479a-86a9-0a3dd9f725ff,571109,permanent
1b5f4346-bc72-4340-959d-6330fcb4dfcd,06514163-b3cc-4dc6-a43c-55f2ea34bc43,"House No. 174, Aurangzeb Road Marg, Moran",5e7265f2-e024-4948-ae97-9577296c20d5,785669,current
bdf51459-c741-444c-b4bd-64380091594d,f838506b-3505-4556-8b85-9a857869ed03,"House No. 144, Akbar Road Colony, Kotekere",fa611201-3cf8-479a-86a9-0a3dd9f725ff,571109,permanent
63bc6e91-3a7b-499a-b05b-1cf41df7eb47,f838506b-3505-4556-8b85-9a857869ed03,"House No. 3, Rani Jhansi Road Colony, Kondaguttapalli",2b0ca621-d0f1-4f47-a2b9-1db10529d693,515541,current
7f0f50fc-f165-4b33-98d1-5c6a0a12fdf4,42264fbd-e6e7-47a8-9897-1ac8b15c07f2,"House No. 144, Akbar Road Colony, Kotekere",fa611201-3cf8-479a-86a9-0a3dd9f725ff,571109,permanent
a05dd40c-1a3c-4a71-bc58-faebad50164b,1c479091-d21c-46dd-b2c9-7d67d08ace60,"House No. 193, Sujan Singh Park Colony, Kotekere",fa611201-3cf8-479a-86a9-0a3dd9f725ff,571109,permanent
dc68cde5-2ba1-4dbe-bbcd-16e2ea6b605b,1c479091-d21c-46dd-b2c9-7d67d08ace60,"House No. 38, Swami Dayanand Marg Extension, Yedehalli",23e9c381-d190-47d0-88a3-80108b8175f4,577227,current
59bbcc2d-bdd4-4f7c-aae3-379801b38248,66608c82-c95e-449d-8483-39e9876092a0,"House No. 193, Sujan Singh Park Colony, Kotekere",fa611201-3cf8-479a-86a9-0a3dd9f725ff,571109,permanent
0d7ea3f8-c511-4c5d-aa98-80b11a3d8a6d,4e7651fa-c02e-4975-bb70-adc930205277,"House No. 193, Sujan Singh Park Colony, Kotekere",fa611201-3cf8-479a-86a9-0a3dd9f725ff,571109,permanent
251b466c-3c50-4e33-8463-65a0fa77f1cf,40cfbda6-b1c7-4b40-8fa3-77ace961ab24,"House No. 97, Green Park Street, Ilanganathapuram",eb124da1-2037-4029-9592-d8ff47879b60,628210,permanent
b8b56855-aae2-4917-8afc-c38fb388f9b5,7687600b-959e-4487-a3a7-959d6372507d,"House No. 97, Green Park Street, Ilanganathapuram",eb124da1-2037-4029-9592-d8ff47879b60,628210,permanent
fc26f371-ffd2-49eb-881f-13b7af65b344,6180b099-5e5e-4247-9219-81bf4309f50f,"House No. 97, Green Park Street, Ilanganathapuram",eb124da1-2037-4029-9592-d8ff47879b60,628210,permanent
9823a726-dafa-4ce5-bbf4-8432744e1988,cdaf9c5b-f993-46eb-88fb-56494817caf5,"House No. 173, Ameerpet Nagar, Ilanganathapuram",eb124da1-2037-4029-9592-d8ff47879b60,628210,permanent
5f19503e-4e92-40c3-92ba-f369b5a0791e,20035217-804f-4244-938b-6dcdc1b2df96,"House No. 265, Nehru Stadium Street, Ilanganathapuram",eb124da1-2037-4029-9592-d8ff47879b60,628210,permanent
2c0f9bde-8573-42d7-bae2-31baec106eba,b15ad228-a32d-473e-bae4-4b97bf0674fc,"House No. 110, Daryaganj Street, Kavuru",bd0cc5b9-a10c-4248-ab8d-36760d53b6a0,522309,permanent
0854c6fb-f3d3-4960-bfe8-0938c34300d7,9e91566e-547b-4a3e-bf4f-93b2009cf7a7,"House No. 110, Daryaganj Street, Kavuru",bd0cc5b9-a10c-4248-ab8d-36760d53b6a0,522309,permanent
d6469aa7-8a60-4ae6-8bef-f91651103426,abc5ab19-c7e7-4c37-9d41-c45340e95ead,"House No. 110, Daryaganj Street, Kavuru",bd0cc5b9-a10c-4248-ab8d-36760d53b6a0,522309,permanent
11f2b34d-51f9-4915-9613-a82b1fc796cd,ac1873db-e2c2-4464-8a87-8fe558f2f8af,"House No. 255, Dr Annie Besant Road Marg, Kavuru",bd0cc5b9-a10c-4248-ab8d-36760d53b6a0,522309,permanent
3c1fee39-e46c-4247-ab87-ce7560fde3ca,0e74ec29-e190-4c6b-8017-3e9a3bcceae9,"House No. 255, Dr Annie Besant Road Marg, Kavuru",bd0cc5b9-a10c-4248-ab8d-36760d53b6a0,522309,permanent
b16aa428-4b2c-4dfd-bf48-80683fd49067,bbe223dd-54f5-4b81-bb1c-a1081fb54155,"House No. 255, Dr Annie Besant Road Marg, Kavuru",bd0cc5b9-a10c-4248-ab8d-36760d53b6a0,522309,permanent
839ef624-b2d8-4e49-a548-f1a64e8d30f9,6a1283af-84b5-4565-a0e7-97130cd549b6,"House No. 186, Punjagutta Extension, Kavuru",bd0cc5b9-a10c-4248-ab8d-36760d53b6a0,522309,permanent
1005e31d-9ebd-44dd-9b0e-ee026e76a4f8,78a2e477-1305-49c2-8f50-8faf907b9166,"House No. 61, Rashbehari Avenue Marg, Barooki",6ae8f8bc-d9f0-4ab8-8ed3-76bda6432303,246764,permanent
743235e2-14e5-44cb-bc3e-16ec5f5ec564,aaceacbf-d61d-4620-ab46-83087aaa29d8,"House No. 61, Rashbehari Avenue Marg, Barooki",6ae8f8bc-d9f0-4ab8-8ed3-76bda6432303,246764,permanent
be5c2917-83ab-4770-b7e5-7e9bd88e02db,161c6207-8a06-40d6-8b33-a89d9df56019,"House No. 61, Rashbehari Avenue Marg, Barooki",6ae8f8bc-d9f0-4ab8-8ed3-76bda6432303,246764,permanent
b125cfd7-5222-48b8-b1a4-88c10f151d63,02d32b3c-04cd-4db2-87d1-eaea9c739f75,"House No. 2, Tilak Road Nagar, Barooki",6ae8f8bc-d9f0-4ab8-8ed3-76bda6432303,246764,permanent
c46ae874-703e-4ae4-b3cc-9727b1f40351,02d32b3c-04cd-4db2-87d1-eaea9c739f75,"House No. 134, Punjagutta Marg, Dhamrancha",3a90b419-d49b-432d-b67f-8fef620d5ecd,442709,current
bfc6a83b-8dde-4e96-b6b7-52bfe7acba1d,d131ae7c-bda2-4345-955c-d52d07ba9628,"House No. 2, Tilak Road Nagar, Barooki",6ae8f8bc-d9f0-4ab8-8ed3-76bda6432303,246764,permanent
0daa12d2-3f8a-41bb-b680-2d8bc981be16,d131ae7c-bda2-4345-955c-d52d07ba9628,"House No. 218, Rajouri Garden Colony, Rampur Kalan",67ddcf81-7426-497f-b284-f589da94258d,224190,current
96c6ec86-cc29-4b33-9814-0dfd897faa20,29e44cfd-7d35-4a04-ae90-6fdf73acc416,"House No. 2, Tilak Road Nagar, Barooki",6ae8f8bc-d9f0-4ab8-8ed3-76bda6432303,246764,permanent
a1a5bf61-38ed-4aac-a257-f8eb02ba19e8,29e44cfd-7d35-4a04-ae90-6fdf73acc416,"House No. 251, Satya Marg Nagar, Kalikrishnagar",cc25d34d-0396-4913-b1c3-0766f4f66c68,799132,work
4c74b469-3a8c-46aa-845a-57e5452d442a,523ea870-f694-4000-b6cb-3aa01ccf0256,"House No. 81, Mahatma Gandhi Road Extension, Kanheypur",d11dad4d-c5b0-4f41-9bcd-c07fed06695f,209743,permanent
9f0b1fe0-ae68-427a-afa3-53876d059c45,9e06fe90-cc0f-4d29-a333-71db6bb4e93b,"House No. 81, Mahatma Gandhi Road Extension, Kanheypur",d11dad4d-c5b0-4f41-9bcd-c07fed06695f,209743,permanent
a61b7766-5de3-4360-a2da-2090342806f1,973cebb0-1042-4b79-b897-52b8f242fdd0,"House No. 170, S V Road Nagar, Kanheypur",d11dad4d-c5b0-4f41-9bcd-c07fed06695f,209743,permanent
d8383cec-f8af-4423-9aaa-4de7f6f488a9,5bc60a72-9ca2-4286-abac-b1a53de9213b,"House No. 152, Swami Vivekananda Marg Extension, Kanheypur",d11dad4d-c5b0-4f41-9bcd-c07fed06695f,209743,permanent
d61bd26a-c2dd-459a-bc2a-dacdaa7efc44,529f1844-c431-4bc7-a8c3-5b0a51686cf6,"House No. 152, Swami Vivekananda Marg Extension, Kanheypur",d11dad4d-c5b0-4f41-9bcd-c07fed06695f,209743,permanent
0a0a8c30-0a71-43f6-98c2-9581d167e76e,529f1844-c431-4bc7-a8c3-5b0a51686cf6,"House No. 273, Civil Lines Lane, Moran",5e7265f2-e024-4948-ae97-9577296c20d5,785669,current
eb953a8b-cd6d-40dc-9ff8-d34e278935f2,2b92dc90-26ff-4b25-bf43-9b155def5ad9,"House No. 152, Swami Vivekananda Marg Extension, Kanheypur",d11dad4d-c5b0-4f41-9bcd-c07fed06695f,209743,permanent
53c8d1a8-df8f-4609-b9ad-abe127405548,2b92dc90-26ff-4b25-bf43-9b155def5ad9,"House No. 291, Abids Road Nagar, Saltighat Gujarpur",943731aa-f7f4-45ff-b9ae-48f396e860e0,711401,current
d8d7ace3-6faf-4c5a-9081-e6fd3cd85408,825b63c0-8024-4b8e-ad8b-ddd86a46aade,"House No. 107, Himayat Nagar Road, Kanheypur",d11dad4d-c5b0-4f41-9bcd-c07fed06695f,209743,permanent
ea0a4e2d-d220-4f97-89c9-d93da808babe,8fd08e64-c063-499c-af5b-51269bcd43f7,"House No. 29, Paschim Vihar Extension, Jakhirpur",f77c2362-fa09-4024-9ad2-7cf845b2b17e,733141,permanent
f1269f54-4917-4cef-9951-155ad7ac7d45,f5ccfff3-9b4a-4b30-95e5-a33fd35ae728,"House No. 29, Paschim Vihar Extension, Jakhirpur",f77c2362-fa09-4024-9ad2-7cf845b2b17e,733141,permanent
2d375676-79ef-4b69-a9f7-2ab7e1faf3e1,8b757dbf-7f08-45b8-ab5a-9e0756ca323b,"House No. 29, Paschim Vihar Extension, Jakhirpur",f77c2362-fa09-4024-9ad2-7cf845b2b17e,733141,permanent
d1610e1c-38cb-4546-99a1-b1fdcfec2fa8,8b757dbf-7f08-45b8-ab5a-9e0756ca323b,"House No. 214, Lado Sarai Colony, Hadmatiya",014215a7-d217-430a-8364-14c98610181e,360110,current
e2b1aece-35ed-43c5-9d42-5e86b1edc9a9,b2529da0-eb36-46da-af28-d4fa4be0d1fa,"House No. 29, Paschim Vihar Extension, Jakhirpur",f77c2362-fa09-4024-9ad2-7cf845b2b17e,733141,permanent
da4d0ad3-68b6-41c0-8466-902b2d5af0c3,555b36f8-b3e3-4f2f-8561-ef408b0dfefd,"House No. 29, Paschim Vihar Extension, Jakhirpur",f77c2362-fa09-4024-9ad2-7cf845b2b17e,733141,permanent
55cfa17a-aacf-4711-93bf-d2706f838ade,4e79d6b2-10e4-43fd-a909-29c3ca1979d9,"House No. 253, Mount Road Extension, Jakhirpur",f77c2362-fa09-4024-9ad2-7cf845b2b17e,733141,permanent
6cadb759-4316-4b0a-93ca-a6d4e8830813,4e79d6b2-10e4-43fd-a909-29c3ca1979d9,"House No. 231, Janakpuri Nagar, Arugonda",f34ee675-7a0e-436f-b6ca-61f475bbb7b6,517129,current
f5bb79a5-0862-491e-b264-dfc81da4d769,b18f2195-fcf3-41ca-8018-a6fdb26f816e,"House No. 253, Mount Road Extension, Jakhirpur",f77c2362-fa09-4024-9ad2-7cf845b2b17e,733141,permanent
8f15ad19-ba77-4e5b-8ae3-6acc0a03204a,fa00070c-1deb-4b17-9387-7bd434ff75af,"House No. 253, Mount Road Extension, Jakhirpur",f77c2362-fa09-4024-9ad2-7cf845b2b17e,733141,permanent
1ad1e484-2052-4bfb-937c-a642911da9ca,4e9ea036-b400-4a88-abbe-22e87b375b0e,"House No. 97, Colaba Causeway Colony, Enamakkal",224509af-d2a1-4d77-88c6-cfedcfd3682c,680510,permanent
fa22931e-12b9-4ef7-bb0d-7e98bb1c2576,8c882969-3001-466c-af7c-b7b2591a2d92,"House No. 97, Colaba Causeway Colony, Enamakkal",224509af-d2a1-4d77-88c6-cfedcfd3682c,680510,permanent
9dac758d-1813-4869-890f-8e78ca099d31,525dc8ea-7f8b-4a01-bae5-dae70b6a2251,"House No. 97, Colaba Causeway Colony, Enamakkal",224509af-d2a1-4d77-88c6-cfedcfd3682c,680510,permanent
283c12a0-992a-4e64-bf86-c459d3148f57,62315156-5532-40e8-b8ee-9779414a9ef3,"House No. 97, Colaba Causeway Colony, Enamakkal",224509af-d2a1-4d77-88c6-cfedcfd3682c,680510,permanent
2bbe2506-0cb5-4978-bd85-7e144c52e68d,ba5cc659-476a-47fb-82eb-b6c627de48b3,"House No. 136, Nizamuddin Marg, Sarati",e470d50c-9ba3-4608-9d67-59d10e5ce261,413103,permanent
0050b49e-d347-4c45-b564-cc69a8190ac0,adf16393-c7a6-4f42-8b5e-3db642c8a568,"House No. 136, Nizamuddin Marg, Sarati",e470d50c-9ba3-4608-9d67-59d10e5ce261,413103,permanent
d229f368-a7c8-446e-9b69-7ae8919cb81e,56d83d91-02ed-4428-a8d4-eac94031d5b7,"House No. 136, Nizamuddin Marg, Sarati",e470d50c-9ba3-4608-9d67-59d10e5ce261,413103,permanent
657b9a5b-f548-49fc-a158-f636f1315b71,56d83d91-02ed-4428-a8d4-eac94031d5b7,"House No. 21, Ballygunge Circular Road Enclave, Ichak",1969e447-bf24-4d61-88f9-2ccf451da1f9,829202,current
ff85bf2d-1de1-4fb1-9957-c17ab3087a28,9bfb83ac-4338-41a1-b26f-687bdfee0cf9,"House No. 197, Barakhamba Road Road, Sarati",e470d50c-9ba3-4608-9d67-59d10e5ce261,413103,permanent
1beea19c-5172-48a1-a65a-f91c72a6b586,b1b779b4-5091-4564-805b-d31ec6cfe9f5,"House No. 197, Barakhamba Road Road, Sarati",e470d50c-9ba3-4608-9d67-59d10e5ce261,413103,permanent
1ce70870-0882-4b21-9853-a38186ea4da6,8e7036d8-068e-45e6-85e7-b69f35576102,"House No. 217, Kailash Colony Road, Sarati",e470d50c-9ba3-4608-9d67-59d10e5ce261,413103,permanent
229b330d-7886-4f48-8add-e6ea86959ce1,8e7036d8-068e-45e6-85e7-b69f35576102,"House No. 46, Rohini Road, Muninagar",cf211dcd-89bd-42b4-9672-5311955f96e7,722122,current
6171a4ab-634e-4f76-985f-186dbbf374a7,a03b73ff-9a95-4bea-a36a-497f37f39d37,"House No. 47, Moti Nagar Marg, Nandol",5f726314-bdf5-4a93-9587-b5924093f42c,766002,permanent
ee0a09cf-6432-4efb-afc3-a961d321d54f,a4ad408f-0973-4f17-9bd6-5f598a9c5a41,"House No. 47, Moti Nagar Marg, Nandol",5f726314-bdf5-4a93-9587-b5924093f42c,766002,permanent
49562ca3-97bf-408f-a7ab-85635ab06681,55c7e73b-4bbd-4d2d-a932-913744d8a3ea,"House No. 253, The Mall Colony, Nandol",5f726314-bdf5-4a93-9587-b5924093f42c,766002,permanent
300d1828-0163-407e-9a05-b6ac6df14143,cb7a749b-fa92-4836-9041-667db6a80d37,"House No. 253, The Mall Colony, Nandol",5f726314-bdf5-4a93-9587-b5924093f42c,766002,permanent
37495e88-f4b0-44c0-ae57-f8414d9265a3,3e19e0f0-414a-478b-9bf2-fb43ae18a350,"House No. 253, The Mall Colony, Nandol",5f726314-bdf5-4a93-9587-b5924093f42c,766002,permanent
58459ee9-a02d-470c-be3c-5676e52bd57c,206e62b7-2142-494b-81be-c598b86ae658,"House No. 253, The Mall Colony, Nandol",5f726314-bdf5-4a93-9587-b5924093f42c,766002,permanent
2088c775-a813-487b-af16-ed6c38d6797a,e228f70b-f4ba-49b3-b3b9-7c2d9105f2cc,"House No. 253, The Mall Colony, Nandol",5f726314-bdf5-4a93-9587-b5924093f42c,766002,permanent
cf2a452b-b008-4f57-b4b8-e242c1fd8e16,19538c5b-abb6-4310-934d-acd94ad76432,"House No. 36, Gokhale Road Lane, Nandol",5f726314-bdf5-4a93-9587-b5924093f42c,766002,permanent
32d85d0a-4fd0-4619-b4b7-4fcf63c0e276,3824d6e6-6a09-494c-b598-b43f0acedc19,"House No. 259, Begumpur Colony, Alas",399368c8-c978-469c-be30-609d71bcffc7,416104,permanent
5aaea444-1e28-4ad9-8791-a0fbd110ba9b,d6f3793a-5b8e-45ed-b2ce-b01f0ceffea3,"House No. 259, Begumpur Colony, Alas",399368c8-c978-469c-be30-609d71bcffc7,416104,permanent
8ef96a99-fbc1-4a04-a332-1c729a2b6fe6,4a2c443a-ac5b-475a-8418-5e2f8033b25e,"House No. 259, Begumpur Colony, Alas",399368c8-c978-469c-be30-609d71bcffc7,416104,permanent
263e6d4b-e389-44d0-8e75-456ee4ad18eb,4a2c443a-ac5b-475a-8418-5e2f8033b25e,"House No. 48, Mahipalpur Extension, Ujirpur",6c9f7d43-814e-48e7-8081-7acd5dc54b0a,731237,current
306303d8-ce78-4306-bf03-401bce63621e,ba17b826-5d57-4eaf-9f44-6207f6f5c104,"House No. 259, Begumpur Colony, Alas",399368c8-c978-469c-be30-609d71bcffc7,416104,permanent
5b81b78a-8217-4297-9456-fc495a9a6e26,d38b4c7b-07f2-4d42-b1c9-2ce4aa58d814,"House No. 105, Nehru Nagar Street, Alas",399368c8-c978-469c-be30-609d71bcffc7,416104,permanent
9e7be50c-d386-4110-8aff-00e08ba8a3c7,dd685174-79f5-41c4-aae0-359e85ce3bf4,"House No. 105, Nehru Nagar Street, Alas",399368c8-c978-469c-be30-609d71bcffc7,416104,permanent
3d6065ec-7663-47ec-9b7d-4d8653d51c73,350bb542-e27a-4b06-8d0d-59a89b7aee0d,"House No. 105, Nehru Nagar Street, Alas",399368c8-c978-469c-be30-609d71bcffc7,416104,permanent
4d5d3ebf-f38c-4549-a1a1-66ce452136a7,d24a0454-0ea7-4723-a04e-8a885e6806fd,"House No. 184, Gopal Krishna Gokhale Road Colony, Ramnagar Shibpur",b32c5e6f-8770-4d7f-b94e-fd0dadf72904,743374,permanent
ad3d0381-4df6-483f-8a08-4d17e7539e06,064b6d4b-a2f0-4c7b-ab20-06ef150cdd64,"House No. 184, Gopal Krishna Gokhale Road Colony, Ramnagar Shibpur",b32c5e6f-8770-4d7f-b94e-fd0dadf72904,743374,permanent
e5cc7bde-c386-4a1c-82b2-8868ae126cea,cf865f6e-eb7f-4aa2-8d15-965cca44e970,"House No. 184, Gopal Krishna Gokhale Road Colony, Ramnagar Shibpur",b32c5e6f-8770-4d7f-b94e-fd0dadf72904,743374,permanent
acd6f5c5-d2ae-4cac-8bc0-00d5566ff2ad,cf865f6e-eb7f-4aa2-8d15-965cca44e970,"House No. 262, Inner Ring Road Extension, Nayashi",5fe5dbf8-7a2a-48e8-9772-3cf1d29df5c4,415608,current
152a1d4c-2045-4531-9f99-4e6d83119b48,80da745f-cc99-4767-9335-74f9ecd36697,"House No. 106, Pitampura Enclave, Ramnagar Shibpur",b32c5e6f-8770-4d7f-b94e-fd0dadf72904,743374,permanent
a74c2375-f5bf-4f76-a963-b8e1b82d5369,80da745f-cc99-4767-9335-74f9ecd36697,"House No. 146, Brigade Road Marg, Kothali",afdd5085-731a-4ddd-be19-44a21c8bc3e2,425306,current
d9bb1ddf-b4d5-4f41-b2be-e9de4551cc47,6d26f19a-9981-40fc-93ed-1e1dc7c3524f,"House No. 106, Pitampura Enclave, Ramnagar Shibpur",b32c5e6f-8770-4d7f-b94e-fd0dadf72904,743374,permanent
44326716-d15b-49b0-9796-31a423af5565,32b159f3-f478-46d6-aa6a-03021686627b,"House No. 106, Pitampura Enclave, Ramnagar Shibpur",b32c5e6f-8770-4d7f-b94e-fd0dadf72904,743374,permanent
24d8d8c8-75a5-4f58-8527-7e749a984c1b,130735e0-f344-47b9-8b46-af6035701d4f,"House No. 106, Pitampura Enclave, Ramnagar Shibpur",b32c5e6f-8770-4d7f-b94e-fd0dadf72904,743374,permanent
7fa8f063-eac3-4256-824f-aaea20409dcb,5bcb225e-4890-467c-bc95-b8356508649d,"House No. 106, Pitampura Enclave, Ramnagar Shibpur",b32c5e6f-8770-4d7f-b94e-fd0dadf72904,743374,permanent
26220c16-1a91-4759-81a8-e36adad7a801,45fde464-2062-4c6b-8c6d-947c4580b94d,"House No. 235, Mohammed Ali Road Lane, Ramnagar Shibpur",b32c5e6f-8770-4d7f-b94e-fd0dadf72904,743374,permanent
19fa1ca5-79cb-4b63-be6a-c8aee03a11aa,3e42409b-e1ab-442a-9ffd-c75a3f7ddc96,"House No. 110, Jubilee Hills Marg, Ramnagar Shibpur",b32c5e6f-8770-4d7f-b94e-fd0dadf72904,743374,permanent
337e0fbc-0fda-4b97-b929-c3d54c93a7f6,86f3c9eb-4912-4dd6-af68-1e929bab1262,"House No. 110, Jubilee Hills Marg, Ramnagar Shibpur",b32c5e6f-8770-4d7f-b94e-fd0dadf72904,743374,permanent
1259762c-d2f9-41a8-afe2-76c5a319c20c,cb433ab6-34f5-420f-a27e-434b33e830ea,"House No. 241, Brigade Road Enclave, Sandhu",5878b6b5-ddea-43ed-a422-a5c6b6357b07,171222,permanent
394df80b-0119-4227-acc9-1ed57bcbfb77,cb433ab6-34f5-420f-a27e-434b33e830ea,"House No. 154, Pusa Road Lane, Kothali",afdd5085-731a-4ddd-be19-44a21c8bc3e2,425306,current
4d851983-dcdd-45ac-8f2c-5f25a92e8dd4,f5e98cfc-0637-4ac1-b4b7-7865fb87f581,"House No. 241, Brigade Road Enclave, Sandhu",5878b6b5-ddea-43ed-a422-a5c6b6357b07,171222,permanent
91c8175a-3a13-4de5-81e2-a84a69442574,7366e568-4398-4b37-9f30-29a30e0ca7ae,"House No. 241, Brigade Road Enclave, Sandhu",5878b6b5-ddea-43ed-a422-a5c6b6357b07,171222,permanent
7228a97e-cfed-49e4-9366-298732788d9c,1edcdcff-eff3-4399-b490-6ece1fd0a750,"House No. 241, Brigade Road Enclave, Sandhu",5878b6b5-ddea-43ed-a422-a5c6b6357b07,171222,permanent
01cbb667-9baf-445c-b743-6361aa364ec9,1003087b-b26b-4a3d-a21d-ee5565b8c384,"House No. 294, Defence Colony Road, Sandhu",5878b6b5-ddea-43ed-a422-a5c6b6357b07,171222,permanent
01f0609b-4d36-42df-8788-e1f6bc103d6b,ea5f533b-5ef0-4f60-ae0d-7e745db84883,"House No. 294, Defence Colony Road, Sandhu",5878b6b5-ddea-43ed-a422-a5c6b6357b07,171222,permanent
5bcc0dfc-5d2b-4d2a-a87e-f73064fa3c6c,a793e939-08ab-48db-80ae-c1ce525cdf6d,"House No. 294, Defence Colony Road, Sandhu",5878b6b5-ddea-43ed-a422-a5c6b6357b07,171222,permanent
f1454ee1-f9d2-4e0a-b067-e17e03682f6d,a793e939-08ab-48db-80ae-c1ce525cdf6d,"House No. 169, Swatantrata Marg Street, Dhamrancha",3a90b419-d49b-432d-b67f-8fef620d5ecd,442709,current
1e48638c-c47b-4ce8-a052-74f2f4698d8c,ce37271e-43b4-4208-871f-681683f7114e,"House No. 113, Panjagutta Circle Enclave, Arugonda",f34ee675-7a0e-436f-b6ca-61f475bbb7b6,517129,permanent
dd1dd0f9-5e0f-4c0c-9821-318fa2453bba,ce37271e-43b4-4208-871f-681683f7114e,"House No. 105, Kotla Mubarakpur Nagar, Ramanathapuram",d6f6e5ed-9856-419b-98e8-2b989301f87a,636104,current
0a0a6c59-3069-4d5b-9c7d-4698fa3e2ab2,6c07003f-9a1a-4dd9-b4f2-a697db1c9e5d,"House No. 113, Panjagutta Circle Enclave, Arugonda",f34ee675-7a0e-436f-b6ca-61f475bbb7b6,517129,permanent
483ecd12-e61b-44d8-85f0-6045a8949578,5d38e714-e184-4b5a-b57d-65a17038a1ea,"House No. 181, Maharani Bagh Road, Arugonda",f34ee675-7a0e-436f-b6ca-61f475bbb7b6,517129,permanent
ddfb4653-2c47-4259-89fb-1e93f7eecdd4,926b4e17-acbc-4e43-94dc-d944ded67120,"House No. 181, Maharani Bagh Road, Arugonda",f34ee675-7a0e-436f-b6ca-61f475bbb7b6,517129,permanent
a85bf0d3-36b4-4f5a-b556-784071ea1ff1,1f65d744-3aba-46f0-a383-91348dbc4a37,"House No. 181, Maharani Bagh Road, Arugonda",f34ee675-7a0e-436f-b6ca-61f475bbb7b6,517129,permanent
71b317a7-94fb-4e54-920a-37898b2881ff,1f65d744-3aba-46f0-a383-91348dbc4a37,"House No. 77, S P Road Nagar, Wangbal",45e803a1-d704-4e47-9f8a-a5fe1b39d690,795138,current
8b89c768-f577-44b1-8cee-234cde2ed885,1f65d744-3aba-46f0-a383-91348dbc4a37,"House No. 173, Bypass Road Colony, Tanur",1ab2e194-0820-4f38-95a6-48060600b32e,676302,work
f9bbbbcb-d471-4f1e-86b8-0d0011e52579,b694101c-eb3f-4ad1-b5b3-7ffe83696247,"House No. 61, Okhla Enclave, Arugonda",f34ee675-7a0e-436f-b6ca-61f475bbb7b6,517129,permanent
af2d938b-8161-4598-9d6d-34706741bfb7,012bd782-f3ea-4ed4-8482-37d110afbbdf,"House No. 61, Okhla Enclave, Arugonda",f34ee675-7a0e-436f-b6ca-61f475bbb7b6,517129,permanent
fcadb811-6610-4e84-a77f-ced2e8502c46,37772833-f9b3-473f-afdb-dcde86603a27,"House No. 61, Okhla Enclave, Arugonda",f34ee675-7a0e-436f-b6ca-61f475bbb7b6,517129,permanent
7524522e-08c4-43c6-bcd2-ef3e8cb70a1f,0538e12f-c097-48aa-a915-cbce58c24001,"House No. 61, Okhla Enclave, Arugonda",f34ee675-7a0e-436f-b6ca-61f475bbb7b6,517129,permanent
0793de7c-a2bb-469b-aae7-3b700b99c9dd,e3777799-64be-43f5-9308-ccb2cafd2ab2,"House No. 61, Okhla Enclave, Arugonda",f34ee675-7a0e-436f-b6ca-61f475bbb7b6,517129,permanent
57de5b16-bd2b-4f4f-b6a8-6dddd3c602f1,feca4f5c-c32a-4157-8300-3e7af6681044,"House No. 176, Vasant Vihar Road, Arugonda",f34ee675-7a0e-436f-b6ca-61f475bbb7b6,517129,permanent
d9f8ad5e-d182-4262-bff6-bc75c5da2cb3,83658ddb-5f16-41a0-bacb-acf75d9f4d10,"House No. 159, Sher Shah Suri Marg Extension, Kutenchuan",3657e03b-3d50-4b79-9079-c8ce5b4fcd39,766105,permanent
e3698992-1e12-4055-8e80-9205b86cc7f6,d129c457-7ae1-4869-85c5-bcca98aca9d6,"House No. 159, Sher Shah Suri Marg Extension, Kutenchuan",3657e03b-3d50-4b79-9079-c8ce5b4fcd39,766105,permanent
26375edd-7a3e-4055-aaed-a6ba00837b33,44646725-4093-4fa4-b7bc-4732feea8507,"House No. 159, Sher Shah Suri Marg Extension, Kutenchuan",3657e03b-3d50-4b79-9079-c8ce5b4fcd39,766105,permanent
7ce72778-f5d3-4a69-93e3-a6fdd9c1f6f4,44646725-4093-4fa4-b7bc-4732feea8507,"House No. 48, Vasant Kunj Extension, Badapal",f8fb5476-9b84-42d2-adaa-52d8c313d7d2,756019,current
5f566397-c3ec-47bf-9331-a772c9e6ce6f,81d6d00c-25cb-41fe-95f5-b9b2e0a2945f,"House No. 159, Sher Shah Suri Marg Extension, Kutenchuan",3657e03b-3d50-4b79-9079-c8ce5b4fcd39,766105,permanent
209fbbd5-7f87-419a-b54d-8fbbfe273483,254a9a8a-adde-4146-baea-32d3df313e14,"House No. 137, Janakpuri Extension, Kutenchuan",3657e03b-3d50-4b79-9079-c8ce5b4fcd39,766105,permanent
b800ad3d-4c2a-4388-9b47-81a14bb28d81,9e5d6672-3c18-41cc-85eb-a6f80e562b31,"House No. 137, Janakpuri Extension, Kutenchuan",3657e03b-3d50-4b79-9079-c8ce5b4fcd39,766105,permanent
1e032703-dcdc-452d-aa1d-34ce96589bbb,51892fa5-d23b-482f-98aa-5dc3e3dda075,"House No. 137, Janakpuri Extension, Kutenchuan",3657e03b-3d50-4b79-9079-c8ce5b4fcd39,766105,permanent
e4e6b4cf-4f29-4dc0-a44f-a98269a79cfd,1129e843-7fc0-4872-8a26-186679b4dc1b,"House No. 137, Janakpuri Extension, Kutenchuan",3657e03b-3d50-4b79-9079-c8ce5b4fcd39,766105,permanent
0acea936-dc0a-47f9-b328-e420710f5f64,184369ba-14c4-4842-97e7-e68969aedc29,"House No. 19, Dhaula Kuan Colony, Kutenchuan",3657e03b-3d50-4b79-9079-c8ce5b4fcd39,766105,permanent
db3a77a1-cf75-4c8a-a677-7113eceeb3d1,90647d39-acf2-4630-ae9b-3e38886b3d7b,"House No. 19, Dhaula Kuan Colony, Kutenchuan",3657e03b-3d50-4b79-9079-c8ce5b4fcd39,766105,permanent
4f7c0984-fb01-4495-ab26-cdbf7300c471,6f0fd9d3-8825-4c20-bc6a-0c8ec811ea91,"House No. 193, Friends Colony Lane, Thummalapalle",385fa6c3-4652-4cd3-9e88-aa4c1c315acd,516309,permanent
b24b0223-97c8-49c6-a1b9-4b36b1dbda6f,ca81d781-f33e-4218-ab1a-0ac17331b3d3,"House No. 252, Kashmere Gate Street, Thummalapalle",385fa6c3-4652-4cd3-9e88-aa4c1c315acd,516309,permanent
e1ad9ee4-7cd8-41f5-87e2-e4710c48887e,aab5c2e2-b556-4c00-9b8c-f2c20a703c96,"House No. 252, Kashmere Gate Street, Thummalapalle",385fa6c3-4652-4cd3-9e88-aa4c1c315acd,516309,permanent
505ac714-26d0-40f8-b348-c79de8aa9c8f,0b8dd6d3-22bb-47a0-808c-b63a0a1aa0ae,"House No. 252, Kashmere Gate Street, Thummalapalle",385fa6c3-4652-4cd3-9e88-aa4c1c315acd,516309,permanent
31e5d118-a4bd-43e9-90ff-773442d25da1,1326a38b-40ff-41e5-87a2-6ab98d48730a,"House No. 252, Kashmere Gate Street, Thummalapalle",385fa6c3-4652-4cd3-9e88-aa4c1c315acd,516309,permanent
738b4da8-9a67-4c72-bd97-8b0ce1fd7e1f,63c218e5-a8d7-4156-916b-0ac94511fe49,"House No. 139, J P Road Lane, Thummalapalle",385fa6c3-4652-4cd3-9e88-aa4c1c315acd,516309,permanent
ef1120c8-b35e-49a1-94b4-1a08568e7e72,63c218e5-a8d7-4156-916b-0ac94511fe49,"House No. 207, C R Avenue Colony, Chandametta",5afe0c58-ef26-4319-883f-658b513ec377,480447,current
cd021380-b1f6-4931-a44f-2e06e774569f,5ba08d6e-e1e8-4696-8c4d-167371d9037f,"House No. 139, J P Road Lane, Thummalapalle",385fa6c3-4652-4cd3-9e88-aa4c1c315acd,516309,permanent
cb78919f-8489-4d51-9987-a53babd42fcc,fe20282c-04fe-43f8-9caf-228fa637943a,"House No. 139, J P Road Lane, Thummalapalle",385fa6c3-4652-4cd3-9e88-aa4c1c315acd,516309,permanent
a738c223-88be-4c00-b7ac-79db048d3772,832a7f11-2e9d-4a38-91a7-9df94f288eff,"House No. 212, Lal Bahadur Shastri Marg Marg, Thummalapalle",385fa6c3-4652-4cd3-9e88-aa4c1c315acd,516309,permanent
eb2d3e45-ea87-4d3a-895f-af1873d85f89,8674dce0-2971-4326-afc6-37a9c0dc4be5,"House No. 212, Lal Bahadur Shastri Marg Marg, Thummalapalle",385fa6c3-4652-4cd3-9e88-aa4c1c315acd,516309,permanent
60ae240a-404a-4b48-bfe9-42f671129ed1,0b49380e-ef82-4cac-a02c-86c38e38c513,"House No. 131, Parliament Street Extension, Lokra",44a689bd-ea9d-49fe-917d-79a7404e631f,784102,permanent
5afd54c4-650e-4755-a2bd-224fc9cca2d3,5dedbd6a-af3a-4512-a09b-cff557027e89,"House No. 73, Desh Bandhu Gupta Road Nagar, Lokra",44a689bd-ea9d-49fe-917d-79a7404e631f,784102,permanent
00856c7c-3601-4ce9-a06a-e4459ddb8130,e4508071-65b2-4f09-95d2-71fc5df1b967,"House No. 73, Desh Bandhu Gupta Road Nagar, Lokra",44a689bd-ea9d-49fe-917d-79a7404e631f,784102,permanent
bcf88d76-8957-4ed7-a156-f88081322e46,33824001-fe02-4217-b31a-d965654a2d66,"House No. 84, Gandhi Nagar Road, Lokra",44a689bd-ea9d-49fe-917d-79a7404e631f,784102,permanent
d78fabef-6319-41fd-9be6-86815553043a,fe23bf1a-8c7f-4ce5-bf1d-7b53804dd17d,"House No. 84, Gandhi Nagar Road, Lokra",44a689bd-ea9d-49fe-917d-79a7404e631f,784102,permanent
d769dba4-5e72-4b4e-b72f-99be7cb1f3cf,fe23bf1a-8c7f-4ce5-bf1d-7b53804dd17d,"House No. 85, Atal Bihari Vajpayee Marg Enclave, Thummalapalle",385fa6c3-4652-4cd3-9e88-aa4c1c315acd,516309,current
135b14c2-2c07-4d7f-9b85-d56d203f874e,02131cae-05b6-48f4-91ac-13a2087cf17b,"House No. 24, Jangpura Nagar, Lokra",44a689bd-ea9d-49fe-917d-79a7404e631f,784102,permanent
e0000bc6-1784-4d31-a038-9023793499b4,bc84909a-49d0-4807-a336-6267a3bfcd8e,"House No. 24, Jangpura Nagar, Lokra",44a689bd-ea9d-49fe-917d-79a7404e631f,784102,permanent
97cb53a1-c67d-4c6c-9137-79771c362d8c,bc84909a-49d0-4807-a336-6267a3bfcd8e,"House No. 238, B T Road Street, Dhamrancha",3a90b419-d49b-432d-b67f-8fef620d5ecd,442709,current
4f73d7d3-2d59-477f-9981-66adf08ea89c,20181e3c-45af-4430-8cf1-491c0abeb0d0,"House No. 118, Veer Savarkar Marg Enclave, Muninagar",cf211dcd-89bd-42b4-9672-5311955f96e7,722122,permanent
87fabe03-28ac-466d-8510-7fce5b5b2d47,62d68a1e-0050-40e7-a697-f5b341add54f,"House No. 118, Veer Savarkar Marg Enclave, Muninagar",cf211dcd-89bd-42b4-9672-5311955f96e7,722122,permanent
c5670874-cd20-4a59-8219-a22ed768fcc9,a7447f5d-f761-482e-9b77-431ca42cc713,"House No. 25, Dwarka Enclave, Muninagar",cf211dcd-89bd-42b4-9672-5311955f96e7,722122,permanent
655f54ec-e061-4511-86bc-373a037ac7a8,08ca7342-3588-4493-8a0a-1696c9a0615a,"House No. 25, Dwarka Enclave, Muninagar",cf211dcd-89bd-42b4-9672-5311955f96e7,722122,permanent
ccf9ec19-15d9-48fd-9816-7c7daa72acf1,ab128c37-62b3-4a8d-8c3b-029145f00505,"House No. 25, Dwarka Enclave, Muninagar",cf211dcd-89bd-42b4-9672-5311955f96e7,722122,permanent
3341621d-ce83-4058-9dd1-6b4af4dc1d8a,4fa35cef-6f98-4ed5-b763-3eb779c41507,"House No. 25, Dwarka Enclave, Muninagar",cf211dcd-89bd-42b4-9672-5311955f96e7,722122,permanent
0a309e62-be8a-4f84-a9a2-b564975702fe,4fa35cef-6f98-4ed5-b763-3eb779c41507,"House No. 124, Camac Street Extension, Dial Pura Mirja",8670bb15-32d0-4ae2-b883-f73d786b4229,151102,current
842ec468-53d7-4422-9940-dabe3273d629,9b4e88b4-77b3-4882-8c33-0051f58d3ce4,"House No. 202, Punjabi Bagh Colony, Rajapur",c979adee-c596-4e7a-ab3a-5fed248c8265,591224,permanent
e2a72c3b-84ca-4f18-beb8-294af7b0711e,d6383fd3-0acf-447c-be7b-ee24b42d1193,"House No. 48, Bhagat Singh Marg Marg, Rajapur",c979adee-c596-4e7a-ab3a-5fed248c8265,591224,permanent
4dcc6c77-f3b2-4293-9079-2ba63ad2c913,0a9885f7-d5d7-41b3-9203-7fdad11eac77,"House No. 48, Bhagat Singh Marg Marg, Rajapur",c979adee-c596-4e7a-ab3a-5fed248c8265,591224,permanent
3b936ddb-40ea-4d00-a652-542f68ba3dcc,735b7692-768a-477f-9084-61285d2d750f,"House No. 48, Bhagat Singh Marg Marg, Rajapur",c979adee-c596-4e7a-ab3a-5fed248c8265,591224,permanent
8573dbcb-fa60-408c-bd95-850dad9542db,c27e7bcf-6fa8-4742-b4fc-43211110a189,"House No. 244, Sankey Road Street, Metwada",0c59af77-a212-46d4-b2dc-84da2b403d3c,466118,permanent
4a087889-c51a-49a7-820c-b55fe042fc61,f9fb179d-4f08-4110-b38b-4dc16749cd59,"House No. 244, Sankey Road Street, Metwada",0c59af77-a212-46d4-b2dc-84da2b403d3c,466118,permanent
5da4b136-1f06-45c7-96c9-c943e2310660,0490d0b6-06a4-4b35-8eef-b0980c4826b5,"House No. 184, Mahipalpur Enclave, Metwada",0c59af77-a212-46d4-b2dc-84da2b403d3c,466118,permanent
a4212713-fe21-49f6-aebe-5d8651e658de,e3391adb-1634-42ca-9257-1368fbf3fdab,"House No. 184, Mahipalpur Enclave, Metwada",0c59af77-a212-46d4-b2dc-84da2b403d3c,466118,permanent
a2573252-2040-4b06-a85e-5f578fe305e4,e3391adb-1634-42ca-9257-1368fbf3fdab,"House No. 63, C V Raman Nagar Nagar, Charan Nikol",88f5cf00-b2bf-4ddd-9579-e495c6cecc0c,387640,current
06fcdf84-3613-415a-98df-6ddda1121b78,3d8a7250-d534-434f-ae00-6055e418cad8,"House No. 30, Vasant Kunj Marg, Metwada",0c59af77-a212-46d4-b2dc-84da2b403d3c,466118,permanent
d1b3ab51-45d5-40ab-ac3b-1f4b32ea0c2a,3d8a7250-d534-434f-ae00-6055e418cad8,"House No. 249, Nagarjuna Circle Road, Shenbagapudur",fc95a8f1-8226-4323-8a5a-6d16cd95de50,638402,current
b6569b2d-c33c-42ca-8bab-d238cac45396,82065349-ff08-4486-89fe-632d2c2fdb48,"House No. 30, Vasant Kunj Marg, Metwada",0c59af77-a212-46d4-b2dc-84da2b403d3c,466118,permanent
c36ada1e-257d-43da-a272-160751fbb75e,468c8851-3dba-499f-9a9f-879fcbd097f3,"House No. 27, Shyama Prasad Mukherjee Marg Marg, Metwada",0c59af77-a212-46d4-b2dc-84da2b403d3c,466118,permanent
9d463e9f-4615-4e58-acac-5fa1380c6d29,364b2ffc-1f61-4f75-b2a9-e62bff4dde82,"House No. 100, Mathura Road Road, Marma",433d1091-50e0-46d0-b34d-21ea36046dae,765034,permanent
eef3f11a-59cf-48d2-9fd9-5a328b3109ad,8e67f739-b948-4323-87be-fbb43c956d26,"House No. 100, Mathura Road Road, Marma",433d1091-50e0-46d0-b34d-21ea36046dae,765034,permanent
254099f5-299b-4df8-a471-bd33bd888798,88b8ce01-e7bf-427e-9595-c5bfcbabe267,"House No. 84, Safdarjung Enclave Street, Marma",433d1091-50e0-46d0-b34d-21ea36046dae,765034,permanent
12699dc0-df0a-48bb-b057-8708ad4abe95,6a1dcf18-6c4f-44c3-a14b-752c80221fe0,"House No. 84, Safdarjung Enclave Street, Marma",433d1091-50e0-46d0-b34d-21ea36046dae,765034,permanent
817bed95-e302-4c27-a227-818b9f8f4a67,7d962261-13f4-41e9-ae30-d1c184907186,"House No. 84, Safdarjung Enclave Street, Marma",433d1091-50e0-46d0-b34d-21ea36046dae,765034,permanent
55433656-77bd-40ea-b8ac-87d909b50e14,7b825ae9-8156-43f6-80de-f64ec7ebaadc,"House No. 94, Model Town Enclave, Malav",9dda0b2e-ff57-4c9e-ac43-43e122f085c1,202165,permanent
1070f863-3648-48e9-8033-d0f63500080a,7b825ae9-8156-43f6-80de-f64ec7ebaadc,"House No. 20, Ramesh Nagar Road, Rampur Kalan",67ddcf81-7426-497f-b284-f589da94258d,224190,current
48dfbb6d-fdcb-4e95-8506-78029c57eb11,05561b10-d7a9-48d8-92d5-ae14c0ecf618,"House No. 94, Model Town Enclave, Malav",9dda0b2e-ff57-4c9e-ac43-43e122f085c1,202165,permanent
7eb183fd-6715-4002-b783-f22ae88854ce,dc8e1559-6099-4865-95e5-9e9953d32d75,"House No. 45, Chandni Chowk Street, Malav",9dda0b2e-ff57-4c9e-ac43-43e122f085c1,202165,permanent
2be23fbe-03b4-4cfc-bc42-bdc3a1dc5846,dc8e1559-6099-4865-95e5-9e9953d32d75,"House No. 218, Nehru Chowk Lane, Harna",da97debf-a2c0-4f37-9708-76fe4aef4637,847404,current
3a738439-a785-47dc-ae81-7a440891c321,1c055253-9ac9-419b-8d37-0734dec8e811,"House No. 45, Chandni Chowk Street, Malav",9dda0b2e-ff57-4c9e-ac43-43e122f085c1,202165,permanent
c01075d3-41b1-4ce0-a471-9147e6d82d43,f4f2fbf2-54c4-4f86-ba7f-90cbb66f6c7b,"House No. 263, Laxmi Nagar Marg, Charan Nikol",88f5cf00-b2bf-4ddd-9579-e495c6cecc0c,387640,permanent
8c99565f-37b8-439b-a213-a0a41af8f82d,780380a3-fe83-4fb6-980c-cab0208c14fb,"House No. 263, Laxmi Nagar Marg, Charan Nikol",88f5cf00-b2bf-4ddd-9579-e495c6cecc0c,387640,permanent
8013cbcc-b282-4404-9c98-fba7756f936f,dbc22767-0785-4297-b272-1aa7aa9f3528,"House No. 204, Ekta Marg Extension, Charan Nikol",88f5cf00-b2bf-4ddd-9579-e495c6cecc0c,387640,permanent
c15a3275-5fde-499a-b715-07a09cd4743d,877e4601-9661-482e-a4b7-9164a85e4d3d,"House No. 204, Ekta Marg Extension, Charan Nikol",88f5cf00-b2bf-4ddd-9579-e495c6cecc0c,387640,permanent
1437ef3b-76b8-4473-a81a-55e4ffc3783b,43d6d5e5-4069-49b1-adf2-92508b4c5713,"House No. 204, Ekta Marg Extension, Charan Nikol",88f5cf00-b2bf-4ddd-9579-e495c6cecc0c,387640,permanent
edacaa7c-b7c1-4021-9f47-df3677fc2b1a,6f3dbfb7-c824-4f39-ac28-8e4af871f805,"House No. 35, Park Street Enclave, Charan Nikol",88f5cf00-b2bf-4ddd-9579-e495c6cecc0c,387640,permanent
1b19565f-dd27-487c-9201-a4d45c38a9ff,6f3dbfb7-c824-4f39-ac28-8e4af871f805,"House No. 263, Nariman Point Nagar, Dhamrancha",3a90b419-d49b-432d-b67f-8fef620d5ecd,442709,current
3bcc4627-32af-4a04-b6b0-6a169638d490,dfed3cd5-d037-4835-bf2e-36f5e37ef72a,"House No. 35, Park Street Enclave, Charan Nikol",88f5cf00-b2bf-4ddd-9579-e495c6cecc0c,387640,permanent
8909753c-d3c8-405f-870f-0ee8553b47cf,fe931aa5-1a5c-4359-ae2b-b2d6f4914767,"House No. 35, Park Street Enclave, Charan Nikol",88f5cf00-b2bf-4ddd-9579-e495c6cecc0c,387640,permanent
de5614cc-bf34-46ca-87a7-3449afe41bc1,0668ef6a-28bd-4c45-8e6b-0890d1ed2b93,"House No. 35, Park Street Enclave, Charan Nikol",88f5cf00-b2bf-4ddd-9579-e495c6cecc0c,387640,permanent
223a0ab7-55a5-43ee-84fb-b5096fd6595e,3d4dd561-8d8a-4ded-a61e-137e9412470e,"House No. 35, Park Street Enclave, Charan Nikol",88f5cf00-b2bf-4ddd-9579-e495c6cecc0c,387640,permanent
b4808560-e7f9-49c3-864f-369462e3df6e,3d4dd561-8d8a-4ded-a61e-137e9412470e,"House No. 261, J P Road Enclave, Laugaon",f0f86fcc-117f-4c6d-8a1e-46c45b1b8072,212621,current
ac3ec2e2-c323-41fa-849d-0fcd8eaad6bd,ca5d8203-3763-4283-bd67-6c3f4f69d288,"House No. 199, Greater Kailash Road, Charan Nikol",88f5cf00-b2bf-4ddd-9579-e495c6cecc0c,387640,permanent
2f7420f4-7887-4b4f-8334-59220a353523,1bbda7bf-3c51-4ec5-82a1-13f67ec57469,"House No. 294, Chattarpur Extension, Kakarla",d6f40bfd-4360-4e5a-b544-68d5bf70b311,523253,permanent
f7e153d7-0185-4d41-a315-917aa34956a5,81fef9a3-a9d4-43b7-a0b7-190e8957e8c2,"House No. 294, Chattarpur Extension, Kakarla",d6f40bfd-4360-4e5a-b544-68d5bf70b311,523253,permanent
7707b38a-b301-4c47-900b-7d6da76b8826,1751164a-e3a8-471d-b3e1-860803509288,"House No. 294, Chattarpur Extension, Kakarla",d6f40bfd-4360-4e5a-b544-68d5bf70b311,523253,permanent
eb0907ad-3d30-4d65-987c-8c57d6f6a2e7,0cffbdda-8ad4-40a2-bf52-cd5ad9625ade,"House No. 294, Chattarpur Extension, Kakarla",d6f40bfd-4360-4e5a-b544-68d5bf70b311,523253,permanent
2d756b51-8594-4bf9-a22f-2158630b7bc5,6d576452-5918-47f3-b968-60c3ce66a347,"House No. 294, Chattarpur Extension, Kakarla",d6f40bfd-4360-4e5a-b544-68d5bf70b311,523253,permanent
394826d9-8783-4474-b050-e76ba33229db,900a275e-78e3-4da0-92b6-405e6baf54d4,"House No. 122, Guru Nanak Marg Lane, Kakarla",d6f40bfd-4360-4e5a-b544-68d5bf70b311,523253,permanent
5f79e4ff-985c-4234-af53-b85cb98b2f7b,56c6e716-d5cf-457c-838f-8597efcf6574,"House No. 96, Azad Marg Colony, Kakarla",d6f40bfd-4360-4e5a-b544-68d5bf70b311,523253,permanent
d9b977ee-0379-48cb-8c18-5bcee69b6b21,7212d59b-94e1-4b68-8be1-1f432481708c,"House No. 96, Azad Marg Colony, Kakarla",d6f40bfd-4360-4e5a-b544-68d5bf70b311,523253,permanent
daf60c5f-7b83-4db2-bf60-daf06e035f9a,4d1574c5-c004-4e49-b228-0e4b2c2300cf,"House No. 64, Motilal Nehru Marg Lane, Shampur",a67d384b-edfc-4caa-8a46-8b72e3208724,504346,permanent
210ef02e-5d4a-401a-837a-90148aa54bea,a711e9a3-67ca-4ec5-9140-7a792b88a7f3,"House No. 64, Motilal Nehru Marg Lane, Shampur",a67d384b-edfc-4caa-8a46-8b72e3208724,504346,permanent
7d8640dd-12bd-4134-b379-2efd303ac869,1137e07f-71ca-42ab-b209-d56326ad6892,"House No. 64, Motilal Nehru Marg Lane, Shampur",a67d384b-edfc-4caa-8a46-8b72e3208724,504346,permanent
e20fc6cc-b065-46f3-be03-b476fc90e337,1137e07f-71ca-42ab-b209-d56326ad6892,"House No. 218, Okhla Nagar, Neendar",8b290e9f-43ac-4762-b2a2-f30d65d03bed,302013,current
90ac5e4b-3b2d-40d6-aacb-c2504e771e2e,ee367ab8-0b32-4840-a9ef-89b096d85127,"House No. 64, Motilal Nehru Marg Lane, Shampur",a67d384b-edfc-4caa-8a46-8b72e3208724,504346,permanent
9c5ce8f9-0155-44ea-8ed7-60efebaa8368,f8bdf84c-3962-4029-8e72-77dcf524ef77,"House No. 286, Kirti Nagar Enclave, Bedkihal",30a28f6c-c417-4a0d-bbab-ea3cbe4771ab,591214,permanent
988f1a7d-d645-405a-a756-6858ed41fb6f,de9374f9-f552-4fea-885f-b2e152b8fd66,"House No. 286, Kirti Nagar Enclave, Bedkihal",30a28f6c-c417-4a0d-bbab-ea3cbe4771ab,591214,permanent
825c7efd-a554-4a54-90d7-b9f5c31c82b4,47cd2876-45e7-4a27-a41b-9058186bf9e6,"House No. 90, T Nagar Nagar, Bedkihal",30a28f6c-c417-4a0d-bbab-ea3cbe4771ab,591214,permanent
97171531-c35b-4287-afb2-d99a0ec0fbb0,49711e74-7614-4ca4-9934-31759b0e790a,"House No. 143, Rabindra Sarani Road, Bedkihal",30a28f6c-c417-4a0d-bbab-ea3cbe4771ab,591214,permanent
d1322872-0bd9-4fd4-9690-18a40d87dc4c,40fc1aa4-08f6-4a52-b89d-07bb0dc1428a,"House No. 148, Somajiguda Lane, Bedkihal",30a28f6c-c417-4a0d-bbab-ea3cbe4771ab,591214,permanent
f54b24d6-4bd9-4217-9f87-36aad348fe38,49807938-41b4-409c-a30f-97dee538b9c0,"House No. 148, Somajiguda Lane, Bedkihal",30a28f6c-c417-4a0d-bbab-ea3cbe4771ab,591214,permanent
1eda4dbf-14d0-4215-aaf6-1037d9930001,49807938-41b4-409c-a30f-97dee538b9c0,"House No. 117, Model Town Street, Hundapalasapal",0f50f615-7033-4550-b3c0-1327c1c40070,758028,current
ceffaaee-35e6-416e-984a-821fea47b46c,0bea0b02-f959-4d59-9ba9-7126b8402c3a,"House No. 148, Somajiguda Lane, Bedkihal",30a28f6c-c417-4a0d-bbab-ea3cbe4771ab,591214,permanent
bd943600-7824-4d94-b885-649aa557edf6,0139f6c3-ea26-4a2f-a382-088470d13e1a,"House No. 167, Hauz Rani Lane, Bedkihal",30a28f6c-c417-4a0d-bbab-ea3cbe4771ab,591214,permanent
a599f199-2e04-48c1-ae98-19320f440bf5,38bc1d79-71df-47db-82fe-43dd4ee1c367,"House No. 189, Lodhi Road Lane, Syoli Talli",32a1289c-5423-492e-99ff-35bf1bfde5d8,246123,permanent
99206fee-e5ef-463b-9ae2-90b8f4720063,a0cd17ed-a200-49a7-8fbf-3ae6e0a3402a,"House No. 189, Lodhi Road Lane, Syoli Talli",32a1289c-5423-492e-99ff-35bf1bfde5d8,246123,permanent
2b1bf3a2-8a97-4847-a3d4-3de098144c7e,b405272f-893d-4df1-8b26-7eb055351000,"House No. 189, Lodhi Road Lane, Syoli Talli",32a1289c-5423-492e-99ff-35bf1bfde5d8,246123,permanent
f77d551c-b0d2-4ff1-b974-c89dc389a845,b405272f-893d-4df1-8b26-7eb055351000,"House No. 289, Lajpat Nagar Street, Artiyan Kallan",c02d795c-a08a-4eac-b4c4-4fefaf879cf7,342606,current
cfe8d17c-8094-4204-bb87-70982df064e8,21edad88-9510-4e28-b048-b85a9fa20cee,"House No. 238, Outer Ring Road Lane, Syoli Talli",32a1289c-5423-492e-99ff-35bf1bfde5d8,246123,permanent
4226e184-2c3b-46bf-b310-2e8f7ab412f8,c698a253-26b5-469f-b190-c1ac7b72764a,"House No. 23, Pusa Road Lane, Kannur Railway Station",d6543cb1-8eae-431f-aa0f-426dc3d2d8aa,670001,permanent
16c0b04a-8c57-4111-9e01-50f3c7220d64,c698a253-26b5-469f-b190-c1ac7b72764a,"House No. 1, Raja Ram Mohan Roy Road Marg, Kothali",afdd5085-731a-4ddd-be19-44a21c8bc3e2,425306,current
493c8b51-b687-43bc-8d83-02dd92f79de6,5d993f23-cce4-4c50-9298-d356aa098d79,"House No. 23, Pusa Road Lane, Kannur Railway Station",d6543cb1-8eae-431f-aa0f-426dc3d2d8aa,670001,permanent
f1c98425-5b32-415e-b11f-cc09b426e2f5,10945ec6-e78e-4201-904b-77dafb0b0d81,"House No. 23, Pusa Road Lane, Kannur Railway Station",d6543cb1-8eae-431f-aa0f-426dc3d2d8aa,670001,permanent
bc7998b9-8855-4f87-99a8-931e40070f06,10945ec6-e78e-4201-904b-77dafb0b0d81,"House No. 276, Greater Kailash Colony, Kanakore",731dea87-33eb-4d96-b9a2-badc96e00b51,262001,current
fb5634e1-007c-42cb-a626-617073c95c68,458167b1-5667-478d-a6bf-4f1e39407e0e,"House No. 87, Asaf Ali Road Colony, Kannur Railway Station",d6543cb1-8eae-431f-aa0f-426dc3d2d8aa,670001,permanent
a7908aa8-3049-419f-a042-165252e50d3e,1868b78f-e043-471f-a667-0d0ed4849e30,"House No. 73, Vittal Mallya Road Colony, Kannur Railway Station",d6543cb1-8eae-431f-aa0f-426dc3d2d8aa,670001,permanent
c9227b18-49b3-453f-8465-5fc3c5bb48c3,028c0133-fdb0-428a-9169-ec84ac2dbac5,"House No. 73, Vittal Mallya Road Colony, Kannur Railway Station",d6543cb1-8eae-431f-aa0f-426dc3d2d8aa,670001,permanent
31f27b37-5092-4eba-a022-1b6ae1a19504,804ffd7e-c368-49c4-b85e-d55a04aae4a8,"House No. 73, Vittal Mallya Road Colony, Kannur Railway Station",d6543cb1-8eae-431f-aa0f-426dc3d2d8aa,670001,permanent
8a0c9e31-052d-43e6-b4fe-c49338963eea,cfda4258-bc47-4c3a-86ab-f83d8cf5d706,"House No. 148, Swami Dayanand Marg Lane, Kannur Railway Station",d6543cb1-8eae-431f-aa0f-426dc3d2d8aa,670001,permanent
186802b2-4287-4160-8f41-ca8cf4ed555c,7ed3b0c0-5f7f-4da6-a8fb-e0a4925b051d,"House No. 148, Swami Dayanand Marg Lane, Kannur Railway Station",d6543cb1-8eae-431f-aa0f-426dc3d2d8aa,670001,permanent
35d6def8-d989-4132-9eaf-a89eeae0d709,2ffa9396-ece3-4954-8c41-84dc6a1a76b2,"House No. 66, Cunningham Road Road, Kannur Railway Station",d6543cb1-8eae-431f-aa0f-426dc3d2d8aa,670001,permanent
f2dacc64-18b0-4231-bbca-6e19c7b84f22,2ffa9396-ece3-4954-8c41-84dc6a1a76b2,"House No. 151, Patel Chowk Extension, Badapal",f8fb5476-9b84-42d2-adaa-52d8c313d7d2,756019,current
c4b6d9cc-cf57-45c3-8f49-6e9fcd9b6151,f4061799-830f-4ecf-a262-8c8fb411409d,"House No. 66, Cunningham Road Road, Kannur Railway Station",d6543cb1-8eae-431f-aa0f-426dc3d2d8aa,670001,permanent
632ef760-0408-472b-850e-8c716643128c,01ab5fce-8a23-44a9-97a4-7a2ec28875b0,"House No. 25, Commercial Street Street, Panga",db717a45-5491-48ac-ab83-6c494e47532c,679338,permanent
2e7edde7-f451-4a2f-99eb-0c95e98b4393,b0fb70c1-4e38-4b7e-b853-2fa141291205,"House No. 25, Commercial Street Street, Panga",db717a45-5491-48ac-ab83-6c494e47532c,679338,permanent
678ee00b-9fb8-44be-bb36-d19c55e7af4d,24cdb6fd-17fb-45ff-96cf-6fe82528534b,"House No. 25, Commercial Street Street, Panga",db717a45-5491-48ac-ab83-6c494e47532c,679338,permanent
7f226ab5-df38-48a7-8f58-18c939bd425f,e00f17dc-bce4-4dcb-8982-0fa8a8456620,"House No. 25, Commercial Street Street, Panga",db717a45-5491-48ac-ab83-6c494e47532c,679338,permanent
43fa83ca-c222-4c12-9fa4-269ba785a5bc,818f6e31-6438-457c-aacd-d9b1673a1c33,"House No. 127, Rajendra Place Street, Panga",db717a45-5491-48ac-ab83-6c494e47532c,679338,permanent
c31483d1-1ff0-46f4-ac5f-40febdbe2363,818f6e31-6438-457c-aacd-d9b1673a1c33,"House No. 163, Bankim Chandra Road Nagar, Fatehpur Kalan",0be8fffc-3af0-4ad1-baad-28ec2aa7f02f,246701,current
f1a0364a-4d33-49ed-9ba5-d0513ebf3e8b,2f1766cf-94dc-4fb8-bab4-2ac89ff707ed,"House No. 127, Rajendra Place Street, Panga",db717a45-5491-48ac-ab83-6c494e47532c,679338,permanent
8649ad4a-eaae-41b1-ad1f-37eaed91a51d,af7b264d-5f42-4f03-aaea-0f28942f984f,"House No. 127, Rajendra Place Street, Panga",db717a45-5491-48ac-ab83-6c494e47532c,679338,permanent
5867a358-18f6-426a-bec7-713da8bd7b62,0337a9aa-5b4f-47e5-8f62-6328af20b19b,"House No. 127, Rajendra Place Street, Panga",db717a45-5491-48ac-ab83-6c494e47532c,679338,permanent
cc42a1e0-9e11-45e2-9fa9-7351aea01268,0337a9aa-5b4f-47e5-8f62-6328af20b19b,"House No. 223, Desh Bandhu Gupta Road Extension, Fatehpur Kalan",0be8fffc-3af0-4ad1-baad-28ec2aa7f02f,246701,current
b20740b2-f247-4959-8dc2-baf1128d6151,925087dd-0aef-42ee-ab86-76f6b5571160,"House No. 261, KPHB Colony Street, Kurani Buzawade",4d351ee6-91ed-4061-aa7d-dcda91023f2a,416509,permanent
60c19433-6121-43d6-8bbe-f4a763390441,ab01ecf7-9163-414b-b504-e68fc5259192,"House No. 269, Rohini Colony, Kurani Buzawade",4d351ee6-91ed-4061-aa7d-dcda91023f2a,416509,permanent
ee146237-eaca-4f8b-8676-97a94c231520,3b46d09f-30c7-4c9b-99e4-26c95b3fa25e,"House No. 269, Rohini Colony, Kurani Buzawade",4d351ee6-91ed-4061-aa7d-dcda91023f2a,416509,permanent
7a411306-7abe-4d95-aa0e-f3a55d1fd4e3,0b8e726d-b53b-477b-9168-3302c551b6fb,"House No. 124, Preet Vihar Colony, Kurani Buzawade",4d351ee6-91ed-4061-aa7d-dcda91023f2a,416509,permanent
11e9d9cf-25d6-4753-84c9-01ebebbd0a0a,8550c4b9-49f5-4c2d-a73d-cce2517f8fbd,"House No. 124, Preet Vihar Colony, Kurani Buzawade",4d351ee6-91ed-4061-aa7d-dcda91023f2a,416509,permanent
46332ca3-2c28-4e91-af50-311250af513f,5d7a49cc-e00c-423c-8632-17d333e61075,"House No. 259, Aerocity Nagar, Kurani Buzawade",4d351ee6-91ed-4061-aa7d-dcda91023f2a,416509,permanent
25766946-1cf3-48b0-88e0-146f6d0afb8e,1da61097-56d3-445b-8d48-61f56db9919c,"House No. 259, Aerocity Nagar, Kurani Buzawade",4d351ee6-91ed-4061-aa7d-dcda91023f2a,416509,permanent
bffd9075-fa57-4bb8-abd1-7424689af721,ea50060f-e198-4a05-a709-d029bb377831,"House No. 259, Aerocity Nagar, Kurani Buzawade",4d351ee6-91ed-4061-aa7d-dcda91023f2a,416509,permanent
e891041f-2e8f-4fa0-9523-04a5fb3ef638,ea50060f-e198-4a05-a709-d029bb377831,"House No. 117, Daryaganj Enclave, Majhihara",5a8c6168-07ce-4d7b-a362-42040a53b054,752103,current
558627a5-de10-43dc-a462-20e260997d38,b3e2dabb-54e4-4cdb-9c2a-0c35250aa2b5,"House No. 241, Kalkaji Lane, Kotaseetharampuram",256aab43-0c6d-401c-b922-b756b4f3c7f1,535559,permanent
9e092af0-9943-4c33-8f17-56fac33f4cf2,b3e2dabb-54e4-4cdb-9c2a-0c35250aa2b5,"House No. 200, Mundka Marg, Sunoli",4084b2c2-1a7b-4c95-8daf-73b43d009467,263601,current
7cc68055-b469-4f72-ab09-99aeb1624151,4f296a56-1fa0-4210-bf26-794861875d6f,"House No. 64, Sarojini Nagar Colony, Kotaseetharampuram",256aab43-0c6d-401c-b922-b756b4f3c7f1,535559,permanent
439ce465-0587-4e1f-b0d8-ddc9175203f0,b4d9fca8-035d-4f22-a67d-6a7aa337fdff,"House No. 64, Sarojini Nagar Colony, Kotaseetharampuram",256aab43-0c6d-401c-b922-b756b4f3c7f1,535559,permanent
901c4af3-1aaa-4eed-8789-8dbc1cbfbae4,3b9570e4-5e66-4ae6-a9fa-d6da77abe7c3,"House No. 64, Sarojini Nagar Colony, Kotaseetharampuram",256aab43-0c6d-401c-b922-b756b4f3c7f1,535559,permanent
d0e8c822-46a9-4a6e-86dd-34f2661ff26b,79ab7392-8c6a-4acd-8344-84ea92d6fee3,"House No. 64, Sarojini Nagar Colony, Kotaseetharampuram",256aab43-0c6d-401c-b922-b756b4f3c7f1,535559,permanent
7708401e-b9cb-40b8-a077-686066078007,79ab7392-8c6a-4acd-8344-84ea92d6fee3,"House No. 275, Uttam Nagar Lane, Mohd. Sadikpur",62b16554-83b1-4666-9e75-be493be17615,244414,current
eeb394f7-1218-4817-afaf-fdbd5c7bde57,7082cec9-293d-4983-87dc-bd34e543485c,"House No. 64, Sarojini Nagar Colony, Kotaseetharampuram",256aab43-0c6d-401c-b922-b756b4f3c7f1,535559,permanent
da7401a4-8b65-46b9-a92e-38aac12f1c17,61bb3299-d676-4a30-b116-2dff61424c18,"House No. 92, Chowringhee Road Colony, Kotaseetharampuram",256aab43-0c6d-401c-b922-b756b4f3c7f1,535559,permanent
0e694477-5f06-4c74-970f-3b559a7bbead,13e6c2ab-5fd2-41ba-acc5-6113b9b3c0b8,"House No. 92, Chowringhee Road Colony, Kotaseetharampuram",256aab43-0c6d-401c-b922-b756b4f3c7f1,535559,permanent
57f39998-1e27-47f1-886e-fba59577737f,195188b6-490a-4f89-932f-0a1f50aba928,"House No. 92, Chowringhee Road Colony, Kotaseetharampuram",256aab43-0c6d-401c-b922-b756b4f3c7f1,535559,permanent
a5fdd8a4-4fa1-4a61-8655-1aff7fd88579,1d81b4ed-c0fc-463d-ac33-b790781668cd,"House No. 92, Chowringhee Road Colony, Kotaseetharampuram",256aab43-0c6d-401c-b922-b756b4f3c7f1,535559,permanent
9416710e-e092-4328-9e65-d81e9fe70959,ffcb4fbd-e697-46ce-93fe-1e8ab330c056,"House No. 92, Chowringhee Road Colony, Kotaseetharampuram",256aab43-0c6d-401c-b922-b756b4f3c7f1,535559,permanent
7fa37468-1638-4de9-a801-ee1306fe113a,5629d060-1b25-465e-a809-ac44e2184e36,"House No. 12, Malabar Hill Road, Kotaseetharampuram",256aab43-0c6d-401c-b922-b756b4f3c7f1,535559,permanent
680dfdda-cf0f-4ac2-b6f1-e2b69134b78f,c84075c7-278d-44dc-9a08-6a1d2ae63c22,"House No. 12, Malabar Hill Road, Kotaseetharampuram",256aab43-0c6d-401c-b922-b756b4f3c7f1,535559,permanent
539d9e55-dbc4-41fa-9058-5e21c9dd1a40,aa3633ce-4cc8-4523-b090-611e09ceafe9,"House No. 204, Niti Marg Marg, N C Line",4a112051-0cf1-43ef-beec-1a7e9a17cc89,208002,permanent
3c9f7a78-40d9-4734-ae88-af45c0ad9d94,a52232f9-b886-4f36-ba3b-36c86b38c255,"House No. 204, Niti Marg Marg, N C Line",4a112051-0cf1-43ef-beec-1a7e9a17cc89,208002,permanent
64ebdf1c-834b-49d4-98bc-9197c17b9924,a52232f9-b886-4f36-ba3b-36c86b38c255,"House No. 240, Aerocity Marg, Muninagar",cf211dcd-89bd-42b4-9672-5311955f96e7,722122,current
c0c1c6d0-d75c-4546-af3c-d20e8e45591d,dcb5fa28-849b-4f4c-b099-f2c540a9bdbc,"House No. 204, Niti Marg Marg, N C Line",4a112051-0cf1-43ef-beec-1a7e9a17cc89,208002,permanent
bca3f8c2-93d8-4a43-ba19-c9a67ae3b663,79918039-a111-4ec8-ba6f-8afd77e6e1b4,"House No. 62, R K Puram Marg, N C Line",4a112051-0cf1-43ef-beec-1a7e9a17cc89,208002,permanent
fb9f786c-3eb0-467c-b03c-073391c498d2,6da2a43c-3bff-4bc9-b9d0-5d6b9b496b89,"House No. 62, R K Puram Marg, N C Line",4a112051-0cf1-43ef-beec-1a7e9a17cc89,208002,permanent
3cac471b-945b-4252-adb7-e2c5262af892,8ae14692-e39d-4e45-9064-5c87a0ddb8ee,"House No. 264, Banjara Hills Road, N C Line",4a112051-0cf1-43ef-beec-1a7e9a17cc89,208002,permanent
7de047ed-61bd-49f4-8b90-4134a138fa46,6d430053-72a4-4dec-afd7-5fb11617c796,"House No. 210, Saket Extension, N C Line",4a112051-0cf1-43ef-beec-1a7e9a17cc89,208002,permanent
2bd7f41c-bf61-40be-8d3c-fad93daa33c0,6d430053-72a4-4dec-afd7-5fb11617c796,"House No. 137, Kalam Road Nagar, Mutharasikuppam",c0975979-9043-4963-855f-ca856764a207,632106,current
a3b7ab70-c1fe-4f69-91fa-4d3426dd957e,6fe85358-07af-44e3-b39c-17cdbeff45dc,"House No. 294, Swatantrata Marg Road, N C Line",4a112051-0cf1-43ef-beec-1a7e9a17cc89,208002,permanent
c26c5778-aa36-4ce2-bef9-c57195610add,635e45b9-affe-4a6b-8d36-f3adf8ebf039,"House No. 132, Mahatma Gandhi Marg Colony, Kadammanitta",716fe4d7-9c39-405b-82f3-a7646ee323f6,689649,permanent
2b13fee9-25e7-4eee-bd80-c4541a2afe05,e790daca-4fdf-4fe2-8a2d-69f15274c7b4,"House No. 132, Mahatma Gandhi Marg Colony, Kadammanitta",716fe4d7-9c39-405b-82f3-a7646ee323f6,689649,permanent
5344e702-15f6-4f46-9666-b44dbbd5580e,c9fa96c9-d104-434d-98fd-5b31768aee4b,"House No. 132, Mahatma Gandhi Marg Colony, Kadammanitta",716fe4d7-9c39-405b-82f3-a7646ee323f6,689649,permanent
92684ff4-9366-436e-acd5-fefb9217c1a7,6b9373c9-b1fb-429a-ae3b-9bfbdb8989a9,"House No. 132, Mahatma Gandhi Marg Colony, Kadammanitta",716fe4d7-9c39-405b-82f3-a7646ee323f6,689649,permanent
6bc2d6b0-3f19-42c3-a4ae-694f299d077b,43d7c3eb-4572-4804-9122-1309bdfe0958,"House No. 252, Nehru Chowk Lane, Kadammanitta",716fe4d7-9c39-405b-82f3-a7646ee323f6,689649,permanent
bbadbcec-235a-424b-b57a-a0a6367a7613,393b9876-1252-4a13-8f84-31bef9ca291f,"House No. 252, Nehru Chowk Lane, Kadammanitta",716fe4d7-9c39-405b-82f3-a7646ee323f6,689649,permanent
b0464267-3ed3-438f-a5c6-9a51f019d133,d0dfa5ab-bb60-4695-ac8f-6e342e9ff019,"House No. 208, Janpath Nagar, Kadammanitta",716fe4d7-9c39-405b-82f3-a7646ee323f6,689649,permanent
fc9497f4-cc67-4d35-8c2b-40906a33ef3f,d0dfa5ab-bb60-4695-ac8f-6e342e9ff019,"House No. 243, Chanakyapuri Colony, Kesramal",b0d541e6-03ce-4db7-be47-eba21bd01943,770017,current
90afbd5b-403e-417d-af95-3c85cfd568b9,15a13b90-ff12-4df7-b12d-72386c6c91a0,"House No. 208, Janpath Nagar, Kadammanitta",716fe4d7-9c39-405b-82f3-a7646ee323f6,689649,permanent
a45b6e3e-4615-4876-bc2d-8d40f0533d3f,c30f93fc-7588-4e08-8137-c727286b8da5,"House No. 155, Anna Salai Nagar, Lasiyari",a1ac6dda-cf2b-4f37-b3bf-4697fe4e7bff,246424,permanent
100265e4-da86-4bad-9b09-f4fc4d48a9d2,f4c2cbd3-ce94-4cba-a2c7-c87b4afc0fd0,"House No. 155, Anna Salai Nagar, Lasiyari",a1ac6dda-cf2b-4f37-b3bf-4697fe4e7bff,246424,permanent
987c3312-5c56-4010-b1cf-bc48c342e5b5,1fb07f3b-fccd-4edf-81e9-49e79dba6cf5,"House No. 155, Anna Salai Nagar, Lasiyari",a1ac6dda-cf2b-4f37-b3bf-4697fe4e7bff,246424,permanent
674715d6-06d7-4e03-9393-3dcd7b50e53b,1fb07f3b-fccd-4edf-81e9-49e79dba6cf5,"House No. 22, Khan Market Enclave, Tamulichiga",2796f166-4b38-41c0-aa90-df4c3f1d5918,785682,current
cd2a39a3-bf0c-44d1-9505-71a45565e750,36d82d1c-4709-432a-b4e9-836febf9b4f6,"House No. 235, M I Road Marg, Lasiyari",a1ac6dda-cf2b-4f37-b3bf-4697fe4e7bff,246424,permanent
6f4b5edd-0b09-4d5d-bd1d-742043a39f82,36d82d1c-4709-432a-b4e9-836febf9b4f6,"House No. 113, Ashoka Road Lane, Janawad",677b943d-7828-4146-9dbe-db090c179e46,313333,current
d8d86f3b-184e-4558-894d-d7fcc749edf2,88b49a08-d024-4406-a524-28d30cbe124f,"House No. 70, College Street Street, Angbrashu",c49dcf9b-a287-4147-9eb8-e168df91c147,795135,permanent
37955032-3978-4f8e-b0ae-07093495f29c,10dcf325-ae8c-493c-b9fd-8c8bf9f919e2,"House No. 70, College Street Street, Angbrashu",c49dcf9b-a287-4147-9eb8-e168df91c147,795135,permanent
2c190282-aa14-43e3-a9e8-c2129498e21a,a95727d1-f69f-4a69-b79a-ab2d1a0b3b62,"House No. 70, College Street Street, Angbrashu",c49dcf9b-a287-4147-9eb8-e168df91c147,795135,permanent
b24dd3fb-654f-4fc3-bc6b-daee4fdf2b92,73a9bb5d-c90f-4d0c-ace7-dd625d908332,"House No. 289, Tilak Marg Extension, Angbrashu",c49dcf9b-a287-4147-9eb8-e168df91c147,795135,permanent
f72a3a45-2b99-43b4-8bfb-b908e5c4fc3b,9b7d09ba-06fb-424f-9219-ebb5caabeb7e,"House No. 276, M G Road Colony, Angbrashu",c49dcf9b-a287-4147-9eb8-e168df91c147,795135,permanent
50ff78c1-2d0e-4a8a-b9f3-365ec458fe80,95d0131b-b6e1-4aea-9a27-b55c3d7e1723,"House No. 276, M G Road Colony, Angbrashu",c49dcf9b-a287-4147-9eb8-e168df91c147,795135,permanent
56c3c898-3331-46dc-b52e-0cce5ba96eaa,a415cb19-e850-4cff-805f-519a29d5c8c6,"House No. 276, M G Road Colony, Angbrashu",c49dcf9b-a287-4147-9eb8-e168df91c147,795135,permanent
698d6b40-1612-4b11-bf02-828b3edc50fc,17af9a5e-69fe-4bf4-ab33-d573933a7e3e,"House No. 276, M G Road Colony, Angbrashu",c49dcf9b-a287-4147-9eb8-e168df91c147,795135,permanent
fc033cd8-1551-4282-b12b-34979dffd123,6069a417-b0de-4142-9ec0-9fe18b842dff,"House No. 276, M G Road Colony, Angbrashu",c49dcf9b-a287-4147-9eb8-e168df91c147,795135,permanent
63ffe2f0-a95e-4c66-8a24-8f7a9ab7b183,64682cf5-fea8-41a1-bdcd-7f338397ecb2,"House No. 8, Nariman Point Marg, Angbrashu",c49dcf9b-a287-4147-9eb8-e168df91c147,795135,permanent
25244010-9191-4cd8-aecc-01ebe5fae116,b974a4fe-d224-49b8-98a4-c692f3c90e8c,"House No. 86, C V Raman Nagar Nagar, Angbrashu",c49dcf9b-a287-4147-9eb8-e168df91c147,795135,permanent
aaec8a5e-5762-4b93-b1de-042ff2909c72,ffbfe67c-24fc-436d-a893-47bc3ed86707,"House No. 86, C V Raman Nagar Nagar, Angbrashu",c49dcf9b-a287-4147-9eb8-e168df91c147,795135,permanent
16ca8c53-3077-4230-b181-0052bacb38b0,7fb4a98d-a109-42d4-9b57-dbd65a0fc22d,"House No. 173, Richmond Road Marg, Dhamrancha",3a90b419-d49b-432d-b67f-8fef620d5ecd,442709,permanent
ad214a05-941a-4f2f-8d78-d7da4be9740f,cd9206f8-f434-4678-89e0-e46d105709b8,"House No. 173, Richmond Road Marg, Dhamrancha",3a90b419-d49b-432d-b67f-8fef620d5ecd,442709,permanent
bf67d9b6-a5bc-4349-ab86-1b41402a5576,6e63d851-6891-42e9-8a11-762fad901515,"House No. 68, Jor Bagh Street, Dhamrancha",3a90b419-d49b-432d-b67f-8fef620d5ecd,442709,permanent
9b573162-e946-4619-8535-9dd0bd989080,debded6d-56fd-432d-8a01-c7c6ebb6f138,"House No. 84, Bal Gangadhar Tilak Marg Nagar, Dhamrancha",3a90b419-d49b-432d-b67f-8fef620d5ecd,442709,permanent
b4c1b8a3-036a-4c9b-804b-dfc81b5bba9d,d1c907c9-fb52-4580-839c-d2a01396ca59,"House No. 290, Malviya Nagar Road, Salma",fe52c460-73d2-4cee-9b9b-df1298a64904,722143,permanent
79c98e8a-4768-4de6-bb32-df9e37d2fb0c,aaa7cbd2-9052-4d14-883d-36f3725edd12,"House No. 290, Malviya Nagar Road, Salma",fe52c460-73d2-4cee-9b9b-df1298a64904,722143,permanent
54041f2d-c79b-4db7-a1f4-5298f0119615,8171e26b-7d4e-41ed-a931-f0414f85531a,"House No. 290, Malviya Nagar Road, Salma",fe52c460-73d2-4cee-9b9b-df1298a64904,722143,permanent
0d72a5fd-5d2d-47ac-8963-879240c2c6dd,bee57f7c-4a33-4cbd-b063-d6c977085918,"House No. 85, Kukatpally Road, Salma",fe52c460-73d2-4cee-9b9b-df1298a64904,722143,permanent
1f61f7f5-5a96-4d77-9f5f-5cc659927df6,2bb1e476-dc2e-4d44-8fc3-0d9281e7e8d9,"House No. 85, Kukatpally Road, Salma",fe52c460-73d2-4cee-9b9b-df1298a64904,722143,permanent
728a309f-728c-4bd9-96b5-60988e918eb2,3774b46b-1d20-48e2-a3b0-681118382340,"House No. 262, Rashtriya Marg Lane, Salma",fe52c460-73d2-4cee-9b9b-df1298a64904,722143,permanent
3de5c98f-e49d-46aa-9e25-7442e0286507,3774b46b-1d20-48e2-a3b0-681118382340,"House No. 274, Motilal Nehru Marg Lane, Sandhu",5878b6b5-ddea-43ed-a422-a5c6b6357b07,171222,current
fc0b06c3-5bda-4e3f-9918-744d263c500a,d5240b93-2763-4776-8ea0-a46c20cb55cb,"House No. 262, Rashtriya Marg Lane, Salma",fe52c460-73d2-4cee-9b9b-df1298a64904,722143,permanent
d21f8f4b-ec4b-42de-80e7-63c35762205b,9741982e-8ae7-4bc1-a9be-edd46ea29cd4,"House No. 110, Lajpat Nagar Street, Jangle Agahi",75380c1f-4115-442a-9723-069166b18ee0,273165,permanent
60fb3358-94c5-47b9-b13e-311242d6a10e,555723f9-c3e6-4db2-98c6-ba3af8dbdce9,"House No. 95, Linking Road Enclave, Jangle Agahi",75380c1f-4115-442a-9723-069166b18ee0,273165,permanent
c69a30d6-e0af-424e-9e2f-82d21dae0620,0a66a65e-11f1-4a7f-81a0-4ec040ff15a1,"House No. 95, Linking Road Enclave, Jangle Agahi",75380c1f-4115-442a-9723-069166b18ee0,273165,permanent
3091ad9b-310b-4b3a-9716-473264da8714,ba0c948a-1521-4f6c-b9cd-fb28b66ce88c,"House No. 95, Linking Road Enclave, Jangle Agahi",75380c1f-4115-442a-9723-069166b18ee0,273165,permanent
4bb714ea-fa33-4788-b31c-6c7f5cd98408,ee3228c7-411e-409d-ac4a-86e968696940,"House No. 95, Linking Road Enclave, Jangle Agahi",75380c1f-4115-442a-9723-069166b18ee0,273165,permanent
5fe337e3-5e1e-4fad-b6dc-d6db4f43bcc5,eea666fb-5087-4272-ad58-2be04273e478,"House No. 225, Adyar Bridge Road Marg, Jangle Agahi",75380c1f-4115-442a-9723-069166b18ee0,273165,permanent
47b2a4fa-c273-4146-8759-42b8b337e8fa,02ce7ca0-238f-4f13-b290-6d2806fe66fe,"House No. 68, Kautilya Marg Colony, Jangle Agahi",75380c1f-4115-442a-9723-069166b18ee0,273165,permanent
1d3bdd12-2100-498a-a93d-6e1178e88ea9,71ca9b1d-db04-4eaf-8500-9080bd12ad54,"House No. 68, Kautilya Marg Colony, Jangle Agahi",75380c1f-4115-442a-9723-069166b18ee0,273165,permanent
0b4b5f58-cab4-4eae-9c4f-16fed88ac8d0,398ff9cf-77e3-4b69-94ee-5b1f00e22bc8,"House No. 255, Bypass Road Extension, Anara RS",aa506d6f-30b4-4fe7-bca6-7f2c04b28c17,723126,permanent
19b63ffc-4671-4ac1-b4bc-e115fc7f2387,311d40d3-f8d3-44a7-8847-d0dda57dbbd7,"House No. 255, Bypass Road Extension, Anara RS",aa506d6f-30b4-4fe7-bca6-7f2c04b28c17,723126,permanent
ab555c7b-8f8a-4b65-b853-c8095ff69166,311d40d3-f8d3-44a7-8847-d0dda57dbbd7,"House No. 143, Somajiguda Enclave, Dadyal",23d0938b-ad26-4713-afe3-7611f8baf2c9,144529,current
6137f906-5395-4fca-9632-162f489f6c1f,a5bb41e9-6404-4dab-8deb-90cac16ad12f,"House No. 255, Bypass Road Extension, Anara RS",aa506d6f-30b4-4fe7-bca6-7f2c04b28c17,723126,permanent
67d5d92b-1b81-4b47-be0c-51a0f7ee57a8,6ee5e10f-11c3-4977-b838-b18b179ad40b,"House No. 249, Bankim Chandra Road Street, Anara RS",aa506d6f-30b4-4fe7-bca6-7f2c04b28c17,723126,permanent
75452b14-f6da-4990-bd82-fa0278cd3f7e,11e28d1e-dbbf-4e4b-9b26-d2a554c297d4,"House No. 249, Bankim Chandra Road Street, Anara RS",aa506d6f-30b4-4fe7-bca6-7f2c04b28c17,723126,permanent
99d9177d-0a38-4c00-9499-c219a2669038,11e28d1e-dbbf-4e4b-9b26-d2a554c297d4,"House No. 250, Sher Shah Suri Marg Road, Jakhirpur",f77c2362-fa09-4024-9ad2-7cf845b2b17e,733141,current
64467c59-f013-4bfa-9c8f-73846e2482e6,33784a07-27e3-4c57-ad99-8faa9bd82524,"House No. 249, Bankim Chandra Road Street, Anara RS",aa506d6f-30b4-4fe7-bca6-7f2c04b28c17,723126,permanent
972bc54c-b708-46f1-8d01-d8b014c82062,74a759be-4a3e-4e5e-bffe-5a23d121b7bf,"House No. 109, Pherozeshah Mehta Road Nagar, Mailam",00a42346-d879-4b27-992c-2d6a762e66dd,604304,permanent
f20b007e-b2c8-48b8-9074-5bd8dcd23dc2,9f318cbd-4f5a-4c2a-910f-f13988bd05c2,"House No. 109, Pherozeshah Mehta Road Nagar, Mailam",00a42346-d879-4b27-992c-2d6a762e66dd,604304,permanent
d71e5017-df23-425d-a05d-829c8a6afbd2,9f318cbd-4f5a-4c2a-910f-f13988bd05c2,"House No. 125, Shankar Road Street, Kadammanitta",716fe4d7-9c39-405b-82f3-a7646ee323f6,689649,current
8457f49b-8170-4124-bb45-07ddf497d2c7,4f32a90d-b8f6-4eab-afcb-c297541f4b4d,"House No. 109, Pherozeshah Mehta Road Nagar, Mailam",00a42346-d879-4b27-992c-2d6a762e66dd,604304,permanent
6caa3a99-547f-45e0-bd07-1384a2c140e7,a4df7d87-34bc-47a4-b7ee-ea24387b8f86,"House No. 109, Pherozeshah Mehta Road Nagar, Mailam",00a42346-d879-4b27-992c-2d6a762e66dd,604304,permanent
4a53479a-0f74-4db9-bdff-1e2a690c3bac,a4df7d87-34bc-47a4-b7ee-ea24387b8f86,"House No. 159, Hazra Road Colony, Rajapur",c979adee-c596-4e7a-ab3a-5fed248c8265,591224,current
c1e76c0b-080d-42e2-abb0-ca72b26e49ab,7ac77217-ccc7-4bf3-9fe3-29adfcaef911,"House No. 179, Tughlakabad Colony, Mailam",00a42346-d879-4b27-992c-2d6a762e66dd,604304,permanent
cd8e560f-af3c-4aea-ae50-f8f597d681d7,7ac77217-ccc7-4bf3-9fe3-29adfcaef911,"House No. 267, Munirka Colony, Panga",db717a45-5491-48ac-ab83-6c494e47532c,679338,current
49165a49-de2c-4151-be18-15132e4712ef,dea7aff2-2903-4051-879d-6aff74a4450b,"House No. 179, Tughlakabad Colony, Mailam",00a42346-d879-4b27-992c-2d6a762e66dd,604304,permanent
b0f5212d-cb7f-4df2-bdc6-d4bb908f8e25,ae4417d6-a16d-4a5f-b6c5-84f935be6807,"House No. 116, Nelson Mandela Marg Extension, Korai",e3ab6e89-229d-4cd6-9439-4bf6ef14629c,212601,permanent
e03a3df3-5e91-40fe-96c6-9d5f62aab6fb,0d32c1fc-9e18-4cba-9143-602dc60bacec,"House No. 116, Nelson Mandela Marg Extension, Korai",e3ab6e89-229d-4cd6-9439-4bf6ef14629c,212601,permanent
b324c802-7fc1-4486-a015-966035e13de9,9b0bf260-d207-4388-b0e4-09b7d8afbc22,"House No. 207, Khan Market Street, Korai",e3ab6e89-229d-4cd6-9439-4bf6ef14629c,212601,permanent
5d197273-d65b-4c4d-abc9-bac159f95920,a9ce7ac9-d42d-4e11-8a1b-7c946bb0ffe6,"House No. 207, Khan Market Street, Korai",e3ab6e89-229d-4cd6-9439-4bf6ef14629c,212601,permanent
65b044fc-d873-419d-9a4a-3ef54d9d2ac4,abc1eaa7-7c98-4b48-9e64-3b8bad8ac949,"House No. 207, Khan Market Street, Korai",e3ab6e89-229d-4cd6-9439-4bf6ef14629c,212601,permanent
7848271e-9a85-47c9-b2f7-17b59044565b,425019a5-fb8a-4d51-85c7-18e30f34092f,"House No. 228, Chandni Chowk Road, Korai",e3ab6e89-229d-4cd6-9439-4bf6ef14629c,212601,permanent
290e511b-e22e-408e-875e-b3c925977084,5b93f167-8bd7-422b-8fad-e9d2e135b082,"House No. 140, Bankim Chandra Road Street, Shenbagapudur",fc95a8f1-8226-4323-8a5a-6d16cd95de50,638402,permanent
5df86d6d-65d0-4d2d-b463-cc1fa9b510ed,94188fcb-b502-4aee-8cc5-2bc99075b9d6,"House No. 140, Bankim Chandra Road Street, Shenbagapudur",fc95a8f1-8226-4323-8a5a-6d16cd95de50,638402,permanent
3a80a97b-a2e4-44f7-9549-99ad7e83beb0,77342270-dc3d-4670-b49f-2d37bb1658ca,"House No. 140, Bankim Chandra Road Street, Shenbagapudur",fc95a8f1-8226-4323-8a5a-6d16cd95de50,638402,permanent
4ba0cef3-9482-4f55-b2de-808f7d48e9bc,d3dc77bf-eafe-4ae5-8807-a924215509bb,"House No. 195, Outer Ring Road Street, Shenbagapudur",fc95a8f1-8226-4323-8a5a-6d16cd95de50,638402,permanent
57b9b209-85eb-4107-b70b-dad26aa25974,3054a13e-230e-4bca-9767-5d49cc8efd92,"House No. 195, Outer Ring Road Street, Shenbagapudur",fc95a8f1-8226-4323-8a5a-6d16cd95de50,638402,permanent
88c560bd-a716-41a6-a0f4-c76a2e58d7ac,f3c570fb-107c-4277-b0bd-17ecf963f4cf,"House No. 195, Outer Ring Road Street, Shenbagapudur",fc95a8f1-8226-4323-8a5a-6d16cd95de50,638402,permanent
be3817ae-1b9e-47a1-8dfa-99e571c7b8eb,4d77e74b-737e-47f3-8665-1c9e9e9dd5e3,"House No. 171, Africa Avenue Street, Shenbagapudur",fc95a8f1-8226-4323-8a5a-6d16cd95de50,638402,permanent
a379b779-966c-4c45-91b1-a895c3a5c0e8,4d77e74b-737e-47f3-8665-1c9e9e9dd5e3,"House No. 267, Akbar Road Colony, Rayam",5142d1c6-96f2-49c3-9a7d-0db46d67442c,394355,current
37dd8d43-d317-4142-a1a4-24994da7c236,35167326-b12b-4e96-975c-62801885a181,"House No. 99, Motilal Nehru Marg Marg, Ramanathapuram",d6f6e5ed-9856-419b-98e8-2b989301f87a,636104,permanent
825ea165-501d-478d-9008-a563874513c3,f1c254f8-6d94-4a8b-ad09-cbf23ec26df1,"House No. 81, Tilak Nagar Lane, Ramanathapuram",d6f6e5ed-9856-419b-98e8-2b989301f87a,636104,permanent
ec10ae20-c05a-41f9-9afc-397855381588,0163f435-0730-42c5-b9c8-33cdbcfa29a1,"House No. 81, Tilak Nagar Lane, Ramanathapuram",d6f6e5ed-9856-419b-98e8-2b989301f87a,636104,permanent
a46b1447-1047-4e0d-ab69-25814910dc56,774732db-ca95-40b5-b0b6-2a0b0fd5b157,"House No. 81, Tilak Nagar Lane, Ramanathapuram",d6f6e5ed-9856-419b-98e8-2b989301f87a,636104,permanent
ef962670-3bce-49b6-b6cb-9fda0e7416e1,09cf52b2-35c8-430d-a161-2fad77014993,"House No. 81, Tilak Nagar Lane, Ramanathapuram",d6f6e5ed-9856-419b-98e8-2b989301f87a,636104,permanent
869c22e0-d267-40b2-bba3-04a97d4fb4b1,09cf52b2-35c8-430d-a161-2fad77014993,"House No. 276, Marine Drive Enclave, Satara",dd1fd215-3763-45b2-b28b-73a4e5330322,415001,current
91729a8c-0420-4230-94e9-5c98a30e63c5,2155aaf5-ee51-4357-9110-9dcfd2eb3383,"House No. 81, Tilak Nagar Lane, Ramanathapuram",d6f6e5ed-9856-419b-98e8-2b989301f87a,636104,permanent
0b7eedd0-52c5-46ca-b576-b3f386c1b292,9205a069-02cf-4ea2-b52e-ccdfca8acc6c,"House No. 230, Nehru Chowk Marg, Ramanathapuram",d6f6e5ed-9856-419b-98e8-2b989301f87a,636104,permanent
501dc793-700f-415d-9cad-e841e7531ec2,c9af5b97-6a34-4698-9959-3bd8e698d1cf,"House No. 62, Bhagat Singh Marg Nagar, Kamandanga",faceac5d-cef0-4845-be9d-06fa3701e641,783332,permanent
d5423c53-7483-4ec8-9a56-12cc61089e6b,708eaa95-5b85-426f-8863-b3de9c6b425b,"House No. 62, Bhagat Singh Marg Nagar, Kamandanga",faceac5d-cef0-4845-be9d-06fa3701e641,783332,permanent
91d4a197-cea5-4518-90c9-1a3af1101171,4de427a7-4934-4361-903c-b9bd78b2b638,"House No. 62, Bhagat Singh Marg Nagar, Kamandanga",faceac5d-cef0-4845-be9d-06fa3701e641,783332,permanent
deb3a8a5-1b3c-4d19-8552-745023ca33cf,fb3911ba-8769-45a5-ad03-55563c7de121,"House No. 153, Jawaharlal Nehru Road Nagar, Kamandanga",faceac5d-cef0-4845-be9d-06fa3701e641,783332,permanent
f788f455-5300-43d2-9b67-f50555afb7a8,1cc4a8cd-43f4-4668-bff7-0e8e1d57eeed,"House No. 153, Jawaharlal Nehru Road Nagar, Kamandanga",faceac5d-cef0-4845-be9d-06fa3701e641,783332,permanent
250a0385-397b-433f-90f2-6632c575364c,240d269c-b9ac-495a-b384-d6b037da25a3,"House No. 214, Camac Street Marg, Kamandanga",faceac5d-cef0-4845-be9d-06fa3701e641,783332,permanent
ec32a78c-9a71-4249-b7ed-7859a2d53a29,a1dd834e-8c7a-4ebe-ad51-17fc6bf2744c,"House No. 214, Camac Street Marg, Kamandanga",faceac5d-cef0-4845-be9d-06fa3701e641,783332,permanent
07a78337-4d23-4522-b7d0-d53bd907f075,a1dd834e-8c7a-4ebe-ad51-17fc6bf2744c,"House No. 290, Badarpur Colony, Ramnagar Shibpur",b32c5e6f-8770-4d7f-b94e-fd0dadf72904,743374,current
a57520a4-a265-4095-8bac-c3e36be5ecca,96433711-d892-4c53-a812-a0abd49bc5e1,"House No. 292, Rani Jhansi Road Colony, Nabedhi",f5ea23e0-2fe9-4f7e-884b-7ae993d3219e,757030,permanent
9fa2732a-7019-4b59-b0ea-446a5a381c26,d647bf48-13e7-400e-badb-aec596c14491,"House No. 292, Rani Jhansi Road Colony, Nabedhi",f5ea23e0-2fe9-4f7e-884b-7ae993d3219e,757030,permanent
5935b483-4f08-49d9-82b8-289ceb5b8a46,c17a2eb9-7725-4658-901f-20508f07291e,"House No. 292, Rani Jhansi Road Colony, Nabedhi",f5ea23e0-2fe9-4f7e-884b-7ae993d3219e,757030,permanent
b950744a-dd21-4bd7-8898-ef19c1d04d43,bdc6f998-e61c-4eed-94e0-376163fc1ab6,"House No. 292, Rani Jhansi Road Colony, Nabedhi",f5ea23e0-2fe9-4f7e-884b-7ae993d3219e,757030,permanent
2d29bed9-d571-415b-837d-4e8cc49dc7d0,bcb2ab90-e44e-4c20-947c-ffcd8a0b3997,"House No. 275, J P Road Enclave, Nabedhi",f5ea23e0-2fe9-4f7e-884b-7ae993d3219e,757030,permanent
07b72c60-1141-416f-8151-bb6c071bcb88,206f0ab9-49f7-456e-9b19-4e7e0aae328b,"House No. 6, Netaji Subhash Chandra Bose Road Colony, Shimoga Ambedkarnagar",cca2418e-5650-42dc-add4-f55d74d47fd4,577201,permanent
0e9d9d49-7de7-449e-a30e-f8264684fcd6,28ba0686-eb45-4409-a401-3486d8b4212a,"House No. 6, Netaji Subhash Chandra Bose Road Colony, Shimoga Ambedkarnagar",cca2418e-5650-42dc-add4-f55d74d47fd4,577201,permanent
69d99c7e-f19e-480e-9a55-9b6d893b85c9,a182ac02-ce97-42b4-b64b-6459916295bb,"House No. 6, Netaji Subhash Chandra Bose Road Colony, Shimoga Ambedkarnagar",cca2418e-5650-42dc-add4-f55d74d47fd4,577201,permanent
5416fcd4-b1ee-4d5d-81d2-b6c396b1c800,ec7dbb73-57e6-4994-b459-b1aa27f2da75,"House No. 6, Netaji Subhash Chandra Bose Road Colony, Shimoga Ambedkarnagar",cca2418e-5650-42dc-add4-f55d74d47fd4,577201,permanent
4df73048-848f-4833-9620-13405019ec8c,04d36625-b5aa-4286-a543-bf880a885eb0,"House No. 236, Dr Annie Besant Road Colony, Shimoga Ambedkarnagar",cca2418e-5650-42dc-add4-f55d74d47fd4,577201,permanent
ac95f6a5-852c-4e08-a72c-26c9682c2e52,2de7545a-c883-4937-9b06-57b353ee1bb4,"House No. 236, Dr Annie Besant Road Colony, Shimoga Ambedkarnagar",cca2418e-5650-42dc-add4-f55d74d47fd4,577201,permanent
e332c8e9-31ae-4e60-9f88-4760679f30a5,acd25cbb-36f7-421c-b26e-f6d029411c71,"House No. 236, Dr Annie Besant Road Colony, Shimoga Ambedkarnagar",cca2418e-5650-42dc-add4-f55d74d47fd4,577201,permanent
5c0bd064-2419-4e86-8487-2bd94228a959,acd25cbb-36f7-421c-b26e-f6d029411c71,"House No. 231, Jangpura Marg, Shenbagapudur",fc95a8f1-8226-4323-8a5a-6d16cd95de50,638402,work
034593bf-bdc7-497a-8bb7-f9a957307848,b681e7e8-fb53-41e2-a5e0-137f14ae1cb4,"House No. 236, Dr Annie Besant Road Colony, Shimoga Ambedkarnagar",cca2418e-5650-42dc-add4-f55d74d47fd4,577201,permanent
8db5fb58-9c5a-4daf-bd63-06d640e330f1,42ba9b51-bca3-4eaa-a450-6079793c82ca,"House No. 236, Dr Annie Besant Road Colony, Shimoga Ambedkarnagar",cca2418e-5650-42dc-add4-f55d74d47fd4,577201,permanent
0297fc2a-b95d-4ee2-a459-47df433f3527,50873f12-f502-48f0-b7b9-1ca825fbb932,"House No. 182, Nehru Place Enclave, Silitia",d476c65b-b5f7-4b45-92c9-9d055266a324,758032,permanent
d25c27a5-ff0d-48a1-bae6-3e1f7db916e1,bbdbb00f-8603-4c5a-b39f-9d8fa76534a6,"House No. 55, Veer Savarkar Marg Nagar, Silitia",d476c65b-b5f7-4b45-92c9-9d055266a324,758032,permanent
f7efcb4c-608f-4a79-92c7-29921dc7a39f,c5e16f2f-973d-40a6-8c8d-3ac71445e741,"House No. 146, Subhash Nagar Colony, Silitia",d476c65b-b5f7-4b45-92c9-9d055266a324,758032,permanent
18e232b5-0934-4ce6-be42-7559d9203d34,0dac34c9-87da-4f5d-84ae-d23c900dd240,"House No. 146, Subhash Nagar Colony, Silitia",d476c65b-b5f7-4b45-92c9-9d055266a324,758032,permanent
1e70b3fc-cd8b-4d0f-ab61-248a9fa23a61,e87757cf-e125-441d-a50b-d22f844cfa63,"House No. 146, Subhash Nagar Colony, Silitia",d476c65b-b5f7-4b45-92c9-9d055266a324,758032,permanent
9ac05f08-e074-44cd-8209-c76150e84271,0855016e-a106-452b-a8ca-a9d63447502c,"House No. 287, Badarpur Nagar, Chharwada",09265518-c1a8-49d8-9c02-a60d850ef854,396030,permanent
435fecf1-22e6-4142-b966-14ed17971f5f,bd7e8acb-ed1e-49f6-99d8-0fcaf6383dea,"House No. 287, Badarpur Nagar, Chharwada",09265518-c1a8-49d8-9c02-a60d850ef854,396030,permanent
132ae299-44d2-4777-b248-d750a6be7d38,fc229bfb-d5f2-489c-8d2a-a62decd6913c,"House No. 181, Shahpur Jat Nagar, Chharwada",09265518-c1a8-49d8-9c02-a60d850ef854,396030,permanent
6025e8da-4c51-4132-bb9d-4f4f42e86edf,81d2d5db-5957-4f5f-926a-3bb90c2cfe5c,"House No. 181, Shahpur Jat Nagar, Chharwada",09265518-c1a8-49d8-9c02-a60d850ef854,396030,permanent
ec3eea73-fa82-4398-8352-73f847ba101e,10c0a1fa-8b7e-420f-84c8-e35f578baec7,"House No. 21, Vikram Sarabhai Marg Street, Rakshasbhuvan",6c7dd797-fff1-4ca6-a0ff-aba0dbaa726f,422007,permanent
954c0626-6157-4da4-8c64-0e27c1885915,3640b2ff-fc90-46ba-975d-3f6695758af7,"House No. 21, Vikram Sarabhai Marg Street, Rakshasbhuvan",6c7dd797-fff1-4ca6-a0ff-aba0dbaa726f,422007,permanent
09830e5a-6da0-4d56-984d-754b9c4480e1,d08c737d-f512-4019-9979-7ced7a3f2392,"House No. 21, Vikram Sarabhai Marg Street, Rakshasbhuvan",6c7dd797-fff1-4ca6-a0ff-aba0dbaa726f,422007,permanent
a71984a6-e830-473f-a658-3f90101d2775,027ac3f5-ce4c-40b1-a498-29e5b9c751f8,"House No. 188, Tughlakabad Street, Rakshasbhuvan",6c7dd797-fff1-4ca6-a0ff-aba0dbaa726f,422007,permanent
eb1e4bf9-4392-4f27-ad49-04a8c94a32ff,7f9bb7cb-192c-4ff8-a423-6f75fdc0eab7,"House No. 188, Tughlakabad Street, Rakshasbhuvan",6c7dd797-fff1-4ca6-a0ff-aba0dbaa726f,422007,permanent
7101ee79-4f39-4b45-995d-d163761c4cd9,f5ba6c00-e9d8-4fc9-94cf-422aa76e8592,"House No. 56, Kirti Nagar Nagar, Kallipalli",1c6b2c51-aa55-4558-ae96-d1770fade444,761002,permanent
625dd25c-9b69-417c-a1ad-4722df200afb,14ce1950-af94-4fa4-8751-01c5790a1ec0,"House No. 56, Kirti Nagar Nagar, Kallipalli",1c6b2c51-aa55-4558-ae96-d1770fade444,761002,permanent
08e888fe-fc0f-418b-8f58-12e2b50e6a90,8f343577-22f0-439b-a3b7-0e293163e47d,"House No. 87, B T Road Road, Kallipalli",1c6b2c51-aa55-4558-ae96-d1770fade444,761002,permanent
41ffc707-eb9d-4b38-9b61-c5d8acc6bed4,00a12545-922e-4c12-8979-fcd4ce73b8ab,"House No. 87, B T Road Road, Kallipalli",1c6b2c51-aa55-4558-ae96-d1770fade444,761002,permanent
db68e51f-75bd-44b0-8571-8bf98f9143b3,00a12545-922e-4c12-8979-fcd4ce73b8ab,"House No. 111, Kashmere Gate Nagar, Kalikrishnagar",cc25d34d-0396-4913-b1c3-0766f4f66c68,799132,work
05dc3800-6cbb-4c1b-8b9e-72ab47a3a2f7,81369865-d4b6-4ce3-9529-3524be156216,"House No. 70, Colaba Causeway Colony, Kallipalli",1c6b2c51-aa55-4558-ae96-d1770fade444,761002,permanent
45d42c4b-e6c5-4d17-ad12-2d4706c4b7d4,e3a9b35d-db3b-40d5-9391-cb9ddde691c0,"House No. 70, Colaba Causeway Colony, Kallipalli",1c6b2c51-aa55-4558-ae96-d1770fade444,761002,permanent
44fdeb2a-41c9-44cd-8b0a-864dee8458d1,2d5f91d7-1441-4c57-b04b-41b5094d0ebd,"House No. 197, Rash Behari Avenue Lane, Kallipalli",1c6b2c51-aa55-4558-ae96-d1770fade444,761002,permanent
66fb0d12-b090-4366-9ad0-b079108175f0,2d5f91d7-1441-4c57-b04b-41b5094d0ebd,"House No. 237, Kirti Nagar Colony, Masgaon",86fefb20-41f1-4cf7-8888-b9afdb990b01,210506,current
bf3cda22-1ef5-4e5a-9e34-7f01b456a036,c19499fd-d9ad-4d81-9fdc-ff1b207207ca,"House No. 105, T Nagar Street, Rampur Kalan",67ddcf81-7426-497f-b284-f589da94258d,224190,permanent
df44ff02-caf3-4b9a-afed-85354042e247,6b45ee17-682a-45bd-96fc-1bcfb16de6c5,"House No. 105, T Nagar Street, Rampur Kalan",67ddcf81-7426-497f-b284-f589da94258d,224190,permanent
8083d5cc-fd68-40d2-aa83-5157f68d6dbd,6b45ee17-682a-45bd-96fc-1bcfb16de6c5,"House No. 151, Vittal Mallya Road Colony, Janawad",677b943d-7828-4146-9dbe-db090c179e46,313333,current
db4aa533-0e38-4161-94e5-eef596b7ac45,c83827a6-de1d-4e19-96c3-d88e7b117ea4,"House No. 105, T Nagar Street, Rampur Kalan",67ddcf81-7426-497f-b284-f589da94258d,224190,permanent
52225438-883f-402b-a9f9-4644a0f6c7a2,b0a9f0f9-e017-4c30-a7df-1b9fa32ae419,"House No. 100, Residency Road Street, Rampur Kalan",67ddcf81-7426-497f-b284-f589da94258d,224190,permanent
6089ad7e-90d6-4124-a216-1d883252eade,6280dc11-0124-4ef9-9586-d6b5e87ee08d,"House No. 139, Kashmere Gate Marg, Rampur Kalan",67ddcf81-7426-497f-b284-f589da94258d,224190,permanent
934eced1-ffde-4dca-ad3b-3273457b6aa5,bdde0bb8-25c2-4bdb-a621-9e4c72c3390e,"House No. 139, Kashmere Gate Marg, Rampur Kalan",67ddcf81-7426-497f-b284-f589da94258d,224190,permanent
3ba7c396-d54c-4f46-8f6d-4ceb24b4ec6a,bdde0bb8-25c2-4bdb-a621-9e4c72c3390e,"House No. 142, Mirza Ismail Road Lane, Buriya",26761411-cf0a-4118-9225-5d7d50d855c6,135101,current
1f48e2b5-dc33-48fc-8133-e2a7a9ed715c,17a7b4f1-47ac-4aba-829e-e8a0bae23537,"House No. 261, Ramesh Nagar Colony, Neendar",8b290e9f-43ac-4762-b2a2-f30d65d03bed,302013,permanent
320ff8bd-0f2c-48d3-9b21-b9c4598ee6d6,8d150b62-500a-4202-94ff-3d2ac3874acf,"House No. 261, Ramesh Nagar Colony, Neendar",8b290e9f-43ac-4762-b2a2-f30d65d03bed,302013,permanent
1a15358b-7d46-4be6-bf85-b958df9574a2,bb956a47-9cf5-422c-a026-57d32d6cf18e,"House No. 176, Chowringhee Road Marg, Neendar",8b290e9f-43ac-4762-b2a2-f30d65d03bed,302013,permanent
b3eab10d-36b6-4d07-aea8-13c69e9d39d2,816154e5-590a-48a5-abd3-149e1b81576a,"House No. 176, Chowringhee Road Marg, Neendar",8b290e9f-43ac-4762-b2a2-f30d65d03bed,302013,permanent
56fef09f-6ff6-4804-9705-fdf02e8f6bad,9dc6df1b-a991-4362-a258-e2819f7650e1,"House No. 176, Chowringhee Road Marg, Neendar",8b290e9f-43ac-4762-b2a2-f30d65d03bed,302013,permanent
4976ed72-5780-4f65-a343-c8c30b2aa052,3234d100-76e6-4163-9027-3fe1fd2377c3,"House No. 176, Chowringhee Road Marg, Neendar",8b290e9f-43ac-4762-b2a2-f30d65d03bed,302013,permanent
6503fc28-35d5-4c2a-9f0b-f54ce2b54045,81078dc3-988f-4ce9-a8e6-a019c0f9340c,"House No. 176, Chowringhee Road Marg, Neendar",8b290e9f-43ac-4762-b2a2-f30d65d03bed,302013,permanent
2d33970a-3924-47fb-96e7-41a78834349b,77aad506-ed85-4020-b1ad-088e8176cfcb,"House No. 127, Mahipalpur Road, Lundra",d0184a09-161d-4442-9ae0-17c96fb4622e,497101,permanent
a5d17473-3cc5-4863-9036-bdd336687d84,2eb8c7d9-3c1f-46ff-948d-f3c71d400539,"House No. 127, Mahipalpur Road, Lundra",d0184a09-161d-4442-9ae0-17c96fb4622e,497101,permanent
edd5e7c9-1e72-4491-95b5-e7c2a8eb5dcb,46ce2273-01b7-442a-8a39-866b9a7b8caf,"House No. 20, Pitampura Marg, Lundra",d0184a09-161d-4442-9ae0-17c96fb4622e,497101,permanent
f65b2b9c-d912-4c8d-aba7-3b83d29d1206,61b9583e-76ea-4e1a-8d56-3607a6c65dbe,"House No. 20, Pitampura Marg, Lundra",d0184a09-161d-4442-9ae0-17c96fb4622e,497101,permanent
7bb8afe5-e990-4f47-86be-b2763411e28a,cb1e308b-e18a-493e-afa8-a7f5841f970c,"House No. 20, Pitampura Marg, Lundra",d0184a09-161d-4442-9ae0-17c96fb4622e,497101,permanent
1b36f388-11e6-4391-8acd-fc81817f5855,cb1e308b-e18a-493e-afa8-a7f5841f970c,"House No. 289, Mayur Vihar Road, Hirethogaleri",fefa7954-f048-4a1b-abb2-bc926dfdd123,577007,current
b8ab472e-b88e-431a-a75d-1ea9e4f0dcde,4bacb239-386c-43cb-80c3-104d0d8efd44,"House No. 75, C V Raman Nagar Extension, Lundra",d0184a09-161d-4442-9ae0-17c96fb4622e,497101,permanent
eb8745ec-4b46-46d0-9f6e-fd2c89a4eeef,4bacb239-386c-43cb-80c3-104d0d8efd44,"House No. 172, Jawaharlal Nehru Road Marg, Padumbasan",3548beb9-6adf-49db-968e-bb7eea1585ad,721636,current
537fe5f9-3d8c-4b42-b7fd-1cce301ba74a,7028e7b0-a201-475f-9291-2588f234230d,"House No. 75, C V Raman Nagar Extension, Lundra",d0184a09-161d-4442-9ae0-17c96fb4622e,497101,permanent
9235bdd6-7db7-48dd-8a49-c529cedd8095,1c65f241-23ff-434a-9d9f-987bbe697486,"House No. 75, C V Raman Nagar Extension, Lundra",d0184a09-161d-4442-9ae0-17c96fb4622e,497101,permanent
7edb54f2-d979-4293-be1c-a9ccac8dc5e5,3767cc13-5f29-4701-a4dd-f4478bc93a91,"House No. 158, Park Street Road, Maldan",d9656d90-576d-4a2f-92f6-d46ca668ee37,415112,permanent
dc699001-a43a-499d-85a9-a396283f2236,c4f62b70-61d1-4499-80f7-5a45304209cd,"House No. 296, The Mall Enclave, Maldan",d9656d90-576d-4a2f-92f6-d46ca668ee37,415112,permanent
c80eeafc-dd99-4765-a5fa-774548602df0,c4f62b70-61d1-4499-80f7-5a45304209cd,"House No. 215, Jor Bagh Colony, Panga",db717a45-5491-48ac-ab83-6c494e47532c,679338,current
724ff533-1182-48d0-a502-2719d06a2b57,6f3e1d73-0748-4698-a90b-4338854b6da6,"House No. 296, The Mall Enclave, Maldan",d9656d90-576d-4a2f-92f6-d46ca668ee37,415112,permanent
2d011631-6189-4a52-9782-fff7fe9b0e74,07dc70ae-37b8-4702-9e16-b911816d6890,"House No. 178, Anna Salai Lane, Maldan",d9656d90-576d-4a2f-92f6-d46ca668ee37,415112,permanent
afaa8cf5-2201-460f-9df6-b0d3ed3ea8ec,6d11ea59-c9d2-446d-9add-738de9387a76,"House No. 41, Ajmer Road Extension, Mahuawa",6e52fc9a-f78d-4af7-8767-7e8f2a460895,843334,permanent
ac752fce-0860-4d2e-a786-7341f3967d49,1f49bc14-1cf3-481e-b071-6ba97b1c6291,"House No. 41, Ajmer Road Extension, Mahuawa",6e52fc9a-f78d-4af7-8767-7e8f2a460895,843334,permanent
9aaaebf7-4b4d-4fe1-be48-f4572939cc12,e5d7e647-7769-4d63-9e43-10667b8be6c3,"House No. 220, Pedder Road Nagar, Mahuawa",6e52fc9a-f78d-4af7-8767-7e8f2a460895,843334,permanent
b8706272-6143-42b7-88cf-0b95303f0881,c6e7d060-0b2e-4f99-9754-7003565b33b9,"House No. 220, Pedder Road Nagar, Mahuawa",6e52fc9a-f78d-4af7-8767-7e8f2a460895,843334,permanent
1d127aa5-e95e-4912-97c0-fdd4cf29107b,13898725-5e78-40b7-ae71-3df0246acf1a,"House No. 220, Pedder Road Nagar, Mahuawa",6e52fc9a-f78d-4af7-8767-7e8f2a460895,843334,permanent
6a373ab8-be38-43c7-b766-13651c3bc3d9,30ab5192-7cd4-480c-82c9-14b92065b21e,"House No. 103, Asaf Ali Road Nagar, Mahuawa",6e52fc9a-f78d-4af7-8767-7e8f2a460895,843334,permanent
07dde9ae-92d9-441d-b98a-40c4e9f93773,9c6f80f9-911e-4a04-a029-cb0dc2d490ee,"House No. 103, Asaf Ali Road Nagar, Mahuawa",6e52fc9a-f78d-4af7-8767-7e8f2a460895,843334,permanent
32e7dc2e-3090-4e6d-9388-f3f9af7c204e,1b111e25-53c0-40af-865e-3aa37a4c2c86,"House No. 255, Shankar Road Colony, Mohd. Sadikpur",62b16554-83b1-4666-9e75-be493be17615,244414,permanent
1e954f7d-82b8-4aa0-b7fc-abb2e2e2bde7,b161c0fb-0147-4963-a69e-348e783cd87a,"House No. 255, Shankar Road Colony, Mohd. Sadikpur",62b16554-83b1-4666-9e75-be493be17615,244414,permanent
d7f7cb2b-b261-4548-920a-138859dff067,ceae3760-1f46-428a-9f5a-67494e83ad84,"House No. 255, Shankar Road Colony, Mohd. Sadikpur",62b16554-83b1-4666-9e75-be493be17615,244414,permanent
e3b877e3-cb1d-4f00-8ffc-611eddd44124,2215f220-01c0-496d-9826-8c8c9f1b5faf,"House No. 65, Lakdi ka Pul Extension, Mohd. Sadikpur",62b16554-83b1-4666-9e75-be493be17615,244414,permanent
a65ec0ad-769b-463e-91f9-442f24ca5bec,a92c4c08-4d7f-41bc-b3ba-130b5d776111,"House No. 65, Lakdi ka Pul Extension, Mohd. Sadikpur",62b16554-83b1-4666-9e75-be493be17615,244414,permanent
30a956a0-4584-4c5c-a9d2-46254c5322ef,fd989a10-f458-4c0b-b4de-8816b6ffefdc,"House No. 180, Ballygunge Circular Road Colony, Mohd. Sadikpur",62b16554-83b1-4666-9e75-be493be17615,244414,permanent
6fdd48be-83a2-478e-89b8-bb6c9f6fefd9,fd989a10-f458-4c0b-b4de-8816b6ffefdc,"House No. 200, Nangloi Marg, Kalikrishnagar",cc25d34d-0396-4913-b1c3-0766f4f66c68,799132,work
b97e80a8-223c-451c-9cc4-ebcb738aa4f9,67b9c6be-4bc4-4094-894b-f3e402e3dd30,"House No. 180, Ballygunge Circular Road Colony, Mohd. Sadikpur",62b16554-83b1-4666-9e75-be493be17615,244414,permanent
46d5f7c7-9919-4e67-a2f7-5cd8b604f1a6,2408f8fa-40e1-4898-8c25-6002bc585ef9,"House No. 189, Rajendra Place Extension, Ichak",1969e447-bf24-4d61-88f9-2ccf451da1f9,829202,permanent
e6ce6d00-cd22-4117-acf6-e386993d9b7b,28480630-a38b-4d39-b5d8-34d1a8e49e67,"House No. 95, Mathura Road Road, Ichak",1969e447-bf24-4d61-88f9-2ccf451da1f9,829202,permanent
39e54fd2-4c54-4041-897f-7ca241edbe3e,aaa7c8a2-3cd8-4ee5-bdc0-254cfc409dff,"House No. 95, Mathura Road Road, Ichak",1969e447-bf24-4d61-88f9-2ccf451da1f9,829202,permanent
82a01708-8af3-48c5-ab20-f9408dde8a0b,49711703-a162-45ea-8484-e600d2fc60b9,"House No. 95, Mathura Road Road, Ichak",1969e447-bf24-4d61-88f9-2ccf451da1f9,829202,permanent
b70c7810-352b-441d-92e8-77fa658bf6fa,55cfdf10-a1a9-4735-ae66-8aae4018cb6a,"House No. 95, Mathura Road Road, Ichak",1969e447-bf24-4d61-88f9-2ccf451da1f9,829202,permanent
147ce8ba-8cf6-4e08-99a9-7a2cfbaeca68,55cfdf10-a1a9-4735-ae66-8aae4018cb6a,"House No. 22, Sardar Patel Marg Road, Arugonda",f34ee675-7a0e-436f-b6ca-61f475bbb7b6,517129,current
c1c19b47-cdc6-4c93-97d4-8aee495dc75a,9af5d87a-709a-418a-a8c7-5479eadf4856,"House No. 223, Nyaya Marg Nagar, Murikunte",6e8456de-2415-4692-a9b7-33d42569b6d5,577513,permanent
83197de5-884e-493a-a6e4-dcc849945458,f1963d7c-f4dd-4c7c-bdfc-61f7cc4fc59c,"House No. 223, Nyaya Marg Nagar, Murikunte",6e8456de-2415-4692-a9b7-33d42569b6d5,577513,permanent
4a32d126-dd7e-4b1a-bd51-68858954ecb7,e3bada65-8b55-4a30-85a2-dc6fe9ee3558,"House No. 217, Raja Ram Mohan Roy Road Street, Murikunte",6e8456de-2415-4692-a9b7-33d42569b6d5,577513,permanent
7e5903ed-cba4-4ed8-a5eb-1148465ff793,4be433a6-e91f-404d-b1bd-7d3d856145d8,"House No. 217, Raja Ram Mohan Roy Road Street, Murikunte",6e8456de-2415-4692-a9b7-33d42569b6d5,577513,permanent
93e8cd1c-5511-4e13-a56d-920fa2f0343d,4be433a6-e91f-404d-b1bd-7d3d856145d8,"House No. 211, Jaipur Road Extension, Ramnagar Shibpur",b32c5e6f-8770-4d7f-b94e-fd0dadf72904,743374,current
38500e38-3c07-414f-b39f-cb49de777740,90e91d4a-6d20-43f5-bad9-f9e8f45e9b4b,"House No. 200, Mirza Ismail Road Extension, Murikunte",6e8456de-2415-4692-a9b7-33d42569b6d5,577513,permanent
28fa41a5-7489-46a0-b80f-3b87d57ebe6f,d81dd9b4-01f6-4b41-a588-11c313a7f603,"House No. 200, Mirza Ismail Road Extension, Murikunte",6e8456de-2415-4692-a9b7-33d42569b6d5,577513,permanent
57defca6-b49a-4d79-af31-0155a598990c,9119d264-6ce9-426b-8473-79dae3e5d951,"House No. 50, Rajouri Garden Lane, Murikunte",6e8456de-2415-4692-a9b7-33d42569b6d5,577513,permanent
8add4b28-cdcc-4362-beb0-4525ca6383f6,cc4728ab-2afa-401b-874b-af4aa791bfb6,"House No. 50, Rajouri Garden Lane, Murikunte",6e8456de-2415-4692-a9b7-33d42569b6d5,577513,permanent
86656ff7-f4ef-471d-8734-3dbc94343b0a,e36a9754-ef73-4a25-8ab5-46a5f4044043,"House No. 50, Rajouri Garden Lane, Murikunte",6e8456de-2415-4692-a9b7-33d42569b6d5,577513,permanent
be582699-a3a4-4b93-956a-c6c0412fe9cf,e36a9754-ef73-4a25-8ab5-46a5f4044043,"House No. 133, Sadar Bazaar Colony, Laxmipur Pokhariya",ec8e2774-5abd-4198-810b-d14d2f0b2f0d,845433,current
d0a84e67-ff63-4516-ab60-9029b3b7b934,3c33163e-b499-4c82-ad32-d522eebc5a38,"House No. 50, Rajouri Garden Lane, Murikunte",6e8456de-2415-4692-a9b7-33d42569b6d5,577513,permanent
a4363872-d39c-42bb-98d7-6d7f766e4c23,3c33163e-b499-4c82-ad32-d522eebc5a38,"House No. 191, The Mall Lane, Mahuawa",6e52fc9a-f78d-4af7-8767-7e8f2a460895,843334,current
eaf77280-8581-41e5-afa7-e5b4972551ff,e099b89d-0741-4ccf-bb64-912da7ff8f29,"House No. 50, Rajouri Garden Lane, Murikunte",6e8456de-2415-4692-a9b7-33d42569b6d5,577513,permanent
271b804d-c49b-435e-ac8b-fe44d2139b59,9576f189-e8dd-425e-837c-dec57e83ab2b,"House No. 144, Nehru Nagar Marg, Katgar",fc6ab120-b7e8-4540-a5b8-b11a84a130e7,581354,permanent
075e9cf4-15db-47dd-bc67-6dc8940d516b,3ec0987d-1f36-41b6-8469-531a4ad5ba36,"House No. 144, Nehru Nagar Marg, Katgar",fc6ab120-b7e8-4540-a5b8-b11a84a130e7,581354,permanent
5919b3c5-6b86-4984-a1e6-5cd6691a3934,e9dbf652-9e91-4691-a262-f5e116ae4de3,"House No. 135, Mahatma Gandhi Road Enclave, Katgar",fc6ab120-b7e8-4540-a5b8-b11a84a130e7,581354,permanent
0aad5c5d-97a8-4d45-a941-733a5b5940e5,d4b70242-74e7-4c29-a388-f21115d4ae94,"House No. 135, Mahatma Gandhi Road Enclave, Katgar",fc6ab120-b7e8-4540-a5b8-b11a84a130e7,581354,permanent
92eba67e-2e71-4772-9d8c-a2ce1ba629a1,f2169a2d-7826-4230-b322-911bda1e8f1e,"House No. 8, Janpath Colony, Katgar",fc6ab120-b7e8-4540-a5b8-b11a84a130e7,581354,permanent
1014b57a-8504-42d5-9bdb-f6882b6b093d,f2169a2d-7826-4230-b322-911bda1e8f1e,"House No. 193, Prithviraj Road Colony, Jaisindh",48334aae-dd4b-4559-927f-4011694a1d92,344501,current
fb9b378f-1032-463f-b824-62114c6aa98d,e033ed9c-276a-4196-aea3-3ad281701a93,"House No. 106, Ring Road Extension, Katgar",fc6ab120-b7e8-4540-a5b8-b11a84a130e7,581354,permanent
33a0e9f0-a5c9-4693-96c5-11129f37871a,e033ed9c-276a-4196-aea3-3ad281701a93,"House No. 192, Sansar Chandra Road Colony, Lasiyari",a1ac6dda-cf2b-4f37-b3bf-4697fe4e7bff,246424,current
e01c4647-b39d-40c1-9a9c-3966e6237c6a,9cc249eb-6adb-47e7-8088-f8d519633f9a,"House No. 106, Ring Road Extension, Katgar",fc6ab120-b7e8-4540-a5b8-b11a84a130e7,581354,permanent
228f3979-9d4f-4574-9dfe-51be15e30a90,fda48128-2192-4b25-b3ea-16e344d9bf64,"House No. 106, Ring Road Extension, Katgar",fc6ab120-b7e8-4540-a5b8-b11a84a130e7,581354,permanent
833033bc-bb52-4f25-8453-7e8593505abd,fda48128-2192-4b25-b3ea-16e344d9bf64,"House No. 55, Nehru Place Colony, Neendar",8b290e9f-43ac-4762-b2a2-f30d65d03bed,302013,work
f46dafd3-6b33-4f87-8010-968e88644107,892a42fd-cddc-4e23-9c41-062359b2a611,"House No. 106, Ring Road Extension, Katgar",fc6ab120-b7e8-4540-a5b8-b11a84a130e7,581354,permanent
b04420cd-2170-4e3e-8b09-8cbcfe94a049,94d607d7-3492-48ab-a373-f24cb1390211,"House No. 19, Defence Colony Marg, Naranpura Kampa",602d9768-51c6-48ac-b514-d39a38aa8cab,383310,permanent
b1f5184a-554d-47c5-8777-4417c1af4be1,94d607d7-3492-48ab-a373-f24cb1390211,"House No. 124, Niti Marg Enclave, Kanheypur",d11dad4d-c5b0-4f41-9bcd-c07fed06695f,209743,current
a5ba8d68-03a3-4af0-885d-8e6843c65c2e,8e380961-9536-4b53-8459-cfda50a2d762,"House No. 19, Defence Colony Marg, Naranpura Kampa",602d9768-51c6-48ac-b514-d39a38aa8cab,383310,permanent
c8c734d8-f266-4cfe-9f00-151ebdaca0d7,8e380961-9536-4b53-8459-cfda50a2d762,"House No. 264, Vitthalbhai Patel Road Extension, Panar",6f3b90d6-bf47-4007-b91f-248aa5d7305f,396460,current
31558e4a-ebd2-4522-9077-3337254018b0,0ef197ab-a352-4edc-a76c-2165981326af,"House No. 19, Defence Colony Marg, Naranpura Kampa",602d9768-51c6-48ac-b514-d39a38aa8cab,383310,permanent
465d911e-f555-45ad-8cc7-47e40361ba38,396f5d8e-cd43-468f-9ea0-bec450e6db71,"House No. 19, Defence Colony Marg, Naranpura Kampa",602d9768-51c6-48ac-b514-d39a38aa8cab,383310,permanent
9412cefa-ca51-4824-8453-36e8da9f9d29,4b31fe9e-51b2-4287-911f-2e21b982d0de,"House No. 19, Defence Colony Marg, Naranpura Kampa",602d9768-51c6-48ac-b514-d39a38aa8cab,383310,permanent
09e7e705-cfc0-42c5-ae16-c45f0a28aa8b,16d747d1-ae70-47ff-855b-dad7f0c560f3,"House No. 40, Dwarka Road, Naranpura Kampa",602d9768-51c6-48ac-b514-d39a38aa8cab,383310,permanent
59bfa02d-9760-4822-af7e-7884a4ff6011,4bd924a0-4163-4b8e-8fe2-47caadf44a76,"House No. 40, Dwarka Road, Naranpura Kampa",602d9768-51c6-48ac-b514-d39a38aa8cab,383310,permanent
81ec6c6f-7e51-4543-b437-76f713522325,00389333-eb97-4b4e-9a86-50eecff7d14d,"House No. 66, Jodhpur Road Road, Ramnagar",d22f0418-222a-43bb-97e9-b2ceea60e9f1,732201,permanent
09726ae8-6ca8-47b8-926d-e06b3674bd28,d460b2f9-3aa4-40c7-8a4a-77edadccf897,"House No. 66, Jodhpur Road Road, Ramnagar",d22f0418-222a-43bb-97e9-b2ceea60e9f1,732201,permanent
6ab84694-ded8-44d3-8672-2bacc8d7ec9f,af6f4a57-5b33-4b88-9395-f4b3c7e035af,"House No. 66, Jodhpur Road Road, Ramnagar",d22f0418-222a-43bb-97e9-b2ceea60e9f1,732201,permanent
d2c76146-9dc0-49b0-a083-b156aaff815a,dcb380f4-9879-4bcb-ac59-4ac3e201bf26,"House No. 66, Jodhpur Road Road, Ramnagar",d22f0418-222a-43bb-97e9-b2ceea60e9f1,732201,permanent
3affc5dd-9a7a-4250-8804-d24c4856c000,dcb380f4-9879-4bcb-ac59-4ac3e201bf26,"House No. 192, Bellary Road Lane, Kallipalli",1c6b2c51-aa55-4558-ae96-d1770fade444,761002,current
1001d8e7-3637-4a97-890b-fe43a775585a,fadc20a4-a5ff-4ca0-a3e7-8c5cb974aefb,"House No. 54, Swami Vivekananda Marg Road, Chippada",8e5036df-127c-4594-9192-f94d067db20e,531162,permanent
ecc9f899-0310-4228-a18b-69deeec31e95,470bc6dc-44e7-4c45-bf4a-da28c0844bdf,"House No. 54, Swami Vivekananda Marg Road, Chippada",8e5036df-127c-4594-9192-f94d067db20e,531162,permanent
2ee345e4-3c0a-41d5-87eb-f44598ab2c31,470bc6dc-44e7-4c45-bf4a-da28c0844bdf,"House No. 17, Vikram Sarabhai Marg Marg, Dhamrancha",3a90b419-d49b-432d-b67f-8fef620d5ecd,442709,current
0601f415-91cf-4c2a-ab8d-293ff2ce2f47,d479e58d-abde-45c3-8833-d3842d694137,"House No. 54, Swami Vivekananda Marg Road, Chippada",8e5036df-127c-4594-9192-f94d067db20e,531162,permanent
cad35fc4-584c-4c9b-a84c-28ad95c4b1d4,972cf4b5-7b82-4e50-9307-1100e89a4b37,"House No. 54, Swami Vivekananda Marg Road, Chippada",8e5036df-127c-4594-9192-f94d067db20e,531162,permanent
6f430a99-cc64-425c-ab84-c371e6ce6beb,598b970f-3219-4a29-a843-eb1703d9bcc2,"House No. 204, Atal Bihari Vajpayee Marg Street, Dubara",e137e7b2-7e1e-406d-bd4d-ca4981740883,276301,permanent
82b3de6b-8baf-44aa-b00d-ea3b57ec936c,4e518ad5-4f1d-4e0b-b8db-35008e94ce9d,"House No. 204, Atal Bihari Vajpayee Marg Street, Dubara",e137e7b2-7e1e-406d-bd4d-ca4981740883,276301,permanent
14288b81-d363-496b-bfce-01bcfddf284a,4bd43488-6f51-4578-b4ad-c91a1dd69c70,"House No. 204, Atal Bihari Vajpayee Marg Street, Dubara",e137e7b2-7e1e-406d-bd4d-ca4981740883,276301,permanent
ef90c430-0a60-42c2-afa2-4f2bec7c02c7,0114128c-ec6e-4071-bdc3-f5c5664b0ed6,"House No. 204, Atal Bihari Vajpayee Marg Street, Dubara",e137e7b2-7e1e-406d-bd4d-ca4981740883,276301,permanent
259e8091-d95e-4450-9dff-77521e0b192c,6997d075-6579-4f24-b658-f9be47da879d,"House No. 161, Ameerpet Colony, Dubara",e137e7b2-7e1e-406d-bd4d-ca4981740883,276301,permanent
cafa690e-c8ce-4fec-83c3-cd41d35d3233,6997d075-6579-4f24-b658-f9be47da879d,"House No. 160, Kasturba Gandhi Marg Nagar, Rahaniyaganj",02f8a4a5-431b-4492-b02e-9f5dea78934c,756044,current
d1c98763-36cf-4d4a-aeab-47ac0dd866f4,c8e62b5b-6b2b-486a-a7a9-e56ec10d8171,"House No. 161, Ameerpet Colony, Dubara",e137e7b2-7e1e-406d-bd4d-ca4981740883,276301,permanent
7dce1112-2833-4b3e-b2a9-a8663df8b286,75c66359-73bd-47e8-9307-32bf17d34380,"House No. 161, Ameerpet Colony, Dubara",e137e7b2-7e1e-406d-bd4d-ca4981740883,276301,permanent
2a773d6e-97a6-4ba9-ad2c-371649f8974a,4b0d1224-32a5-4d82-b3f1-921f0bcc6126,"House No. 161, Ameerpet Colony, Dubara",e137e7b2-7e1e-406d-bd4d-ca4981740883,276301,permanent
4ffa62f7-4feb-4a49-b642-140edd067344,b8dc5d1c-515a-40ec-852a-49313495b343,"House No. 73, Mayur Vihar Colony, Kedlanagar",ffcdef86-07ee-4f5c-b8fd-a47e6040283d,825325,permanent
25701889-1916-4029-8089-3b82db861a01,50c8268c-ecde-4b23-a43b-c7f580efecd5,"House No. 73, Mayur Vihar Colony, Kedlanagar",ffcdef86-07ee-4f5c-b8fd-a47e6040283d,825325,permanent
42acafcd-a1db-4009-802d-671b80eb8691,dcc01f74-9068-4489-adf0-d296d8ee67de,"House No. 209, Guru Nanak Marg Marg, Kedlanagar",ffcdef86-07ee-4f5c-b8fd-a47e6040283d,825325,permanent
cfc0c4db-5727-4356-a209-610754c73736,8abe4a9e-edca-411d-8c8e-8a9bde4fcbbf,"House No. 209, Guru Nanak Marg Marg, Kedlanagar",ffcdef86-07ee-4f5c-b8fd-a47e6040283d,825325,permanent
88ff1d3f-4034-4bab-bfeb-4a38d750315a,ec4e0bf5-4e90-487e-8aef-6b6637489f86,"House No. 209, Guru Nanak Marg Marg, Kedlanagar",ffcdef86-07ee-4f5c-b8fd-a47e6040283d,825325,permanent
30593bab-021c-4f35-9ebb-7102d759d0a2,38d66af9-6e50-457c-8c19-f962a9c6b435,"House No. 209, Guru Nanak Marg Marg, Kedlanagar",ffcdef86-07ee-4f5c-b8fd-a47e6040283d,825325,permanent
099a4872-8e67-4343-8e7a-c8356be2e723,38d66af9-6e50-457c-8c19-f962a9c6b435,"House No. 240, S V Road Enclave, Mahuawa",6e52fc9a-f78d-4af7-8767-7e8f2a460895,843334,work
3ed56bc9-fba4-4afd-ae1c-32d208de8f8a,df5f0caa-f14d-4a23-a5ab-f47b4e66487c,"House No. 209, Guru Nanak Marg Marg, Kedlanagar",ffcdef86-07ee-4f5c-b8fd-a47e6040283d,825325,permanent
c9089a22-9d93-4030-9428-34fdf035edf8,62253e8d-5335-4f19-9e28-3aee9bd855d5,"House No. 147, Vitthalbhai Patel Road Enclave, Kedlanagar",ffcdef86-07ee-4f5c-b8fd-a47e6040283d,825325,permanent
73da8bd9-7908-49f9-b578-f598bf11fe0e,bae44582-518e-4cc6-8864-9a68de64fa2e,"House No. 147, Vitthalbhai Patel Road Enclave, Kedlanagar",ffcdef86-07ee-4f5c-b8fd-a47e6040283d,825325,permanent
54c8f270-e5c6-47b7-8097-775a1748e60b,bae44582-518e-4cc6-8864-9a68de64fa2e,"House No. 101, College Street Extension, Devanur",52af94bf-29a6-4158-b962-6a4fcd19d2be,571219,current
06a605cf-3314-4f2c-b5c5-828b919ef8d3,97fa6d8f-8f8c-4e66-9600-c13228fb8b6a,"House No. 30, Marine Drive Road, Narewadi",546f61c4-b23c-454c-97a1-8172126c2eb1,416506,permanent
bc1b01e5-219a-4442-af62-2cbb2335bd9b,61471165-3f7a-400f-8a83-b0804b56ec92,"House No. 30, Marine Drive Road, Narewadi",546f61c4-b23c-454c-97a1-8172126c2eb1,416506,permanent
c7eb44f1-b554-4298-b24d-7dd838a40174,ecf8560d-074d-4616-bfe1-5ab4cab60fdc,"House No. 102, Satya Niketan Nagar, Narewadi",546f61c4-b23c-454c-97a1-8172126c2eb1,416506,permanent
266a0d72-ada7-436d-837a-10b5f9f50f0b,ecf8560d-074d-4616-bfe1-5ab4cab60fdc,"House No. 92, Shyama Prasad Mukherjee Marg Street, Jangle Agahi",75380c1f-4115-442a-9723-069166b18ee0,273165,current
9c6ffdfa-0e0d-4a86-9ab9-79b8fa8f251c,6c911130-6b8d-4dc8-8a79-6ba55a3c9494,"House No. 102, Satya Niketan Nagar, Narewadi",546f61c4-b23c-454c-97a1-8172126c2eb1,416506,permanent
e02a667b-da60-442f-a9de-3fe5f34ad5b9,6c911130-6b8d-4dc8-8a79-6ba55a3c9494,"House No. 109, Cantonment Road Colony, Rampur Kalan",67ddcf81-7426-497f-b284-f589da94258d,224190,current
76ea5d59-f8fd-4fa4-9482-ef2cf143f9e0,e89be745-8297-48e4-97d3-281a91d72627,"House No. 102, Satya Niketan Nagar, Narewadi",546f61c4-b23c-454c-97a1-8172126c2eb1,416506,permanent
9b3cd4a4-0609-4467-bab0-4e706e42d401,fe019cc4-ad27-4a9e-8ce5-6f24d484e798,"House No. 102, Satya Niketan Nagar, Narewadi",546f61c4-b23c-454c-97a1-8172126c2eb1,416506,permanent
5eadb9d4-72ac-4044-ba6e-ac6a0745e5f4,7ed22d51-e52a-419c-9378-c3e008062e31,"House No. 199, Lala Lajpat Rai Marg Lane, Narewadi",546f61c4-b23c-454c-97a1-8172126c2eb1,416506,permanent
94f6746a-b9f1-4fe2-8f23-998f6b043753,fe56cd72-0ab6-4f4f-a1bc-459955f68bc3,"House No. 102, Rohini Colony, Narewadi",546f61c4-b23c-454c-97a1-8172126c2eb1,416506,permanent
61cf7e55-9bf6-44f5-a4c1-7e6f1994ffed,8081825f-0e48-4990-a7ed-bf1ddd6c7e0a,"House No. 102, Rohini Colony, Narewadi",546f61c4-b23c-454c-97a1-8172126c2eb1,416506,permanent
e6843281-65e6-4cec-aba8-e6f821e3c0f7,63978636-6654-4695-ae29-7aa73b410900,"House No. 226, Desh Bandhu Gupta Road Road, Badapal",f8fb5476-9b84-42d2-adaa-52d8c313d7d2,756019,permanent
54688e12-2818-4faa-afdc-b941c1edf9a0,1ec06fb2-834c-4afb-8254-5f294f9bd0da,"House No. 226, Desh Bandhu Gupta Road Road, Badapal",f8fb5476-9b84-42d2-adaa-52d8c313d7d2,756019,permanent
f9f17e87-711b-418b-934e-cca1e423321e,1ec06fb2-834c-4afb-8254-5f294f9bd0da,"House No. 280, R K Puram Road, N C Line",4a112051-0cf1-43ef-beec-1a7e9a17cc89,208002,current
679169ba-1ef8-4d08-9edc-b5f1e7ea50be,c8cb9ae6-8908-4470-83f4-d28bc48bc1bc,"House No. 226, Desh Bandhu Gupta Road Road, Badapal",f8fb5476-9b84-42d2-adaa-52d8c313d7d2,756019,permanent
54c26a7b-23b1-4d60-bda3-d2182a3c813f,4d9faa69-718a-4c13-93e8-acaea8c22f67,"House No. 226, Desh Bandhu Gupta Road Road, Badapal",f8fb5476-9b84-42d2-adaa-52d8c313d7d2,756019,permanent
0112ea91-21ae-4c0a-850c-5ac1c66387cf,c4e80afb-b1ed-4eea-a3c7-45d925f546fb,"House No. 226, Desh Bandhu Gupta Road Road, Badapal",f8fb5476-9b84-42d2-adaa-52d8c313d7d2,756019,permanent
6fd89601-76fc-4111-8a75-0bab574af901,ee9f26ed-c3e0-429e-adb6-1f32bb1bb4df,"House No. 272, Kailash Colony Enclave, Badapal",f8fb5476-9b84-42d2-adaa-52d8c313d7d2,756019,permanent
e33f5b77-3d04-476b-adab-434acb897fdf,79932aa7-caa0-4666-a1ca-0242427646a8,"House No. 170, Lodhi Colony Enclave, Dungri Pindarpar",8382482c-b106-46dc-83bd-d519ac2530f3,246481,permanent
2eb67730-288e-4258-a8ab-3579efbf8b1e,79932aa7-caa0-4666-a1ca-0242427646a8,"House No. 272, Tilak Marg Marg, Dhamrancha",3a90b419-d49b-432d-b67f-8fef620d5ecd,442709,current
85566d7d-e30c-4bbf-8cc3-dc42afdea168,5b63a163-678d-4720-bfd7-64891aad851e,"House No. 170, Lodhi Colony Enclave, Dungri Pindarpar",8382482c-b106-46dc-83bd-d519ac2530f3,246481,permanent
88cec38c-860f-41b5-a1c2-71007d780f76,80d1a12f-12b3-4bd3-abd1-b154fc01378c,"House No. 170, Lodhi Colony Enclave, Dungri Pindarpar",8382482c-b106-46dc-83bd-d519ac2530f3,246481,permanent
8af5659d-3bab-4fde-88f2-8e2a3fec36da,4682e1e3-d14e-4a06-b425-c1b44c3bdf54,"House No. 170, Lodhi Colony Enclave, Dungri Pindarpar",8382482c-b106-46dc-83bd-d519ac2530f3,246481,permanent
3b9847bc-5bcc-4ba3-9d48-039b28d9f626,be6e9734-d7c4-405f-bbb0-06104918e898,"House No. 170, Lodhi Colony Enclave, Dungri Pindarpar",8382482c-b106-46dc-83bd-d519ac2530f3,246481,permanent
00783d56-a208-4257-aff1-ef70119fb700,04461a6c-fc3e-43fe-8bae-51cea1308184,"House No. 258, Vishnu Garden Colony, Dungri Pindarpar",8382482c-b106-46dc-83bd-d519ac2530f3,246481,permanent
9ba73754-8465-413e-b8b8-8640463b4b1d,2ca64574-556a-4e5c-a21d-820a82e4bcb5,"House No. 258, Vishnu Garden Colony, Dungri Pindarpar",8382482c-b106-46dc-83bd-d519ac2530f3,246481,permanent
cadc064b-66d8-4444-b92c-a7a7344e91d7,65493cfb-8afe-4ebd-9df2-faa763b8f310,"House No. 256, Daryaganj Colony, Dungri Pindarpar",8382482c-b106-46dc-83bd-d519ac2530f3,246481,permanent
0d8251b8-252a-470d-8f13-494a28dc8823,65493cfb-8afe-4ebd-9df2-faa763b8f310,"House No. 90, Pitampura Enclave, Lokra",44a689bd-ea9d-49fe-917d-79a7404e631f,784102,current
3dbb9626-011c-4afd-8ab2-b4b634101b6c,89becb17-81b8-459b-ae0b-96b155f34386,"House No. 256, Daryaganj Colony, Dungri Pindarpar",8382482c-b106-46dc-83bd-d519ac2530f3,246481,permanent
946ccd38-dc36-4cb0-b9b0-66dc45e8e667,c529d9ef-2cd1-45c2-9e04-a55827105e21,"House No. 264, Munirka Colony, Dungri Pindarpar",8382482c-b106-46dc-83bd-d519ac2530f3,246481,permanent
55399b8a-19b4-4705-9c35-d1a89416c4cc,6b8b8023-d580-47b1-ae20-b1b16bdeb80a,"House No. 264, Munirka Colony, Dungri Pindarpar",8382482c-b106-46dc-83bd-d519ac2530f3,246481,permanent
bb3dd080-07c5-4a7d-82e1-4502ab07990c,454733be-201b-4f37-bdc8-fabcf42fcd20,"House No. 170, Sarojini Nagar Marg, E.Kottapatty",0d0270bd-2e73-46ba-8a90-6a03ed0586b6,625535,permanent
38694ded-7d98-4cf7-89b9-c51a55392a72,454733be-201b-4f37-bdc8-fabcf42fcd20,"House No. 53, Panchsheel Marg Lane, Dubara",e137e7b2-7e1e-406d-bd4d-ca4981740883,276301,work
5846cf0c-29a3-4911-81d5-fe82b7fea4df,2462c2eb-1f1b-47a8-8162-d3130384be69,"House No. 170, Sarojini Nagar Marg, E.Kottapatty",0d0270bd-2e73-46ba-8a90-6a03ed0586b6,625535,permanent
255dae9c-c1fe-4242-941f-81b809d1e64e,2462c2eb-1f1b-47a8-8162-d3130384be69,"House No. 96, Adyar Bridge Road Marg, Mahuawa",6e52fc9a-f78d-4af7-8767-7e8f2a460895,843334,current
ed2e037a-d155-4d4b-bf31-50a40746012a,0f584911-ae09-456d-9bb6-9a94205254f8,"House No. 2, Paharganj Enclave, E.Kottapatty",0d0270bd-2e73-46ba-8a90-6a03ed0586b6,625535,permanent
dbe41663-76e5-4766-8ab5-039ee910679a,0f584911-ae09-456d-9bb6-9a94205254f8,"House No. 11, Tagore Garden Marg, Metwada",0c59af77-a212-46d4-b2dc-84da2b403d3c,466118,current
1f163cdf-db8f-4949-838c-629d01b29ca4,07606132-cd61-453a-a9d6-78d3a2f8c0cb,"House No. 2, Paharganj Enclave, E.Kottapatty",0d0270bd-2e73-46ba-8a90-6a03ed0586b6,625535,permanent
471f3afb-16bc-43cf-b0c3-41597e1f3852,07606132-cd61-453a-a9d6-78d3a2f8c0cb,"House No. 70, Ring Road Street, Bhiri",99e9a460-ceb3-4609-9a0f-4dce99ada1b2,246419,current
1178ec59-77f4-458c-a6a6-147d9bffe7c4,0ead0884-55ed-4e0c-931f-0414d70f5921,"House No. 176, Vittal Mallya Road Lane, Moran",5e7265f2-e024-4948-ae97-9577296c20d5,785669,permanent
5d084cf1-cdf6-4979-8284-5b0ea5e88db1,0ead0884-55ed-4e0c-931f-0414d70f5921,"House No. 193, Vishnu Garden Extension, Tanur",1ab2e194-0820-4f38-95a6-48060600b32e,676302,work
d20924d6-11ab-4b12-9e73-bbb86732446e,93e02608-b62a-4037-bd6b-eba77022c2fb,"House No. 176, Vittal Mallya Road Lane, Moran",5e7265f2-e024-4948-ae97-9577296c20d5,785669,permanent
18b5ecd6-65e2-4586-bf90-9aa88b4259eb,b23b2c87-f81a-415d-ab99-0e23263c43de,"House No. 176, Vittal Mallya Road Lane, Moran",5e7265f2-e024-4948-ae97-9577296c20d5,785669,permanent
64e2d975-98ba-4b8a-bd7a-071052ea1e43,65f2e462-20b2-40dc-aa8d-5e7ced3545a6,"House No. 292, Homi Bhabha Road Marg, Moran",5e7265f2-e024-4948-ae97-9577296c20d5,785669,permanent
95a83ca4-b5d2-4216-a684-9e68a94e496e,29266a84-f9ab-4a29-9079-4cc1dad9b121,"House No. 292, Homi Bhabha Road Marg, Moran",5e7265f2-e024-4948-ae97-9577296c20d5,785669,permanent
0c64b9c2-c5bc-4d97-bc92-7df855cd3bf3,9ecdbdb9-b55e-4e0e-bd9d-ceaafd90bddb,"House No. 292, Homi Bhabha Road Marg, Moran",5e7265f2-e024-4948-ae97-9577296c20d5,785669,permanent
57d06e1e-df42-4d27-8b34-72e7fac4d3cf,b130424e-a079-43fc-ae7b-9de36b066ebb,"House No. 292, Homi Bhabha Road Marg, Moran",5e7265f2-e024-4948-ae97-9577296c20d5,785669,permanent
0f7d9398-4b45-4892-a1da-e15555ba4f55,ca14571e-73bb-4ea3-b5f9-39dbddf8b2b6,"House No. 229, Kalkaji Road, Kota Kutchery",fd043a74-90df-4cb0-8c21-56031623907b,324001,permanent
b517dcb7-5a9e-4335-a048-94b9b0969148,59fbdf87-28e7-404c-97a5-0d0f217b39f6,"House No. 229, Kalkaji Road, Kota Kutchery",fd043a74-90df-4cb0-8c21-56031623907b,324001,permanent
5e8c5f11-e4c1-4827-ba69-07630bdcbfd8,bc572c42-a45c-4a2f-956f-240a09cdabc2,"House No. 229, Kalkaji Road, Kota Kutchery",fd043a74-90df-4cb0-8c21-56031623907b,324001,permanent
dacb78f8-7f6a-4c65-898d-514e97bca752,a9de9f02-11c2-4c92-8daa-b23b3e87d736,"House No. 229, Kalkaji Road, Kota Kutchery",fd043a74-90df-4cb0-8c21-56031623907b,324001,permanent
2ee1018b-42ce-4f9d-8535-4192e4ff2844,b27ed7f3-0309-4705-a823-94c19d69f184,"House No. 229, Kalkaji Road, Kota Kutchery",fd043a74-90df-4cb0-8c21-56031623907b,324001,permanent
e934e05b-e1ea-473a-abe9-d51297729697,32516016-95e1-42c5-b6ee-6d1c59de73ee,"House No. 5, M G Road Street, Kota Kutchery",fd043a74-90df-4cb0-8c21-56031623907b,324001,permanent
8beee1e9-1d4c-4e14-9655-0e5e7c6598fc,e60e7f71-b98d-4804-88ae-9e14b7878720,"House No. 5, M G Road Street, Kota Kutchery",fd043a74-90df-4cb0-8c21-56031623907b,324001,permanent
65e91ada-434b-48c1-a2a0-3bccb1c552e4,fc2ffc05-29cf-4be2-ab8c-dcfe4f85038e,"House No. 221, Dhaula Kuan Colony, Melarasambattu",2ecaeff5-cb3f-4727-8062-b27a7b63af15,632103,permanent
23221659-5892-424d-a71c-2b88105dfdc0,186b6432-d7b9-4397-ae8e-c7b49b2868bc,"House No. 221, Dhaula Kuan Colony, Melarasambattu",2ecaeff5-cb3f-4727-8062-b27a7b63af15,632103,permanent
c51fbd65-872f-4b35-84e2-d3fafde4641f,c01ed628-489a-4805-9c4f-5a34da05d3f8,"House No. 221, Dhaula Kuan Colony, Melarasambattu",2ecaeff5-cb3f-4727-8062-b27a7b63af15,632103,permanent
51c6822e-d5a9-4b39-b0bd-dcfb9bce406f,c01ed628-489a-4805-9c4f-5a34da05d3f8,"House No. 26, Shivaji Marg Marg, Mannam Nagar",acf95cbc-185f-41f6-abd6-8eae56de4478,689501,current
86e1ffeb-5d46-479d-9454-2b9895a81bff,a9af8e6a-6122-49ba-92d6-a7fe993d3370,"House No. 221, Dhaula Kuan Colony, Melarasambattu",2ecaeff5-cb3f-4727-8062-b27a7b63af15,632103,permanent
1a262c41-1ae6-4c21-a11a-7524d0499c7f,0e452102-4aa9-4290-9b86-577e41a8b3d4,"House No. 192, Bal Gangadhar Tilak Marg Lane, Melarasambattu",2ecaeff5-cb3f-4727-8062-b27a7b63af15,632103,permanent
1edb1a80-206c-4378-a686-cd4adb4628a4,0e452102-4aa9-4290-9b86-577e41a8b3d4,"House No. 140, Pherozeshah Mehta Road Street, Devenampalayam",a684d76b-fc88-4771-ac63-cb6776a45e23,642120,work
55071fd1-ca07-40b8-a4ed-71c4ef968705,b61a0df4-78dd-48f5-bead-9b82a80aebc0,"House No. 192, Bal Gangadhar Tilak Marg Lane, Melarasambattu",2ecaeff5-cb3f-4727-8062-b27a7b63af15,632103,permanent
96aa6c22-d52b-46b1-bb02-6e701adc57e4,2aafa2df-69ad-4082-9781-01270ad8caad,"House No. 167, Nariman Point Lane, Melarasambattu",2ecaeff5-cb3f-4727-8062-b27a7b63af15,632103,permanent
4e7e403e-564d-4024-8347-730c56c84a48,1aead6bb-e517-4ad3-80d5-4673db5c0db8,"House No. 167, Nariman Point Lane, Melarasambattu",2ecaeff5-cb3f-4727-8062-b27a7b63af15,632103,permanent
695f8eb5-e7a0-4db1-9923-63053f643203,ddd0a2c1-7498-46cb-aefe-0864000f394c,"House No. 167, Nariman Point Lane, Melarasambattu",2ecaeff5-cb3f-4727-8062-b27a7b63af15,632103,permanent
60bbc02c-a5ac-47a2-a00c-d447b79d5a50,08a53a16-20c4-4c50-ba6e-3c40ef621f5f,"House No. 37, Banjara Hills Extension, Melarasambattu",2ecaeff5-cb3f-4727-8062-b27a7b63af15,632103,permanent
13994635-d17a-47ec-8dfa-abeebbff54a3,58403a85-3bb2-4384-b35a-06d05951268a,"House No. 155, Commercial Street Colony, Melarasambattu",2ecaeff5-cb3f-4727-8062-b27a7b63af15,632103,permanent
1e3cf2e5-78f4-4dbe-8643-8ee9b73f8629,d345fe0e-42c2-4e44-83b2-723320815e68,"House No. 31, Lodhi Road Nagar, Rayam",5142d1c6-96f2-49c3-9a7d-0db46d67442c,394355,permanent
70d215f2-81ff-4e0f-a2d0-e3d0bdbec229,2cd1f3be-6824-4a52-8086-4de729d9aaca,"House No. 31, Lodhi Road Nagar, Rayam",5142d1c6-96f2-49c3-9a7d-0db46d67442c,394355,permanent
dfb47325-5422-460a-8a51-a19287c88b8f,2cd1f3be-6824-4a52-8086-4de729d9aaca,"House No. 75, Tilak Nagar Street, Kotaseetharampuram",256aab43-0c6d-401c-b922-b756b4f3c7f1,535559,current
9720ad43-add0-41f6-8d3c-de72b7a19358,366ebb5e-4205-4993-a2f2-64e5d67ce167,"House No. 31, Lodhi Road Nagar, Rayam",5142d1c6-96f2-49c3-9a7d-0db46d67442c,394355,permanent
1b035989-defe-4d31-afa1-e21e289ccbce,d038f78a-ac24-4255-9b01-1d1541ce8012,"House No. 31, Lodhi Road Nagar, Rayam",5142d1c6-96f2-49c3-9a7d-0db46d67442c,394355,permanent
86c72f60-dc26-4d96-a8d9-582611c71952,8f36170a-27bf-4b8e-b9eb-13a11e0a58cf,"House No. 89, R K Puram Lane, Rayam",5142d1c6-96f2-49c3-9a7d-0db46d67442c,394355,permanent
e3db242a-bd5b-46ae-b01a-5b7aa949959f,46cf126c-dd3b-4a9a-b58a-14ba3169de56,"House No. 89, R K Puram Lane, Rayam",5142d1c6-96f2-49c3-9a7d-0db46d67442c,394355,permanent
8d517c39-4b2f-4051-9c00-3b9fa7a92bcc,1aae9d8c-d6c4-4531-89f0-6293efdbac7d,"House No. 243, Abids Road Colony, Chormar",3882bfc6-6f3e-42f1-acd5-875175110e2b,125077,permanent
f982c1c1-0d51-4067-bec5-a55ab5c76e64,823343ef-211c-4a81-9536-e47ca7353e8d,"House No. 243, Abids Road Colony, Chormar",3882bfc6-6f3e-42f1-acd5-875175110e2b,125077,permanent
a12a4c9f-f8dd-4930-b611-5177e1ca477f,003cbc5f-6bd1-45c8-802a-83208f9052bf,"House No. 154, Sankey Road Enclave, Chormar",3882bfc6-6f3e-42f1-acd5-875175110e2b,125077,permanent
5225379c-9827-47fb-a36e-bf8f36afdc35,2d13b972-2fa9-4533-978c-8761ce45a7d1,"House No. 154, Sankey Road Enclave, Chormar",3882bfc6-6f3e-42f1-acd5-875175110e2b,125077,permanent
c70269b4-3ef5-48fb-8e49-91e381c74b00,8bc0df36-e3d8-4a4a-8c8e-accca462e3ee,"House No. 154, Sankey Road Enclave, Chormar",3882bfc6-6f3e-42f1-acd5-875175110e2b,125077,permanent
cbbbf040-245c-435c-b251-4a4526c4d6c5,4f36b764-70d4-498c-8d72-dc72edac4efb,"House No. 243, Mathura Road Nagar, Chormar",3882bfc6-6f3e-42f1-acd5-875175110e2b,125077,permanent
b7471c30-e460-4079-b07f-506a4f23f04b,ac981fbf-5c23-4f68-9de4-18399d8c9fda,"House No. 137, Janakpuri Nagar, Pudumavilangai",f62681d9-41df-4831-8337-22e02d389b14,631203,permanent
3a461aa6-bd36-443a-b6c0-f5c5ff6bfe21,ac981fbf-5c23-4f68-9de4-18399d8c9fda,"House No. 218, Malabar Hill Street, Rakshasbhuvan",6c7dd797-fff1-4ca6-a0ff-aba0dbaa726f,422007,current
bf6a246c-f2e5-4932-a864-c29b8b2e4c1a,39727b42-2e34-4761-86de-934b90995f38,"House No. 137, Janakpuri Nagar, Pudumavilangai",f62681d9-41df-4831-8337-22e02d389b14,631203,permanent
48824071-7b4e-4e76-bbf4-d522128abf88,9f31b990-568f-4027-88d9-dd412317a8d2,"House No. 218, Secunderabad Road Road, Pudumavilangai",f62681d9-41df-4831-8337-22e02d389b14,631203,permanent
e1edc285-a853-43c9-a423-7ae81e3cd6e5,02710545-5cb2-49e4-ace2-ef4ff578b158,"House No. 218, Secunderabad Road Road, Pudumavilangai",f62681d9-41df-4831-8337-22e02d389b14,631203,permanent
9e7d4805-5118-4624-89ed-b22a98d5d547,6fbe7cd9-f340-4136-a2ac-76aa489d39bb,"House No. 184, Golf Links Street, Pudumavilangai",f62681d9-41df-4831-8337-22e02d389b14,631203,permanent
0c9d4ed7-dda8-488a-b74f-1a8a394a8a81,84453905-4d46-46bb-8dc5-36c4df23d3dd,"House No. 43, Tonk Road Nagar, Majhihara",5a8c6168-07ce-4d7b-a362-42040a53b054,752103,permanent
81f9294d-a319-44fd-a734-37fd415515dd,84453905-4d46-46bb-8dc5-36c4df23d3dd,"House No. 72, Sankey Road Colony, N C Line",4a112051-0cf1-43ef-beec-1a7e9a17cc89,208002,current
99c45235-271d-4381-97ec-fb12010eab78,670dbf69-ea2a-485a-b461-c479cc3b7340,"House No. 43, Tonk Road Nagar, Majhihara",5a8c6168-07ce-4d7b-a362-42040a53b054,752103,permanent
19103464-cb7c-4988-ae94-55fb8475ba4d,ea5053b5-6ea8-4a50-9d34-3c1b00d569d8,"House No. 43, Tonk Road Nagar, Majhihara",5a8c6168-07ce-4d7b-a362-42040a53b054,752103,permanent
e96bdbe5-ef4d-44f6-b027-ea8ca25f8b24,ea5053b5-6ea8-4a50-9d34-3c1b00d569d8,"House No. 28, Rabindra Sarani Enclave, Chandametta",5afe0c58-ef26-4319-883f-658b513ec377,480447,current
0c9dd163-c4d3-4788-a3cc-fa65a43d4530,b21086e5-e0c7-4581-b389-8d45ce5ed6e9,"House No. 6, Malviya Nagar Lane, Majhihara",5a8c6168-07ce-4d7b-a362-42040a53b054,752103,permanent
db8ec1b7-ab03-4797-80d4-a7392a285cac,491f1427-759d-4897-9869-66d835714bbb,"House No. 6, Malviya Nagar Lane, Majhihara",5a8c6168-07ce-4d7b-a362-42040a53b054,752103,permanent
4a7fc600-cef6-41af-bdef-f2e4427c588e,06f3d146-8c0e-4189-91e0-d3c04da2745e,"House No. 152, Swami Dayanand Marg Extension, Mathana Bichala",e44e89e9-4e92-4430-af77-94a617033bd3,246127,permanent
51241006-53bd-4cc1-9cb2-f990a78036fa,b7008cf0-f52c-4878-a4ac-b18aa43bef76,"House No. 152, Swami Dayanand Marg Extension, Mathana Bichala",e44e89e9-4e92-4430-af77-94a617033bd3,246127,permanent
1b26c0b0-acfd-4df4-a8c7-b2833b4ffd35,9e122242-a545-409d-9760-69ce5326889c,"House No. 152, Swami Dayanand Marg Extension, Mathana Bichala",e44e89e9-4e92-4430-af77-94a617033bd3,246127,permanent
8e5a9f56-aa32-4ba1-90cc-321ea375d284,e29829bc-7268-4b21-a6c5-c6b2a350bf89,"House No. 152, Swami Dayanand Marg Extension, Mathana Bichala",e44e89e9-4e92-4430-af77-94a617033bd3,246127,permanent
dc94c959-7a72-4305-801f-a1f058e391de,e29829bc-7268-4b21-a6c5-c6b2a350bf89,"House No. 168, Pedder Road Road, Padumbasan",3548beb9-6adf-49db-968e-bb7eea1585ad,721636,current
5b7c48b9-2962-4c67-9aaa-e85ae3bb7fa9,75a58431-c355-472e-853e-b22584057fd8,"House No. 152, Swami Dayanand Marg Extension, Mathana Bichala",e44e89e9-4e92-4430-af77-94a617033bd3,246127,permanent
f4fddf4c-9a45-4bc7-8063-6db5dbe6332d,b9694041-e93a-409d-b62f-cc9b6907919e,"House No. 293, Kukatpally Road, Joura Khurd",bf0ceee0-aca6-4168-85a6-2ec3eb7b5261,476001,permanent
00507643-148d-4087-8697-07b8411447be,66e0d2a8-0425-451b-80a1-c99c31a292bd,"House No. 293, Kukatpally Road, Joura Khurd",bf0ceee0-aca6-4168-85a6-2ec3eb7b5261,476001,permanent
87e0ccd9-7a87-4bd9-8a81-a3db064963a9,37be16a8-d495-4e8a-981c-702ad9ed23d4,"House No. 293, Kukatpally Road, Joura Khurd",bf0ceee0-aca6-4168-85a6-2ec3eb7b5261,476001,permanent
41326bdc-7359-4177-848a-09c313cb2461,64c8c8c4-3eca-40a8-a280-fce21bb2974a,"House No. 293, Kukatpally Road, Joura Khurd",bf0ceee0-aca6-4168-85a6-2ec3eb7b5261,476001,permanent
0bb84f80-cba2-4b94-a0b0-5b84b1a44570,64c8c8c4-3eca-40a8-a280-fce21bb2974a,"House No. 273, Paharganj Lane, Shenbagapudur",fc95a8f1-8226-4323-8a5a-6d16cd95de50,638402,work
224742e5-3085-4ac5-8996-0fdc1d85a30c,51e1dc18-3ead-425c-b637-9a7c7fd8b9a2,"House No. 212, Nizamuddin Nagar, Devenampalayam",a684d76b-fc88-4771-ac63-cb6776a45e23,642120,permanent
be2a4fcf-57f1-49ad-a9fb-cc0f6f15775b,1293721b-341b-4a42-b83f-933a1a392012,"House No. 212, Nizamuddin Nagar, Devenampalayam",a684d76b-fc88-4771-ac63-cb6776a45e23,642120,permanent
3362c186-38bc-4009-b7d1-a0302d03ba7b,1293721b-341b-4a42-b83f-933a1a392012,"House No. 89, Mathura Road Extension, Harna",da97debf-a2c0-4f37-9708-76fe4aef4637,847404,current
39fdfc71-d776-42b2-9e2b-7997825d0bc2,0a1b99f1-1274-43bf-ad88-64f2887c6641,"House No. 212, Nizamuddin Nagar, Devenampalayam",a684d76b-fc88-4771-ac63-cb6776a45e23,642120,permanent
b5fe0623-aafa-469b-82a6-89f21115b78a,0a1b99f1-1274-43bf-ad88-64f2887c6641,"House No. 249, Gariahat Road Street, Kallipalli",1c6b2c51-aa55-4558-ae96-d1770fade444,761002,current
556cb110-b084-4e26-8e5e-11433461e496,cbfaf171-dce6-4569-a432-ce256a1385c8,"House No. 212, Nizamuddin Nagar, Devenampalayam",a684d76b-fc88-4771-ac63-cb6776a45e23,642120,permanent
b57330d3-5acd-474c-842d-f31e72bcfecd,cbfaf171-dce6-4569-a432-ce256a1385c8,"House No. 58, Karol Bagh Nagar, Moi Purani",f635f2bf-e22f-4f52-980e-3ff7681f1784,333516,current
86553481-8b56-4846-969b-8c1e184cf2d6,f847626c-a1c8-45d6-8bc4-a9a0f2fa2b66,"House No. 212, Nizamuddin Nagar, Devenampalayam",a684d76b-fc88-4771-ac63-cb6776a45e23,642120,permanent
0465186b-69b7-4041-a119-74a98bc6d886,3880d8b4-ea8d-455d-aa9c-977ad401abd3,"House No. 149, S V Road Nagar, Devenampalayam",a684d76b-fc88-4771-ac63-cb6776a45e23,642120,permanent
fcb96e7c-216d-47a7-9a71-fb6d84e82cd0,79c5f089-ebe7-496b-8aee-e7e215734d02,"House No. 58, Himayat Nagar Nagar, Janawad",677b943d-7828-4146-9dbe-db090c179e46,313333,permanent
e2dd2e12-ce00-4b32-ab50-21dccef33eb0,866ee0b9-296f-4f1a-a5e4-00facbb2f2f1,"House No. 58, Himayat Nagar Nagar, Janawad",677b943d-7828-4146-9dbe-db090c179e46,313333,permanent
f0856fb2-46cf-4c73-9d4b-a08e56d918e9,a8e8d715-c685-4e6e-b7b6-770c44b19fa0,"House No. 282, Jangpura Road, Janawad",677b943d-7828-4146-9dbe-db090c179e46,313333,permanent
b1e95468-6792-4333-8ab4-0e25d1087174,a8e8d715-c685-4e6e-b7b6-770c44b19fa0,"House No. 60, Barakhamba Road Road, Shenbagapudur",fc95a8f1-8226-4323-8a5a-6d16cd95de50,638402,work
246c013c-31d6-407f-ad94-7db30ff35f2b,a340f970-d761-46df-ae50-904a5c84f1df,"House No. 282, Jangpura Road, Janawad",677b943d-7828-4146-9dbe-db090c179e46,313333,permanent
80af9aa2-f982-45ee-8e8b-670104b01d50,a5044e96-2226-49e3-ac23-33ab4e89632e,"House No. 282, Jangpura Road, Janawad",677b943d-7828-4146-9dbe-db090c179e46,313333,permanent
08d726a4-ac14-419b-ae08-31fbf3d9ba27,227cf141-3ec6-4425-bb88-489f21119a4b,"House No. 234, Cunningham Road Colony, Janawad",677b943d-7828-4146-9dbe-db090c179e46,313333,permanent
dc37b82c-ef2b-4cf4-94ce-04fb3b98c547,5d4e95f6-a5b7-458f-bb96-16b83c313283,"House No. 234, Cunningham Road Colony, Janawad",677b943d-7828-4146-9dbe-db090c179e46,313333,permanent
ad19233d-83b4-4cae-a513-521e1457a5a2,5d4e95f6-a5b7-458f-bb96-16b83c313283,"House No. 61, Panjagutta Circle Colony, Fatehpur Kalan",0be8fffc-3af0-4ad1-baad-28ec2aa7f02f,246701,work
4fdd22a2-2d00-46e1-8065-b582e2cb3944,b6afdec7-c3df-4244-89ef-b20f7599b04c,"House No. 115, Rashtriya Marg Nagar, Tamulichiga",2796f166-4b38-41c0-aa90-df4c3f1d5918,785682,permanent
3913b06b-57c5-4013-95f8-9e3e22a605a6,381edcea-393a-4563-9fea-dfc8d626a408,"House No. 113, Dadabhai Naoroji Road Lane, Tamulichiga",2796f166-4b38-41c0-aa90-df4c3f1d5918,785682,permanent
e0105b29-6ab2-4eea-bcde-1fe22c49be7f,1a958dca-63c0-4934-905a-10e51c3d04ca,"House No. 113, Dadabhai Naoroji Road Lane, Tamulichiga",2796f166-4b38-41c0-aa90-df4c3f1d5918,785682,permanent
7430699d-f462-4bd0-93bf-31c18f5ddd67,64aa12fe-332b-426d-9e18-1960f6079b69,"House No. 260, Mount Road Nagar, Chinnur",abc3dac6-1bb5-41f9-bb42-3e43194cf9ca,503108,permanent
c912f4e5-8665-497a-b5f6-94c5227a533a,a5be789e-f728-4c59-a462-1883b471932d,"House No. 260, Mount Road Nagar, Chinnur",abc3dac6-1bb5-41f9-bb42-3e43194cf9ca,503108,permanent
4b6074f8-2b28-44a1-9cb8-b3a0f0307568,3fc017d2-08cb-4e64-8ac6-678a1612aa6b,"House No. 9, Shyama Prasad Mukherjee Marg Marg, Chinnur",abc3dac6-1bb5-41f9-bb42-3e43194cf9ca,503108,permanent
9b3f97c9-a38c-4b2f-8065-467e03daa021,fc6bab47-ed84-4a99-98d8-2bcb5b3f8374,"House No. 9, Shyama Prasad Mukherjee Marg Marg, Chinnur",abc3dac6-1bb5-41f9-bb42-3e43194cf9ca,503108,permanent
709c8f46-61c2-45a5-a2fa-c98f7d5d7927,a863fe66-6b5f-4161-a08e-b86004e3f38e,"House No. 9, Shyama Prasad Mukherjee Marg Marg, Chinnur",abc3dac6-1bb5-41f9-bb42-3e43194cf9ca,503108,permanent
5b661bc6-8465-4c53-a29b-6f749d126cbc,0a5b766f-e003-4e09-91ac-8749993fd2c7,"House No. 9, Shyama Prasad Mukherjee Marg Marg, Chinnur",abc3dac6-1bb5-41f9-bb42-3e43194cf9ca,503108,permanent
bb971a8a-e778-4a78-ad03-3eabf89b1b51,19fddd5d-fe03-495e-9dfc-a0cd6d93d52d,"House No. 249, Niti Marg Nagar, Panar",6f3b90d6-bf47-4007-b91f-248aa5d7305f,396460,permanent
0569f709-b50f-4502-8bb1-9ec92f1d2202,19fddd5d-fe03-495e-9dfc-a0cd6d93d52d,"House No. 106, Rash Behari Avenue Road, Devenampalayam",a684d76b-fc88-4771-ac63-cb6776a45e23,642120,current
7216fe12-6ccb-4218-9ac6-e4a83eb51279,5a14c393-ced5-4851-a7b1-b3ac69a36268,"House No. 249, Niti Marg Nagar, Panar",6f3b90d6-bf47-4007-b91f-248aa5d7305f,396460,permanent
7c711df9-2b0f-40d4-8a06-6a302c60843c,d4bdc227-5886-47f4-ac4a-8e51fe760643,"House No. 207, Punjabi Bagh Lane, Panar",6f3b90d6-bf47-4007-b91f-248aa5d7305f,396460,permanent
3f88920e-30fc-4e22-8d9c-0e4ab01d03e0,f227f6b2-166f-413b-8e2a-82ff5d243d54,"House No. 207, Punjabi Bagh Lane, Panar",6f3b90d6-bf47-4007-b91f-248aa5d7305f,396460,permanent
d427fe95-a448-4274-9cbe-b9ec5b75cd4e,e053942e-1959-4939-8542-d169679c7a17,"House No. 258, Punjagutta Enclave, Satara",dd1fd215-3763-45b2-b28b-73a4e5330322,415001,permanent
b3b65cb9-382f-4558-8954-d65e4baf6b2c,be4a4267-c7c9-4a3e-baac-0d8b884310af,"House No. 258, Punjagutta Enclave, Satara",dd1fd215-3763-45b2-b28b-73a4e5330322,415001,permanent
4b749e92-df68-483a-a0b0-36c38cda7489,65d05ad4-0721-4fb3-9bd8-1fd0beb5cd57,"House No. 258, Punjagutta Enclave, Satara",dd1fd215-3763-45b2-b28b-73a4e5330322,415001,permanent
80ea3cca-7f7f-4e21-ad78-c2ea2ef8b661,f2896a26-de93-4c37-b6d2-18eddc10de9a,"House No. 183, Tilak Marg Colony, Satara",dd1fd215-3763-45b2-b28b-73a4e5330322,415001,permanent
3cdc04b2-fce5-463d-888c-96a17807b6e0,d6d0eceb-8f01-42d5-a6a6-19431cf2251b,"House No. 183, Tilak Marg Colony, Satara",dd1fd215-3763-45b2-b28b-73a4e5330322,415001,permanent
0d16198b-39fc-462f-84e8-99ab94331312,91db5532-1569-4fd6-9b68-ea6d0864625e,"House No. 182, Main Road Enclave, Sour",f5286c50-0096-4347-8bcf-6a7390ccf886,249145,permanent
215b0965-6635-44c6-b3d7-a439590e3a2e,7b52549d-ed07-4e02-8e14-0645be9bb1ab,"House No. 182, Main Road Enclave, Sour",f5286c50-0096-4347-8bcf-6a7390ccf886,249145,permanent
1c38418e-63c1-40d7-ae56-b8343c6bebf6,ef191e70-a249-4c58-8a2b-2cde71885056,"House No. 182, Main Road Enclave, Sour",f5286c50-0096-4347-8bcf-6a7390ccf886,249145,permanent
c60fd608-def4-4034-a8d1-50e99e9c8436,47635c92-ffa4-4fc8-b344-531214f40b95,"House No. 257, Mehrauli Gurgaon Road Extension, Sour",f5286c50-0096-4347-8bcf-6a7390ccf886,249145,permanent
1e4fad78-55db-4da7-81b1-643df2d1be7d,ffed9e70-f0a4-4834-8f50-4bc97419656a,"House No. 257, Mehrauli Gurgaon Road Extension, Sour",f5286c50-0096-4347-8bcf-6a7390ccf886,249145,permanent
70f8013f-8147-4725-a0a4-9240b6c8c23c,f7baa479-4b50-4bc4-b605-993f40b1ec07,"House No. 257, Mehrauli Gurgaon Road Extension, Sour",f5286c50-0096-4347-8bcf-6a7390ccf886,249145,permanent
a95020db-4547-4d39-8b6f-23d73553d44b,58ecf8c3-7cbd-4272-94cf-71943dc33e96,"House No. 257, Mehrauli Gurgaon Road Extension, Sour",f5286c50-0096-4347-8bcf-6a7390ccf886,249145,permanent
0ce308fb-3291-4659-8ca6-84c836e4c7b6,58ecf8c3-7cbd-4272-94cf-71943dc33e96,"House No. 91, Rashtriya Marg Marg, Kalchina",5d59a820-d519-48f6-8e6a-e6c34bb77689,245304,current
a87f6f3f-c11c-4219-b63d-73fb9ab0b43a,5126cc62-b59f-41b6-8efd-c67a432b7a2c,"House No. 160, Richmond Road Road, Sour",f5286c50-0096-4347-8bcf-6a7390ccf886,249145,permanent
1ada55f9-b82f-430f-b6ac-b833137a5ef2,da42248e-bb7b-4a97-9912-fd9aac5842f0,"House No. 160, Richmond Road Road, Sour",f5286c50-0096-4347-8bcf-6a7390ccf886,249145,permanent
cd6eedfa-cb77-4330-9818-2f7f23df530c,630a2f6d-64cf-49b4-9586-6413e6b9de84,"House No. 87, Sher Shah Suri Marg Lane, Singibahar",d890e6e8-e9d5-40b8-8d55-7f7573bd97a1,496227,permanent
46efb647-e6b8-4545-97db-f669cf4949a4,02662da0-19a4-460a-b3b0-25f9e65e4e33,"House No. 87, Sher Shah Suri Marg Lane, Singibahar",d890e6e8-e9d5-40b8-8d55-7f7573bd97a1,496227,permanent
8316956a-99fe-4c7b-93ac-afe6e16b7546,2640fd97-8388-4336-ab6b-1e046723ec25,"House No. 42, Hauz Khas Street, Singibahar",d890e6e8-e9d5-40b8-8d55-7f7573bd97a1,496227,permanent
d1566c1e-8eb2-4b8e-a419-05f299c16727,54f4377b-6cb0-4784-8b09-f6a94285a289,"House No. 42, Hauz Khas Street, Singibahar",d890e6e8-e9d5-40b8-8d55-7f7573bd97a1,496227,permanent
cc830908-0707-4fec-8eef-59694d205325,6481c463-ebb9-4640-8c39-9dc17ae5678d,"House No. 86, Nagarjuna Circle Nagar, Devanur",52af94bf-29a6-4158-b962-6a4fcd19d2be,571219,permanent
0114432f-b77f-45ad-8f6a-a0f400a212c5,2e71c4a0-ae70-4010-a211-112e4f70c8b4,"House No. 86, Nagarjuna Circle Nagar, Devanur",52af94bf-29a6-4158-b962-6a4fcd19d2be,571219,permanent
42b21753-cb4b-45c8-abba-3f2f20277edc,a607336d-9b99-4117-a56f-57962cd30dfc,"House No. 143, Worli Sea Face Road, Devanur",52af94bf-29a6-4158-b962-6a4fcd19d2be,571219,permanent
eb8bc090-2aee-4ffb-a0d6-efd69058c9bd,58796a3b-821d-4185-8914-303664d5ccba,"House No. 143, Worli Sea Face Road, Devanur",52af94bf-29a6-4158-b962-6a4fcd19d2be,571219,permanent
d975c2be-89ba-4a76-9061-217acf8ac7a0,5016d06f-c3eb-4c9b-affc-a070c293842a,"House No. 127, Palam Marg Road, Devanur",52af94bf-29a6-4158-b962-6a4fcd19d2be,571219,permanent
510b48bb-a1c8-49aa-8082-981733afbf42,c0ccc50e-59e2-4ce9-98d3-5b931dd2ae0f,"House No. 253, Shivaji Marg Colony, Bhiri",99e9a460-ceb3-4609-9a0f-4dce99ada1b2,246419,permanent
9bc61f26-c4ae-4677-830f-4fcfd3750609,30abb3ed-b819-4ace-ba46-8d69c0259e85,"House No. 253, Shivaji Marg Colony, Bhiri",99e9a460-ceb3-4609-9a0f-4dce99ada1b2,246419,permanent
6113afc6-ef05-4e37-91bf-f4c441de02f0,2a9bb79a-96df-4fb0-8957-dab00b74168a,"House No. 253, Shivaji Marg Colony, Bhiri",99e9a460-ceb3-4609-9a0f-4dce99ada1b2,246419,permanent
94a3c758-7616-44ff-ae01-25496cc3e01b,71657e68-c8cb-4e8b-ac22-c0db54039f70,"House No. 253, Shivaji Marg Colony, Bhiri",99e9a460-ceb3-4609-9a0f-4dce99ada1b2,246419,permanent
c700b859-5a82-4fb5-bf5b-940bf1c3b773,16602d3f-f368-4b15-a638-1e646f05263a,"House No. 204, Hauz Rani Street, Bhiri",99e9a460-ceb3-4609-9a0f-4dce99ada1b2,246419,permanent
efa1847b-5888-4a16-a50c-8a277eab9a22,36f5f7c4-f4f3-4c9d-b004-c52cccb57d0e,"House No. 204, Hauz Rani Street, Bhiri",99e9a460-ceb3-4609-9a0f-4dce99ada1b2,246419,permanent
694e7e87-6283-4777-9080-cda054677b7b,5905b992-6426-4110-8654-01108126af18,"House No. 204, Hauz Rani Street, Bhiri",99e9a460-ceb3-4609-9a0f-4dce99ada1b2,246419,permanent
2f6097bd-1497-4f22-ab57-e036f0a1aab8,f2115e40-063f-47d4-b56c-82c06cb911ef,"House No. 204, Hauz Rani Street, Bhiri",99e9a460-ceb3-4609-9a0f-4dce99ada1b2,246419,permanent
b3fa531c-9e9b-410e-9849-ef5d9652672f,ce0f7998-6e71-4f65-a70d-da5916d42ad9,"House No. 204, Hauz Rani Street, Bhiri",99e9a460-ceb3-4609-9a0f-4dce99ada1b2,246419,permanent
3a7e0af3-f1b3-41c8-8eb2-79040416eb81,d719e8f8-6480-46af-9992-feb3c71c8c5f,"House No. 201, Link Road Colony, Bhiri",99e9a460-ceb3-4609-9a0f-4dce99ada1b2,246419,permanent
de8c7488-d61c-4b84-85e6-79c39fd7d784,d719e8f8-6480-46af-9992-feb3c71c8c5f,"House No. 115, Dadabhai Naoroji Road Lane, Kavuru",bd0cc5b9-a10c-4248-ab8d-36760d53b6a0,522309,current
79947b77-6427-4715-9b31-d5af9d567a8c,c8e9bb94-854c-450d-81a6-2a665ec642c5,"House No. 201, Link Road Colony, Bhiri",99e9a460-ceb3-4609-9a0f-4dce99ada1b2,246419,permanent
09d0ba88-1b2e-4506-8f97-6abc2c4e2d6f,2090861b-d686-40ef-bb36-c556e162d4dc,"House No. 68, Okhla Marg, South Soorankudy",3b2bb895-120c-43af-bc7b-c14f67265184,629501,permanent
1109e8d9-1e43-4417-81c4-c99e52613f9b,5c97634a-2f6c-49bb-8e4e-acc58e31a2ad,"House No. 68, Okhla Marg, South Soorankudy",3b2bb895-120c-43af-bc7b-c14f67265184,629501,permanent
8712ca15-e894-4a14-a994-59b9f2430fe1,cd56c319-1ab9-4f7f-a508-a811475fcdb7,"House No. 107, Sadar Bazaar Colony, South Soorankudy",3b2bb895-120c-43af-bc7b-c14f67265184,629501,permanent
933864ed-0c45-4d63-84d4-638fd5a5f291,cd56c319-1ab9-4f7f-a508-a811475fcdb7,"House No. 103, Dr Annie Besant Road Road, Barbhita",577a7f7d-a1ab-4ae4-a4a4-967c0db47f84,783101,current
044ec3f4-1481-43d8-b0a5-2392610ce82f,a255d4b8-bfce-4ea5-a193-2d6faa2f7ea9,"House No. 107, Sadar Bazaar Colony, South Soorankudy",3b2bb895-120c-43af-bc7b-c14f67265184,629501,permanent
b4380b7a-ae35-4376-b608-a4ca1ff77015,77831842-6ff5-4991-b1df-2d3fd95f465f,"House No. 107, Sadar Bazaar Colony, South Soorankudy",3b2bb895-120c-43af-bc7b-c14f67265184,629501,permanent
f10e259c-71cd-4835-ba62-f04ad9f6b14e,76e72e71-49dd-489b-b711-bbf6c410f9a1,"House No. 107, Sadar Bazaar Colony, South Soorankudy",3b2bb895-120c-43af-bc7b-c14f67265184,629501,permanent
b0e0a2aa-1d5a-4479-8695-5c430b77a4a8,8081c6e4-7b97-4e85-8fcf-93c2cfca8309,"House No. 107, Sadar Bazaar Colony, South Soorankudy",3b2bb895-120c-43af-bc7b-c14f67265184,629501,permanent
950c213a-83bf-471b-b1ea-2811f54e79bb,fdf74b33-ac83-405d-b15c-5fda48745b98,"House No. 229, Uttam Nagar Enclave, Mannam Nagar",acf95cbc-185f-41f6-abd6-8eae56de4478,689501,permanent
ef18eb07-41bc-445e-9c96-29a93e5929a2,fdf74b33-ac83-405d-b15c-5fda48745b98,"House No. 282, Nelson Mandela Marg Colony, Alas",399368c8-c978-469c-be30-609d71bcffc7,416104,current
f6ab8155-7b96-40cf-ac6d-de3fd7cad169,d1f8d02e-22bd-47c9-af5f-de128d51a78f,"House No. 229, Uttam Nagar Enclave, Mannam Nagar",acf95cbc-185f-41f6-abd6-8eae56de4478,689501,permanent
b6c45223-a61d-4eb8-b2f7-3700c68d3988,47584d4b-524c-4696-b0a4-4445638f24a6,"House No. 229, Uttam Nagar Enclave, Mannam Nagar",acf95cbc-185f-41f6-abd6-8eae56de4478,689501,permanent
1fb7ca2f-27ed-47b0-a808-ad11148174f1,8a8f094a-665b-42ee-bf78-9ec998b8cf84,"House No. 103, Nangloi Enclave, Mannam Nagar",acf95cbc-185f-41f6-abd6-8eae56de4478,689501,permanent
750f1826-ed68-47e4-a77a-aea9cea0e035,d36f8888-13c7-4666-88cd-f15ba4ba1d3b,"House No. 103, Nangloi Enclave, Mannam Nagar",acf95cbc-185f-41f6-abd6-8eae56de4478,689501,permanent
d7699655-672d-4987-b71b-d237359d5caf,4f374856-e16a-4b10-b313-a19b1139a497,"House No. 120, KPHB Colony Enclave, Mannam Nagar",acf95cbc-185f-41f6-abd6-8eae56de4478,689501,permanent
6dcf33fe-314e-41b2-910e-1e450ecd3985,c34466cd-a07d-4875-8c89-0129dcaa6671,"House No. 153, Gariahat Road Extension, Dudhad",736c90c6-9a18-43b8-bb0f-6bcf33dc8dab,431154,permanent
30383b05-ce08-4e65-9a37-d65b4a13a2d4,27d5070b-c246-48cc-8b84-baaaf02ab95b,"House No. 153, Gariahat Road Extension, Dudhad",736c90c6-9a18-43b8-bb0f-6bcf33dc8dab,431154,permanent
8932c554-002b-462b-8f97-1ffaa85410e4,e1beaf71-9083-44d6-bf40-81271b755321,"House No. 153, Gariahat Road Extension, Dudhad",736c90c6-9a18-43b8-bb0f-6bcf33dc8dab,431154,permanent
05ef0cd5-943f-4bbd-8440-abc758bc290a,be0305d1-112c-45b7-a4d9-b115e8316072,"House No. 179, Azad Marg Street, Dudhad",736c90c6-9a18-43b8-bb0f-6bcf33dc8dab,431154,permanent
3963151a-641f-4ee6-86d9-3a32a0b30273,7102f23c-c699-4f95-b4a6-9db5be0c099d,"House No. 273, Sujan Singh Park Enclave, Dial Pura Mirja",8670bb15-32d0-4ae2-b883-f73d786b4229,151102,permanent
70c39f41-fcc5-41cd-8270-d169ec2a33be,a1986a86-ee18-4b99-bde2-9f10ab7ccd8e,"House No. 273, Sujan Singh Park Enclave, Dial Pura Mirja",8670bb15-32d0-4ae2-b883-f73d786b4229,151102,permanent
e14a794a-e5a9-478b-9fb2-b8c5be049d07,ed45de29-9f52-464b-950c-eb50907cd9af,"House No. 57, Bellary Road Nagar, Dial Pura Mirja",8670bb15-32d0-4ae2-b883-f73d786b4229,151102,permanent
ede05850-4267-405a-8363-aa88e0a1f5e6,aee39c3c-0664-4ddf-8059-5d6b8c866488,"House No. 57, Bellary Road Nagar, Dial Pura Mirja",8670bb15-32d0-4ae2-b883-f73d786b4229,151102,permanent
7280fe81-b65c-454a-bcbe-1403d26baba7,8f5207a1-9993-400e-a9a1-c2d24371528e,"House No. 57, Bellary Road Nagar, Dial Pura Mirja",8670bb15-32d0-4ae2-b883-f73d786b4229,151102,permanent
bf1a5115-2385-441d-bdaa-174dd1a2a158,5059d8a2-ca3c-4207-826a-857b223b974b,"House No. 57, Bellary Road Nagar, Dial Pura Mirja",8670bb15-32d0-4ae2-b883-f73d786b4229,151102,permanent
fd7c1c76-4f38-4fe9-bea1-b1268bad8a46,3fd9f5ee-c92b-48b1-8787-d661bb3b9a77,"House No. 195, Moti Nagar Extension, Dial Pura Mirja",8670bb15-32d0-4ae2-b883-f73d786b4229,151102,permanent
19cf30d3-8c41-48a1-bad3-ba87f058c0b3,3825ab70-12aa-4106-a930-22299c410992,"House No. 199, Ashoka Road Lane, Dial Pura Mirja",8670bb15-32d0-4ae2-b883-f73d786b4229,151102,permanent
ecb901c3-f0cc-490d-8407-a3952b161937,00f7fb61-8bdc-4b32-9a3d-a6798f67c868,"House No. 199, Ashoka Road Lane, Dial Pura Mirja",8670bb15-32d0-4ae2-b883-f73d786b4229,151102,permanent
7310c8cb-f4af-497a-8ba2-adbdfd0f0fbd,e1a9fc92-0f4f-49d6-9e84-07fcd7de5739,"House No. 199, Ashoka Road Lane, Dial Pura Mirja",8670bb15-32d0-4ae2-b883-f73d786b4229,151102,permanent
fde3d38f-7a43-4c9c-9acc-27df347d3567,f0bcd42b-d612-4875-bcb6-e10a30a4d836,"House No. 225, Ekta Marg Lane, Kothali",afdd5085-731a-4ddd-be19-44a21c8bc3e2,425306,permanent
15a0fa90-43df-4e86-b42d-6d9227fa1f7f,4e4f0a11-0920-4167-8ace-540ebd0984a6,"House No. 225, Ekta Marg Lane, Kothali",afdd5085-731a-4ddd-be19-44a21c8bc3e2,425306,permanent
be50eab5-8809-4b22-ac3b-edbf0bec251d,4b1b80a2-a615-4beb-b4c0-6ef7f532013f,"House No. 277, College Street Road, Harna",da97debf-a2c0-4f37-9708-76fe4aef4637,847404,permanent
2fcd2f45-78b0-4766-808c-fae472b95d95,4b1b80a2-a615-4beb-b4c0-6ef7f532013f,"House No. 155, Banjara Hills Lane, Kamandanga",faceac5d-cef0-4845-be9d-06fa3701e641,783332,current
5e4dccef-52a4-414b-9fd0-36a3f86ba6c8,170f0efe-f3de-4674-8f23-189dfed839c7,"House No. 277, College Street Road, Harna",da97debf-a2c0-4f37-9708-76fe4aef4637,847404,permanent
450a03dd-b342-49c6-89f9-40548d0c3654,836d05d6-7c5e-43f3-96b3-0929d1cf2f56,"House No. 277, College Street Road, Harna",da97debf-a2c0-4f37-9708-76fe4aef4637,847404,permanent
e54dc55e-37d0-46b7-b92b-7f602cae429c,836d05d6-7c5e-43f3-96b3-0929d1cf2f56,"House No. 233, Moti Nagar Marg, Sour",f5286c50-0096-4347-8bcf-6a7390ccf886,249145,current
e6c3f0be-b67c-4672-9144-365dd78491c4,ea4550e1-8bef-4ff3-be42-f32ecbec2b0c,"House No. 235, Tilak Road Enclave, Harna",da97debf-a2c0-4f37-9708-76fe4aef4637,847404,permanent
61d80027-43f7-4f13-8c89-766c1e7f6578,af7af608-3f36-41a7-88fa-bebf4c210878,"House No. 235, Tilak Road Enclave, Harna",da97debf-a2c0-4f37-9708-76fe4aef4637,847404,permanent
1db96465-5fd7-4cc1-878e-42edab9f3017,774b6008-ffa9-46c7-983b-1ac08d16b528,"House No. 235, Tilak Road Enclave, Harna",da97debf-a2c0-4f37-9708-76fe4aef4637,847404,permanent
54fa7079-205e-40ef-871e-a2272eae6edc,774b6008-ffa9-46c7-983b-1ac08d16b528,"House No. 92, Ajmer Road Nagar, Jangle Agahi",75380c1f-4115-442a-9723-069166b18ee0,273165,current
23ac5cb5-99f8-40be-abed-03fd5b57fbc9,dab4dd42-4d7b-4b2f-a4bd-488c1ae33343,"House No. 47, Panjagutta Circle Extension, Harna",da97debf-a2c0-4f37-9708-76fe4aef4637,847404,permanent
22c69864-87c4-4003-b3be-6046e5c79e2b,046b0dca-a56e-44b7-b312-40858a9575d0,"House No. 47, Panjagutta Circle Extension, Harna",da97debf-a2c0-4f37-9708-76fe4aef4637,847404,permanent
f7e373ee-93bc-46d3-9fb4-b337009e844e,a30e127a-6a24-462f-a270-525e76f6b9f6,"House No. 7, Jubilee Hills Street, Garentha",0ef6a8e7-98bf-41b7-a775-e46b94c109c8,473995,permanent
f88b9e99-14b7-48b6-9928-2d5ade8f1e54,d1ffb102-bd9f-4402-83a6-25026d500874,"House No. 25, Model Town Nagar, Garentha",0ef6a8e7-98bf-41b7-a775-e46b94c109c8,473995,permanent
8f1e9e86-770e-4aab-a913-a54a64a76877,2f49ae34-73a4-4c90-a2a9-e39ffa43004b,"House No. 25, Model Town Nagar, Garentha",0ef6a8e7-98bf-41b7-a775-e46b94c109c8,473995,permanent
a01809bc-5382-40e9-b5e0-fa7e389df932,2a6a7b70-25d8-4046-880f-94511bf7af3e,"House No. 25, Model Town Nagar, Garentha",0ef6a8e7-98bf-41b7-a775-e46b94c109c8,473995,permanent
9d02b49c-66f6-4073-9703-f8fec11fcb4a,8e9cc757-8e08-430a-8332-8253a7e50e4a,"House No. 86, Linking Road Street, Garentha",0ef6a8e7-98bf-41b7-a775-e46b94c109c8,473995,permanent
6a497c08-fd41-4e2c-995b-fb960fd264b5,8fb227ca-b508-4fab-b012-878eb6ec84a7,"House No. 27, Adyar Bridge Road Extension, Nayashi",5fe5dbf8-7a2a-48e8-9772-3cf1d29df5c4,415608,permanent
418b03d3-1409-4cf4-95da-cad0c5ca6b46,bd0bce2f-3d10-4367-80e8-0d9d92adb7eb,"House No. 27, Adyar Bridge Road Extension, Nayashi",5fe5dbf8-7a2a-48e8-9772-3cf1d29df5c4,415608,permanent
ecd1922e-c367-4bcc-8772-eaac0c870e24,bd0bce2f-3d10-4367-80e8-0d9d92adb7eb,"House No. 143, Lala Lajpat Rai Marg Nagar, Mailam",00a42346-d879-4b27-992c-2d6a762e66dd,604304,current
61a222ca-8b9f-427c-a57b-de0f16111014,e9dadbbf-744c-47a3-8a6f-16d89937730c,"House No. 27, Adyar Bridge Road Extension, Nayashi",5fe5dbf8-7a2a-48e8-9772-3cf1d29df5c4,415608,permanent
08567bbb-97d9-43ec-bac4-a8f3094b35d3,a4823bd8-b1dc-482b-a4b1-462ed23adf10,"House No. 27, Adyar Bridge Road Extension, Nayashi",5fe5dbf8-7a2a-48e8-9772-3cf1d29df5c4,415608,permanent
abba923a-0ef2-496b-8569-ff11fe2b222f,e25c417f-8e46-45a7-b095-90916b77c8d2,"House No. 27, Adyar Bridge Road Extension, Nayashi",5fe5dbf8-7a2a-48e8-9772-3cf1d29df5c4,415608,permanent
6354df5b-9e0c-4d30-bae5-3f592f9ca9aa,f5269fb6-a687-4a46-b14a-395d3d76d88e,"House No. 77, Parliament Street Lane, Nayashi",5fe5dbf8-7a2a-48e8-9772-3cf1d29df5c4,415608,permanent
ef65a744-d581-441f-bc8c-d8bd81644086,9d959c82-2eb6-4168-be1b-ea50a75d69ff,"House No. 152, Vinay Marg Enclave, Nayashi",5fe5dbf8-7a2a-48e8-9772-3cf1d29df5c4,415608,permanent
9a88733c-f75c-4634-9061-bf6ce38b85c5,26bf84c5-8e0f-45cd-8b7c-bb0ab1e26619,"House No. 152, Vinay Marg Enclave, Nayashi",5fe5dbf8-7a2a-48e8-9772-3cf1d29df5c4,415608,permanent
593feae5-7600-49eb-9995-101fcbe60ae5,63e9eff7-eefe-4b87-bc8e-97bea5e61638,"House No. 152, Vinay Marg Enclave, Nayashi",5fe5dbf8-7a2a-48e8-9772-3cf1d29df5c4,415608,permanent
89d3c1c5-1ac7-4c24-a298-dd118efe9771,271393a8-aef4-41f7-8029-d87be170704b,"House No. 98, Panchsheel Marg Marg, Varadoor",961cb9df-ce49-4bb0-bab6-f5d0d1bee9b8,673591,permanent
0448d85a-2405-4ac1-9a33-cc1ecb2e69b5,c23cbb4a-73f7-4e5c-bd92-26576675c2e2,"House No. 98, Panchsheel Marg Marg, Varadoor",961cb9df-ce49-4bb0-bab6-f5d0d1bee9b8,673591,permanent
a9bbc617-0e02-4a83-8c29-f7e2f545ed6e,e877940c-30c3-4ae4-a2b5-f9b014064bf3,"House No. 98, Panchsheel Marg Marg, Varadoor",961cb9df-ce49-4bb0-bab6-f5d0d1bee9b8,673591,permanent
ff8df705-0a0a-4b10-888f-b10ed6a27150,e877940c-30c3-4ae4-a2b5-f9b014064bf3,"House No. 124, M I Road Lane, Laugaon",f0f86fcc-117f-4c6d-8a1e-46c45b1b8072,212621,current
b6133c3a-aa5d-4c49-beea-af9a36dd696a,680e1ca2-6ef9-42fb-b8e8-7d767fdf2fac,"House No. 98, Panchsheel Marg Marg, Varadoor",961cb9df-ce49-4bb0-bab6-f5d0d1bee9b8,673591,permanent
a7a728c8-17f8-48d9-90d2-39f67dbe2b6f,10076921-f861-41b0-8118-7047c3900b85,"House No. 228, Hazra Road Marg, Parbatipur",9d0acc1a-7cf8-43d2-b9dd-df559896f394,756166,permanent
a95fa834-8f5b-4ecd-bf6d-17559a78909f,10076921-f861-41b0-8118-7047c3900b85,"House No. 145, Swami Vivekananda Marg Nagar, Moi Purani",f635f2bf-e22f-4f52-980e-3ff7681f1784,333516,current
e4bb56df-2875-4dff-a3f5-dc275a340088,4a7efbc8-be33-4c54-b292-68a92964acdf,"House No. 134, Connaught Place Extension, Parbatipur",9d0acc1a-7cf8-43d2-b9dd-df559896f394,756166,permanent
d75d2ca0-5d1b-4fb1-ba61-34856687ca8f,b1613474-f684-4e0e-af19-fa4db221ba98,"House No. 134, Connaught Place Extension, Parbatipur",9d0acc1a-7cf8-43d2-b9dd-df559896f394,756166,permanent
f170c75c-0a3a-49b8-9906-eefcd9a9c6b0,beb95eea-1b12-4cf4-86af-5c17c41e6c34,"House No. 110, Mahatma Gandhi Marg Marg, Parbatipur",9d0acc1a-7cf8-43d2-b9dd-df559896f394,756166,permanent
6c28b6cb-ba4e-4967-9a21-c862bd74b389,f5172255-7e16-4f6c-a655-1b48ab1bc661,"House No. 121, Aurobindo Marg Extension, Parbatipur",9d0acc1a-7cf8-43d2-b9dd-df559896f394,756166,permanent
8d034c6b-f616-4a9e-bb15-fb8e1aab80b4,881a9f8f-2777-41e0-b7d9-fa76c329ab65,"House No. 183, Mundka Extension, Rahaniyaganj",02f8a4a5-431b-4492-b02e-9f5dea78934c,756044,permanent
05396010-d9ee-461d-b2f5-effb1c52d4cb,2d93c2b0-c63d-41da-8fe4-ded93ff7ffbe,"House No. 183, Mundka Extension, Rahaniyaganj",02f8a4a5-431b-4492-b02e-9f5dea78934c,756044,permanent
1276be22-d1b7-4a27-8ac0-2b59454d7701,8cab76dc-2ec9-4d0f-9aca-8e0e66b20e4b,"House No. 183, Mundka Extension, Rahaniyaganj",02f8a4a5-431b-4492-b02e-9f5dea78934c,756044,permanent
d41fd26b-f3e2-4e06-b2c2-afd8826ac03a,b56c9b82-0597-4e04-9c41-1272f478a5d2,"House No. 183, Mundka Extension, Rahaniyaganj",02f8a4a5-431b-4492-b02e-9f5dea78934c,756044,permanent
a1157b06-8f16-4c28-ac05-ef03b47fb910,b56c9b82-0597-4e04-9c41-1272f478a5d2,"House No. 299, Tughlakabad Extension, Nandol",5f726314-bdf5-4a93-9587-b5924093f42c,766002,current
3c07c794-0392-4b87-a527-952549bab913,a9c21c0f-a8ef-47ad-864c-087fea52c40f,"House No. 4, Shanti Path Marg, Rahaniyaganj",02f8a4a5-431b-4492-b02e-9f5dea78934c,756044,permanent
583e412e-e622-4db6-a3fe-4010f1657b21,8a66e949-f04a-4051-bef1-eb1728025de4,"House No. 4, Shanti Path Marg, Rahaniyaganj",02f8a4a5-431b-4492-b02e-9f5dea78934c,756044,permanent
2014bfed-0d49-44a7-88ae-59a12765be26,8a66e949-f04a-4051-bef1-eb1728025de4,"House No. 131, Lakdi ka Pul Nagar, Kavuru",bd0cc5b9-a10c-4248-ab8d-36760d53b6a0,522309,current
bcd18f75-c1fd-49ad-bdc9-8ca7adafc403,68037b0e-185a-4ae0-b909-c61ef0e2e649,"House No. 167, Mall Road Road, Rahaniyaganj",02f8a4a5-431b-4492-b02e-9f5dea78934c,756044,permanent
5026c371-e69a-481f-bd76-ef6267ad3934,96de2066-e81f-45d7-a4b1-3eee06a078b3,"House No. 167, Mall Road Road, Rahaniyaganj",02f8a4a5-431b-4492-b02e-9f5dea78934c,756044,permanent
08839644-8d8b-41ca-9e45-3f2c1bec7e5a,0a82b417-f65d-4f58-9d5d-967195f16e46,"House No. 196, Bhulabhai Desai Road Marg, Kesramal",b0d541e6-03ce-4db7-be47-eba21bd01943,770017,permanent
239c4cf1-a13f-43e6-aebb-739fe87e31c9,c1882c3a-d0c4-4557-a273-50459c8281d4,"House No. 196, Bhulabhai Desai Road Marg, Kesramal",b0d541e6-03ce-4db7-be47-eba21bd01943,770017,permanent
e0e3b768-d9fb-4d81-afd5-8f16e131dc07,6f2445fc-93fc-4b40-b406-c3b90a4a3eb1,"House No. 196, Bhulabhai Desai Road Marg, Kesramal",b0d541e6-03ce-4db7-be47-eba21bd01943,770017,permanent
9e4afb4f-0a8c-4f9a-a903-8e3cc02232bb,179cfee0-746e-4c99-b25c-35408c16ed81,"House No. 196, Bhulabhai Desai Road Marg, Kesramal",b0d541e6-03ce-4db7-be47-eba21bd01943,770017,permanent
3ec959bd-87f5-4102-bd32-cc9e4e617828,ed2fa728-cf2c-45cd-aed1-dcbc934ef633,"House No. 263, Nelson Mandela Marg Enclave, Kesramal",b0d541e6-03ce-4db7-be47-eba21bd01943,770017,permanent
54967488-6cfc-4c35-9ea6-1fc0d4533a1d,ed2fa728-cf2c-45cd-aed1-dcbc934ef633,"House No. 256, Veer Savarkar Marg Extension, Joura Khurd",bf0ceee0-aca6-4168-85a6-2ec3eb7b5261,476001,current
2ad7ac45-b4cc-498e-b0f9-c725a60891d7,04dd7a79-adee-4d84-af06-e4f5d5d65a65,"House No. 263, Nelson Mandela Marg Enclave, Kesramal",b0d541e6-03ce-4db7-be47-eba21bd01943,770017,permanent
a296454f-244f-4a4b-b50f-2b875e6a76f4,68b5f557-0e71-4db7-9e1d-1752bc421e6a,"House No. 161, Gandhi Nagar Marg, Padumbasan",3548beb9-6adf-49db-968e-bb7eea1585ad,721636,permanent
17fa79d6-5661-4a73-bc61-4591dd10aebb,6b74afbd-79cf-4683-b6f5-e31b054f4a0f,"House No. 161, Gandhi Nagar Marg, Padumbasan",3548beb9-6adf-49db-968e-bb7eea1585ad,721636,permanent
b41415b7-9598-4d2e-8671-2acb5b54132f,4de490be-92c2-4542-a982-4a674c43b835,"House No. 166, Sarat Bose Road Marg, Dadyal",23d0938b-ad26-4713-afe3-7611f8baf2c9,144529,permanent
21341ba6-ce54-4b07-83ee-dc87a714bced,4de490be-92c2-4542-a982-4a674c43b835,"House No. 140, Nungambakkam High Road Marg, Korai",e3ab6e89-229d-4cd6-9439-4bf6ef14629c,212601,current
17655e13-465a-4cd2-b36e-fad18f242f84,e01e5ae5-b41b-493a-9fc3-e28de2fe5345,"House No. 163, Kalam Road Road, Dadyal",23d0938b-ad26-4713-afe3-7611f8baf2c9,144529,permanent
b914fb3d-594d-40af-8768-3c1068178a3e,7abbe8df-4341-4149-93ee-779a01320e76,"House No. 163, Kalam Road Road, Dadyal",23d0938b-ad26-4713-afe3-7611f8baf2c9,144529,permanent
d249d6c2-3ce3-455a-a2ba-2fd62d28917b,b2ea8930-4616-4900-af3b-efbcaefd3c7a,"House No. 78, Begumpur Enclave, Dadyal",23d0938b-ad26-4713-afe3-7611f8baf2c9,144529,permanent
070a336e-bfa0-4c0c-9340-1df66e440fab,2e28250f-59fb-46d3-a8b9-94f301e02a0a,"House No. 78, Begumpur Enclave, Dadyal",23d0938b-ad26-4713-afe3-7611f8baf2c9,144529,permanent
8c202a39-d46d-4724-ba2d-3943722c01ba,16757341-7413-4caa-a82d-50e53ac5a3c5,"House No. 76, Jor Bagh Road, Mandar Kalan",70541888-79db-48a8-84ec-0f9f8ce6d7d8,142043,permanent
d9247668-d176-4acc-9282-f6fdfed76e2a,dd5c8670-0842-47f7-81c9-aa2f942d5531,"House No. 76, Jor Bagh Road, Mandar Kalan",70541888-79db-48a8-84ec-0f9f8ce6d7d8,142043,permanent
0cbe7d7c-4128-4501-817a-fb5ddcd987a6,61689509-1140-433d-9390-7d1f7e7b5151,"House No. 76, Jor Bagh Road, Mandar Kalan",70541888-79db-48a8-84ec-0f9f8ce6d7d8,142043,permanent
7dbbafd0-1dc5-40fd-81d0-ab08f686a3c1,e1631865-a6e0-42ba-8241-0fb34d3cd2d5,"House No. 41, Safdarjung Enclave Street, Mandar Kalan",70541888-79db-48a8-84ec-0f9f8ce6d7d8,142043,permanent
cc1dce50-5bd1-4af2-83fb-7ae8384e7669,0e99eff5-4786-4f65-ace2-2202eb2047ac,"House No. 41, Safdarjung Enclave Street, Mandar Kalan",70541888-79db-48a8-84ec-0f9f8ce6d7d8,142043,permanent
8e567f21-c080-447e-b5df-1da5054ff8fa,bd8f8771-5183-4e45-bdc2-47769d743b6d,"House No. 41, Safdarjung Enclave Street, Mandar Kalan",70541888-79db-48a8-84ec-0f9f8ce6d7d8,142043,permanent
6c079427-fd36-43cf-af14-f0d21ec01033,ffc518cd-9ef1-420a-a8b8-4036843332cb,"House No. 64, Rabindra Sarani Lane, Chandametta",5afe0c58-ef26-4319-883f-658b513ec377,480447,permanent
b9527c8e-fd50-40fb-8c62-a3a92c719a51,3c7a665a-29ef-4c51-937c-9238747d8c3f,"House No. 64, Rabindra Sarani Lane, Chandametta",5afe0c58-ef26-4319-883f-658b513ec377,480447,permanent
e7728feb-47e5-4b34-b65a-9a0db56c20b4,3c7a665a-29ef-4c51-937c-9238747d8c3f,"House No. 145, Main Road Nagar, Naranpura Kampa",602d9768-51c6-48ac-b514-d39a38aa8cab,383310,work
10eb874d-89ad-475f-b5bb-eed41277e263,5d2ae276-3079-4637-a6ae-1a9d24650025,"House No. 64, Rabindra Sarani Lane, Chandametta",5afe0c58-ef26-4319-883f-658b513ec377,480447,permanent
9359f174-23b8-4c7e-9e36-a58b08cebdd0,bd8ffb91-4a85-4375-a354-b703ce6db5df,"House No. 64, Rabindra Sarani Lane, Chandametta",5afe0c58-ef26-4319-883f-658b513ec377,480447,permanent
4d1d5633-b772-43a3-969b-fe417d0de2f4,b02f1385-c313-4d11-9483-30beaaf05bfb,"House No. 39, Chanakyapuri Road, Chandametta",5afe0c58-ef26-4319-883f-658b513ec377,480447,permanent
0bc2aab6-d734-4ccd-9854-ab288c2d135e,b02f1385-c313-4d11-9483-30beaaf05bfb,"House No. 156, Hauz Khas Nagar, Syoli Talli",32a1289c-5423-492e-99ff-35bf1bfde5d8,246123,current
08cc901a-fee6-47e1-a592-ca6e55ae2d26,95b5b15e-2803-49b7-9e72-e8e8d08bdd0a,"House No. 39, Chanakyapuri Road, Chandametta",5afe0c58-ef26-4319-883f-658b513ec377,480447,permanent
481ceeea-00ae-4d48-87ec-2355185b4759,0758aded-6a7c-4c2b-81e5-e48a19402e29,"House No. 84, Dadabhai Naoroji Marg Colony, Laxmipur Pokhariya",ec8e2774-5abd-4198-810b-d14d2f0b2f0d,845433,permanent
95824b43-ed68-4a2f-86ad-5bdc8fadcdaa,0758aded-6a7c-4c2b-81e5-e48a19402e29,"House No. 253, Gokhale Road Extension, Jangle Agahi",75380c1f-4115-442a-9723-069166b18ee0,273165,current
25b34be0-9985-4e56-b50a-c891312494f8,c8a98e9c-5f25-496f-8f1d-ae5563ccd6bd,"House No. 84, Dadabhai Naoroji Marg Colony, Laxmipur Pokhariya",ec8e2774-5abd-4198-810b-d14d2f0b2f0d,845433,permanent
b2eaf410-ca17-4b76-a435-4e06d0cedf84,a4a3d39c-2a6c-45d1-ab3c-c8263a36425a,"House No. 84, Dadabhai Naoroji Marg Colony, Laxmipur Pokhariya",ec8e2774-5abd-4198-810b-d14d2f0b2f0d,845433,permanent
181e0d1e-eaef-4eff-b0f3-3b17045e6b00,fae9c748-d675-4368-bd10-d0e9f1845f36,"House No. 57, Kasturba Gandhi Marg Colony, Laxmipur Pokhariya",ec8e2774-5abd-4198-810b-d14d2f0b2f0d,845433,permanent
973999de-3e9b-423e-a59b-ef3c1fba3ca9,fae9c748-d675-4368-bd10-d0e9f1845f36,"House No. 112, Azad Marg Colony, Pudumavilangai",f62681d9-41df-4831-8337-22e02d389b14,631203,current
67001250-f541-4aa6-818d-3daf4b112c50,5568179f-2824-4760-bdc9-aafb5c1a172a,"House No. 57, Kasturba Gandhi Marg Colony, Laxmipur Pokhariya",ec8e2774-5abd-4198-810b-d14d2f0b2f0d,845433,permanent
ce5202b4-602d-4233-a4fe-f74d524a89ef,3edddde4-8f52-4191-bb68-4ca5c0937f0c,"House No. 57, Kasturba Gandhi Marg Colony, Laxmipur Pokhariya",ec8e2774-5abd-4198-810b-d14d2f0b2f0d,845433,permanent
8997ecd7-67be-4c38-9c50-69e242eabd1b,1196c6bf-a0a8-4988-8f8e-eaef96125045,"House No. 185, S P Road Extension, Yedehalli",23e9c381-d190-47d0-88a3-80108b8175f4,577227,permanent
d223c979-ced4-41b2-a37b-4952d567a615,24cdea93-60d7-43d6-9004-896d9f1a271a,"House No. 185, S P Road Extension, Yedehalli",23e9c381-d190-47d0-88a3-80108b8175f4,577227,permanent
00f58e59-28cf-4b99-b2d8-f573d12f43bc,24cdea93-60d7-43d6-9004-896d9f1a271a,"House No. 128, Africa Avenue Road, Govandi",12fd7c68-ddcd-4eb1-8122-5e012bed78f1,400088,current
8d813223-5e22-4169-90bd-794f2aaf4c56,390152b8-b9d9-4ed2-b694-1f5c77fd664d,"House No. 185, S P Road Extension, Yedehalli",23e9c381-d190-47d0-88a3-80108b8175f4,577227,permanent
902a48ef-fc49-45ea-8dfc-dacfbf31755f,99c46036-7fd4-467c-8426-42200de737d6,"House No. 185, S P Road Extension, Yedehalli",23e9c381-d190-47d0-88a3-80108b8175f4,577227,permanent
dd03eac4-0d4a-47f4-805d-4f4b3836dc07,05be3b25-60a1-4e05-8af4-71635a0260fa,"House No. 185, S P Road Extension, Yedehalli",23e9c381-d190-47d0-88a3-80108b8175f4,577227,permanent
4e0007ff-e362-4901-8ec7-0f2e89acb35c,05be3b25-60a1-4e05-8af4-71635a0260fa,"House No. 72, Jodhpur Road Street, Kota Kutchery",fd043a74-90df-4cb0-8c21-56031623907b,324001,current
0c27b7db-593f-45d5-a7b5-892734c53ffd,a7c687f5-f0ea-42ec-bca4-144cdb922960,"House No. 66, Somajiguda Enclave, Wangbal",45e803a1-d704-4e47-9f8a-a5fe1b39d690,795138,permanent
49aedfdb-2ef0-41ee-8288-4d4f07bb6a7c,f32895d6-bf17-40c9-b004-efe5bcb1e58b,"House No. 66, Somajiguda Enclave, Wangbal",45e803a1-d704-4e47-9f8a-a5fe1b39d690,795138,permanent
48283c9e-4f07-47b5-8f52-37108a00cab8,82cf393e-99ba-4826-84f4-92e41b8f73fc,"House No. 66, Somajiguda Enclave, Wangbal",45e803a1-d704-4e47-9f8a-a5fe1b39d690,795138,permanent
dba02d6c-cd43-43f2-b3e6-2c9216ce26f5,82cf393e-99ba-4826-84f4-92e41b8f73fc,"House No. 293, Himayat Nagar Nagar, Arugonda",f34ee675-7a0e-436f-b6ca-61f475bbb7b6,517129,current
d9215b0e-bb62-4acd-9b40-739ee0afb8dd,4c46d71b-f1f2-4b0b-bada-337b239ff089,"House No. 177, Akbar Road Street, Wangbal",45e803a1-d704-4e47-9f8a-a5fe1b39d690,795138,permanent
5196f93e-026d-4c08-b513-e2b9fa9cf37c,2cab61da-ab35-4b04-b36b-5d7b50c40fad,"House No. 177, Akbar Road Street, Wangbal",45e803a1-d704-4e47-9f8a-a5fe1b39d690,795138,permanent
a90d717a-c131-4ec0-970b-07ccf11d69ce,2cab61da-ab35-4b04-b36b-5d7b50c40fad,"House No. 106, Mohammed Ali Road Enclave, Rajapur",c979adee-c596-4e7a-ab3a-5fed248c8265,591224,current
ae189ec2-7b65-4682-a4e1-d1ba4aa7eb6f,26bec8dc-41f4-45b0-bfd2-250867e12e1d,"House No. 138, Inner Ring Road Lane, Lamakhera",79815ee3-1b5e-458f-bab4-9cfefbbc415d,262405,permanent
38f7c2d1-9f65-4981-999f-3b21787208e9,82035ef9-663e-4b3a-860e-9e7b32bd7c4c,"House No. 138, Inner Ring Road Lane, Lamakhera",79815ee3-1b5e-458f-bab4-9cfefbbc415d,262405,permanent
8ed8ed48-f45b-479b-8aa6-321b7b3b7874,a06c1b06-916c-4e2a-b081-dc998e9bc1a8,"House No. 140, Vasant Vihar Marg, Lamakhera",79815ee3-1b5e-458f-bab4-9cfefbbc415d,262405,permanent
e2b223b0-3e20-49c6-9279-28c942cd4f34,f1c3e1a5-ac4e-47d2-a4b3-4137b1e4711f,"House No. 140, Vasant Vihar Marg, Lamakhera",79815ee3-1b5e-458f-bab4-9cfefbbc415d,262405,permanent
cf1f5c33-754b-43bc-b705-45d5f9967c19,f1c3e1a5-ac4e-47d2-a4b3-4137b1e4711f,"House No. 117, Rajendra Place Nagar, Kachhwa",5de0aec7-f8dc-425d-8e90-d5e96c9c6fb3,231501,current
96c9d605-73ae-4b12-a3b1-3313a72c1587,a083d2d1-63c1-40ec-b094-1e9b1c2c67df,"House No. 140, Vasant Vihar Marg, Lamakhera",79815ee3-1b5e-458f-bab4-9cfefbbc415d,262405,permanent
da599bc3-d6c8-42a4-a7fb-41674057a7e3,36ec4d9a-f43e-4b30-b8c1-aadfca1fd7da,"House No. 140, Vasant Vihar Marg, Lamakhera",79815ee3-1b5e-458f-bab4-9cfefbbc415d,262405,permanent
9c3fec0f-dc03-438e-9228-e66f1403cf16,d809d4bc-614c-43bd-a7b0-d5abe76e36e6,"House No. 133, Lokmanya Tilak Road Street, Lamakhera",79815ee3-1b5e-458f-bab4-9cfefbbc415d,262405,permanent
5cb6ddc5-c59e-422c-a1fe-888eb86726f5,0802925b-2aa8-4638-abd4-2bfabd1e99f5,"House No. 133, Lokmanya Tilak Road Street, Lamakhera",79815ee3-1b5e-458f-bab4-9cfefbbc415d,262405,permanent
11724dc5-f3f7-437b-a45c-775bb043bb16,a8e20f0c-a0dc-4b0b-8e64-0798129b4048,"House No. 227, Kautilya Marg Colony, Naurangpura",6117ba7e-5dfb-44a0-a425-b11cd0f2f028,303003,permanent
44e803b4-1c39-48ce-98f2-9b8aca2ca419,a8e20f0c-a0dc-4b0b-8e64-0798129b4048,"House No. 246, Friends Colony Lane, Kotaseetharampuram",256aab43-0c6d-401c-b922-b756b4f3c7f1,535559,work
d139698d-08ad-4b61-8dfe-8247fe8ef644,4ee42562-ddd0-478a-b378-3e762196bca3,"House No. 227, Kautilya Marg Colony, Naurangpura",6117ba7e-5dfb-44a0-a425-b11cd0f2f028,303003,permanent
aa536029-df32-44c8-932f-a45cfc6abcab,f8ccc9c3-6c66-4038-b5a1-8974d12447d8,"House No. 87, Satya Marg Marg, Jaisindh",48334aae-dd4b-4559-927f-4011694a1d92,344501,permanent
e056706d-2076-4fb6-9eec-dd0f7cc20fd9,20f29982-b995-44d0-82e8-99340b11d2cb,"House No. 87, Satya Marg Marg, Jaisindh",48334aae-dd4b-4559-927f-4011694a1d92,344501,permanent
2e5058c6-219e-443d-90a0-8690353498d9,fbdb7c44-cd81-4e38-a5df-bc688cdf7ac2,"House No. 87, Satya Marg Marg, Jaisindh",48334aae-dd4b-4559-927f-4011694a1d92,344501,permanent
91d3e5ec-7d8b-4637-9540-89de7310c5e3,a11e1b94-6df1-4025-a227-175826035578,"House No. 87, Satya Marg Marg, Jaisindh",48334aae-dd4b-4559-927f-4011694a1d92,344501,permanent
328df978-fcbd-4bb4-81f4-3646d8d617fa,adcafda7-b4e8-4c35-bf25-fb7e17860d2d,"House No. 38, Mehdipatnam Road, Deva",d1739ddb-7365-4554-a76b-d261f099ae21,534123,permanent
985a752c-a8fc-4ca6-a691-d47a37721857,adcafda7-b4e8-4c35-bf25-fb7e17860d2d,"House No. 164, Subhash Nagar Marg, Kothali",afdd5085-731a-4ddd-be19-44a21c8bc3e2,425306,current
5ef17c00-5a0e-4b9e-a5c3-81db4abfedd6,76ddd2c4-6416-4262-8454-da80e992be7f,"House No. 232, Lado Sarai Marg, Deva",d1739ddb-7365-4554-a76b-d261f099ae21,534123,permanent
0793c15c-3721-4530-bd4d-e3fd312e7538,80fac8c4-a054-4920-8609-46fb211bc666,"House No. 232, Lado Sarai Marg, Deva",d1739ddb-7365-4554-a76b-d261f099ae21,534123,permanent
f0679a27-0bbf-4d71-85b7-a160ff8f2eda,80fac8c4-a054-4920-8609-46fb211bc666,"House No. 50, Dwarka Colony, Nabedhi",f5ea23e0-2fe9-4f7e-884b-7ae993d3219e,757030,current
c9e2bf3f-942e-415f-b3d3-45f7f2f0494e,f3d2335d-16c2-4a88-9fee-f8f8a012a33a,"House No. 227, Rajpath Nagar, Deva",d1739ddb-7365-4554-a76b-d261f099ae21,534123,permanent
2faea877-3a28-45da-abec-31dc05680626,9a8109f2-f379-4bba-8f49-c2a8215f755c,"House No. 227, Rajpath Nagar, Deva",d1739ddb-7365-4554-a76b-d261f099ae21,534123,permanent
fd5667bc-c7e3-41fe-a6e6-37118cfb978d,925d4338-d82c-4039-818a-efeac87ba8a7,"House No. 227, Rajpath Nagar, Deva",d1739ddb-7365-4554-a76b-d261f099ae21,534123,permanent
f49cf71f-4b57-4012-8fbb-05cf63f0e023,452c5488-894f-4a35-b45a-a5f845ccbdfa,"House No. 26, Aurangzeb Road Street, Deva",d1739ddb-7365-4554-a76b-d261f099ae21,534123,permanent
78d0dbc7-cc4f-49d4-b3ee-779d6a96e952,6b9439e5-dfe9-437e-b058-ee67c5b1919e,"House No. 232, Sansar Chandra Road Marg, Hundapalasapal",0f50f615-7033-4550-b3c0-1327c1c40070,758028,permanent
c1ae3375-7bd4-4b4b-9566-76137fe7bfd8,cf234948-423c-4b33-bd58-1b05838dc429,"House No. 232, Sansar Chandra Road Marg, Hundapalasapal",0f50f615-7033-4550-b3c0-1327c1c40070,758028,permanent
43f7549d-def6-427b-ac6a-73beebd7a10d,cf234948-423c-4b33-bd58-1b05838dc429,"House No. 280, Lodhi Colony Colony, Nadan Mahal",dd569924-080f-4344-80fb-cdbb7bc41e6a,226003,current
d2924210-d9a1-4836-9492-31e8c78f5bbe,f178c96d-e84f-4853-8d86-c9cf4ceccd22,"House No. 232, Sansar Chandra Road Marg, Hundapalasapal",0f50f615-7033-4550-b3c0-1327c1c40070,758028,permanent
cf970231-262a-4605-96bb-f4b1e9aa4727,b354d3c3-ca9d-45b6-8bc9-71cc5a10e7b3,"House No. 232, Sansar Chandra Road Marg, Hundapalasapal",0f50f615-7033-4550-b3c0-1327c1c40070,758028,permanent
6cdc94e7-a963-4360-9e18-25ee07e476a8,bf91005a-2d11-4be2-899c-ebf23c8cf907,"House No. 147, Tagore Garden Colony, Hundapalasapal",0f50f615-7033-4550-b3c0-1327c1c40070,758028,permanent
d5219ef6-656f-43d4-b225-31d122491214,bf91005a-2d11-4be2-899c-ebf23c8cf907,"House No. 295, Shanti Path Street, Silitia",d476c65b-b5f7-4b45-92c9-9d055266a324,758032,current
4915e658-f5d5-4ead-ae29-758b3688cb35,6a344449-4a23-435d-8f36-deb6496e7ac9,"House No. 31, Chattarpur Enclave, Kondaguttapalli",2b0ca621-d0f1-4f47-a2b9-1db10529d693,515541,permanent
c66bc3b0-d5b2-4af0-999e-f6573f072de8,24c3bc57-33d6-4b69-9ced-8aeb7e3f40f0,"House No. 31, Chattarpur Enclave, Kondaguttapalli",2b0ca621-d0f1-4f47-a2b9-1db10529d693,515541,permanent
d810a778-2954-4bea-ae49-9ce7ac2b5a07,24c3bc57-33d6-4b69-9ced-8aeb7e3f40f0,"House No. 74, Mehrauli Gurgaon Road Road, Hirethogaleri",fefa7954-f048-4a1b-abb2-bc926dfdd123,577007,current
bae3fefd-bab0-40ea-b221-3379f638ef24,9aedc370-6cd0-459d-87ce-016e96ea1dca,"House No. 31, Chattarpur Enclave, Kondaguttapalli",2b0ca621-d0f1-4f47-a2b9-1db10529d693,515541,permanent
7b3a4e27-b8bd-4f92-b0c3-19c5c9312924,487eadcf-df87-4b50-be25-42fc60d236cb,"House No. 239, Mohammed Ali Road Street, Kondaguttapalli",2b0ca621-d0f1-4f47-a2b9-1db10529d693,515541,permanent
37815ac2-e983-4966-8358-df659bf43bea,487eadcf-df87-4b50-be25-42fc60d236cb,"House No. 84, Mathura Road Colony, Kutenchuan",3657e03b-3d50-4b79-9079-c8ce5b4fcd39,766105,current
8813c489-b041-488b-9147-673eda1993a9,7bba6b74-825f-48c0-b55a-c3a91468325e,"House No. 238, Baba Kharak Singh Marg Street, Kondaguttapalli",2b0ca621-d0f1-4f47-a2b9-1db10529d693,515541,permanent
83a055d1-4a1c-402f-9e9d-b0c78ff1fdae,ed7911e6-3465-4f1d-b781-e1f0f3b04c18,"House No. 89, Station Road Marg, Tanur",1ab2e194-0820-4f38-95a6-48060600b32e,676302,permanent
aebb4aa9-a7c3-4f4c-bf90-801081b5bd67,ed7911e6-3465-4f1d-b781-e1f0f3b04c18,"House No. 213, Begumpur Enclave, Kavuru",bd0cc5b9-a10c-4248-ab8d-36760d53b6a0,522309,current
f057cab1-c728-4c27-8ba8-6fa261dee64c,6cc68cbc-ee89-479a-8735-d06a467d799f,"House No. 89, Station Road Marg, Tanur",1ab2e194-0820-4f38-95a6-48060600b32e,676302,permanent
19db1934-2641-425b-a2bc-4b6aaf762778,4604c0fb-6f50-45d8-9c76-8c666a59a025,"House No. 89, Station Road Marg, Tanur",1ab2e194-0820-4f38-95a6-48060600b32e,676302,permanent
634b87c3-e5c6-4b01-bb5b-10312eb289a0,9e769a94-ff05-4ddd-b68a-bb6038f253f8,"House No. 89, Station Road Marg, Tanur",1ab2e194-0820-4f38-95a6-48060600b32e,676302,permanent
13b36e24-d0a6-41b5-8179-e9d8ce4c744b,9e769a94-ff05-4ddd-b68a-bb6038f253f8,"House No. 225, Vasant Vihar Nagar, Arugonda",f34ee675-7a0e-436f-b6ca-61f475bbb7b6,517129,current
4b44614e-978d-4030-81d5-ac43b445cacd,7305de97-f04e-431b-8ecc-680ffd80cd1b,"House No. 89, Station Road Marg, Tanur",1ab2e194-0820-4f38-95a6-48060600b32e,676302,permanent
981107f2-8af2-46b1-9cad-d1cd1ca412a3,ce944e98-e028-4321-bda6-93e3feef6c71,"House No. 88, Malabar Hill Enclave, Tanur",1ab2e194-0820-4f38-95a6-48060600b32e,676302,permanent
534a4879-8c7a-4eaf-82c2-729569e7279d,9d974a3c-f8cf-4f4a-a64d-eef3238900a7,"House No. 88, Malabar Hill Enclave, Tanur",1ab2e194-0820-4f38-95a6-48060600b32e,676302,permanent
6c5ff555-6cda-4095-b25e-fbf9ff5c352d,be8508f1-4cab-4d2d-9bfa-9e2a180f4927,"House No. 123, Saket Extension, Barhyachowk",d5a1bd73-cd7f-4fdb-a391-b386895777aa,273165,permanent
452269b1-207a-4100-8212-a730e2d2b9c4,abd41776-523c-4918-9516-5079a3db4a3b,"House No. 123, Saket Extension, Barhyachowk",d5a1bd73-cd7f-4fdb-a391-b386895777aa,273165,permanent
ab8c2365-50c6-4121-a359-1135fe211355,e5c6872c-a94b-4b96-a0a8-5b20251e6c05,"House No. 221, Nehru Stadium Road, Khushalpura",9c3ab627-7bf2-4906-a00a-aa7a9d1113bd,394650,permanent
1f8b4871-b1b0-48b5-bec9-5ce2d081dda7,ff4518c5-e310-4762-be13-f02796a2f94b,"House No. 221, Nehru Stadium Road, Khushalpura",9c3ab627-7bf2-4906-a00a-aa7a9d1113bd,394650,permanent
912600ad-061e-45da-8a5a-ce6a3ba00a85,158293d1-09d2-4f29-a3ae-6dceb41d2431,"House No. 221, Nehru Stadium Road, Khushalpura",9c3ab627-7bf2-4906-a00a-aa7a9d1113bd,394650,permanent
3648005e-7c03-4f2b-a711-fff429f7a1d2,a249f1b5-82e1-4c5b-a594-3a1738f6cd01,"House No. 221, Nehru Stadium Road, Khushalpura",9c3ab627-7bf2-4906-a00a-aa7a9d1113bd,394650,permanent
d410e65c-3aba-4c07-aa52-4cd67ff51949,690282fc-0187-40c6-8c96-4002338057e2,"House No. 270, Rashbehari Avenue Marg, Khushalpura",9c3ab627-7bf2-4906-a00a-aa7a9d1113bd,394650,permanent
6dd91e0e-2acc-4298-b59b-7439308153b8,bea49cbe-6edb-4979-b1ac-da82e624fe34,"House No. 270, Rashbehari Avenue Marg, Khushalpura",9c3ab627-7bf2-4906-a00a-aa7a9d1113bd,394650,permanent
67fa090e-2ae6-424e-a55b-83748df810ce,59592810-55cc-403e-986f-4e637f88b1c8,"House No. 22, Gopal Krishna Gokhale Road Nagar, Buriya",26761411-cf0a-4118-9225-5d7d50d855c6,135101,permanent
b5e3af73-7fbb-4a00-ba7c-467043f70e76,89465103-50b1-4dbc-bbf5-8a0b88385964,"House No. 22, Gopal Krishna Gokhale Road Nagar, Buriya",26761411-cf0a-4118-9225-5d7d50d855c6,135101,permanent
144601a2-1890-450c-99fb-f1cc308a7bca,89465103-50b1-4dbc-bbf5-8a0b88385964,"House No. 78, Hauz Rani Nagar, Barbhita",577a7f7d-a1ab-4ae4-a4a4-967c0db47f84,783101,current
3d19eb94-1d7a-409b-a81a-43e7ba23fdca,f9cf81a8-e4b0-4069-b03f-fb3a69f37306,"House No. 22, Gopal Krishna Gokhale Road Nagar, Buriya",26761411-cf0a-4118-9225-5d7d50d855c6,135101,permanent
529c5cce-54d0-4030-ba51-da278d9a7ddf,ce0b1ef9-8bb3-424b-829a-d2a6b3eea5a9,"House No. 22, Gopal Krishna Gokhale Road Nagar, Buriya",26761411-cf0a-4118-9225-5d7d50d855c6,135101,permanent
52a6c89d-6f0a-4dbf-b778-220706612d28,ada65a06-148a-4f3c-99ef-056ff86c3382,"House No. 84, Civil Lines Nagar, Buriya",26761411-cf0a-4118-9225-5d7d50d855c6,135101,permanent
c673aa4a-b93c-40c1-92be-baecda700ef2,3ca638bf-b7d5-4d89-9109-46b0511ab403,"House No. 84, Civil Lines Nagar, Buriya",26761411-cf0a-4118-9225-5d7d50d855c6,135101,permanent
4bf73186-6277-4e53-9ed1-cc8c30cdad41,3ca638bf-b7d5-4d89-9109-46b0511ab403,"House No. 176, Homi Bhabha Road Extension, Marma",433d1091-50e0-46d0-b34d-21ea36046dae,765034,current
e3e3a1a0-0cbf-442e-aad9-c9e0bb85f54e,3a3aa59a-f674-485b-87e1-2cc8a25f2707,"House No. 84, Civil Lines Nagar, Buriya",26761411-cf0a-4118-9225-5d7d50d855c6,135101,permanent
bd05683b-43b0-4400-868b-83b6ed22f361,c22e9823-2792-4a14-93e2-e195038bf6e0,"House No. 130, Kotla Mubarakpur Colony, Buriya",26761411-cf0a-4118-9225-5d7d50d855c6,135101,permanent
fe29dd6b-ef06-4920-a3df-dbca38eb1132,2a395363-5caf-4fc5-881c-9379e392cd82,"House No. 206, Pusa Road Street, Moi Purani",f635f2bf-e22f-4f52-980e-3ff7681f1784,333516,permanent
c75331a1-f991-4dc1-96a5-4aec62a70a53,64d8b984-2a98-448d-a4fb-7784ce6b1b44,"House No. 206, Pusa Road Street, Moi Purani",f635f2bf-e22f-4f52-980e-3ff7681f1784,333516,permanent
e00fea08-269a-450c-b9ed-c310f4646715,c85e0d91-7387-4037-877d-ad65f52e9468,"House No. 206, Pusa Road Street, Moi Purani",f635f2bf-e22f-4f52-980e-3ff7681f1784,333516,permanent
eabfec83-19a1-456b-9f28-378af60066b3,fb2ddcd8-b6d6-480b-a586-c11f057f2ac8,"House No. 206, Pusa Road Street, Moi Purani",f635f2bf-e22f-4f52-980e-3ff7681f1784,333516,permanent
fd6cdeab-f106-4828-8a12-f2bd79a4aa01,d652012d-6da4-4652-838b-f92d10caf885,"House No. 272, Lal Bahadur Shastri Marg Extension, Ochhari",03f4af80-1def-4823-bfa0-337b4814ad8a,312001,permanent
757801ed-22ed-4e90-b5b0-35c077f56a7c,a53fff68-2c1f-4540-a9b7-9187343dc876,"House No. 272, Lal Bahadur Shastri Marg Extension, Ochhari",03f4af80-1def-4823-bfa0-337b4814ad8a,312001,permanent
72e3095c-ba9c-4a84-a382-9bca19fe53c3,a53fff68-2c1f-4540-a9b7-9187343dc876,"House No. 263, Green Park Lane, Parbatipur",9d0acc1a-7cf8-43d2-b9dd-df559896f394,756166,current
b8acf53f-4fa9-4a15-be11-cc3855a9fa5a,e65d5b8c-5112-4c21-9377-cf405105346f,"House No. 4, Prithviraj Road Marg, Nadan Mahal",dd569924-080f-4344-80fb-cdbb7bc41e6a,226003,permanent
2b956ede-1601-4ae1-802e-2a65e1d49c6a,3b9d407c-f589-4074-a783-0b6544c53a15,"House No. 4, Prithviraj Road Marg, Nadan Mahal",dd569924-080f-4344-80fb-cdbb7bc41e6a,226003,permanent
