account_id,person_id,organization_id,account_number,account_type,ifsc_code,opened_date,status
d703b101-049f-4631-8f11-7604b1ac34cb,aec12e43-108b-427a-aa5e-9172fc135ca3,74cbcd35-a499-4126-9ef6-5f152493f4c3,8291471223650,savings,VIND0648538,2020-11-17,active
5dc34964-ad02-44bf-97b7-412dd72a5b3f,cc1a9eaf-455e-4d5e-bd79-a5b244d64a1f,995610ee-7319-44cf-91d6-762cbabda860,86136361932270,savings,ARYA0627280,2019-04-04,active
9a417800-7872-4268-a54b-156d394cab08,2fb9ccba-04e4-4ccc-96fd-eb1d1b3c35f7,74cbcd35-a499-4126-9ef6-5f152493f4c3,955519532616,savings,VIND0565158,2016-02-29,active
ebcc52b1-56ef-46e2-b245-8219fdd1e343,5c967353-da8f-4dfc-9a6b-ecda50d103bb,b3d110d6-dd86-46e5-afdd-29626fb388bc,764013377886,savings,BHAR0585110,2018-03-11,active
b6a829ce-75ca-421d-804b-912c61491def,a6a6df1b-5f66-4c8b-b473-5a3ab770f17a,62caaed0-52b6-4150-8182-69dce04eace6,50905737733584,savings,HIMA0243923,2021-10-03,active
026a9a74-9c71-407e-9c41-66d2d6bb5daa,53240630-41a5-484a-b367-e3c8ea343e4c,74cbcd35-a499-4126-9ef6-5f152493f4c3,91193525891623,savings,VIND0361713,2024-08-30,active
1d6f3462-da17-447b-b389-d64ba81739ae,565e485b-93b0-4779-8562-889a76de5c1d,74cbcd35-a499-4126-9ef6-5f152493f4c3,838338545067552,savings,VIND0485188,2017-10-12,active
2299ff9b-c7b1-4ae6-8b1b-a81ea5bd462d,ad49bd53-d644-487a-8590-ae1d570c3454,995610ee-7319-44cf-91d6-762cbabda860,25532847061019,savings,ARYA0166984,2024-11-23,active
01d9d13d-ce17-4112-b592-91f5c5e47435,5d306493-b101-41ff-8897-5fb63e8d853f,995610ee-7319-44cf-91d6-762cbabda860,90156239169572,current,ARYA0749636,2016-02-23,active
086d130f-6642-4e82-8d74-cc016d63eacd,7a8dcb3d-2353-4f1c-8481-583a228493ce,028cd423-18ca-4188-9745-0259bc076a11,380539250811,current,KALI0972464,2016-09-05,active
52a85c01-de52-42ad-a08b-2343991a9ea8,da22d3e9-8ebe-4152-94ca-c6259d859ad8,162db169-8d7b-407e-a855-c3ed1753cd2f,0325155426283,savings,PRAG0326472,2018-09-24,active
b9bd9431-c268-4ef5-919d-426946c58922,6bfc4329-68a0-4317-9c16-a40b7be04ac2,af8d2f2c-d3a5-4224-82d8-a44160ddd556,96049963468057,savings,INDR0128039,2019-04-03,active
28f687fa-03ab-4301-bcba-257bb7b4e430,0b96f7c8-c4cb-43cf-aba8-22d1638b549b,995610ee-7319-44cf-91d6-762cbabda860,937409779592,savings,ARYA0965986,2015-09-20,closed
d49c1c88-63b6-4c03-9707-5df9104a2bc3,16817167-1c76-444a-b3c0-c65e54712a2a,74cbcd35-a499-4126-9ef6-5f152493f4c3,789739282614,savings,VIND0754648,2017-10-19,active
ac1b3693-d6fb-41e9-a4c0-532c5297df3f,7d6f20e1-961e-46de-8504-3ea2f6d7692a,74cbcd35-a499-4126-9ef6-5f152493f4c3,081784947188,savings,VIND0710184,2020-11-04,active
c58d7679-cccb-4867-b6a8-6e7ec89a7747,bb92ad30-66e1-4be1-b2ff-cf53d52b6c13,74cbcd35-a499-4126-9ef6-5f152493f4c3,299564360470,savings,VIND0347921,2023-04-03,active
5f32c289-752b-409a-a30c-c9a4d1a78ae1,73afdf7b-f403-4f68-a828-79d245d66657,162db169-8d7b-407e-a855-c3ed1753cd2f,107640131115,savings,PRAG0523502,2016-02-17,active
c1d3c471-7769-43f4-ad08-748b75a622ff,73afdf7b-f403-4f68-a828-79d245d66657,028cd423-18ca-4188-9745-0259bc076a11,7517074091079,savings,KALI0107414,2021-09-13,active
7a5da181-3316-439a-852d-ab1cae9cd86f,73afdf7b-f403-4f68-a828-79d245d66657,b3d110d6-dd86-46e5-afdd-29626fb388bc,5939643034448,current,BHAR0335261,2017-12-07,active
7039190d-4c3b-448a-bb9e-b55d48ab8ff6,3c9c5911-b0c5-46cd-8e9f-f136e566c0be,62caaed0-52b6-4150-8182-69dce04eace6,12212447834746,savings,HIMA0676442,2020-08-17,active
15bf003d-44a9-4cbc-8bc9-d47a2ee1d073,3c9c5911-b0c5-46cd-8e9f-f136e566c0be,3f606703-201b-446a-8ddf-fdde82de8f2e,0940315920509,savings,DAKS0321335,2015-07-08,active
603deec5-33e1-47ab-b87a-482b6f825b20,836fb355-2c29-4670-84f7-d2bbc5a3a9f9,af8d2f2c-d3a5-4224-82d8-a44160ddd556,2394380364213,savings,INDR0481703,2018-03-21,active
039269ca-22b4-4552-97fd-48e7dcccec47,24abd191-d037-4855-b375-7a464e656ced,af8d2f2c-d3a5-4224-82d8-a44160ddd556,653922484704,savings,INDR0124259,2023-01-23,active
f55a6baa-7f07-42aa-a8fa-7bcad369c644,e8b38c53-06e8-4472-92b1-ba4b33753200,b3d110d6-dd86-46e5-afdd-29626fb388bc,29319612823294,current,BHAR0423183,2018-08-29,closed
0ace551c-ec65-4733-8659-d54156031be4,f3cb50b6-edbb-44e2-987c-13cf7b2b22ef,162db169-8d7b-407e-a855-c3ed1753cd2f,552229209938,savings,PRAG0904129,2016-04-23,active
8f9832e0-5003-4543-ae4b-8c15484e29f4,e519fc8a-3b2e-4b65-abe6-bb0356808a54,74cbcd35-a499-4126-9ef6-5f152493f4c3,786226590493069,savings,VIND0232905,2022-05-27,active
beef5a89-bb6c-4f1c-83a8-4dd946e16ab6,deae4823-68b5-44b6-964e-e48543f0c8e6,62caaed0-52b6-4150-8182-69dce04eace6,626772204846,savings,HIMA0324176,2015-08-05,active
da4a40a4-e6e5-422c-adc8-e4e2a82bd3ab,6641b356-0f73-4184-9190-a96424cd43c5,62caaed0-52b6-4150-8182-69dce04eace6,80475663678901,savings,HIMA0379750,2023-02-16,active
b0193b85-ebdc-4b4f-824a-f14d8de12ddf,39967684-7922-4d5f-a5c0-c1f2a4d2eb10,995610ee-7319-44cf-91d6-762cbabda860,0035111010653,savings,ARYA0990872,2019-03-08,active
c88706df-a92f-4f04-a4cd-c8bac39627ab,7d3c7594-2c8b-4e80-b2c0-0f5c9b86ec99,af8d2f2c-d3a5-4224-82d8-a44160ddd556,53536281430194,savings,INDR0140152,2020-12-01,active
9d2dae96-9d3f-4549-ace6-611418e3560a,f6a345fd-f373-45ae-897b-3a5e448f0a10,3f606703-201b-446a-8ddf-fdde82de8f2e,0487633750126,savings,DAKS0232799,2021-04-26,active
bd2eefa2-a166-43e2-af73-307f8c501a74,f6a345fd-f373-45ae-897b-3a5e448f0a10,74cbcd35-a499-4126-9ef6-5f152493f4c3,4163797004920,savings,VIND0326274,2017-12-30,active
555ec1c9-0693-43f0-88ea-68f38d6fd4ff,c453596c-6636-48eb-9b21-2a9aab157eab,62caaed0-52b6-4150-8182-69dce04eace6,960620446998,current,HIMA0546837,2024-07-30,active
2921d06f-8954-4965-ba2e-1f9e8bbb090c,54c82bdd-31ea-4ed6-9d88-87aa3fa602dd,995610ee-7319-44cf-91d6-762cbabda860,02129375218683,savings,ARYA0549383,2021-08-13,active
3b8aa7b1-8b61-476e-a9c4-218757701d6a,54c82bdd-31ea-4ed6-9d88-87aa3fa602dd,3f606703-201b-446a-8ddf-fdde82de8f2e,61563253154752,savings,DAKS0285607,2022-01-08,active
a37d7dc1-5db4-4dbc-8748-2c01e607024a,a58cce80-7076-468f-94d2-5d9da15f955b,028cd423-18ca-4188-9745-0259bc076a11,728949676409184,savings,KALI0542146,2023-09-09,active
019eee0b-c8e1-440f-a598-a5241c362673,01a47444-734f-4ef7-a3a4-92fd4f5673d8,162db169-8d7b-407e-a855-c3ed1753cd2f,7615170514791,savings,PRAG0852377,2023-04-14,closed
9edf668c-d636-46e2-bc58-eb86c37cc7e5,f41f457b-1975-41bc-97f0-d83efefcce31,af8d2f2c-d3a5-4224-82d8-a44160ddd556,40591769844283,savings,INDR0230177,2017-09-11,active
819ded1d-f158-48da-a3a2-87ce134cf56f,67f57f97-1080-4f10-89a8-902ba86ece6f,74cbcd35-a499-4126-9ef6-5f152493f4c3,28617541608252,savings,VIND0902041,2021-04-13,active
476fef92-d0c7-4db0-835c-60f5eacaf95f,3c7a9e48-11c9-4597-a7d4-fc6136349c43,af8d2f2c-d3a5-4224-82d8-a44160ddd556,063944149315825,savings,INDR0202084,2023-01-16,active
9c4138f6-d2a2-466f-9226-5e2c064ea226,43fbb141-67d7-4de2-8f11-99a6591b1748,162db169-8d7b-407e-a855-c3ed1753cd2f,104340907704,savings,PRAG0601314,2023-01-10,active
917da786-4b9e-403d-a37f-0b7bc09ca517,a0eec687-e78f-40c8-b68d-013ff0f8149c,162db169-8d7b-407e-a855-c3ed1753cd2f,183414516418,savings,PRAG0293241,2018-07-18,active
f60afb36-edda-4c0c-a3d4-d45862dfc4d6,8970fbd6-6aef-45b0-9c43-bcb423be1445,74cbcd35-a499-4126-9ef6-5f152493f4c3,311797208134,savings,VIND0813838,2015-09-11,active
2738167e-a413-4688-ab5d-13fceba7f3fa,745b0fba-f5d3-40c3-9aa5-758b06aa1954,74cbcd35-a499-4126-9ef6-5f152493f4c3,4355343583784,savings,VIND0294587,2017-01-02,active
2995424e-f4ee-46dc-b4af-a85f8c7054b3,712178c7-7e72-43da-a358-1a4770b8ddcf,62caaed0-52b6-4150-8182-69dce04eace6,6834717039729,savings,HIMA0546051,2018-01-18,active
24ebd181-33ea-4d53-b484-8fce3da4bebb,962061f8-7a5c-4543-b468-5740d2455ac9,028cd423-18ca-4188-9745-0259bc076a11,78384894543481,savings,KALI0141387,2018-12-30,active
afb6c07f-d560-4e6a-adbc-82916b720358,5bac2cac-75e9-4981-98e1-8b843874d8fd,b3d110d6-dd86-46e5-afdd-29626fb388bc,38887436678211,savings,BHAR0624468,2019-07-25,active
f2ae8c98-ec54-4039-8c45-410096caf453,8f894cdd-94c2-4c60-b0af-002ffeeb7d56,995610ee-7319-44cf-91d6-762cbabda860,76827072531580,savings,ARYA0374303,2017-05-29,active
542070c8-6367-40f1-9a2a-dbe312cd4f08,dd4f5e05-61d1-41cf-8117-8089f01c9c54,995610ee-7319-44cf-91d6-762cbabda860,110340369763,savings,ARYA0435848,2019-12-21,active
90d19564-5ea6-46de-ab2e-c7597f4eb516,7af59a83-c416-4442-9060-f4a577034180,af8d2f2c-d3a5-4224-82d8-a44160ddd556,62754485267247,current,INDR0404163,2023-08-03,active
628dcaea-e5dc-42e3-b075-9a0ff6dacf75,7af59a83-c416-4442-9060-f4a577034180,62caaed0-52b6-4150-8182-69dce04eace6,9800534831834,savings,HIMA0150358,2024-01-07,active
2cd55153-b8bf-4d7d-ba7e-397bc6abb89d,9e93689b-011c-49bd-b38e-4270bcbb6dbe,995610ee-7319-44cf-91d6-762cbabda860,8118446579985,current,ARYA0397402,2024-04-05,active
733a4cde-b54d-492c-b85c-f2a3f239c05d,1625d745-435b-464f-8b41-7bb07e32d54f,162db169-8d7b-407e-a855-c3ed1753cd2f,17431602423545,savings,PRAG0148884,2021-04-21,active
53b9e63f-cac5-40af-91c9-592b20f4ef74,21b3d97c-017c-48d5-bb9d-45ec192822f3,028cd423-18ca-4188-9745-0259bc076a11,7046418086649,current,KALI0654186,2023-03-13,active
c609c38b-617f-4a1f-9bfe-e17f6f187328,21b3d97c-017c-48d5-bb9d-45ec192822f3,3f606703-201b-446a-8ddf-fdde82de8f2e,0212899464010,savings,DAKS0681245,2021-12-22,active
5ec5138f-44f0-4381-b03a-ebc281803eb9,1566dfa7-583e-4869-b4e2-ec7267bbbf29,62caaed0-52b6-4150-8182-69dce04eace6,9359784343131,savings,HIMA0457574,2015-12-11,active
ab4ebb87-f2f1-4764-9538-9b5d7504b106,376f27e4-a6c9-48fb-be55-e53c25f6e965,995610ee-7319-44cf-91d6-762cbabda860,391748992655,savings,ARYA0229754,2021-06-20,active
847f1011-51f7-47fd-a88e-2da853b6f1fe,07723ba6-e0c7-4d35-944b-4ca10f7d77c8,b3d110d6-dd86-46e5-afdd-29626fb388bc,751408781676,savings,BHAR0612836,2023-09-23,active
8dd75369-3365-484a-80a3-5254491c9c05,4c7e0c24-796c-4ac8-8674-03843b089a56,162db169-8d7b-407e-a855-c3ed1753cd2f,81717093166087,savings,PRAG0895880,2022-09-29,active
2dc01ec4-ea8a-4723-ab8a-e3c03de28115,5316156b-196d-4335-8a2b-336865fd84ef,3f606703-201b-446a-8ddf-fdde82de8f2e,2188266836495,savings,DAKS0783144,2021-07-21,active
156cbad4-9554-46ed-b388-96891bd7513d,38f3835d-dbc8-4d65-9ac7-7b55580d0924,af8d2f2c-d3a5-4224-82d8-a44160ddd556,50873548563645,savings,INDR0384169,2019-07-27,active
bb968771-5db3-4de9-8df8-7076485a1701,a6e01bb6-e7d3-41a8-8e60-51bb1616d131,028cd423-18ca-4188-9745-0259bc076a11,9953625800323,savings,KALI0212743,2022-03-08,active
80ee4baa-a14a-472c-ae13-be1d11574afc,301d5ff0-c633-470a-991d-b434ba34b84c,b3d110d6-dd86-46e5-afdd-29626fb388bc,382245895358,savings,BHAR0972894,2018-10-21,active
624451eb-a835-4697-a772-d6d9948ddc13,53cdddf2-09d4-4405-a72d-eed3c559550a,af8d2f2c-d3a5-4224-82d8-a44160ddd556,4608076973260,savings,INDR0747604,2023-02-14,active
e6a897fb-7fdb-4a76-b7d8-45f670dc0ff0,712d9149-66e4-4e37-87a3-98f91e39528b,af8d2f2c-d3a5-4224-82d8-a44160ddd556,1183778438831,savings,INDR0874231,2016-05-27,active
76446f75-4a2d-4929-afb3-c185be3bccc9,c1d30be8-ee50-43a5-9786-cad8b0d2fec2,b3d110d6-dd86-46e5-afdd-29626fb388bc,124861655968484,savings,BHAR0494483,2021-11-07,active
8d0f7fe4-6b95-4bb6-abde-5d55973926d1,a3ea767d-af72-417a-985f-a19a89b8725a,af8d2f2c-d3a5-4224-82d8-a44160ddd556,9024780384749,current,INDR0787014,2024-02-12,active
2c2111aa-a21b-4b49-8248-f495fa4120fe,6663fe0b-b0ec-457f-8dea-1ab513b8f811,028cd423-18ca-4188-9745-0259bc076a11,30148160611344,savings,KALI0442617,2015-07-14,active
f48e078e-e371-46c8-87c6-7d06e7bd32a9,f71fa1e6-87cf-4997-9bc1-79e082224e7f,028cd423-18ca-4188-9745-0259bc076a11,0335067545652,savings,KALI0645431,2020-08-05,active
f8ae8fff-e4b7-4c74-a565-4c05e32bfd0d,b97243d8-5458-4ae9-8928-9a34f805e531,af8d2f2c-d3a5-4224-82d8-a44160ddd556,85110054161222,savings,INDR0302581,2019-07-17,active
f323e634-be73-4fa7-b374-605c253dfbb2,b24af610-2d8d-4597-b400-5c224281b9ee,3f606703-201b-446a-8ddf-fdde82de8f2e,90379378421440,savings,DAKS0333827,2024-08-21,active
c0fe0dbd-5069-443d-a46f-bcd7f8c40bab,9a88128b-a11e-4719-90d9-57dd6d1507f6,162db169-8d7b-407e-a855-c3ed1753cd2f,8537310155361,savings,PRAG0251082,2016-03-29,active
825833e4-7fbe-4a5f-836b-f00435340b6b,fecebe3d-821d-4461-8f73-50f40303c96c,028cd423-18ca-4188-9745-0259bc076a11,6350987223611,savings,KALI0935717,2020-02-11,active
32b1730c-f2b3-441c-8a89-0b9518c4555a,7d9588a6-ed36-4e65-a049-b78ff1fed110,995610ee-7319-44cf-91d6-762cbabda860,6480048716374,savings,ARYA0235894,2016-05-25,active
be048497-d17c-4607-8bcc-be5349e3af16,6e07c906-1153-49c1-9237-6453f147a589,af8d2f2c-d3a5-4224-82d8-a44160ddd556,2191538629339,savings,INDR0632600,2016-06-04,active
fde6f1cb-bffd-4929-bb92-f64388b74d89,3b2df297-1cf6-4878-9cdd-a165757f4d13,b3d110d6-dd86-46e5-afdd-29626fb388bc,12491784186535,current,BHAR0918470,2024-10-04,active
a062289e-d0ed-448d-a47d-5f98e5fadcda,9b9968ed-f49c-4780-9212-f09b9ed9dd66,3f606703-201b-446a-8ddf-fdde82de8f2e,844412688629733,savings,DAKS0364953,2022-05-16,active
c0043fc7-31d4-4a6e-8cb5-0e999cf5d05c,074205e4-695a-49ad-8587-d67af4f735c7,162db169-8d7b-407e-a855-c3ed1753cd2f,743130067674,savings,PRAG0468339,2020-10-17,active
d772631d-57d8-44a3-a4bb-d92bbdc21222,f1a8d7c2-5601-4f24-9a1e-a4602b9fc452,162db169-8d7b-407e-a855-c3ed1753cd2f,51690653900936,savings,PRAG0828836,2018-07-23,active
7ed10a5e-44f7-4805-83d0-b738e08b64b1,95b21a34-896e-4a99-ab1f-18b495bd8672,62caaed0-52b6-4150-8182-69dce04eace6,660935155145,current,HIMA0993478,2016-10-26,active
4b415ee6-8c9e-4550-a9f1-9c73b5879e80,f0b9c854-5c74-4e1d-9a3e-d98aad2eb796,74cbcd35-a499-4126-9ef6-5f152493f4c3,730637516960,savings,VIND0498470,2024-06-23,active
f6b89e39-c0d9-48f8-9696-5dd24622f3e1,a320ee3a-ba3e-40b3-b0e9-2d9266f355fc,62caaed0-52b6-4150-8182-69dce04eace6,7915335031724,savings,HIMA0822865,2020-03-16,active
b7c4a05d-6415-4cb8-adf5-b117e22d3f60,9140c2ff-ada7-4be4-bfc7-25b0945d4bea,028cd423-18ca-4188-9745-0259bc076a11,3622209472147,savings,KALI0555638,2022-08-24,active
2a182c21-2001-4156-b0f7-aa3792125ce6,699e5332-74a6-40da-a531-fc66bae1556e,3f606703-201b-446a-8ddf-fdde82de8f2e,0991578741140,savings,DAKS0904944,2018-02-28,active
be75c159-77f9-48b9-aca3-8b1191fbef31,ffb11dae-2aff-4e98-8384-6b2169e79785,3f606703-201b-446a-8ddf-fdde82de8f2e,6257315562229,current,DAKS0586656,2023-10-02,active
d5bcefe8-b969-4c80-9f16-a41390d49337,ffb11dae-2aff-4e98-8384-6b2169e79785,62caaed0-52b6-4150-8182-69dce04eace6,76803445509768,savings,HIMA0903883,2019-06-17,active
adb5a25f-e4c7-4ab7-af1e-249faa426241,d06d2263-8e37-4e7b-8d00-e8d5e0999b11,62caaed0-52b6-4150-8182-69dce04eace6,68730776042406,current,HIMA0182392,2020-11-13,active
8050ed21-74c3-4161-8792-0a0b7244f806,4f5ce979-ecb2-4e53-b0e3-6c1a025dc4a2,3f606703-201b-446a-8ddf-fdde82de8f2e,9852674366336,savings,DAKS0184512,2016-09-22,dormant
62404d2a-6b63-42fe-b0e0-b184534af5e3,1c999a98-2351-4786-bf7d-c1a622ce58c6,995610ee-7319-44cf-91d6-762cbabda860,0582087699281,savings,ARYA0862768,2018-01-13,active
88b28964-71a6-4174-9339-977a308d3057,1b6cec20-660f-4e8c-a927-c4b64d300ec3,028cd423-18ca-4188-9745-0259bc076a11,18432304288036,savings,KALI0700766,2021-07-09,active
4373f5d1-612f-4c74-83da-05a4ab58b3c0,5d819959-67b8-47c8-9d65-bc44c7d4d99b,af8d2f2c-d3a5-4224-82d8-a44160ddd556,78630979262857,savings,INDR0781269,2024-11-24,active
6b758131-72d2-4410-a34b-80f1cf1f238b,5d819959-67b8-47c8-9d65-bc44c7d4d99b,b3d110d6-dd86-46e5-afdd-29626fb388bc,62685588876359,savings,BHAR0604940,2017-08-11,active
6f91cb4a-4ef8-44a7-a40b-1d6f7664c43b,c8388749-8792-499f-8d2c-46c54adc4495,3f606703-201b-446a-8ddf-fdde82de8f2e,263579855624,savings,DAKS0263466,2018-01-10,dormant
de789b89-16ec-4e0e-8f08-ddead78598ec,e9888f39-cbf1-4770-824b-aa4262afc197,62caaed0-52b6-4150-8182-69dce04eace6,1590193722892,savings,HIMA0752351,2016-03-16,active
f9982138-d31b-4bee-a38b-5a9accee34be,718c8dcc-4632-4831-aa1a-5706160a9a02,b3d110d6-dd86-46e5-afdd-29626fb388bc,8706367234078,savings,BHAR0639954,2019-08-08,active
69c3d382-8cb9-427e-b422-c1887fdad9c1,760ca9ec-df70-4aa9-a799-c8069fb2dc29,b3d110d6-dd86-46e5-afdd-29626fb388bc,339620443500,savings,BHAR0926641,2021-06-18,dormant
f0ad09ae-f7b1-4d83-92a6-a5a7aa21b3d3,91cd6afb-4617-4190-8d3d-0b5d013a15ca,af8d2f2c-d3a5-4224-82d8-a44160ddd556,7879400902983,savings,INDR0123192,2019-04-03,active
9ad4ca83-c3e1-4f7e-9277-dd2b022c2e86,ae38c930-a117-47db-80b6-e927f80e043e,3f606703-201b-446a-8ddf-fdde82de8f2e,4338723420350,savings,DAKS0160511,2022-01-15,active
1a59a0c4-0337-44d2-8af5-a3bbbb59990a,07834000-fe76-48d2-80ce-6b74fc220c82,b3d110d6-dd86-46e5-afdd-29626fb388bc,566792153470375,savings,BHAR0136682,2020-03-24,active
a812a61b-d387-45bc-a379-a5d1a01bc2a9,549aa514-5e8b-486c-b99a-ac0a449bc98e,3f606703-201b-446a-8ddf-fdde82de8f2e,671346474179,savings,DAKS0488775,2018-05-05,active
f697084c-95a3-4b62-9d36-eac35023bf67,3dcb8dd5-0888-428b-9965-b49080f53d22,af8d2f2c-d3a5-4224-82d8-a44160ddd556,0206561097355,savings,INDR0464242,2018-05-06,active
2f0ed05a-a627-458d-9842-fabec296b97d,43d397f3-6279-4e7b-b1e1-d2dd053d82d2,af8d2f2c-d3a5-4224-82d8-a44160ddd556,99843161650978,current,INDR0427823,2022-08-04,active
8e067137-547a-488f-95ad-3580abec346a,43d397f3-6279-4e7b-b1e1-d2dd053d82d2,162db169-8d7b-407e-a855-c3ed1753cd2f,5889863591044,savings,PRAG0524678,2020-02-08,active
bba5bd42-29bf-4dc6-bdd0-006dd8a786b6,5cfd4624-2057-46b8-8433-475f7f34adfd,028cd423-18ca-4188-9745-0259bc076a11,015275035050,savings,KALI0377300,2016-03-10,active
2ad9538c-f42b-429d-aa7c-162f93861bd5,ea862a2e-c6f9-4145-a0be-80792bd28d47,74cbcd35-a499-4126-9ef6-5f152493f4c3,89667363549367,savings,VIND0432455,2022-01-03,active
6ba3e2fa-1c48-4e4a-ab41-4ff30d765f07,cf32ee4c-d024-4cb0-ad3d-343fd4281f72,62caaed0-52b6-4150-8182-69dce04eace6,3111783179857,current,HIMA0725324,2019-09-17,active
6b917359-ab0a-421a-9a4e-0eddd6db0edd,dc49f805-8eab-470f-bacd-57345748432f,b3d110d6-dd86-46e5-afdd-29626fb388bc,63153918796948,current,BHAR0963788,2020-02-25,active
9d962fde-1647-4491-94a1-1fea23b1a618,e67efc8b-b5d7-4752-ba74-2556fa0680a0,af8d2f2c-d3a5-4224-82d8-a44160ddd556,9331949633343,savings,INDR0738676,2020-03-04,active
85c5e9d6-d381-44b5-87e0-b11562e0cfcd,df8f9173-d8b6-46df-ad3c-2ebcbba09b2e,62caaed0-52b6-4150-8182-69dce04eace6,54718040341488,savings,HIMA0777505,2017-07-19,active
2e960e38-4d22-44f4-8eb0-6c85fe1d0b08,6682d7a0-40b3-4146-9c36-1cf8a8ec6ee9,162db169-8d7b-407e-a855-c3ed1753cd2f,14305159752480,savings,PRAG0261431,2024-03-22,active
442c3f5a-e9b2-485c-975a-2c0936a4aff8,6682d7a0-40b3-4146-9c36-1cf8a8ec6ee9,b3d110d6-dd86-46e5-afdd-29626fb388bc,705094849205834,savings,BHAR0533317,2017-12-08,active
869c92fb-8550-4d44-b811-9a2da157dc63,01ff5430-981d-4acc-b71b-e8eda2603794,af8d2f2c-d3a5-4224-82d8-a44160ddd556,2588145922153,savings,INDR0740215,2015-03-19,active
500245d4-6824-47d5-a50c-9659471caf95,b7cff819-060a-449b-852f-b6fa908f7602,62caaed0-52b6-4150-8182-69dce04eace6,638622080081,current,HIMA0416844,2020-10-19,active
b94baf7e-cceb-43bb-a633-118b052641ea,df08f019-1a45-4556-8724-3339c8bbdda0,3f606703-201b-446a-8ddf-fdde82de8f2e,734269670463,savings,DAKS0853833,2024-06-25,active
01e8183f-d995-43bd-aa1e-8928ed9a791b,df08f019-1a45-4556-8724-3339c8bbdda0,162db169-8d7b-407e-a855-c3ed1753cd2f,569955225157075,savings,PRAG0579784,2020-03-09,active
dc6407e3-fd4e-4f65-8e41-645d4bb80d89,012daffe-1970-46c9-a13d-c4bacae01ef1,62caaed0-52b6-4150-8182-69dce04eace6,77518632765948,savings,HIMA0609993,2016-08-05,active
b7904236-82f8-4ff4-bcd8-b013a0067ea5,cb8afa22-9dcc-4a1f-bff4-ecc5cc58751b,af8d2f2c-d3a5-4224-82d8-a44160ddd556,16571175793758,savings,INDR0133345,2016-02-04,active
cdef1806-a204-477e-bb7c-206b1c0983ac,f9082f71-b52c-4e51-b39a-abd8b62427ca,af8d2f2c-d3a5-4224-82d8-a44160ddd556,006908731811,savings,INDR0181754,2015-03-11,closed
da20cc3a-5f77-478c-83e8-3b9285672361,75680bcc-ed61-4f6b-82cc-ee0ee0cc0418,b3d110d6-dd86-46e5-afdd-29626fb388bc,66612595947971,current,BHAR0751297,2015-07-13,active
8ed6f422-afa2-416e-88bb-384958cd7a6f,e2d76151-3686-452b-b77e-22284bd5ee00,3f606703-201b-446a-8ddf-fdde82de8f2e,66990504401417,current,DAKS0720959,2023-12-19,active
6bb22b46-b455-4dc5-823c-571e31225f12,7d7a9547-367c-47ec-8c5c-05fb43f36340,028cd423-18ca-4188-9745-0259bc076a11,509040557226293,savings,KALI0761357,2019-11-01,active
babbdd6d-f2a5-426b-8a0d-d84481d2f5fa,11f66c15-42c7-4d15-9e72-09f72d5ac4bf,74cbcd35-a499-4126-9ef6-5f152493f4c3,104012885910013,savings,VIND0673765,2015-05-08,active
51e4ee91-98fe-4376-9d6a-d3d81c9f69d8,53d50e04-c90d-47d2-8f09-955a737af76e,af8d2f2c-d3a5-4224-82d8-a44160ddd556,4543461568090,savings,INDR0446714,2016-08-20,active
acc6495a-567c-482d-ad02-d6eb97f391d9,2079b283-a7d9-4c89-9be5-31d74e456d99,3f606703-201b-446a-8ddf-fdde82de8f2e,0547020743572,savings,DAKS0259451,2020-07-07,active
94cec486-6bee-442d-aeae-8d152c0bc73d,9a4680dd-40f5-4b82-aa4c-99ee4feb8599,3f606703-201b-446a-8ddf-fdde82de8f2e,91908150988071,savings,DAKS0734336,2020-08-27,active
5cd936da-82b6-4d03-bb77-282ac1438b69,59b6287b-4b20-4b6f-a0b3-d60ecf53823d,b3d110d6-dd86-46e5-afdd-29626fb388bc,15575647060199,current,BHAR0660588,2016-06-06,active
1990f4de-5956-4309-9175-cfbf28ed7e50,8168a6dd-e43e-4aa9-a49c-8f2189f923be,b3d110d6-dd86-46e5-afdd-29626fb388bc,337516039035,savings,BHAR0569190,2023-01-23,active
63d40778-20a9-4b24-8d0e-3c8278bac63b,50f7fbea-3d0f-4a6f-a225-c90d955b7604,74cbcd35-a499-4126-9ef6-5f152493f4c3,647957158408,current,VIND0624286,2020-04-24,active
1828fdb9-9835-4242-962f-8ec22ea736ef,dcec1ec7-22d1-4f2e-84c3-77c259c5a64f,62caaed0-52b6-4150-8182-69dce04eace6,889729477106,savings,HIMA0121681,2015-04-15,active
6c58b6f0-ad7e-4322-bed2-54769008027b,40d2d75f-cb6f-4851-ac2b-5a944fd70a7b,af8d2f2c-d3a5-4224-82d8-a44160ddd556,9216016357509,current,INDR0687527,2018-12-09,active
d60e5309-8330-4c38-b7db-6dbf0f565f6d,6a04491d-36e6-45f3-a428-ed6c96715aab,62caaed0-52b6-4150-8182-69dce04eace6,9356843171507,savings,HIMA0192766,2018-08-14,active
f2503745-d2b7-4133-8e81-4f13aea97e74,bff07c3e-99b6-4e90-b956-a2a3d0d834be,62caaed0-52b6-4150-8182-69dce04eace6,2074738940528,savings,HIMA0540565,2022-07-17,active
262c907b-d0be-43ca-a6a3-824599b5df96,7d9f96cb-4c17-4959-a040-fb670e93f618,62caaed0-52b6-4150-8182-69dce04eace6,967562416406,savings,HIMA0859975,2021-08-10,active
a789fa2b-eacc-453c-a294-ae0bead68aa9,60ca7f45-5c8b-45bc-9118-f8b0b54b9cc3,74cbcd35-a499-4126-9ef6-5f152493f4c3,206453162334375,current,VIND0855291,2017-06-19,active
9400f443-ed14-4527-bd18-85971490fa6c,d89d4677-b509-42a7-b8bf-f03bf9012399,995610ee-7319-44cf-91d6-762cbabda860,16683443978957,savings,ARYA0334622,2016-04-27,active
d01a89d3-febe-4db1-b4d5-a3eaf1d9e04b,d89d4677-b509-42a7-b8bf-f03bf9012399,74cbcd35-a499-4126-9ef6-5f152493f4c3,753212218555,current,VIND0113798,2021-11-22,active
f11ceaa8-6a21-4aea-a7a2-fadc3b2e2a08,29736372-b9ba-485f-95b1-4315ada4ef1c,3f606703-201b-446a-8ddf-fdde82de8f2e,848064406236,current,DAKS0798809,2024-06-20,active
01f59726-c692-4e38-8e6b-f4de1fa95e77,23b2c16e-a372-4057-94cd-b19071edd156,74cbcd35-a499-4126-9ef6-5f152493f4c3,32412741815571,savings,VIND0762966,2023-05-07,active
fb74106e-6a70-49fb-b760-ba1da823e35d,a497cc0b-8883-41d6-99c6-3b5af50679c2,74cbcd35-a499-4126-9ef6-5f152493f4c3,47595913660268,savings,VIND0779359,2023-06-14,active
1ec7f1ef-c8f6-47f7-8c6d-4f03035f6d01,8bc8a00b-acca-4722-ae5d-3d35bdad668f,162db169-8d7b-407e-a855-c3ed1753cd2f,7258948202709,savings,PRAG0123099,2015-06-03,active
a1dab4ae-fd3d-4fdd-8457-c82c9f1eb374,1173569c-c9f7-4111-adcd-efbdda71c32c,995610ee-7319-44cf-91d6-762cbabda860,9155716682866,savings,ARYA0291485,2020-01-25,active
3269c0bf-fd09-408e-9f48-0de9f2a9520f,f29f2bb9-bc41-4751-856b-64748d5f640a,162db169-8d7b-407e-a855-c3ed1753cd2f,4568361797479,savings,PRAG0998668,2020-02-09,active
8ec1568f-5550-4833-89e0-a85b4f615306,5ce28779-6af5-400c-b3bb-0933d4c6adab,af8d2f2c-d3a5-4224-82d8-a44160ddd556,80624072732754,savings,INDR0894555,2021-11-11,active
acab99b7-78dd-4abe-8154-38ecdeb3f164,ad8dfa60-1332-479b-8c85-4620bd0b02c0,62caaed0-52b6-4150-8182-69dce04eace6,60637439615267,current,HIMA0278538,2024-09-20,active
a72ec65c-f543-49ef-a86e-b056ef69f02b,94af256f-d5fd-4556-854e-8489e90e316e,995610ee-7319-44cf-91d6-762cbabda860,6166488906692,savings,ARYA0809915,2023-05-13,dormant
b0913dd4-89f3-4e74-a8cd-d8f9018c0690,94af256f-d5fd-4556-854e-8489e90e316e,b3d110d6-dd86-46e5-afdd-29626fb388bc,104093582441,current,BHAR0590609,2022-03-24,active
4bcf53cf-4cfd-473a-bb14-1ffc46c96de8,3861c7c1-b2d7-4ae5-b1e7-71c397e5785d,62caaed0-52b6-4150-8182-69dce04eace6,6444236916371,savings,HIMA0537991,2024-03-16,active
3e2baf0d-f0af-4537-bb8f-ac64a7cc94ee,5a6f730b-aff6-4672-843f-6f051b6ca392,62caaed0-52b6-4150-8182-69dce04eace6,870102146466,savings,HIMA0994834,2018-03-09,active
293594e3-df47-4303-a1ae-442e11e05d54,fe0a1f87-8a54-42f8-a50e-e5c789c1efa2,3f606703-201b-446a-8ddf-fdde82de8f2e,8863129721077,current,DAKS0766732,2019-11-21,active
0713f399-6c4c-4dd6-a04c-f2d0e0953f88,950a52da-4854-412c-a6bf-4f7e6f93cbb4,af8d2f2c-d3a5-4224-82d8-a44160ddd556,904812518283,savings,INDR0502698,2024-08-22,active
7a6932de-9f15-495b-8c3d-d1b9fa97bb91,4e23666b-e908-419c-8413-cc86957ec667,995610ee-7319-44cf-91d6-762cbabda860,39364962085476,savings,ARYA0258263,2023-03-26,active
7391036e-d960-4696-a0a7-5a84f614a378,4556cc56-b8be-4b38-9780-75ecd506fb1d,028cd423-18ca-4188-9745-0259bc076a11,2327102688165,current,KALI0353200,2017-08-30,active
fa0e4069-5c92-4cb7-bf48-8d53dd653b44,4556cc56-b8be-4b38-9780-75ecd506fb1d,b3d110d6-dd86-46e5-afdd-29626fb388bc,35262245101767,savings,BHAR0896962,2022-12-24,active
af8a65c1-173c-4a2a-a32e-10e872c231e0,0fb96ed8-041e-420b-b723-2793c20c2712,162db169-8d7b-407e-a855-c3ed1753cd2f,62117948701835,savings,PRAG0675865,2022-06-27,active
0d80d342-74a9-40b2-b789-30959e5029be,7b3edf2e-3833-4f2c-a96d-65888fac3ad7,3f606703-201b-446a-8ddf-fdde82de8f2e,98781649541017,current,DAKS0471044,2020-08-26,active
5c12f2cd-c4db-47bc-9730-e391b91bef93,7b3edf2e-3833-4f2c-a96d-65888fac3ad7,74cbcd35-a499-4126-9ef6-5f152493f4c3,6849600894247,savings,VIND0331892,2023-02-08,active
4e7547f2-c543-4dfb-a014-5f0956bcd7ea,cdd4e8a5-2066-42db-b770-8791cd84a467,b3d110d6-dd86-46e5-afdd-29626fb388bc,2238095186840,savings,BHAR0430871,2018-07-06,active
dbdbc322-9cf2-4b75-b2da-5554cac57c25,fe175958-608d-4fbd-bf7a-2ad33064108c,b3d110d6-dd86-46e5-afdd-29626fb388bc,0379389677497,savings,BHAR0999077,2024-11-21,active
a4863f55-429e-44fd-a13a-743f14e40e26,a808b266-aab5-4467-9312-1ce4a3e3f472,af8d2f2c-d3a5-4224-82d8-a44160ddd556,395570713940,savings,INDR0368289,2021-09-08,active
0fa0bc2d-cbcb-4cb1-a952-6945cc37dd20,37df37f9-0726-4b31-8b2f-f3089057ec43,162db169-8d7b-407e-a855-c3ed1753cd2f,4604907596495,savings,PRAG0509895,2015-08-20,active
745c4641-1e25-4684-8781-c0522517bad7,2b702d18-57c4-4b1f-b4de-1ad37174906f,74cbcd35-a499-4126-9ef6-5f152493f4c3,7827630826645,savings,VIND0549966,2019-04-25,closed
d5169acc-f3a7-4e7a-af5c-55a72836c913,02234f38-1200-4efc-b9b4-7b376cf9297e,3f606703-201b-446a-8ddf-fdde82de8f2e,84264589851572,savings,DAKS0358542,2024-05-22,active
90fe4f07-7123-4ece-9431-f972f805ad45,fd95c0e5-c820-436b-9ac4-99d99d7cd0a7,3f606703-201b-446a-8ddf-fdde82de8f2e,206609665990,current,DAKS0122614,2015-06-26,active
9db3373f-68b3-444c-a23a-fb6350933c48,c4469d67-fbd1-4159-9266-09476e95b044,74cbcd35-a499-4126-9ef6-5f152493f4c3,386323301399,savings,VIND0637296,2024-04-30,active
c3646019-4282-4608-9931-b82cbaf8ce2e,69f01ae0-4e7c-43d4-9b9b-24eda30ee101,af8d2f2c-d3a5-4224-82d8-a44160ddd556,26674159300273,current,INDR0262434,2023-09-26,active
c14db227-91fa-4137-b0bc-c40e19ce20a3,83e0458e-c36a-4d91-b9f1-e3312ef15d30,995610ee-7319-44cf-91d6-762cbabda860,80834602457129,current,ARYA0812527,2017-02-24,active
fae89de4-f174-46b3-960c-42016099e71f,7a4ad5a7-fe36-4c24-8480-b0a389602a34,162db169-8d7b-407e-a855-c3ed1753cd2f,305320570093,savings,PRAG0414561,2017-12-31,active
be8a0b15-7a33-4acc-995d-1a6df7d79ce8,c43f25b6-bdab-41df-af25-ba497e89655f,74cbcd35-a499-4126-9ef6-5f152493f4c3,82590993524817,current,VIND0297122,2017-05-15,active
82cead1e-9046-4011-aeba-2a34c6e830bb,9bd8bd45-f18b-416d-a9af-403a9142fe23,3f606703-201b-446a-8ddf-fdde82de8f2e,2561920009881,current,DAKS0483790,2024-03-29,active
0133ce09-e08a-4c4b-9d98-8cc562148c7e,abad1087-a032-425a-9096-268663fe4a9e,62caaed0-52b6-4150-8182-69dce04eace6,8803145228976,savings,HIMA0126725,2024-11-06,active
d9991390-f426-4410-a0d2-f6aad4d0c942,bccb7be1-58f6-40cb-b7e0-61d0ff399354,162db169-8d7b-407e-a855-c3ed1753cd2f,987728389481760,savings,PRAG0213500,2017-01-26,active
50b24664-4fd3-4655-a8e7-35a8b778bd21,f6148609-5bc6-4d6f-8433-6f6852dd892c,62caaed0-52b6-4150-8182-69dce04eace6,7168810006033,savings,HIMA0116561,2021-03-22,active
c243b5ca-872a-4fda-ad66-3cda4a6f44c4,94951e27-f598-42f7-a929-d76e9090a1a3,028cd423-18ca-4188-9745-0259bc076a11,811098506318493,savings,KALI0620670,2019-06-16,dormant
a1436bf5-f6b6-4f97-9592-b4bd68f27f78,bc03d0e3-7f88-4208-9567-e03c10bcbd4a,af8d2f2c-d3a5-4224-82d8-a44160ddd556,27115157309100,savings,INDR0851219,2020-12-12,active
c51c5735-7571-49a3-8530-7aa5585ff7a3,0846efa4-e94f-444b-be33-b56c4bacc2c7,028cd423-18ca-4188-9745-0259bc076a11,848752074378865,savings,KALI0902757,2022-07-31,active
38c8f76e-47ba-424c-8ffc-40a5acb5a61f,70d0585c-9eb6-46d7-b039-8f15e36d4347,74cbcd35-a499-4126-9ef6-5f152493f4c3,194791874629154,savings,VIND0489966,2022-05-19,active
522f300d-ef87-4b11-ba23-ad58e7118709,a6bc9d33-a88a-42e5-b1ff-e6f6cff335df,b3d110d6-dd86-46e5-afdd-29626fb388bc,07578602270737,current,BHAR0763429,2015-02-23,active
85674e60-26f9-4eea-97bf-f1b80ce2fbd5,d56ff9fc-b5c9-4cad-86b3-1c36796080f5,af8d2f2c-d3a5-4224-82d8-a44160ddd556,763138747560,savings,INDR0519854,2024-05-29,active
13ad6e28-6502-4624-8149-104d7b613677,3643d4ea-27fb-4c10-8358-963c6f1a841f,af8d2f2c-d3a5-4224-82d8-a44160ddd556,853923696511242,savings,INDR0297889,2016-06-21,dormant
2aee743a-29e9-43c2-bb17-ff8937c4db49,c9190ae0-9ff8-4240-b559-64fbc4dc582f,74cbcd35-a499-4126-9ef6-5f152493f4c3,94286097207694,current,VIND0946639,2019-06-23,active
924d7657-4c41-401e-8893-8ef537ec7de2,132893f1-762c-4a52-928a-e8df96d31fcc,995610ee-7319-44cf-91d6-762cbabda860,643513595701990,savings,ARYA0825666,2019-09-01,active
d1f25190-7001-4607-bdee-feea6d96b306,f4c98c6e-0735-4f28-82ca-5c5eb9516504,74cbcd35-a499-4126-9ef6-5f152493f4c3,214911727311,savings,VIND0915679,2024-07-07,active
fb98f582-48c3-48e6-8bd4-f77d8bf00496,85de23ea-794a-4511-8e5b-461cbfd3dd6d,62caaed0-52b6-4150-8182-69dce04eace6,216891185267,current,HIMA0534199,2017-03-21,active
439da49e-3708-48f4-8203-163c5566af21,03e1c7e9-aeb7-4886-9de0-910d76dd9af2,995610ee-7319-44cf-91d6-762cbabda860,78727188646517,savings,ARYA0336163,2015-11-02,active
c6e29e77-07b9-486a-810f-e30749d6aa1f,a0fd26b1-ebe8-444f-a370-1f69ceb12d7d,74cbcd35-a499-4126-9ef6-5f152493f4c3,5784079736118,savings,VIND0720905,2022-01-29,active
09d22a94-d93e-4c58-bd6d-8dcf12db7356,6ed2cb62-cc16-422f-83e0-7410332258ff,028cd423-18ca-4188-9745-0259bc076a11,739257364444,current,KALI0998041,2023-03-31,active
44ec6795-8795-41b6-b112-df4de5ad85ec,75001b58-34fd-4018-ad7f-71f48d99167a,74cbcd35-a499-4126-9ef6-5f152493f4c3,08655771269165,current,VIND0946522,2022-11-08,active
b665c055-c619-435a-9be3-146c73942be7,6773d977-2dd7-41a8-9be0-e35d8170ae02,b3d110d6-dd86-46e5-afdd-29626fb388bc,8078076412503,current,BHAR0278615,2016-10-12,active
8ccd57a9-c229-40da-8ad0-00baef68aa46,e7f7b135-9dbd-4ac7-81e3-8c3a8fd42da7,028cd423-18ca-4188-9745-0259bc076a11,05917770097457,savings,KALI0491891,2019-11-06,active
8e478bff-85cb-47df-afd9-402aa4c9cad2,34fcb887-d417-4641-9582-1ee1d030756f,028cd423-18ca-4188-9745-0259bc076a11,97596030259647,savings,KALI0903836,2023-12-11,active
2a67d098-eb8d-4cba-8c1d-1a065bec1e31,b1b06975-6784-40a6-b574-73fe1adfdd0d,995610ee-7319-44cf-91d6-762cbabda860,00833344402154,savings,ARYA0858022,2015-09-23,active
6125450e-fd65-42ec-a538-77b5f3f5d224,8bf5bca2-0eff-4aa6-8c12-075555eff9be,028cd423-18ca-4188-9745-0259bc076a11,9827116208788,current,KALI0305423,2024-11-01,active
60bf1433-969a-4d5f-81a0-db4af96e3d21,25ceee92-f092-4f95-8aac-8cbe795eab76,74cbcd35-a499-4126-9ef6-5f152493f4c3,642703500704,savings,VIND0958364,2020-11-11,active
fc85b617-94d3-42d5-853d-7e60251107a2,27c380f2-fa41-483e-b931-a7a973ccb69a,af8d2f2c-d3a5-4224-82d8-a44160ddd556,9408656893580,savings,INDR0212694,2023-07-11,active
dfd15537-fe9a-4958-8456-7bf53323d37f,4285df9b-9b16-4ccd-9844-3508c0d49fdc,3f606703-201b-446a-8ddf-fdde82de8f2e,064437730335,savings,DAKS0994841,2022-11-14,active
74404eca-4e1a-468a-a1c4-2059d5239c9c,c4805910-d6a1-4d0d-ac7a-da90aa8c9984,995610ee-7319-44cf-91d6-762cbabda860,48727394554955,current,ARYA0500205,2018-12-13,active
c58f7ec3-2eca-4fe3-8db8-8ae66bb62362,4e0e2455-3713-4bd7-8fe6-9d4a97da8dff,62caaed0-52b6-4150-8182-69dce04eace6,76026941807523,savings,HIMA0289693,2023-10-02,active
34d0a7ab-4cea-4915-9462-48f89610b7b0,25167041-bbab-4d49-bff5-412dfe233394,b3d110d6-dd86-46e5-afdd-29626fb388bc,735689049751,current,BHAR0461844,2023-12-26,dormant
d87c2426-a94f-41f4-a5a0-8b2e146f4808,ce716c81-4f0d-40c8-8271-14bb24ddba94,74cbcd35-a499-4126-9ef6-5f152493f4c3,0482653731920,savings,VIND0952480,2015-09-23,active
4d76462d-5ea7-4db3-a987-51ed9e87f875,97e7a266-16cc-4dad-adfa-180239b5ab7e,028cd423-18ca-4188-9745-0259bc076a11,973907789923,savings,KALI0532730,2018-06-12,active
07515694-22ea-465d-96e6-90644898d586,c980f87a-54f3-491d-863f-93b9a4d00882,028cd423-18ca-4188-9745-0259bc076a11,65333664738557,savings,KALI0693924,2019-01-17,active
2b2e74c4-b7c1-4776-a241-92acd0786e91,2378adc7-f645-4d69-829e-b8382e9bd302,62caaed0-52b6-4150-8182-69dce04eace6,5128011458715,current,HIMA0220748,2024-10-30,active
d4d22294-995d-493a-acc8-6bcd1c08daeb,daefd846-d698-49f2-8f42-818bce176bdc,b3d110d6-dd86-46e5-afdd-29626fb388bc,389801641562689,savings,BHAR0286079,2021-10-07,active
d6a93687-f4fb-4c1f-a0f6-daad82f0c88a,daefd846-d698-49f2-8f42-818bce176bdc,74cbcd35-a499-4126-9ef6-5f152493f4c3,747436203238442,savings,VIND0475006,2017-08-03,closed
de9d2454-3670-47ba-9f3e-429d4f6216bf,16279b5f-489c-4c08-842d-99d95e761f7a,b3d110d6-dd86-46e5-afdd-29626fb388bc,571553062143,current,BHAR0480604,2024-06-01,active
7799c192-0ccf-420e-94a1-8d64b4d84a6f,2024e16f-89ab-4f4a-a9d3-d876bf5f0041,62caaed0-52b6-4150-8182-69dce04eace6,761835396891501,savings,HIMA0991060,2019-02-19,active
8c8e7f4c-fc5f-4fb7-87e2-377671c1be98,2024e16f-89ab-4f4a-a9d3-d876bf5f0041,028cd423-18ca-4188-9745-0259bc076a11,71407017589521,savings,KALI0453798,2015-05-29,active
10264bdb-e446-450e-8cef-52e03a35ddc7,42b59130-e240-41d3-91dd-4198bd1608d1,b3d110d6-dd86-46e5-afdd-29626fb388bc,371868610856528,savings,BHAR0426307,2015-08-03,active
f2ce4998-8c1e-42ee-bc86-618188675392,bed5deb3-a425-4939-bce1-6b9beac6fa71,995610ee-7319-44cf-91d6-762cbabda860,40495433320801,savings,ARYA0155094,2015-03-29,active
c92b453d-f17a-4c9b-8d31-a9d0ebab2598,bed5deb3-a425-4939-bce1-6b9beac6fa71,028cd423-18ca-4188-9745-0259bc076a11,1025955482692,savings,KALI0420828,2018-05-28,active
b0097f1d-3e3e-4d9f-b25a-b4ce7880f98b,1fdabe6f-b1a8-400f-a55a-a40837310fe1,74cbcd35-a499-4126-9ef6-5f152493f4c3,29150735153697,savings,VIND0446735,2020-04-25,active
1d31fdc7-0758-4f2e-bb73-4ff24647d9c5,c45888a0-87c5-4928-bdb0-7387fec57a59,b3d110d6-dd86-46e5-afdd-29626fb388bc,84740824110678,savings,BHAR0531756,2020-10-28,active
63268576-db24-4336-9cfe-b0d812bd24a3,0e422d66-6c61-420e-a0c0-3461054fc904,af8d2f2c-d3a5-4224-82d8-a44160ddd556,20606515128626,savings,INDR0317455,2016-01-25,active
5472be39-b7fe-42ca-a065-55413886c3a2,9ff72ba4-6320-432d-ac05-d43b2b02279d,af8d2f2c-d3a5-4224-82d8-a44160ddd556,441129944543,savings,INDR0961247,2021-10-10,active
73939be9-066b-4af7-a570-7b9cb0ee7f43,b02b7697-210d-41fa-b47e-669c17cda55e,995610ee-7319-44cf-91d6-762cbabda860,1842306765281,savings,ARYA0117380,2020-04-13,active
09f52bd8-301e-4702-aaaf-4923a371f7fb,d13753dd-3346-4b84-ab78-25ec9d98f4ed,b3d110d6-dd86-46e5-afdd-29626fb388bc,00532839593580,savings,BHAR0823478,2015-12-07,active
2028f8d9-9f47-4c6c-b1c7-097d46244748,5256247a-486e-42fe-bedb-811fee5e90d0,b3d110d6-dd86-46e5-afdd-29626fb388bc,9032667419166,savings,BHAR0705949,2017-12-19,active
30c777f7-25dc-4cf1-b56f-ec3d6bacbabd,ead4a103-d11b-4f80-bf0f-c4f293fe518a,162db169-8d7b-407e-a855-c3ed1753cd2f,044611753427,savings,PRAG0685501,2021-08-18,active
fedaa4c0-89a2-49aa-97f8-dd7e509ad4bd,217ac4d9-aa17-48ba-bf92-bcbfc6e6d54f,af8d2f2c-d3a5-4224-82d8-a44160ddd556,3945775647386,savings,INDR0110298,2021-12-08,active
dd4d45f3-8820-4071-a8a2-c7eabb9f86e7,a7a4e3d0-15ec-45e0-a71b-0d600552480e,028cd423-18ca-4188-9745-0259bc076a11,31906781854719,savings,KALI0313527,2019-10-30,active
c5aa3b4c-f6dd-43f6-9e98-59f749ea8ea0,a7a4e3d0-15ec-45e0-a71b-0d600552480e,162db169-8d7b-407e-a855-c3ed1753cd2f,3355513783774,savings,PRAG0305754,2019-07-02,active
94c7e9b7-64ee-4e75-958d-f6e34800bb0f,e083e15f-9b47-4fd8-98ab-6971ee549401,028cd423-18ca-4188-9745-0259bc076a11,89600708770409,savings,KALI0663930,2018-10-28,active
22a19379-ebee-4684-895a-58dff2bfeb85,e09a94ed-6067-4778-b7ac-c1d10524a523,162db169-8d7b-407e-a855-c3ed1753cd2f,276879657092,current,PRAG0819842,2024-07-13,active
7bb55397-68ae-452f-bf77-6b767586495c,380bc09c-44db-4706-b9a8-4e7fb9b3afae,3f606703-201b-446a-8ddf-fdde82de8f2e,9077308809644,savings,DAKS0817301,2020-10-17,active
c0592e3d-98aa-4ed5-811a-d476784a662c,bc223b5f-d9bc-4d63-a898-f1dc456051db,62caaed0-52b6-4150-8182-69dce04eace6,4920883940960,current,HIMA0829322,2015-07-14,active
031f577c-acfa-440a-b025-793383e90352,713e770c-aa4e-4050-bfe7-0cde8b3e81a9,162db169-8d7b-407e-a855-c3ed1753cd2f,1091218863969,savings,PRAG0138890,2019-01-03,active
1265516f-e973-4f22-a18c-7efbb1415858,97a0b647-6be9-4631-a813-31c57e12f6f4,995610ee-7319-44cf-91d6-762cbabda860,6202699250182,savings,ARYA0993834,2024-10-13,active
f76fd662-c327-4a2a-8528-c4e219bd952c,97a0b647-6be9-4631-a813-31c57e12f6f4,af8d2f2c-d3a5-4224-82d8-a44160ddd556,9904155804123,savings,INDR0839803,2016-09-05,active
a9bd2466-6bfe-4100-9819-7b9b4f235f54,3699f0b3-dabc-477c-82a0-5d2c5b556d40,74cbcd35-a499-4126-9ef6-5f152493f4c3,01947674300878,savings,VIND0224942,2016-11-09,active
d7875aac-809b-456d-998e-fa1458114212,3699f0b3-dabc-477c-82a0-5d2c5b556d40,028cd423-18ca-4188-9745-0259bc076a11,05851997823942,current,KALI0365988,2017-12-31,active
01967ccc-1327-4946-8901-276e30fabdff,a50df95b-b079-48dd-9f42-e7e789fa636a,028cd423-18ca-4188-9745-0259bc076a11,9092103165033,current,KALI0813036,2021-08-06,active
8ddfd28c-6d0f-45c6-bcb3-757e2795d02b,779708a4-12b6-445e-8984-00fe98e489c8,028cd423-18ca-4188-9745-0259bc076a11,0010276157906,current,KALI0876484,2020-08-30,active
e03f397b-d1fb-4ab6-a03f-1085e8028396,5df51b1e-d399-4c49-ba5a-7749cbc922bf,b3d110d6-dd86-46e5-afdd-29626fb388bc,05735411767169,savings,BHAR0877446,2015-01-07,active
8856428c-ea82-4cdd-8f21-d9cb8fad3c90,b06e73ec-d0ef-4c22-b601-183f28712bc1,62caaed0-52b6-4150-8182-69dce04eace6,5460011955790,savings,HIMA0960521,2017-02-23,active
464e34d6-7aec-47cf-93e3-21629041f578,2fe671bd-327f-4093-bb86-bca3ced20e65,162db169-8d7b-407e-a855-c3ed1753cd2f,642554123178302,savings,PRAG0569621,2017-08-26,active
daa08ea0-8aab-4941-8d56-98d895b199f5,1139fc2f-985e-4f50-8e45-0420dbca121a,995610ee-7319-44cf-91d6-762cbabda860,116353592026277,current,ARYA0764305,2023-04-07,active
3465919f-13a7-4cc8-96a5-dc6e351a806e,16e75300-34bb-41e4-8441-820a8a6dbaba,162db169-8d7b-407e-a855-c3ed1753cd2f,9172215420876,current,PRAG0810127,2024-08-09,active
1fd6561b-4f96-43c4-8bfa-ffb0ee42037f,ea675771-73dc-451e-9807-2c15df7a67e7,62caaed0-52b6-4150-8182-69dce04eace6,26998239567084,savings,HIMA0170845,2023-02-22,active
2a86efac-3803-4d75-aebf-9b556452f281,a80dfb0e-0159-4ea9-8f7b-4baf7d7a1ea0,74cbcd35-a499-4126-9ef6-5f152493f4c3,615426134153,savings,VIND0936163,2017-06-02,active
8b523649-f117-4c2b-a35c-947f8d355264,22ab3170-a8ff-458b-9643-7da72b4583ac,af8d2f2c-d3a5-4224-82d8-a44160ddd556,0289456398775,current,INDR0633910,2019-10-09,active
c3b5b7eb-a7fd-4cad-92f5-03745f7ae5e8,a0b2e389-447f-4946-aaae-96dc8f928def,3f606703-201b-446a-8ddf-fdde82de8f2e,8058705428624,savings,DAKS0228362,2023-12-19,active
d0b41535-88e4-401e-855e-069bfdc0256d,d11fb4fe-9535-477c-9e64-bd42f780aee7,74cbcd35-a499-4126-9ef6-5f152493f4c3,76232962874742,savings,VIND0661088,2016-09-10,active
ec8a97ed-6f45-4f89-8f96-b1e295083f8d,02047f93-c067-466c-bfe4-86aa13159bb6,af8d2f2c-d3a5-4224-82d8-a44160ddd556,588354966850,savings,INDR0128245,2017-06-20,active
e5b432eb-9d23-41d8-ba74-4919361e1b7b,e4010384-07c4-4d81-949e-736705cb2d90,028cd423-18ca-4188-9745-0259bc076a11,97028138042581,savings,KALI0299043,2017-04-27,active
203d3af2-43ec-4ef4-8f3b-c99a6e747ec6,e4010384-07c4-4d81-949e-736705cb2d90,b3d110d6-dd86-46e5-afdd-29626fb388bc,529965338539,savings,BHAR0230036,2024-05-18,active
3579dd29-8d79-45c9-ba1e-3b180e74e669,94516e6d-f485-41a5-894e-e76411f5cfd2,995610ee-7319-44cf-91d6-762cbabda860,0395003068759,savings,ARYA0255278,2020-07-27,active
1e7c7ef0-4030-4704-b6c0-4c7d2c94f0b3,0910e46c-ab9a-40dc-8582-da13d896490a,74cbcd35-a499-4126-9ef6-5f152493f4c3,2587006842360,current,VIND0375191,2024-04-23,active
364c932d-8d18-43db-aade-bccf1e506992,036484c0-7073-4f7d-96f0-9d0dda8c0830,162db169-8d7b-407e-a855-c3ed1753cd2f,092895468299,current,PRAG0368215,2020-10-29,active
215316ec-a938-40b1-a4dd-3cb589c58b60,365d98c7-5be7-435e-bbae-6e9408ec99fc,62caaed0-52b6-4150-8182-69dce04eace6,49514264634227,current,HIMA0588412,2016-05-01,active
232b5680-1fc0-4438-be7c-8f3a096014ed,e0b2c474-05fc-4a41-99d8-f9d2a4f59b15,995610ee-7319-44cf-91d6-762cbabda860,3607374249604,current,ARYA0290563,2022-08-24,active
ec623065-80ef-4dea-835a-6dde7a733d89,618ecf13-0dc8-4bda-b803-3541b141a1a8,b3d110d6-dd86-46e5-afdd-29626fb388bc,866700471755,savings,BHAR0827602,2017-02-03,active
80f1f4cb-ebc6-40b9-8b5c-945d76fc6d11,402083c8-4ed6-47fd-8bd5-1935ea2cf801,b3d110d6-dd86-46e5-afdd-29626fb388bc,7917702148674,savings,BHAR0616163,2017-10-15,closed
4ab5ba79-f878-41bb-84ab-f8fccb8f3418,f2695f78-c3b4-4285-937d-14c51fe2ecc0,62caaed0-52b6-4150-8182-69dce04eace6,71003985735535,savings,HIMA0150579,2021-01-27,active
bb1db951-1aef-4b53-95e9-f954590bf158,bc53cc23-3113-4b36-91a0-845bb33e8f55,b3d110d6-dd86-46e5-afdd-29626fb388bc,47585792239311,savings,BHAR0595400,2022-01-08,active
727c222b-e897-4399-809c-2ad38f1f6058,387dd86b-e4bf-4078-8e6c-58b01a334de2,af8d2f2c-d3a5-4224-82d8-a44160ddd556,7619682660897,savings,INDR0345037,2017-11-06,active
0627bb87-1b7f-4a0e-ab0f-005b8e17cde2,387dd86b-e4bf-4078-8e6c-58b01a334de2,b3d110d6-dd86-46e5-afdd-29626fb388bc,10752312947625,savings,BHAR0771500,2022-10-29,active
a9ea6a2f-1201-426c-9de2-851bf181e47e,a5ae5e74-58f0-41c4-a661-a7d6740a7ed4,028cd423-18ca-4188-9745-0259bc076a11,1056290304094,savings,KALI0459825,2021-01-17,active
db8c0add-42ab-4001-81bd-8fdb659a3f3b,a5ae5e74-58f0-41c4-a661-a7d6740a7ed4,995610ee-7319-44cf-91d6-762cbabda860,58549202004407,savings,ARYA0948438,2023-05-12,active
67e1de64-3af7-405a-a837-b53f45ca00d9,2a0fc983-2196-4f12-8630-2ebaeeccb756,028cd423-18ca-4188-9745-0259bc076a11,37136187860324,savings,KALI0305670,2022-11-14,active
0bb756da-0d8d-4763-b3a8-df06e142ecdb,527acfb6-d569-437a-93dd-9ffe15d94950,74cbcd35-a499-4126-9ef6-5f152493f4c3,102342755422,savings,VIND0437795,2015-11-23,active
fea45066-66e2-40f6-a169-9db6f6bbace9,527acfb6-d569-437a-93dd-9ffe15d94950,162db169-8d7b-407e-a855-c3ed1753cd2f,06349973087583,current,PRAG0196542,2019-12-20,active
a44f21cd-adef-4245-9375-f64759d2495e,06514163-b3cc-4dc6-a43c-55f2ea34bc43,995610ee-7319-44cf-91d6-762cbabda860,971897965856,savings,ARYA0235188,2016-12-29,active
e3cb0442-8ddd-40ec-8f5d-f0aaf97f7740,f838506b-3505-4556-8b85-9a857869ed03,b3d110d6-dd86-46e5-afdd-29626fb388bc,837247524221,savings,BHAR0721854,2023-07-30,active
021b5f2a-81f6-4f3f-a1a8-bf79e68ad4fd,42264fbd-e6e7-47a8-9897-1ac8b15c07f2,3f606703-201b-446a-8ddf-fdde82de8f2e,8282845104517,current,DAKS0390895,2024-05-29,active
d00ed280-99fe-419f-b662-fe8ab0c7d801,1c479091-d21c-46dd-b2c9-7d67d08ace60,b3d110d6-dd86-46e5-afdd-29626fb388bc,82335393398454,current,BHAR0952653,2023-12-31,active
86fe173a-22cf-4337-989e-5b644aa3afee,66608c82-c95e-449d-8483-39e9876092a0,b3d110d6-dd86-46e5-afdd-29626fb388bc,631104240702275,current,BHAR0145160,2022-01-24,active
104c000b-4204-4c6a-b362-c944f3ae4295,4e7651fa-c02e-4975-bb70-adc930205277,b3d110d6-dd86-46e5-afdd-29626fb388bc,438323828039,savings,BHAR0433459,2021-01-10,active
b4c0bde6-2923-4bc1-8806-b09889eddf89,40cfbda6-b1c7-4b40-8fa3-77ace961ab24,62caaed0-52b6-4150-8182-69dce04eace6,5048988145814,savings,HIMA0365178,2015-09-24,active
456968e5-e9d5-4fbf-b1aa-c8a2f946cc79,7687600b-959e-4487-a3a7-959d6372507d,62caaed0-52b6-4150-8182-69dce04eace6,91648116763638,current,HIMA0211623,2023-10-27,active
50774522-cc7a-4da0-8fe2-925f5eb2e24c,6180b099-5e5e-4247-9219-81bf4309f50f,028cd423-18ca-4188-9745-0259bc076a11,186240739565926,savings,KALI0757635,2018-03-24,active
cd3ca12c-15ca-4cda-b2e3-ef1bc7739c6a,6180b099-5e5e-4247-9219-81bf4309f50f,995610ee-7319-44cf-91d6-762cbabda860,9794851915057,savings,ARYA0380348,2023-06-06,active
00609212-26f3-420b-b400-59b67eedf8f4,6180b099-5e5e-4247-9219-81bf4309f50f,74cbcd35-a499-4126-9ef6-5f152493f4c3,02913995764192,current,VIND0921492,2023-03-16,active
1fdfe4b2-0018-4746-a02e-3db32735edf4,6180b099-5e5e-4247-9219-81bf4309f50f,b3d110d6-dd86-46e5-afdd-29626fb388bc,7774231268164,savings,BHAR0834958,2015-12-09,active
dd71abfe-ae49-425a-a4d1-249dd586ffdd,cdaf9c5b-f993-46eb-88fb-56494817caf5,62caaed0-52b6-4150-8182-69dce04eace6,435380167189,savings,HIMA0795590,2023-08-23,active
f52f61a6-86ad-42b9-b8c9-e7d86c5b4c14,20035217-804f-4244-938b-6dcdc1b2df96,af8d2f2c-d3a5-4224-82d8-a44160ddd556,7590981043907,savings,INDR0912789,2015-06-30,active
8a4a3874-ab41-4e0c-9411-f14b6693ef4e,b15ad228-a32d-473e-bae4-4b97bf0674fc,b3d110d6-dd86-46e5-afdd-29626fb388bc,1228369780211,savings,BHAR0273162,2022-06-15,active
5bd27976-cb19-452c-9f1a-49d0e16b859d,9e91566e-547b-4a3e-bf4f-93b2009cf7a7,995610ee-7319-44cf-91d6-762cbabda860,77227928074143,savings,ARYA0668006,2021-10-02,active
74c0e9f7-4505-4047-9657-b4ee155582a0,abc5ab19-c7e7-4c37-9d41-c45340e95ead,62caaed0-52b6-4150-8182-69dce04eace6,58374187290786,savings,HIMA0831569,2021-08-11,active
a868dd9d-3673-4826-8f97-cc9a528b7cc7,ac1873db-e2c2-4464-8a87-8fe558f2f8af,3f606703-201b-446a-8ddf-fdde82de8f2e,39586705504573,savings,DAKS0621164,2020-08-17,active
e8a8b7ec-16c9-4b2d-9088-06d0791f4c3f,0e74ec29-e190-4c6b-8017-3e9a3bcceae9,3f606703-201b-446a-8ddf-fdde82de8f2e,4365072264907,current,DAKS0957613,2022-05-02,active
e81eec6b-891b-4e5a-8c04-9da1ed49444f,bbe223dd-54f5-4b81-bb1c-a1081fb54155,af8d2f2c-d3a5-4224-82d8-a44160ddd556,941276172142,savings,INDR0485598,2019-01-04,active
8c75c0e4-61e5-4d41-93c2-2137176c4a1d,6a1283af-84b5-4565-a0e7-97130cd549b6,74cbcd35-a499-4126-9ef6-5f152493f4c3,5102805498349,savings,VIND0963816,2019-06-06,active
2c5a5852-23cb-417c-a918-2722c46d45fa,78a2e477-1305-49c2-8f50-8faf907b9166,af8d2f2c-d3a5-4224-82d8-a44160ddd556,407289947894144,savings,INDR0629179,2022-07-08,active
c8902353-b45a-4499-a1bb-baaa5d78a5d8,aaceacbf-d61d-4620-ab46-83087aaa29d8,62caaed0-52b6-4150-8182-69dce04eace6,4738935909941,savings,HIMA0580684,2017-03-09,active
c9b38dd2-a9ad-406e-8c2b-68b304b36e9b,161c6207-8a06-40d6-8b33-a89d9df56019,3f606703-201b-446a-8ddf-fdde82de8f2e,14687453839184,current,DAKS0926289,2021-07-12,active
33f97c59-3533-4541-960a-19d384b15506,02d32b3c-04cd-4db2-87d1-eaea9c739f75,028cd423-18ca-4188-9745-0259bc076a11,577994142914,savings,KALI0375627,2016-08-20,active
606508fe-3cf9-4322-980a-367c4cbaa7a8,02d32b3c-04cd-4db2-87d1-eaea9c739f75,995610ee-7319-44cf-91d6-762cbabda860,9558315049714,savings,ARYA0969616,2021-03-30,active
7b9a9538-f615-4ba3-9f52-e7475099a3b2,d131ae7c-bda2-4345-955c-d52d07ba9628,028cd423-18ca-4188-9745-0259bc076a11,157550347261,current,KALI0154683,2022-05-03,active
431b4b57-60d3-4d71-91e6-4935aabcd523,29e44cfd-7d35-4a04-ae90-6fdf73acc416,74cbcd35-a499-4126-9ef6-5f152493f4c3,359694592391573,savings,VIND0215858,2022-01-09,active
28b8d926-dbc5-4cff-b48e-5f0f20364c1a,29e44cfd-7d35-4a04-ae90-6fdf73acc416,995610ee-7319-44cf-91d6-762cbabda860,2908382376240,savings,ARYA0777078,2016-10-24,active
69162c59-43b5-4b1b-a495-1acfd94628ee,523ea870-f694-4000-b6cb-3aa01ccf0256,028cd423-18ca-4188-9745-0259bc076a11,4964081388790,savings,KALI0858471,2019-01-18,active
189d8a80-974e-434e-aaf3-de5a715f210c,973cebb0-1042-4b79-b897-52b8f242fdd0,162db169-8d7b-407e-a855-c3ed1753cd2f,16638799839648,savings,PRAG0964365,2021-10-08,active
929b1f26-182c-4955-93c3-b325826a3c35,5bc60a72-9ca2-4286-abac-b1a53de9213b,b3d110d6-dd86-46e5-afdd-29626fb388bc,44961505846729,savings,BHAR0557174,2015-06-28,active
c22eebb6-8952-4e7e-91a8-8fed8a318c7f,529f1844-c431-4bc7-a8c3-5b0a51686cf6,995610ee-7319-44cf-91d6-762cbabda860,0073429042717,current,ARYA0752329,2024-01-24,dormant
d38b0a4c-8c0f-4b5b-8153-71590a094b58,2b92dc90-26ff-4b25-bf43-9b155def5ad9,62caaed0-52b6-4150-8182-69dce04eace6,953426166417,savings,HIMA0315793,2018-01-30,active
5ec65e3c-299a-44fe-95f7-be70c965a313,825b63c0-8024-4b8e-ad8b-ddd86a46aade,74cbcd35-a499-4126-9ef6-5f152493f4c3,583204373394,savings,VIND0161996,2020-06-26,active
e275b352-34c6-44a0-bb5c-14a694b4d00f,8fd08e64-c063-499c-af5b-51269bcd43f7,3f606703-201b-446a-8ddf-fdde82de8f2e,2058431184006,current,DAKS0858512,2023-02-20,closed
1539eb2f-db6a-4f54-91d8-806929c3961c,f5ccfff3-9b4a-4b30-95e5-a33fd35ae728,b3d110d6-dd86-46e5-afdd-29626fb388bc,499076805903,savings,BHAR0739411,2022-08-24,active
900e4a3a-6fb0-42ac-b1d1-9f54787d0d37,8b757dbf-7f08-45b8-ab5a-9e0756ca323b,995610ee-7319-44cf-91d6-762cbabda860,61964654213539,current,ARYA0565579,2016-07-07,active
f574b4b2-434b-4327-8e8f-902fad3e9176,b2529da0-eb36-46da-af28-d4fa4be0d1fa,3f606703-201b-446a-8ddf-fdde82de8f2e,1440875528537,current,DAKS0482184,2020-05-22,active
ad2efbaa-4ef4-46fd-b115-0481e9fcb3d1,555b36f8-b3e3-4f2f-8561-ef408b0dfefd,162db169-8d7b-407e-a855-c3ed1753cd2f,76934506639472,savings,PRAG0191911,2023-07-04,active
17103c0b-572a-45bb-983f-7508fa4f37d3,4e79d6b2-10e4-43fd-a909-29c3ca1979d9,995610ee-7319-44cf-91d6-762cbabda860,399383262672385,savings,ARYA0678029,2016-02-03,active
0400959f-0916-44ef-b2b1-0ae6db76457d,b18f2195-fcf3-41ca-8018-a6fdb26f816e,62caaed0-52b6-4150-8182-69dce04eace6,188185672505468,savings,HIMA0872258,2016-10-29,active
d09aa027-0bbb-456e-b43d-2f84ba4f5cb6,fa00070c-1deb-4b17-9387-7bd434ff75af,162db169-8d7b-407e-a855-c3ed1753cd2f,07802746313161,savings,PRAG0527872,2022-03-28,active
aeac8728-4e38-49b7-8b47-360b51456f2e,fa00070c-1deb-4b17-9387-7bd434ff75af,74cbcd35-a499-4126-9ef6-5f152493f4c3,21883141934485,savings,VIND0502743,2016-04-17,active
8e896e2a-4148-441b-b2ee-30b39a245766,4e9ea036-b400-4a88-abbe-22e87b375b0e,af8d2f2c-d3a5-4224-82d8-a44160ddd556,8538405915016,savings,INDR0303715,2017-03-02,active
37d2e855-3b07-4391-ac94-a2baa604cab8,4e9ea036-b400-4a88-abbe-22e87b375b0e,62caaed0-52b6-4150-8182-69dce04eace6,60317257818328,savings,HIMA0518138,2017-04-26,active
a7a17b1b-bd45-4b21-ac25-b861049ae1e5,8c882969-3001-466c-af7c-b7b2591a2d92,028cd423-18ca-4188-9745-0259bc076a11,270530839066,current,KALI0330464,2024-10-16,dormant
96865998-9c22-4fd7-bbee-7d96bb8caf5e,525dc8ea-7f8b-4a01-bae5-dae70b6a2251,af8d2f2c-d3a5-4224-82d8-a44160ddd556,920523508136771,savings,INDR0499279,2022-12-13,active
a1b1c58f-4855-4070-8bd1-ebe48a8d01d7,62315156-5532-40e8-b8ee-9779414a9ef3,995610ee-7319-44cf-91d6-762cbabda860,0016578055625,savings,ARYA0232313,2018-01-18,active
7f63b15a-90f8-4b5f-8c84-56b2db5b98e3,ba5cc659-476a-47fb-82eb-b6c627de48b3,b3d110d6-dd86-46e5-afdd-29626fb388bc,8588064956244,savings,BHAR0930072,2019-05-21,active
c56f97b8-2136-4165-8d9d-df2855a20334,adf16393-c7a6-4f42-8b5e-3db642c8a568,028cd423-18ca-4188-9745-0259bc076a11,71245565835269,savings,KALI0595259,2017-05-21,active
77fcb662-14c0-4454-a3af-940c1f7f69ef,56d83d91-02ed-4428-a8d4-eac94031d5b7,162db169-8d7b-407e-a855-c3ed1753cd2f,14084784934849,savings,PRAG0961057,2016-11-07,active
731f4681-3f45-4bc1-b04c-b85156e2e570,56d83d91-02ed-4428-a8d4-eac94031d5b7,995610ee-7319-44cf-91d6-762cbabda860,71392255026722,savings,ARYA0626619,2018-11-20,active
6e1dc761-8b5b-4622-b717-cecf3b99f40f,9bfb83ac-4338-41a1-b26f-687bdfee0cf9,af8d2f2c-d3a5-4224-82d8-a44160ddd556,516695784390,savings,INDR0453911,2022-06-15,active
07a40f08-ec07-4d6e-b57e-ff81d1d39286,b1b779b4-5091-4564-805b-d31ec6cfe9f5,3f606703-201b-446a-8ddf-fdde82de8f2e,1434023468611,savings,DAKS0719659,2021-10-12,dormant
cfee01eb-01db-40c7-a1cc-7f4fd867a607,8e7036d8-068e-45e6-85e7-b69f35576102,162db169-8d7b-407e-a855-c3ed1753cd2f,46098942012048,savings,PRAG0459460,2019-08-09,active
9e0ba802-1feb-4cdf-a522-37d0915db1c4,a03b73ff-9a95-4bea-a36a-497f37f39d37,74cbcd35-a499-4126-9ef6-5f152493f4c3,20235676897686,savings,VIND0368368,2017-08-26,active
3e1e2a4b-ca1d-4ef9-b4e3-8eab8d4bbe22,a4ad408f-0973-4f17-9bd6-5f598a9c5a41,028cd423-18ca-4188-9745-0259bc076a11,953617647896164,savings,KALI0772809,2019-09-29,active
7b47d4a5-2958-49b3-bb21-62235abc3585,55c7e73b-4bbd-4d2d-a932-913744d8a3ea,995610ee-7319-44cf-91d6-762cbabda860,94809568322890,savings,ARYA0204704,2023-08-05,closed
1781cea2-9eba-46a3-aa92-157118fbff51,cb7a749b-fa92-4836-9041-667db6a80d37,74cbcd35-a499-4126-9ef6-5f152493f4c3,9690763928881,current,VIND0659662,2017-01-10,active
81e557fc-c6d9-4282-b425-b6291694bdd9,3e19e0f0-414a-478b-9bf2-fb43ae18a350,162db169-8d7b-407e-a855-c3ed1753cd2f,2442455531961,savings,PRAG0465953,2017-11-12,active
52fb2c58-5852-42dd-a58c-5141d05f7b0b,206e62b7-2142-494b-81be-c598b86ae658,995610ee-7319-44cf-91d6-762cbabda860,22148636443629,savings,ARYA0153144,2019-02-15,active
cf0ca5e1-ad40-4950-abd9-4c9b2f86bdce,206e62b7-2142-494b-81be-c598b86ae658,af8d2f2c-d3a5-4224-82d8-a44160ddd556,6279072519778,savings,INDR0569025,2016-06-17,active
0a3ae5ce-b582-4386-b069-f97fe3460e5c,e228f70b-f4ba-49b3-b3b9-7c2d9105f2cc,028cd423-18ca-4188-9745-0259bc076a11,185917079958429,savings,KALI0179302,2016-08-20,active
15cae737-b8e0-4006-869f-7568c90d7e4e,19538c5b-abb6-4310-934d-acd94ad76432,028cd423-18ca-4188-9745-0259bc076a11,8166902804103,savings,KALI0764028,2020-12-28,active
ef3b7cb0-ff5c-478f-8b6d-8d07ff5f9998,19538c5b-abb6-4310-934d-acd94ad76432,162db169-8d7b-407e-a855-c3ed1753cd2f,2857701032704,savings,PRAG0155920,2021-10-30,active
8b12ef3a-7492-4c8b-85e8-59536a7445ba,3824d6e6-6a09-494c-b598-b43f0acedc19,b3d110d6-dd86-46e5-afdd-29626fb388bc,856935012183474,savings,BHAR0426307,2017-02-06,active
d6029637-d861-4942-bedf-55ca6dc54d07,3824d6e6-6a09-494c-b598-b43f0acedc19,74cbcd35-a499-4126-9ef6-5f152493f4c3,73590549795060,savings,VIND0471894,2017-02-03,active
b0e11a88-439d-46a5-bf43-f20ce67c926e,d6f3793a-5b8e-45ed-b2ce-b01f0ceffea3,3f606703-201b-446a-8ddf-fdde82de8f2e,4218876402928,savings,DAKS0214463,2023-06-28,active
ea2b556b-460a-48e3-9068-cc53933c424d,4a2c443a-ac5b-475a-8418-5e2f8033b25e,af8d2f2c-d3a5-4224-82d8-a44160ddd556,33001097731284,savings,INDR0250880,2018-01-10,active
bd8949eb-3c9e-44c1-a3aa-ac90152cacf7,d38b4c7b-07f2-4d42-b1c9-2ce4aa58d814,995610ee-7319-44cf-91d6-762cbabda860,20388638976915,savings,ARYA0309389,2021-11-05,active
45be381d-c447-448e-9a87-e7b542b4ed29,dd685174-79f5-41c4-aae0-359e85ce3bf4,af8d2f2c-d3a5-4224-82d8-a44160ddd556,01651102492923,savings,INDR0817712,2021-02-11,active
131dd93e-d09a-4add-b099-9b6f68473766,350bb542-e27a-4b06-8d0d-59a89b7aee0d,af8d2f2c-d3a5-4224-82d8-a44160ddd556,339050845134,savings,INDR0529566,2020-12-23,active
75cad6f0-3309-4aeb-ad12-8b79356cf611,d24a0454-0ea7-4723-a04e-8a885e6806fd,62caaed0-52b6-4150-8182-69dce04eace6,4761629948443,savings,HIMA0238447,2020-10-20,active
be3c6770-5704-413a-b8ee-e5c181f15498,064b6d4b-a2f0-4c7b-ab20-06ef150cdd64,b3d110d6-dd86-46e5-afdd-29626fb388bc,025406311488,savings,BHAR0305145,2015-01-23,active
376d6dd2-95b9-4631-81b5-57393f675bdb,cf865f6e-eb7f-4aa2-8d15-965cca44e970,62caaed0-52b6-4150-8182-69dce04eace6,0470338687543,savings,HIMA0877381,2018-07-10,active
9565873c-a9be-43d2-9811-b2a77c83e18d,80da745f-cc99-4767-9335-74f9ecd36697,028cd423-18ca-4188-9745-0259bc076a11,46230434393208,savings,KALI0444765,2018-09-16,active
51d9dc7d-a276-42f5-b364-3586191f1fc1,6d26f19a-9981-40fc-93ed-1e1dc7c3524f,162db169-8d7b-407e-a855-c3ed1753cd2f,4756327328537,savings,PRAG0759324,2023-08-04,active
72e5036a-74e5-444b-8fdb-ddfbe011d280,32b159f3-f478-46d6-aa6a-03021686627b,b3d110d6-dd86-46e5-afdd-29626fb388bc,1437103963770,savings,BHAR0417792,2018-09-02,active
030c1456-a583-4e6c-b790-e95ac72d2614,130735e0-f344-47b9-8b46-af6035701d4f,62caaed0-52b6-4150-8182-69dce04eace6,6543981922527,savings,HIMA0475799,2016-08-26,active
d756a81b-edcb-4255-a2b2-0aede02d157c,5bcb225e-4890-467c-bc95-b8356508649d,af8d2f2c-d3a5-4224-82d8-a44160ddd556,184808192564476,current,INDR0237648,2023-11-10,closed
748151d5-de82-4709-b029-fb592999b929,45fde464-2062-4c6b-8c6d-947c4580b94d,af8d2f2c-d3a5-4224-82d8-a44160ddd556,5427807212774,savings,INDR0476046,2020-07-26,active
11e4e9ae-a9e8-4d61-a762-27746ad88b57,3e42409b-e1ab-442a-9ffd-c75a3f7ddc96,162db169-8d7b-407e-a855-c3ed1753cd2f,663209967970,savings,PRAG0837716,2017-06-08,active
8a58943b-6f22-4249-8ff9-c4b7456321fa,3e42409b-e1ab-442a-9ffd-c75a3f7ddc96,b3d110d6-dd86-46e5-afdd-29626fb388bc,47881999119717,savings,BHAR0518412,2019-09-16,closed
fd1bec8e-7972-4fa1-8995-4055d29aefb2,3e42409b-e1ab-442a-9ffd-c75a3f7ddc96,74cbcd35-a499-4126-9ef6-5f152493f4c3,243374506970094,savings,VIND0814210,2017-05-13,active
40b04809-d7be-4a10-94c7-4cc8e8774a34,3e42409b-e1ab-442a-9ffd-c75a3f7ddc96,af8d2f2c-d3a5-4224-82d8-a44160ddd556,82499693810895,savings,INDR0436975,2024-08-11,active
035c0a58-a241-497c-836b-fbbf988975ce,86f3c9eb-4912-4dd6-af68-1e929bab1262,62caaed0-52b6-4150-8182-69dce04eace6,1770249814328,savings,HIMA0449511,2017-05-14,active
e0603dbf-519d-4399-b450-1efbce55453a,cb433ab6-34f5-420f-a27e-434b33e830ea,af8d2f2c-d3a5-4224-82d8-a44160ddd556,20879799587102,savings,INDR0445595,2019-03-02,active
f29c9e81-3c50-45e2-b579-a73338dd409e,f5e98cfc-0637-4ac1-b4b7-7865fb87f581,162db169-8d7b-407e-a855-c3ed1753cd2f,67188628255448,savings,PRAG0227675,2024-01-02,active
046d9518-587d-40ea-bd29-e030b5fbd93c,f5e98cfc-0637-4ac1-b4b7-7865fb87f581,af8d2f2c-d3a5-4224-82d8-a44160ddd556,22685263404570,current,INDR0507524,2016-07-21,active
4bf6e826-a24f-40f5-836d-bdf1aedc1840,7366e568-4398-4b37-9f30-29a30e0ca7ae,162db169-8d7b-407e-a855-c3ed1753cd2f,21615321246210,savings,PRAG0961227,2021-09-13,active
ac7d3e9a-2e30-4d5e-b99d-84fc7beefec7,1edcdcff-eff3-4399-b490-6ece1fd0a750,62caaed0-52b6-4150-8182-69dce04eace6,75133024857797,savings,HIMA0621064,2024-11-04,active
5d6fb37f-922f-4d9f-a83a-fcfab0a3dd70,1edcdcff-eff3-4399-b490-6ece1fd0a750,995610ee-7319-44cf-91d6-762cbabda860,32419520051783,savings,ARYA0708102,2016-11-20,active
8547c458-47b7-4aeb-a1f3-3284610faf0a,1edcdcff-eff3-4399-b490-6ece1fd0a750,74cbcd35-a499-4126-9ef6-5f152493f4c3,6219106611912,savings,VIND0942521,2021-06-10,active
84375137-9089-4471-944a-79a8c2118357,1003087b-b26b-4a3d-a21d-ee5565b8c384,3f606703-201b-446a-8ddf-fdde82de8f2e,362443809156,savings,DAKS0314759,2019-12-07,active
c57bcb81-ae53-4114-9fd9-2e07b7cb9577,ea5f533b-5ef0-4f60-ae0d-7e745db84883,028cd423-18ca-4188-9745-0259bc076a11,747917547490,current,KALI0903012,2017-10-14,active
959404f3-c738-45f1-9882-fa5fca23d9c3,a793e939-08ab-48db-80ae-c1ce525cdf6d,74cbcd35-a499-4126-9ef6-5f152493f4c3,75334667690783,savings,VIND0966292,2017-06-20,active
76a09123-6ba2-4c27-8bd4-93cba92a9f6e,ce37271e-43b4-4208-871f-681683f7114e,995610ee-7319-44cf-91d6-762cbabda860,571417837581,savings,ARYA0516335,2021-12-12,active
8a14e989-6fee-4d67-8b2c-fcf2b8ea9615,6c07003f-9a1a-4dd9-b4f2-a697db1c9e5d,028cd423-18ca-4188-9745-0259bc076a11,02013308331253,savings,KALI0709818,2021-01-01,active
231cf8e1-3e01-4261-ab3e-959a15258ad3,5d38e714-e184-4b5a-b57d-65a17038a1ea,3f606703-201b-446a-8ddf-fdde82de8f2e,552208744492,current,DAKS0830211,2023-10-06,active
b55973ce-c391-411f-91f6-425d2c314c94,926b4e17-acbc-4e43-94dc-d944ded67120,995610ee-7319-44cf-91d6-762cbabda860,178400571750,current,ARYA0434021,2015-09-17,active
f1cb05c6-ddb9-4455-bc5a-028ff6480538,926b4e17-acbc-4e43-94dc-d944ded67120,028cd423-18ca-4188-9745-0259bc076a11,228627353023093,savings,KALI0527327,2016-08-11,active
cc01f73f-435d-4cf1-a74b-b4d0543e3108,1f65d744-3aba-46f0-a383-91348dbc4a37,3f606703-201b-446a-8ddf-fdde82de8f2e,03696901932594,savings,DAKS0185473,2018-04-29,active
327294da-d016-41f2-a75c-affdf9aeceab,b694101c-eb3f-4ad1-b5b3-7ffe83696247,3f606703-201b-446a-8ddf-fdde82de8f2e,5296343789419,savings,DAKS0354514,2021-11-16,active
e6ca3f16-e303-44d2-baaa-040e5e94102e,012bd782-f3ea-4ed4-8482-37d110afbbdf,995610ee-7319-44cf-91d6-762cbabda860,0925416119947,savings,ARYA0181744,2019-09-17,active
c89315f7-03a4-4700-8000-a5e177e649d2,37772833-f9b3-473f-afdb-dcde86603a27,028cd423-18ca-4188-9745-0259bc076a11,242515451289,savings,KALI0786906,2018-09-28,active
f54af53d-0fc1-4f42-bd59-10c730e635d4,0538e12f-c097-48aa-a915-cbce58c24001,b3d110d6-dd86-46e5-afdd-29626fb388bc,614055401395,savings,BHAR0449576,2019-03-23,active
018d7d05-173b-4f1e-8d19-ab5ce06d27c2,e3777799-64be-43f5-9308-ccb2cafd2ab2,995610ee-7319-44cf-91d6-762cbabda860,703688040620,savings,ARYA0934242,2021-06-10,active
0882c75c-6031-485a-85f8-14c0ea8c0e14,feca4f5c-c32a-4157-8300-3e7af6681044,995610ee-7319-44cf-91d6-762cbabda860,3901993528903,savings,ARYA0921671,2017-09-24,dormant
290a6879-43bb-476b-a5bf-cb7ef66a0f6b,83658ddb-5f16-41a0-bacb-acf75d9f4d10,b3d110d6-dd86-46e5-afdd-29626fb388bc,892758886455,savings,BHAR0819414,2015-12-06,dormant
db838414-5a21-45a3-a772-dedbbdc00416,d129c457-7ae1-4869-85c5-bcca98aca9d6,995610ee-7319-44cf-91d6-762cbabda860,9115444537342,savings,ARYA0254657,2022-10-26,active
da4b07f5-5e7a-44b7-8b02-719282aaf783,44646725-4093-4fa4-b7bc-4732feea8507,028cd423-18ca-4188-9745-0259bc076a11,004018211119,savings,KALI0308313,2018-10-15,active
2a877830-b351-43aa-b30d-01b891bd876f,81d6d00c-25cb-41fe-95f5-b9b2e0a2945f,162db169-8d7b-407e-a855-c3ed1753cd2f,9031913126423,savings,PRAG0449457,2022-11-17,active
383b8862-2cec-485c-a4b4-964c4dc06f99,254a9a8a-adde-4146-baea-32d3df313e14,162db169-8d7b-407e-a855-c3ed1753cd2f,406993592854,current,PRAG0807555,2023-06-22,active
7428bfe6-0f2f-4f1d-8284-fc798e25dea2,9e5d6672-3c18-41cc-85eb-a6f80e562b31,162db169-8d7b-407e-a855-c3ed1753cd2f,7294427900167,savings,PRAG0679741,2016-12-02,active
6a877a04-0c9d-4b14-b1f1-9b13d95740a0,51892fa5-d23b-482f-98aa-5dc3e3dda075,162db169-8d7b-407e-a855-c3ed1753cd2f,5780849168852,current,PRAG0868859,2023-01-14,active
ff75efeb-7551-49f3-a07b-6af030ddd8c1,1129e843-7fc0-4872-8a26-186679b4dc1b,74cbcd35-a499-4126-9ef6-5f152493f4c3,49594653233585,savings,VIND0798856,2020-05-16,active
c896d5de-4d4f-4d84-87b7-29d817d07b15,184369ba-14c4-4842-97e7-e68969aedc29,b3d110d6-dd86-46e5-afdd-29626fb388bc,45217331155837,savings,BHAR0191777,2016-02-24,active
f9992f5a-8c69-4a7f-8e1c-9b84e839354e,90647d39-acf2-4630-ae9b-3e38886b3d7b,3f606703-201b-446a-8ddf-fdde82de8f2e,386591651398,current,DAKS0834834,2022-04-09,closed
dfbf5868-ab8f-4bc9-b421-db617f1d0aaa,6f0fd9d3-8825-4c20-bc6a-0c8ec811ea91,995610ee-7319-44cf-91d6-762cbabda860,18798123829285,savings,ARYA0657895,2019-11-12,active
4532e736-dbb5-46fd-98bd-116958340c30,ca81d781-f33e-4218-ab1a-0ac17331b3d3,74cbcd35-a499-4126-9ef6-5f152493f4c3,42787453168411,current,VIND0754792,2024-06-11,active
ac049c67-fdcb-4030-aa2d-acd190f67385,aab5c2e2-b556-4c00-9b8c-f2c20a703c96,af8d2f2c-d3a5-4224-82d8-a44160ddd556,0580913669835,savings,INDR0310347,2020-06-06,active
6c992b83-b148-482d-b812-a616e18a2765,0b8dd6d3-22bb-47a0-808c-b63a0a1aa0ae,028cd423-18ca-4188-9745-0259bc076a11,257903237185,savings,KALI0124410,2022-07-10,active
1614d15b-1be9-4738-9d76-f4d00e53a060,1326a38b-40ff-41e5-87a2-6ab98d48730a,af8d2f2c-d3a5-4224-82d8-a44160ddd556,6952659092833,savings,INDR0120122,2018-06-03,active
491c5ebc-5a89-44a0-b7ac-8b2b2b2bcb68,63c218e5-a8d7-4156-916b-0ac94511fe49,74cbcd35-a499-4126-9ef6-5f152493f4c3,944784713961,current,VIND0189184,2015-01-13,active
ac14d792-deab-44db-a662-7c80ac15160c,5ba08d6e-e1e8-4696-8c4d-167371d9037f,995610ee-7319-44cf-91d6-762cbabda860,5297309998978,savings,ARYA0710385,2020-11-15,active
6ec04a51-d540-4767-ad0b-24ca7e3ef62b,fe20282c-04fe-43f8-9caf-228fa637943a,995610ee-7319-44cf-91d6-762cbabda860,614704225185,savings,ARYA0256850,2018-10-03,active
1a9eeb1d-cc49-4545-babe-fafd5d64aafe,832a7f11-2e9d-4a38-91a7-9df94f288eff,3f606703-201b-446a-8ddf-fdde82de8f2e,4399955728427,current,DAKS0408660,2016-08-18,active
56fe02df-91d0-4b0e-a91d-750eddffb334,8674dce0-2971-4326-afc6-37a9c0dc4be5,74cbcd35-a499-4126-9ef6-5f152493f4c3,0277163697128,savings,VIND0294187,2022-08-01,active
27380316-6a4e-463c-b896-2cffef0cdf92,0b49380e-ef82-4cac-a02c-86c38e38c513,162db169-8d7b-407e-a855-c3ed1753cd2f,907491442889982,savings,PRAG0906533,2016-04-13,active
87f73bdc-1199-46ea-9042-c9a485fca754,5dedbd6a-af3a-4512-a09b-cff557027e89,62caaed0-52b6-4150-8182-69dce04eace6,99545144709777,savings,HIMA0645169,2023-04-15,active
f1bf48b4-6eb0-425e-af47-d1f7e6369383,e4508071-65b2-4f09-95d2-71fc5df1b967,af8d2f2c-d3a5-4224-82d8-a44160ddd556,5608181923280,current,INDR0537756,2022-05-01,active
809ce9df-65be-4ae5-99f6-e24cbede7ce6,33824001-fe02-4217-b31a-d965654a2d66,995610ee-7319-44cf-91d6-762cbabda860,87619555290127,current,ARYA0702763,2015-08-25,active
b0add84f-c4d6-436c-b859-099b874e3628,fe23bf1a-8c7f-4ce5-bf1d-7b53804dd17d,af8d2f2c-d3a5-4224-82d8-a44160ddd556,62939200906349,savings,INDR0459264,2020-08-16,active
04fcaca1-a47d-4c65-bb95-6db302b0477c,02131cae-05b6-48f4-91ac-13a2087cf17b,3f606703-201b-446a-8ddf-fdde82de8f2e,111282588290,savings,DAKS0436973,2015-11-27,active
5800c289-5e6d-4110-bed1-f1e4cd886791,bc84909a-49d0-4807-a336-6267a3bfcd8e,162db169-8d7b-407e-a855-c3ed1753cd2f,015409010021,current,PRAG0371134,2019-10-18,active
ade8bb4d-9222-446d-bfaa-9dbe41932b8d,20181e3c-45af-4430-8cf1-491c0abeb0d0,3f606703-201b-446a-8ddf-fdde82de8f2e,1180648997711,savings,DAKS0638719,2019-05-10,active
4123a402-e5ee-4629-8b79-b5697d986dbc,62d68a1e-0050-40e7-a697-f5b341add54f,3f606703-201b-446a-8ddf-fdde82de8f2e,72091976269837,savings,DAKS0314565,2017-05-25,active
fbb8a3d2-aad5-4ad9-a413-b1f740d888d8,a7447f5d-f761-482e-9b77-431ca42cc713,995610ee-7319-44cf-91d6-762cbabda860,7334712012259,savings,ARYA0682122,2019-09-14,active
f0e54a4a-4263-46b0-89ca-356c762b485c,08ca7342-3588-4493-8a0a-1696c9a0615a,af8d2f2c-d3a5-4224-82d8-a44160ddd556,7776702004450,current,INDR0695459,2019-01-04,active
42779207-26f0-4384-a20f-ad76e30beef4,ab128c37-62b3-4a8d-8c3b-029145f00505,62caaed0-52b6-4150-8182-69dce04eace6,3625091647162,savings,HIMA0869593,2020-01-17,active
83ba5428-5c3f-4208-88e6-f1e1f4578795,4fa35cef-6f98-4ed5-b763-3eb779c41507,995610ee-7319-44cf-91d6-762cbabda860,834894928683,current,ARYA0285741,2020-10-17,active
52419c43-64e7-4d8c-adf2-72c6a1a278d0,9b4e88b4-77b3-4882-8c33-0051f58d3ce4,62caaed0-52b6-4150-8182-69dce04eace6,49039687965864,savings,HIMA0311823,2022-04-30,active
3cd64dcb-d8f9-46d6-adc0-ee8ac6f6073c,d6383fd3-0acf-447c-be7b-ee24b42d1193,3f606703-201b-446a-8ddf-fdde82de8f2e,5317821054290,savings,DAKS0698781,2021-08-07,active
b62be187-8fee-411e-9a39-61c4f192ecdf,0a9885f7-d5d7-41b3-9203-7fdad11eac77,62caaed0-52b6-4150-8182-69dce04eace6,5248658251997,savings,HIMA0714299,2023-05-13,active
4a6ff4d0-6692-430c-a1cf-f55438ba599b,0a9885f7-d5d7-41b3-9203-7fdad11eac77,162db169-8d7b-407e-a855-c3ed1753cd2f,6790366697642,savings,PRAG0713754,2017-05-15,active
cde9ae4f-c639-4413-a3d6-cd2e889a6d36,735b7692-768a-477f-9084-61285d2d750f,af8d2f2c-d3a5-4224-82d8-a44160ddd556,3200639374451,savings,INDR0512137,2015-04-06,active
a585bc72-6eed-44d1-9bee-c0ef178a57f1,735b7692-768a-477f-9084-61285d2d750f,028cd423-18ca-4188-9745-0259bc076a11,18012035233061,savings,KALI0242158,2016-08-31,active
5623b4cd-1bdc-47e5-8d1d-240960e4aef4,735b7692-768a-477f-9084-61285d2d750f,62caaed0-52b6-4150-8182-69dce04eace6,05265332031201,savings,HIMA0550679,2018-08-18,active
41bf21b0-61d7-42e3-9579-1d3d8154e78d,c27e7bcf-6fa8-4742-b4fc-43211110a189,162db169-8d7b-407e-a855-c3ed1753cd2f,1620500603157,current,PRAG0704510,2023-05-03,active
68be8b90-9f32-4aad-b19e-7a81889593c6,f9fb179d-4f08-4110-b38b-4dc16749cd59,3f606703-201b-446a-8ddf-fdde82de8f2e,0512662632957,savings,DAKS0968031,2018-02-28,active
afd8d6a0-0c7c-4448-bbf9-53d9049c6660,0490d0b6-06a4-4b35-8eef-b0980c4826b5,028cd423-18ca-4188-9745-0259bc076a11,8875102104571,savings,KALI0848119,2022-03-26,active
1817e5b2-8fff-42f2-beea-97791ec4240d,e3391adb-1634-42ca-9257-1368fbf3fdab,74cbcd35-a499-4126-9ef6-5f152493f4c3,20624598605888,current,VIND0856774,2016-09-29,active
522dfc3b-79ed-4f7d-8ab6-655d3305861b,3d8a7250-d534-434f-ae00-6055e418cad8,74cbcd35-a499-4126-9ef6-5f152493f4c3,0646274819639,savings,VIND0602641,2020-01-29,active
8f8943eb-0445-4be7-8bb6-c0029f520330,82065349-ff08-4486-89fe-632d2c2fdb48,b3d110d6-dd86-46e5-afdd-29626fb388bc,220120239824083,current,BHAR0874202,2019-04-25,active
e28c4d3f-a4e4-4036-9994-60a8dd91f797,468c8851-3dba-499f-9a9f-879fcbd097f3,162db169-8d7b-407e-a855-c3ed1753cd2f,6382843073223,savings,PRAG0854497,2017-01-01,active
be53b5b9-fba8-4faf-9d36-e89d16258de5,364b2ffc-1f61-4f75-b2a9-e62bff4dde82,162db169-8d7b-407e-a855-c3ed1753cd2f,1421114331930,current,PRAG0368055,2018-02-13,closed
a5adc5d8-fe59-4d18-b11f-0efe946d72ae,8e67f739-b948-4323-87be-fbb43c956d26,028cd423-18ca-4188-9745-0259bc076a11,21845401708721,savings,KALI0346503,2019-10-15,active
04c516d8-85df-46ab-b8e8-b736494ca002,88b8ce01-e7bf-427e-9595-c5bfcbabe267,74cbcd35-a499-4126-9ef6-5f152493f4c3,014126054064,savings,VIND0903295,2022-02-02,active
818d423f-a3f3-4ab1-b132-dac7ce326cb4,6a1dcf18-6c4f-44c3-a14b-752c80221fe0,995610ee-7319-44cf-91d6-762cbabda860,9123929827147,savings,ARYA0310813,2024-11-03,active
7bd35c78-73fa-48fb-bda9-72c0c46d3b3b,7d962261-13f4-41e9-ae30-d1c184907186,028cd423-18ca-4188-9745-0259bc076a11,115670396867,savings,KALI0187363,2016-11-22,active
ee982112-7efc-4b97-804b-14f965c39dd9,7b825ae9-8156-43f6-80de-f64ec7ebaadc,b3d110d6-dd86-46e5-afdd-29626fb388bc,26551116434895,savings,BHAR0244466,2019-03-26,active
f4d0fd6d-a89f-407f-9088-7c5bbe3d9f8d,05561b10-d7a9-48d8-92d5-ae14c0ecf618,995610ee-7319-44cf-91d6-762cbabda860,599826660869033,current,ARYA0137630,2018-01-05,active
6076bc40-dacc-42ad-8ce4-2835baa71e0a,dc8e1559-6099-4865-95e5-9e9953d32d75,995610ee-7319-44cf-91d6-762cbabda860,5993655406571,savings,ARYA0484464,2016-11-06,active
9b3a0d8b-9176-4859-8da1-cc32dc4039bd,1c055253-9ac9-419b-8d37-0734dec8e811,af8d2f2c-d3a5-4224-82d8-a44160ddd556,46480527579289,current,INDR0966815,2022-07-17,active
1630f824-b0a3-4d33-aa6d-179f062c2dee,f4f2fbf2-54c4-4f86-ba7f-90cbb66f6c7b,b3d110d6-dd86-46e5-afdd-29626fb388bc,4475090332472,savings,BHAR0659646,2017-03-03,active
243cb3c7-f980-4e52-aaf5-f598fafebcde,780380a3-fe83-4fb6-980c-cab0208c14fb,62caaed0-52b6-4150-8182-69dce04eace6,7425916159000,savings,HIMA0189515,2022-02-21,active
d587fc63-e24a-4a37-b13c-8eaf56b20183,780380a3-fe83-4fb6-980c-cab0208c14fb,3f606703-201b-446a-8ddf-fdde82de8f2e,819326141575,savings,DAKS0241417,2016-09-21,active
4cc2a132-211c-47e8-84f3-9bb1acc48781,dbc22767-0785-4297-b272-1aa7aa9f3528,028cd423-18ca-4188-9745-0259bc076a11,487938809580490,savings,KALI0402624,2022-08-16,active
bbc1d5e9-ef31-45ce-a993-7614c056bb90,877e4601-9661-482e-a4b7-9164a85e4d3d,74cbcd35-a499-4126-9ef6-5f152493f4c3,7483607472841,current,VIND0984606,2018-05-09,dormant
7180f4de-e78b-4f18-9d21-49d86e04b820,43d6d5e5-4069-49b1-adf2-92508b4c5713,995610ee-7319-44cf-91d6-762cbabda860,322306387462436,savings,ARYA0187489,2020-12-03,closed
2c14a333-3def-4c24-bbb6-e6735700baff,43d6d5e5-4069-49b1-adf2-92508b4c5713,62caaed0-52b6-4150-8182-69dce04eace6,3212765965080,current,HIMA0687500,2017-11-12,active
4083ce13-116e-41e3-847f-edaa9cd9bb76,6f3dbfb7-c824-4f39-ac28-8e4af871f805,3f606703-201b-446a-8ddf-fdde82de8f2e,54868340265774,savings,DAKS0259059,2018-09-21,active
417b69c1-166b-426c-916c-3295b173f576,6f3dbfb7-c824-4f39-ac28-8e4af871f805,028cd423-18ca-4188-9745-0259bc076a11,259286142116052,savings,KALI0518274,2023-06-07,active
82c875d1-9402-4343-ab30-abd68e5c0fde,dfed3cd5-d037-4835-bf2e-36f5e37ef72a,3f606703-201b-446a-8ddf-fdde82de8f2e,0761020106172,savings,DAKS0404630,2016-11-08,active
25c4c474-094c-4fe0-bf85-8fb7aed32fc6,fe931aa5-1a5c-4359-ae2b-b2d6f4914767,74cbcd35-a499-4126-9ef6-5f152493f4c3,200049885804765,savings,VIND0686293,2018-01-30,active
c1b236c1-f5fb-4c78-88bd-1f1532c4ba75,0668ef6a-28bd-4c45-8e6b-0890d1ed2b93,b3d110d6-dd86-46e5-afdd-29626fb388bc,3617043807861,savings,BHAR0277968,2022-05-24,active
96112f23-d96e-4aab-8bde-3c954527b2e4,3d4dd561-8d8a-4ded-a61e-137e9412470e,162db169-8d7b-407e-a855-c3ed1753cd2f,403490982225114,savings,PRAG0423777,2019-10-01,active
4a450a2a-c7de-495f-9075-3f3d554937ec,ca5d8203-3763-4283-bd67-6c3f4f69d288,3f606703-201b-446a-8ddf-fdde82de8f2e,94310684883265,savings,DAKS0251472,2018-09-07,active
60b464d8-544a-4800-b748-d269b7286ef3,1bbda7bf-3c51-4ec5-82a1-13f67ec57469,995610ee-7319-44cf-91d6-762cbabda860,061612507496,savings,ARYA0346950,2015-03-09,active
efa458c8-4394-40e7-a867-1d7707ce89ac,1bbda7bf-3c51-4ec5-82a1-13f67ec57469,3f606703-201b-446a-8ddf-fdde82de8f2e,9960573464006,savings,DAKS0962550,2015-08-06,active
3d50f95a-0bd4-4b67-afdc-a3c004253dfe,81fef9a3-a9d4-43b7-a0b7-190e8957e8c2,62caaed0-52b6-4150-8182-69dce04eace6,719466266222,savings,HIMA0497417,2018-04-10,active
ea7b54da-18dc-4517-b529-9e33af37cfb1,1751164a-e3a8-471d-b3e1-860803509288,af8d2f2c-d3a5-4224-82d8-a44160ddd556,267684763937943,savings,INDR0709400,2017-06-24,active
7631ab2f-bb7d-4e2f-9131-ff90f0615697,1751164a-e3a8-471d-b3e1-860803509288,62caaed0-52b6-4150-8182-69dce04eace6,1927330326936,savings,HIMA0998298,2016-01-27,active
b5f1fb33-e586-4325-b156-e96c4769d77d,0cffbdda-8ad4-40a2-bf52-cd5ad9625ade,62caaed0-52b6-4150-8182-69dce04eace6,898188553413,savings,HIMA0483666,2024-05-28,active
2c4a02f9-72d4-4f3e-8f85-59cd003a604b,6d576452-5918-47f3-b968-60c3ce66a347,af8d2f2c-d3a5-4224-82d8-a44160ddd556,774845264793278,savings,INDR0818549,2017-07-31,active
75ea66ac-aa38-41d6-940f-b2fa88ae65b2,900a275e-78e3-4da0-92b6-405e6baf54d4,74cbcd35-a499-4126-9ef6-5f152493f4c3,73568375530385,savings,VIND0223240,2023-05-06,active
c5529fd0-7858-4620-949c-083e78952c5b,56c6e716-d5cf-457c-838f-8597efcf6574,af8d2f2c-d3a5-4224-82d8-a44160ddd556,440905548418,savings,INDR0545174,2017-12-08,active
7cd2ba91-7f0f-41ec-b6fc-f628aee4262a,7212d59b-94e1-4b68-8be1-1f432481708c,028cd423-18ca-4188-9745-0259bc076a11,882102009679,savings,KALI0254553,2024-10-01,active
94aeef36-f71e-4c51-8b36-59a093f77498,4d1574c5-c004-4e49-b228-0e4b2c2300cf,995610ee-7319-44cf-91d6-762cbabda860,727603261841,savings,ARYA0601957,2024-06-10,active
152ec000-ce91-4d12-acef-0eb628924291,1137e07f-71ca-42ab-b209-d56326ad6892,62caaed0-52b6-4150-8182-69dce04eace6,8291868567980,savings,HIMA0345950,2015-08-16,dormant
ce1ea6c7-a703-478c-9520-8a69f074948c,ee367ab8-0b32-4840-a9ef-89b096d85127,74cbcd35-a499-4126-9ef6-5f152493f4c3,665645833457,savings,VIND0443470,2017-05-10,active
fea79fc5-4eb9-4cc2-bc98-c5ae1f7ec957,f8bdf84c-3962-4029-8e72-77dcf524ef77,af8d2f2c-d3a5-4224-82d8-a44160ddd556,136958035788864,savings,INDR0783810,2020-04-12,active
bd2a95d8-5103-4509-ac63-e817116bde2f,de9374f9-f552-4fea-885f-b2e152b8fd66,162db169-8d7b-407e-a855-c3ed1753cd2f,8442145061024,savings,PRAG0308635,2020-09-30,closed
7ea2c0e1-71f1-4514-aa81-08fe890140f1,47cd2876-45e7-4a27-a41b-9058186bf9e6,995610ee-7319-44cf-91d6-762cbabda860,389678462398,savings,ARYA0277165,2015-07-11,active
b04f0283-009b-4031-b0e0-ebfa645d3aba,49711e74-7614-4ca4-9934-31759b0e790a,74cbcd35-a499-4126-9ef6-5f152493f4c3,3756235621153,current,VIND0488813,2019-07-21,active
9fd03560-237b-4cba-9608-8203dd152855,49807938-41b4-409c-a30f-97dee538b9c0,62caaed0-52b6-4150-8182-69dce04eace6,253845568513,savings,HIMA0756289,2015-03-08,active
b27d0544-c57d-4ac8-beeb-c6dc70ddf739,49807938-41b4-409c-a30f-97dee538b9c0,af8d2f2c-d3a5-4224-82d8-a44160ddd556,90693210266034,savings,INDR0817114,2020-05-25,active
ffae68b5-6a62-46dd-94dc-0f49136792b3,0bea0b02-f959-4d59-9ba9-7126b8402c3a,74cbcd35-a499-4126-9ef6-5f152493f4c3,078785001760139,savings,VIND0686254,2016-05-06,active
ad16385d-9bc0-4582-bfcb-775ba7434300,0bea0b02-f959-4d59-9ba9-7126b8402c3a,3f606703-201b-446a-8ddf-fdde82de8f2e,90343739216130,current,DAKS0242173,2017-06-02,active
1075dc93-1d57-41b0-8702-eccb859809ac,0139f6c3-ea26-4a2f-a382-088470d13e1a,3f606703-201b-446a-8ddf-fdde82de8f2e,8428092367302,current,DAKS0978098,2016-12-02,active
151a333e-7f40-4e2a-abe9-8315769689f9,38bc1d79-71df-47db-82fe-43dd4ee1c367,74cbcd35-a499-4126-9ef6-5f152493f4c3,501975963941,savings,VIND0158851,2020-04-05,active
90983571-8daf-4f9f-97c9-08c911190313,a0cd17ed-a200-49a7-8fbf-3ae6e0a3402a,74cbcd35-a499-4126-9ef6-5f152493f4c3,4145108065034,savings,VIND0924012,2019-05-06,active
bfa4512b-5da0-4e6a-8a1c-c270ad778f0d,b405272f-893d-4df1-8b26-7eb055351000,995610ee-7319-44cf-91d6-762cbabda860,8011086204831,savings,ARYA0657014,2018-01-09,active
5b8c7ad2-f2c6-4c6f-b766-d21df00f2958,21edad88-9510-4e28-b048-b85a9fa20cee,b3d110d6-dd86-46e5-afdd-29626fb388bc,676523517096,savings,BHAR0658627,2021-08-19,active
9ca0d235-45ac-4982-a55b-436376341ded,c698a253-26b5-469f-b190-c1ac7b72764a,b3d110d6-dd86-46e5-afdd-29626fb388bc,0122274728415,savings,BHAR0942552,2016-04-06,active
e2d47544-2d67-4552-9f73-8f3a12850eb0,5d993f23-cce4-4c50-9298-d356aa098d79,74cbcd35-a499-4126-9ef6-5f152493f4c3,03652227796210,savings,VIND0659439,2016-08-24,active
76a80a1b-49cf-4949-a8e6-127fd1cf27b0,10945ec6-e78e-4201-904b-77dafb0b0d81,028cd423-18ca-4188-9745-0259bc076a11,118244509441,savings,KALI0880240,2016-10-25,active
9f2ee350-c389-4469-9cc6-3e2d9103eea8,1868b78f-e043-471f-a667-0d0ed4849e30,995610ee-7319-44cf-91d6-762cbabda860,9932048828318,savings,ARYA0633950,2024-02-22,active
fbdf39c4-2c76-47cf-ae48-c77620497cf5,028c0133-fdb0-428a-9169-ec84ac2dbac5,995610ee-7319-44cf-91d6-762cbabda860,633244736025,current,ARYA0655067,2022-03-30,active
eca569b2-36f4-45ba-9bbf-55b06e596bd2,804ffd7e-c368-49c4-b85e-d55a04aae4a8,995610ee-7319-44cf-91d6-762cbabda860,0337429230885,savings,ARYA0379030,2017-08-17,active
ab8e148a-2e94-4603-aa89-97eab50ec287,cfda4258-bc47-4c3a-86ab-f83d8cf5d706,995610ee-7319-44cf-91d6-762cbabda860,548964295759939,current,ARYA0270141,2019-11-18,active
6b326840-24b2-4417-82aa-210f90fe5541,7ed3b0c0-5f7f-4da6-a8fb-e0a4925b051d,028cd423-18ca-4188-9745-0259bc076a11,96962434037725,savings,KALI0452622,2024-02-06,active
639b6e0a-5279-44d5-aa07-193441e2b842,2ffa9396-ece3-4954-8c41-84dc6a1a76b2,74cbcd35-a499-4126-9ef6-5f152493f4c3,5561409427929,savings,VIND0354703,2017-11-16,active
f2c5c237-e9b7-4571-9bcf-f9322d8895de,f4061799-830f-4ecf-a262-8c8fb411409d,62caaed0-52b6-4150-8182-69dce04eace6,62998206832099,savings,HIMA0462051,2021-11-15,active
2dab9ddd-65ee-4840-bc2c-1d638449b477,f4061799-830f-4ecf-a262-8c8fb411409d,028cd423-18ca-4188-9745-0259bc076a11,31090563317972,savings,KALI0564889,2020-01-19,active
d1c9cedf-61cf-4b0d-bc2e-1af280131adc,01ab5fce-8a23-44a9-97a4-7a2ec28875b0,af8d2f2c-d3a5-4224-82d8-a44160ddd556,295321013520,savings,INDR0963967,2019-01-20,dormant
c1e7309c-29a0-4df4-a63d-998d8a5477dc,b0fb70c1-4e38-4b7e-b853-2fa141291205,028cd423-18ca-4188-9745-0259bc076a11,14070366519707,savings,KALI0613243,2017-05-05,active
61b177f7-c9ff-48b5-8f0c-dc1bfb68a942,24cdb6fd-17fb-45ff-96cf-6fe82528534b,af8d2f2c-d3a5-4224-82d8-a44160ddd556,134560662040,savings,INDR0941053,2020-11-06,active
5d9e132f-9a73-4ab5-afd4-13e2457bdc00,e00f17dc-bce4-4dcb-8982-0fa8a8456620,b3d110d6-dd86-46e5-afdd-29626fb388bc,038128590838,savings,BHAR0966953,2022-08-28,active
908065c7-9ccc-4c1b-a921-e5b976c7bf1d,818f6e31-6438-457c-aacd-d9b1673a1c33,162db169-8d7b-407e-a855-c3ed1753cd2f,105661651261,savings,PRAG0464688,2024-05-28,active
d9261471-05c8-4d3b-bce9-cbabce32a155,2f1766cf-94dc-4fb8-bab4-2ac89ff707ed,995610ee-7319-44cf-91d6-762cbabda860,64526489936173,savings,ARYA0467299,2017-09-28,active
d2d186f0-220e-46a6-bf27-d82b756f822a,af7b264d-5f42-4f03-aaea-0f28942f984f,3f606703-201b-446a-8ddf-fdde82de8f2e,676568807080,current,DAKS0930410,2022-03-13,active
ecb36d82-1325-4956-94dc-7fedd26bf7c8,af7b264d-5f42-4f03-aaea-0f28942f984f,162db169-8d7b-407e-a855-c3ed1753cd2f,01027123131613,savings,PRAG0894145,2015-11-19,active
47ae9478-95d5-42b8-9b75-fa45297d96c6,0337a9aa-5b4f-47e5-8f62-6328af20b19b,028cd423-18ca-4188-9745-0259bc076a11,111001158256,savings,KALI0810644,2020-01-20,active
d999f099-4590-4e6b-ae54-0e75d5a9c72b,0337a9aa-5b4f-47e5-8f62-6328af20b19b,b3d110d6-dd86-46e5-afdd-29626fb388bc,927631323501140,current,BHAR0679590,2022-10-08,active
487b117e-675b-45c4-9eaf-462fdcaddbff,925087dd-0aef-42ee-ab86-76f6b5571160,74cbcd35-a499-4126-9ef6-5f152493f4c3,46835860841363,savings,VIND0143374,2021-12-26,active
4830262b-acfc-4405-8737-2e16d0da0499,ab01ecf7-9163-414b-b504-e68fc5259192,af8d2f2c-d3a5-4224-82d8-a44160ddd556,61081701133287,savings,INDR0973252,2015-07-05,active
31b251cd-2c7b-4138-9658-780c1a42bd68,3b46d09f-30c7-4c9b-99e4-26c95b3fa25e,162db169-8d7b-407e-a855-c3ed1753cd2f,268667751285,savings,PRAG0403603,2021-03-17,active
0cf28bfa-13d8-4621-a839-ecb4547928a1,0b8e726d-b53b-477b-9168-3302c551b6fb,b3d110d6-dd86-46e5-afdd-29626fb388bc,393055983619219,current,BHAR0362459,2016-06-24,active
c005b4c8-5efa-4dff-9248-5c565f2d9d66,8550c4b9-49f5-4c2d-a73d-cce2517f8fbd,028cd423-18ca-4188-9745-0259bc076a11,3585656067064,savings,KALI0149038,2017-02-05,active
7df4afaf-2124-449c-b242-6001612b2d6d,8550c4b9-49f5-4c2d-a73d-cce2517f8fbd,af8d2f2c-d3a5-4224-82d8-a44160ddd556,36953278793165,savings,INDR0448049,2015-10-01,active
2475ad4e-c6da-4d04-bf74-2b48dc5a60aa,5d7a49cc-e00c-423c-8632-17d333e61075,af8d2f2c-d3a5-4224-82d8-a44160ddd556,44896883920398,savings,INDR0321914,2015-10-05,active
5d615f60-09af-4fef-8f8d-ee983679f55a,1da61097-56d3-445b-8d48-61f56db9919c,3f606703-201b-446a-8ddf-fdde82de8f2e,9413662317734,current,DAKS0139049,2015-03-23,active
65dd2b9f-b761-4b33-bc31-6bd98bae49ac,ea50060f-e198-4a05-a709-d029bb377831,028cd423-18ca-4188-9745-0259bc076a11,9263384365075,savings,KALI0530270,2015-11-06,active
8477fef8-6699-442d-aebe-e76cadafbfcc,b3e2dabb-54e4-4cdb-9c2a-0c35250aa2b5,af8d2f2c-d3a5-4224-82d8-a44160ddd556,1221439936704,savings,INDR0768173,2015-05-26,active
eb966346-0846-4654-b19c-26a5a1576ba8,b3e2dabb-54e4-4cdb-9c2a-0c35250aa2b5,162db169-8d7b-407e-a855-c3ed1753cd2f,87993885036865,savings,PRAG0476518,2021-01-02,active
4c1e1a91-d489-4adb-a055-0222d57a711a,4f296a56-1fa0-4210-bf26-794861875d6f,62caaed0-52b6-4150-8182-69dce04eace6,1956152645493,savings,HIMA0158541,2018-04-14,active
4e5782c7-32a5-4c0c-a6b2-4c32c56a5d0a,b4d9fca8-035d-4f22-a67d-6a7aa337fdff,3f606703-201b-446a-8ddf-fdde82de8f2e,330612593530,current,DAKS0761879,2017-05-20,active
22bf2e5d-7fd2-4bbe-8d97-33d205d55d3e,3b9570e4-5e66-4ae6-a9fa-d6da77abe7c3,028cd423-18ca-4188-9745-0259bc076a11,6784383380133,savings,KALI0574407,2015-12-23,active
513f63be-1ad9-46d9-9da6-74df50c1e9ba,79ab7392-8c6a-4acd-8344-84ea92d6fee3,162db169-8d7b-407e-a855-c3ed1753cd2f,1514725442793,savings,PRAG0962728,2017-08-25,active
76d59b45-c606-4bad-a7b6-ae7829dd3f87,7082cec9-293d-4983-87dc-bd34e543485c,62caaed0-52b6-4150-8182-69dce04eace6,993034155631,current,HIMA0780212,2023-11-14,active
528213af-291c-40a8-821c-1f3f7525a3fe,61bb3299-d676-4a30-b116-2dff61424c18,af8d2f2c-d3a5-4224-82d8-a44160ddd556,5439309072245,savings,INDR0512957,2021-11-18,active
c53392a6-f5d2-41cd-a188-3e9dd653c8e0,61bb3299-d676-4a30-b116-2dff61424c18,995610ee-7319-44cf-91d6-762cbabda860,4557449967310,savings,ARYA0982223,2020-04-19,dormant
9e524ac7-5f94-41c9-83b7-be0ea212aff1,13e6c2ab-5fd2-41ba-acc5-6113b9b3c0b8,3f606703-201b-446a-8ddf-fdde82de8f2e,221428835356,savings,DAKS0828415,2017-05-27,active
034e7f74-0eff-4c81-9818-4b46db5d80d3,195188b6-490a-4f89-932f-0a1f50aba928,3f606703-201b-446a-8ddf-fdde82de8f2e,828696630807,savings,DAKS0559432,2020-03-28,active
6b0725d8-e995-4936-8d8a-e4b43cb044f1,1d81b4ed-c0fc-463d-ac33-b790781668cd,3f606703-201b-446a-8ddf-fdde82de8f2e,3035252154564,savings,DAKS0978042,2017-03-12,active
c285197d-6aaf-462a-9f06-6d1673b8db63,ffcb4fbd-e697-46ce-93fe-1e8ab330c056,995610ee-7319-44cf-91d6-762cbabda860,3088421197479,savings,ARYA0938823,2023-01-05,active
ea266244-9501-4d00-a508-95884c59f30a,5629d060-1b25-465e-a809-ac44e2184e36,74cbcd35-a499-4126-9ef6-5f152493f4c3,7264712046727,savings,VIND0680356,2017-09-27,active
4c9e4628-b1ff-4603-9ef0-6ff16f705049,c84075c7-278d-44dc-9a08-6a1d2ae63c22,b3d110d6-dd86-46e5-afdd-29626fb388bc,371108901270452,current,BHAR0977359,2018-03-11,active
8982efae-365c-401b-acbe-c4117261a08f,aa3633ce-4cc8-4523-b090-611e09ceafe9,74cbcd35-a499-4126-9ef6-5f152493f4c3,8501360788634,savings,VIND0368306,2019-06-28,active
008bb180-6ed7-4ee5-b6ec-5d208127f5fc,a52232f9-b886-4f36-ba3b-36c86b38c255,028cd423-18ca-4188-9745-0259bc076a11,062541666478,savings,KALI0652119,2018-11-04,active
b0af7565-87bb-456f-a721-edbb7b758c53,dcb5fa28-849b-4f4c-b099-f2c540a9bdbc,3f606703-201b-446a-8ddf-fdde82de8f2e,28443681997120,savings,DAKS0137465,2019-01-24,active
2b425c7a-47cc-4b82-8491-f1e6a089e8f8,79918039-a111-4ec8-ba6f-8afd77e6e1b4,162db169-8d7b-407e-a855-c3ed1753cd2f,5055727022985,savings,PRAG0468700,2021-07-16,active
2bdbee7f-db28-4fd4-9807-9a584ade4e8e,6da2a43c-3bff-4bc9-b9d0-5d6b9b496b89,3f606703-201b-446a-8ddf-fdde82de8f2e,338592800718587,savings,DAKS0809529,2018-07-28,active
3f696adf-2451-45eb-a708-5b967ce61189,8ae14692-e39d-4e45-9064-5c87a0ddb8ee,b3d110d6-dd86-46e5-afdd-29626fb388bc,8726673231681,savings,BHAR0181759,2018-10-15,active
300ea513-3ba3-4e36-9211-b798f7f31eb6,6d430053-72a4-4dec-afd7-5fb11617c796,162db169-8d7b-407e-a855-c3ed1753cd2f,4172998298296,savings,PRAG0175376,2015-01-03,active
52247a82-62f9-4cec-bc42-247bba85414a,6fe85358-07af-44e3-b39c-17cdbeff45dc,74cbcd35-a499-4126-9ef6-5f152493f4c3,18275993107888,savings,VIND0427639,2019-09-08,active
685fece7-06f3-4868-af95-3100f51eab11,635e45b9-affe-4a6b-8d36-f3adf8ebf039,af8d2f2c-d3a5-4224-82d8-a44160ddd556,395786684323,savings,INDR0471689,2024-04-17,active
72c6c8f3-a139-4cce-b725-67855a12d211,e790daca-4fdf-4fe2-8a2d-69f15274c7b4,995610ee-7319-44cf-91d6-762cbabda860,6213277070906,savings,ARYA0514859,2016-02-16,active
c38f44b0-0637-441b-8e5e-4be511b2a074,c9fa96c9-d104-434d-98fd-5b31768aee4b,af8d2f2c-d3a5-4224-82d8-a44160ddd556,625708686968,current,INDR0375374,2018-12-02,active
d2598bf1-d437-44ac-8eef-9566489a2bb3,6b9373c9-b1fb-429a-ae3b-9bfbdb8989a9,74cbcd35-a499-4126-9ef6-5f152493f4c3,934830364188,savings,VIND0635376,2023-07-15,active
9eb3da29-66cb-4d2e-b048-da69ce56b209,43d7c3eb-4572-4804-9122-1309bdfe0958,028cd423-18ca-4188-9745-0259bc076a11,8924516523370,savings,KALI0210193,2023-03-14,active
56492642-49d8-4f22-be1f-486aacda6f56,393b9876-1252-4a13-8f84-31bef9ca291f,af8d2f2c-d3a5-4224-82d8-a44160ddd556,89340228859205,savings,INDR0901245,2018-04-23,active
9049395c-f4eb-41ab-a737-f12f34f7d561,d0dfa5ab-bb60-4695-ac8f-6e342e9ff019,3f606703-201b-446a-8ddf-fdde82de8f2e,357239528389,savings,DAKS0772439,2021-07-09,active
6a29fe5e-4f6b-4c5d-a039-56ec3c8e2a20,15a13b90-ff12-4df7-b12d-72386c6c91a0,995610ee-7319-44cf-91d6-762cbabda860,1892828115959,savings,ARYA0913112,2019-10-12,active
92885aed-81d6-47bd-8f73-38df661aba18,c30f93fc-7588-4e08-8137-c727286b8da5,995610ee-7319-44cf-91d6-762cbabda860,20358139443906,savings,ARYA0156903,2020-09-07,active
eb817177-57e9-4010-a64d-3c863923ea2d,f4c2cbd3-ce94-4cba-a2c7-c87b4afc0fd0,162db169-8d7b-407e-a855-c3ed1753cd2f,060875411390,savings,PRAG0626322,2024-11-05,active
78bd4efe-3c19-4984-b2d1-d11af0ea60e6,1fb07f3b-fccd-4edf-81e9-49e79dba6cf5,b3d110d6-dd86-46e5-afdd-29626fb388bc,187193939071,savings,BHAR0660568,2017-03-28,active
56f63fc8-265a-44d2-8053-e1169eba4158,36d82d1c-4709-432a-b4e9-836febf9b4f6,3f606703-201b-446a-8ddf-fdde82de8f2e,960869558576,savings,DAKS0976510,2018-04-20,active
810b0745-0323-4ad8-9efe-098a663e8443,36d82d1c-4709-432a-b4e9-836febf9b4f6,af8d2f2c-d3a5-4224-82d8-a44160ddd556,673813673903,savings,INDR0108727,2021-03-27,active
861896bc-7e4b-461d-9c1c-b7f19b57eeac,88b49a08-d024-4406-a524-28d30cbe124f,b3d110d6-dd86-46e5-afdd-29626fb388bc,619875155143184,savings,BHAR0378424,2024-01-27,active
b2c71474-5152-4dd4-af25-0a89b56e934a,10dcf325-ae8c-493c-b9fd-8c8bf9f919e2,af8d2f2c-d3a5-4224-82d8-a44160ddd556,29649708390135,savings,INDR0165475,2020-10-25,active
c6eba99f-161f-4353-ab67-4fc141f818f4,a95727d1-f69f-4a69-b79a-ab2d1a0b3b62,028cd423-18ca-4188-9745-0259bc076a11,898805168986,savings,KALI0803792,2022-05-29,active
36986b4e-e12f-426e-be90-d882d079c5bc,73a9bb5d-c90f-4d0c-ace7-dd625d908332,62caaed0-52b6-4150-8182-69dce04eace6,153661452070,savings,HIMA0114402,2020-07-31,active
63e78967-f7bf-4e4c-ba3b-18771139abd5,9b7d09ba-06fb-424f-9219-ebb5caabeb7e,74cbcd35-a499-4126-9ef6-5f152493f4c3,891027652191377,savings,VIND0392343,2018-02-17,active
6cd23b65-bc8b-4c0f-af71-20cf9a8d8bcd,95d0131b-b6e1-4aea-9a27-b55c3d7e1723,3f606703-201b-446a-8ddf-fdde82de8f2e,4429021013091,savings,DAKS0652687,2015-02-11,active
a0bdaa6c-8dc8-43a5-bf63-a3b33ea20728,a415cb19-e850-4cff-805f-519a29d5c8c6,62caaed0-52b6-4150-8182-69dce04eace6,6059768324699,savings,HIMA0290630,2016-10-04,active
4d0c27f6-730c-4672-8ec9-78e5f2a31ca5,17af9a5e-69fe-4bf4-ab33-d573933a7e3e,74cbcd35-a499-4126-9ef6-5f152493f4c3,3741373215436,savings,VIND0229756,2017-10-17,active
4b7ded5d-392b-45b3-a7a5-d0cfeeee069e,6069a417-b0de-4142-9ec0-9fe18b842dff,af8d2f2c-d3a5-4224-82d8-a44160ddd556,062796291425174,savings,INDR0413519,2020-10-11,active
cf57020d-5ecf-433c-a8c8-c0dd5e681095,64682cf5-fea8-41a1-bdcd-7f338397ecb2,162db169-8d7b-407e-a855-c3ed1753cd2f,789019649797,savings,PRAG0326260,2019-07-28,active
aeda95b9-c203-4940-a344-601c5a62c11a,b974a4fe-d224-49b8-98a4-c692f3c90e8c,74cbcd35-a499-4126-9ef6-5f152493f4c3,900694363280,savings,VIND0300405,2022-07-17,active
33c9fc55-7538-46e2-b9da-77a0ef8e2b4c,ffbfe67c-24fc-436d-a893-47bc3ed86707,3f606703-201b-446a-8ddf-fdde82de8f2e,691077800666,current,DAKS0889794,2022-12-22,active
ce829563-8186-4e12-a45a-5c53fe722b15,7fb4a98d-a109-42d4-9b57-dbd65a0fc22d,162db169-8d7b-407e-a855-c3ed1753cd2f,313127986886,savings,PRAG0493122,2016-07-24,active
efdef343-7527-4824-9c66-7d3d0c37e166,cd9206f8-f434-4678-89e0-e46d105709b8,af8d2f2c-d3a5-4224-82d8-a44160ddd556,7996360486951,savings,INDR0260590,2024-01-06,active
ecce2c08-6a77-44a6-8d26-51271e716d67,6e63d851-6891-42e9-8a11-762fad901515,af8d2f2c-d3a5-4224-82d8-a44160ddd556,8625136912723,savings,INDR0569309,2021-05-22,active
ff0c76c2-215c-420a-b4bb-abec8524f115,debded6d-56fd-432d-8a01-c7c6ebb6f138,995610ee-7319-44cf-91d6-762cbabda860,6632601236603,savings,ARYA0620204,2016-11-14,active
8941b5e0-235b-44a5-a81b-1eb9cdf89d57,d1c907c9-fb52-4580-839c-d2a01396ca59,af8d2f2c-d3a5-4224-82d8-a44160ddd556,3810484970372,current,INDR0977025,2015-05-25,active
a2c5a337-86b0-4d02-b3ff-15221194aa08,aaa7cbd2-9052-4d14-883d-36f3725edd12,995610ee-7319-44cf-91d6-762cbabda860,158031392607,savings,ARYA0395789,2016-01-06,active
6f0e3a3d-dbde-4ab6-84a2-02bf33711ba1,8171e26b-7d4e-41ed-a931-f0414f85531a,74cbcd35-a499-4126-9ef6-5f152493f4c3,88494682680471,savings,VIND0568085,2019-04-03,active
6ec3ce3d-d593-4e2d-94f3-1b99af17ac94,8171e26b-7d4e-41ed-a931-f0414f85531a,b3d110d6-dd86-46e5-afdd-29626fb388bc,19363600105194,savings,BHAR0224865,2015-04-29,active
3a7b48a9-d6bd-48b0-97c3-b10ac62a6a76,8171e26b-7d4e-41ed-a931-f0414f85531a,3f606703-201b-446a-8ddf-fdde82de8f2e,843560554039,savings,DAKS0184397,2022-05-31,active
53d940e4-0071-437e-9c36-5b6995ffbccc,bee57f7c-4a33-4cbd-b063-d6c977085918,af8d2f2c-d3a5-4224-82d8-a44160ddd556,1267755643513,savings,INDR0763908,2017-08-24,active
2abe2d9f-8ffb-42d1-a11c-f9fb2291bfb8,2bb1e476-dc2e-4d44-8fc3-0d9281e7e8d9,62caaed0-52b6-4150-8182-69dce04eace6,81681591559622,savings,HIMA0376981,2019-08-06,active
5a6f9be1-1d3f-4d13-be15-f16c203d709c,3774b46b-1d20-48e2-a3b0-681118382340,162db169-8d7b-407e-a855-c3ed1753cd2f,5512391839886,savings,PRAG0378179,2021-03-09,active
9d6b6f20-7599-45e6-b075-ae9197f81b23,d5240b93-2763-4776-8ea0-a46c20cb55cb,162db169-8d7b-407e-a855-c3ed1753cd2f,43728549814225,savings,PRAG0183587,2019-07-02,active
96d6e194-a199-4bb3-8926-6c57f5ed92fc,9741982e-8ae7-4bc1-a9be-edd46ea29cd4,b3d110d6-dd86-46e5-afdd-29626fb388bc,5546967850760,savings,BHAR0546235,2018-04-08,active
3216b026-63a8-463d-85f8-5f85a51478a8,555723f9-c3e6-4db2-98c6-ba3af8dbdce9,74cbcd35-a499-4126-9ef6-5f152493f4c3,080671988913191,savings,VIND0604425,2016-04-29,active
02d1c701-7c24-4ef8-b473-47b6b0902d47,555723f9-c3e6-4db2-98c6-ba3af8dbdce9,62caaed0-52b6-4150-8182-69dce04eace6,569703843797,savings,HIMA0422711,2023-09-16,closed
830dfe33-881b-45f2-b7ba-1a226f297aaf,0a66a65e-11f1-4a7f-81a0-4ec040ff15a1,74cbcd35-a499-4126-9ef6-5f152493f4c3,5427788367761,current,VIND0446367,2017-11-09,active
599812a8-1e44-4fd8-8224-65be67251374,ee3228c7-411e-409d-ac4a-86e968696940,b3d110d6-dd86-46e5-afdd-29626fb388bc,463969738066,savings,BHAR0189503,2016-02-09,active
1b7d0624-8ffa-41f3-b326-b364136ffbc3,eea666fb-5087-4272-ad58-2be04273e478,3f606703-201b-446a-8ddf-fdde82de8f2e,4197387126470,current,DAKS0135141,2024-11-05,active
2da2535b-5a21-42f4-a817-9db2107923a4,02ce7ca0-238f-4f13-b290-6d2806fe66fe,028cd423-18ca-4188-9745-0259bc076a11,75714007755760,current,KALI0137520,2016-08-13,active
a7d1a900-3784-4273-9977-df397a5ca91a,71ca9b1d-db04-4eaf-8500-9080bd12ad54,028cd423-18ca-4188-9745-0259bc076a11,15649749147309,savings,KALI0713743,2015-04-15,active
248ebf04-dcab-4647-92a8-345a41317ae0,71ca9b1d-db04-4eaf-8500-9080bd12ad54,3f606703-201b-446a-8ddf-fdde82de8f2e,1615498645307,savings,DAKS0438126,2022-11-24,active
61c49752-433b-4e85-95b5-813a7715a928,398ff9cf-77e3-4b69-94ee-5b1f00e22bc8,62caaed0-52b6-4150-8182-69dce04eace6,2220329708075,savings,HIMA0578418,2018-04-01,active
3fc0f717-0f7f-4787-a5b5-0e18c7baf407,311d40d3-f8d3-44a7-8847-d0dda57dbbd7,3f606703-201b-446a-8ddf-fdde82de8f2e,5313929114224,savings,DAKS0118836,2022-10-30,active
f10dcaa0-088a-46fa-922c-6bc385862d25,311d40d3-f8d3-44a7-8847-d0dda57dbbd7,74cbcd35-a499-4126-9ef6-5f152493f4c3,02733076915666,current,VIND0696172,2023-08-21,active
3a4986cb-503e-4d29-a0bf-0fd3713efc9e,a5bb41e9-6404-4dab-8deb-90cac16ad12f,62caaed0-52b6-4150-8182-69dce04eace6,6534676139853,savings,HIMA0532176,2021-10-21,active
0793fb66-119a-4394-ad65-1555f89549b0,6ee5e10f-11c3-4977-b838-b18b179ad40b,62caaed0-52b6-4150-8182-69dce04eace6,8814237535334,savings,HIMA0785550,2020-08-09,active
d252d97c-87f2-4fe6-8bf6-d575a6e6aa04,11e28d1e-dbbf-4e4b-9b26-d2a554c297d4,b3d110d6-dd86-46e5-afdd-29626fb388bc,435568808131185,savings,BHAR0116024,2019-02-03,active
0b842e31-35aa-4afc-9755-786ab87e47ca,33784a07-27e3-4c57-ad99-8faa9bd82524,3f606703-201b-446a-8ddf-fdde82de8f2e,715361129608896,savings,DAKS0281773,2020-09-23,active
27daa63e-4386-4ff0-99f3-0bf9cb462d7d,74a759be-4a3e-4e5e-bffe-5a23d121b7bf,af8d2f2c-d3a5-4224-82d8-a44160ddd556,97905036264133,savings,INDR0598137,2024-01-13,closed
2b4e3172-b110-4db0-aaae-2cf9fe68012e,9f318cbd-4f5a-4c2a-910f-f13988bd05c2,62caaed0-52b6-4150-8182-69dce04eace6,986870888496261,savings,HIMA0725819,2024-09-02,active
b7d54284-d61e-486f-aea3-9eb4f5d9f7cd,4f32a90d-b8f6-4eab-afcb-c297541f4b4d,74cbcd35-a499-4126-9ef6-5f152493f4c3,0993790141282,savings,VIND0416510,2017-04-26,closed
0925b8f3-ed92-4375-9c9b-2b3af84ff2bc,a4df7d87-34bc-47a4-b7ee-ea24387b8f86,162db169-8d7b-407e-a855-c3ed1753cd2f,9067164127293,savings,PRAG0127757,2018-05-21,active
decaa6a3-35c4-42fc-9368-b99a67366deb,7ac77217-ccc7-4bf3-9fe3-29adfcaef911,af8d2f2c-d3a5-4224-82d8-a44160ddd556,336974681245909,savings,INDR0160293,2015-12-04,active
3cb149a1-4787-4b15-8b47-af0e4d9cacda,7ac77217-ccc7-4bf3-9fe3-29adfcaef911,b3d110d6-dd86-46e5-afdd-29626fb388bc,140306592417914,savings,BHAR0878503,2022-09-16,active
61b998f2-6012-473a-bca3-b3e127e4d7dd,dea7aff2-2903-4051-879d-6aff74a4450b,162db169-8d7b-407e-a855-c3ed1753cd2f,658043237324,savings,PRAG0441280,2016-10-29,active
2c5fc752-a8e2-40db-b2cf-af1bf929d81d,ae4417d6-a16d-4a5f-b6c5-84f935be6807,028cd423-18ca-4188-9745-0259bc076a11,363905535040,savings,KALI0446070,2021-11-09,active
1ab9fecc-8c36-41c8-8ca6-dec33ab29b5f,0d32c1fc-9e18-4cba-9143-602dc60bacec,162db169-8d7b-407e-a855-c3ed1753cd2f,41672330175571,savings,PRAG0511276,2019-08-13,active
eed981ea-a966-463f-be3b-689bce0c18ec,9b0bf260-d207-4388-b0e4-09b7d8afbc22,74cbcd35-a499-4126-9ef6-5f152493f4c3,8816652372452,savings,VIND0334190,2023-10-21,active
704c16d4-6ed6-4f01-ad1e-853765f89d41,a9ce7ac9-d42d-4e11-8a1b-7c946bb0ffe6,162db169-8d7b-407e-a855-c3ed1753cd2f,83241826633636,savings,PRAG0389280,2020-02-08,active
98116959-9e69-43ad-98b7-a400274af3bb,abc1eaa7-7c98-4b48-9e64-3b8bad8ac949,3f606703-201b-446a-8ddf-fdde82de8f2e,7150764509459,savings,DAKS0447018,2016-02-20,active
8289ae90-1849-41bd-b070-bc6613d32e54,425019a5-fb8a-4d51-85c7-18e30f34092f,74cbcd35-a499-4126-9ef6-5f152493f4c3,8823133123586,savings,VIND0333268,2018-04-08,active
b94e39d2-e397-4038-a9ce-ea72612834b8,5b93f167-8bd7-422b-8fad-e9d2e135b082,74cbcd35-a499-4126-9ef6-5f152493f4c3,77612669575282,savings,VIND0684464,2023-03-15,active
c7f0f2bb-b0d0-4e45-8ea1-3d2f98842f4e,94188fcb-b502-4aee-8cc5-2bc99075b9d6,3f606703-201b-446a-8ddf-fdde82de8f2e,342440390328,savings,DAKS0779035,2017-08-08,active
21fcc691-2a77-4473-b382-29ecba9783b3,77342270-dc3d-4670-b49f-2d37bb1658ca,b3d110d6-dd86-46e5-afdd-29626fb388bc,3342707149035,current,BHAR0992410,2024-09-02,active
8a4265cc-6282-4d46-a8bc-208e1a76fbc0,d3dc77bf-eafe-4ae5-8807-a924215509bb,162db169-8d7b-407e-a855-c3ed1753cd2f,1295310327763,savings,PRAG0886201,2023-07-09,active
24dfdebe-45d6-4748-acc4-7a493b081522,3054a13e-230e-4bca-9767-5d49cc8efd92,62caaed0-52b6-4150-8182-69dce04eace6,1359849400027,savings,HIMA0842302,2019-02-08,active
1ac46c97-40f1-4a92-a713-6f23e19b9195,4d77e74b-737e-47f3-8665-1c9e9e9dd5e3,b3d110d6-dd86-46e5-afdd-29626fb388bc,3379313793050,savings,BHAR0942767,2021-06-11,active
c5681033-3539-4c81-89b8-9311130b78da,35167326-b12b-4e96-975c-62801885a181,62caaed0-52b6-4150-8182-69dce04eace6,8606185751038,current,HIMA0308084,2023-06-07,active
a0661e85-c6ff-43c4-8878-bc24bdde257f,f1c254f8-6d94-4a8b-ad09-cbf23ec26df1,62caaed0-52b6-4150-8182-69dce04eace6,4037215771405,savings,HIMA0621466,2015-03-12,active
f4808ae0-eb7e-4db8-9a16-a66de36d2275,f1c254f8-6d94-4a8b-ad09-cbf23ec26df1,3f606703-201b-446a-8ddf-fdde82de8f2e,2118565237956,savings,DAKS0124881,2021-11-23,active
4a36357c-341a-4d91-9666-c3fd504c3c2a,0163f435-0730-42c5-b9c8-33cdbcfa29a1,62caaed0-52b6-4150-8182-69dce04eace6,48614732160617,savings,HIMA0938697,2020-06-17,active
84928702-8613-4e2e-9835-73b73bac6374,774732db-ca95-40b5-b0b6-2a0b0fd5b157,62caaed0-52b6-4150-8182-69dce04eace6,1314254802369,savings,HIMA0583754,2023-07-31,active
f6f6d353-7aeb-4c55-8b61-196ca938b168,09cf52b2-35c8-430d-a161-2fad77014993,3f606703-201b-446a-8ddf-fdde82de8f2e,1476251360772,savings,DAKS0455236,2020-09-01,active
cee8f5d2-75bf-487c-8353-5dbb6c56dafa,2155aaf5-ee51-4357-9110-9dcfd2eb3383,af8d2f2c-d3a5-4224-82d8-a44160ddd556,84508782349458,savings,INDR0638848,2020-06-21,active
b69702dd-aca2-472a-8883-29ec9f6afea6,9205a069-02cf-4ea2-b52e-ccdfca8acc6c,af8d2f2c-d3a5-4224-82d8-a44160ddd556,9845336063022,savings,INDR0767387,2017-03-17,active
231774af-ee18-45d4-a007-0879afb09b32,c9af5b97-6a34-4698-9959-3bd8e698d1cf,62caaed0-52b6-4150-8182-69dce04eace6,1700633849099,savings,HIMA0913667,2015-09-20,active
f331fe8b-8503-495c-a697-8e960757144e,708eaa95-5b85-426f-8863-b3de9c6b425b,028cd423-18ca-4188-9745-0259bc076a11,92774300373946,savings,KALI0760658,2017-05-04,active
52000e59-62e0-43b0-8f1f-312ed8bd5264,4de427a7-4934-4361-903c-b9bd78b2b638,af8d2f2c-d3a5-4224-82d8-a44160ddd556,5158219817310,savings,INDR0800204,2023-09-14,active
c884a13b-2e46-4fbe-a15a-8112484cd025,fb3911ba-8769-45a5-ad03-55563c7de121,b3d110d6-dd86-46e5-afdd-29626fb388bc,5341547242217,savings,BHAR0377039,2022-05-28,active
68711d31-257d-49d9-8537-c2462a2231ea,1cc4a8cd-43f4-4668-bff7-0e8e1d57eeed,62caaed0-52b6-4150-8182-69dce04eace6,83695432710465,savings,HIMA0344388,2016-01-22,active
77a82fd0-1368-4b72-ba71-a1768eb9051b,a1dd834e-8c7a-4ebe-ad51-17fc6bf2744c,995610ee-7319-44cf-91d6-762cbabda860,3256470285406,savings,ARYA0208474,2016-07-31,active
a5e04df3-6b5b-4e55-a565-32fbc82cd70f,96433711-d892-4c53-a812-a0abd49bc5e1,028cd423-18ca-4188-9745-0259bc076a11,25818246535480,savings,KALI0394515,2021-04-30,active
f988d6d2-f7af-490c-bd0d-c8fb5dc6bbb8,d647bf48-13e7-400e-badb-aec596c14491,b3d110d6-dd86-46e5-afdd-29626fb388bc,4866353020463,savings,BHAR0140270,2017-02-25,active
3f6bed9a-d14d-406a-8587-f22207795578,c17a2eb9-7725-4658-901f-20508f07291e,028cd423-18ca-4188-9745-0259bc076a11,9429437414154,savings,KALI0839897,2019-02-21,active
51155c22-c92e-4029-b7c3-e06a070c6144,bdc6f998-e61c-4eed-94e0-376163fc1ab6,b3d110d6-dd86-46e5-afdd-29626fb388bc,4846820239234,savings,BHAR0673915,2015-04-05,active
7c1b5544-de6b-4915-a484-533feb6eb35e,bcb2ab90-e44e-4c20-947c-ffcd8a0b3997,74cbcd35-a499-4126-9ef6-5f152493f4c3,178899920809087,savings,VIND0249944,2015-07-15,active
91142cbc-16b9-4a6b-ac04-f0fe0dd2db61,206f0ab9-49f7-456e-9b19-4e7e0aae328b,74cbcd35-a499-4126-9ef6-5f152493f4c3,387950746990,current,VIND0624628,2017-02-25,active
e14cd69e-89ff-4a53-882e-416ed68d3a66,206f0ab9-49f7-456e-9b19-4e7e0aae328b,62caaed0-52b6-4150-8182-69dce04eace6,45131336927012,savings,HIMA0151343,2022-05-28,active
2b70e685-1d04-4c95-a6ed-9a47cb096e94,28ba0686-eb45-4409-a401-3486d8b4212a,af8d2f2c-d3a5-4224-82d8-a44160ddd556,6508096202024,savings,INDR0265002,2021-07-17,active
c9355ba4-73ca-45f8-b0b6-d79a8724293c,a182ac02-ce97-42b4-b64b-6459916295bb,b3d110d6-dd86-46e5-afdd-29626fb388bc,7501821022951,current,BHAR0775787,2022-08-13,active
ccb572d0-cc00-4e10-9d8a-31279cda5bf0,ec7dbb73-57e6-4994-b459-b1aa27f2da75,b3d110d6-dd86-46e5-afdd-29626fb388bc,50325754629679,savings,BHAR0917513,2021-07-28,active
4fdacfd3-1ed0-4819-93c0-d242680b6639,04d36625-b5aa-4286-a543-bf880a885eb0,995610ee-7319-44cf-91d6-762cbabda860,6396188872412,savings,ARYA0497360,2021-12-02,active
150a31b4-cfb8-4ffa-98a5-7fdbfe742d54,04d36625-b5aa-4286-a543-bf880a885eb0,162db169-8d7b-407e-a855-c3ed1753cd2f,998478502652,savings,PRAG0970057,2024-09-15,active
adc5fc68-82c0-491f-b5e1-826325643598,04d36625-b5aa-4286-a543-bf880a885eb0,74cbcd35-a499-4126-9ef6-5f152493f4c3,192122251768,savings,VIND0258334,2019-02-13,active
2c31da65-1033-469b-9dca-0948a5a941b7,2de7545a-c883-4937-9b06-57b353ee1bb4,3f606703-201b-446a-8ddf-fdde82de8f2e,72714684966947,savings,DAKS0707354,2024-01-04,active
39bfdb83-2824-4af8-95d6-a6cf4b90cce8,acd25cbb-36f7-421c-b26e-f6d029411c71,62caaed0-52b6-4150-8182-69dce04eace6,858658938201,savings,HIMA0650414,2017-02-08,active
23c2942d-157c-490e-8b0b-bcb9cab4719d,b681e7e8-fb53-41e2-a5e0-137f14ae1cb4,b3d110d6-dd86-46e5-afdd-29626fb388bc,0886865798270,savings,BHAR0743450,2018-03-29,active
3976fe1f-6718-41a1-996b-39b9abb2a14d,42ba9b51-bca3-4eaa-a450-6079793c82ca,62caaed0-52b6-4150-8182-69dce04eace6,8375175482397,savings,HIMA0554369,2022-05-21,active
3a0736a7-d9fd-414a-a7a0-56f02b25e564,50873f12-f502-48f0-b7b9-1ca825fbb932,162db169-8d7b-407e-a855-c3ed1753cd2f,12121677145999,current,PRAG0201023,2022-06-08,active
07f39142-31c5-48a4-abd6-fb7e75c6bed6,bbdbb00f-8603-4c5a-b39f-9d8fa76534a6,3f606703-201b-446a-8ddf-fdde82de8f2e,3334650277559,savings,DAKS0980701,2021-11-03,active
fa06778a-c6c4-43cb-8756-27952645851e,c5e16f2f-973d-40a6-8c8d-3ac71445e741,3f606703-201b-446a-8ddf-fdde82de8f2e,23401079676882,savings,DAKS0923893,2016-05-28,closed
ffa29add-d21b-4b18-8bb5-af8f2e039451,0dac34c9-87da-4f5d-84ae-d23c900dd240,b3d110d6-dd86-46e5-afdd-29626fb388bc,04247050905826,savings,BHAR0470234,2016-12-30,active
bec6cdf3-aa3f-41f7-adfb-66de7101599c,e87757cf-e125-441d-a50b-d22f844cfa63,74cbcd35-a499-4126-9ef6-5f152493f4c3,6835883059871,current,VIND0921200,2017-08-09,active
807590e5-b6c4-4033-bc48-18776205b0c8,0855016e-a106-452b-a8ca-a9d63447502c,028cd423-18ca-4188-9745-0259bc076a11,70222751795936,savings,KALI0196906,2022-11-05,dormant
34192ecc-45e2-47de-ba29-d498bdd5d91a,bd7e8acb-ed1e-49f6-99d8-0fcaf6383dea,74cbcd35-a499-4126-9ef6-5f152493f4c3,2108112832576,savings,VIND0421298,2016-07-06,active
430d2948-a0df-4080-9f8d-85df2cd5548c,fc229bfb-d5f2-489c-8d2a-a62decd6913c,028cd423-18ca-4188-9745-0259bc076a11,415179202887,savings,KALI0344277,2018-07-16,active
5d92a7cd-3ff7-4d42-83de-8d1ac25eb78a,81d2d5db-5957-4f5f-926a-3bb90c2cfe5c,995610ee-7319-44cf-91d6-762cbabda860,09734896752016,savings,ARYA0594418,2019-08-17,active
bfddfe61-7b5a-4626-83c6-6aff63579141,10c0a1fa-8b7e-420f-84c8-e35f578baec7,162db169-8d7b-407e-a855-c3ed1753cd2f,56288257507595,current,PRAG0864298,2020-02-09,active
ee8e9d4c-b17b-4a25-9ac8-64794ffe4051,3640b2ff-fc90-46ba-975d-3f6695758af7,af8d2f2c-d3a5-4224-82d8-a44160ddd556,4479396990677,savings,INDR0252582,2016-03-15,active
a3a587cd-0d8e-441c-a4fb-35f107fe3d6a,d08c737d-f512-4019-9979-7ced7a3f2392,62caaed0-52b6-4150-8182-69dce04eace6,9554310066262,savings,HIMA0256352,2024-07-25,active
645076d2-5c82-4f2c-b6e0-593a06ef40b8,027ac3f5-ce4c-40b1-a498-29e5b9c751f8,b3d110d6-dd86-46e5-afdd-29626fb388bc,1629113682469,savings,BHAR0155710,2018-01-17,active
b5884b77-d71f-4d77-a56c-4762eeae47f7,f5ba6c00-e9d8-4fc9-94cf-422aa76e8592,af8d2f2c-d3a5-4224-82d8-a44160ddd556,774300982236741,savings,INDR0347388,2021-09-16,active
5c045663-e4e8-4a17-920a-d027e5dffa69,14ce1950-af94-4fa4-8751-01c5790a1ec0,af8d2f2c-d3a5-4224-82d8-a44160ddd556,8566733232549,current,INDR0999217,2016-08-20,active
2cd7ffa9-5f05-420a-99d4-0884c1718ac0,8f343577-22f0-439b-a3b7-0e293163e47d,62caaed0-52b6-4150-8182-69dce04eace6,17711962517942,savings,HIMA0633970,2016-12-05,active
912555ac-7d6a-4070-a66e-ba316ed3e6d9,00a12545-922e-4c12-8979-fcd4ce73b8ab,62caaed0-52b6-4150-8182-69dce04eace6,56611790258337,savings,HIMA0711647,2020-11-02,active
34e78396-c936-4acb-830f-dd08704ec435,00a12545-922e-4c12-8979-fcd4ce73b8ab,3f606703-201b-446a-8ddf-fdde82de8f2e,603487559852,current,DAKS0142760,2022-02-14,active
3c956297-e299-4fc3-8a94-79f3a3eca884,81369865-d4b6-4ce3-9529-3524be156216,3f606703-201b-446a-8ddf-fdde82de8f2e,8164462740486,savings,DAKS0948702,2019-12-31,active
0253d005-84b2-434a-95c0-6e66f2fa46c1,e3a9b35d-db3b-40d5-9391-cb9ddde691c0,028cd423-18ca-4188-9745-0259bc076a11,79697911813595,savings,KALI0229263,2021-07-05,active
e56b514e-6329-4caa-a362-f397ae4e4d9c,2d5f91d7-1441-4c57-b04b-41b5094d0ebd,74cbcd35-a499-4126-9ef6-5f152493f4c3,562437238709,savings,VIND0305757,2024-01-24,active
c59151cd-88f7-4a26-894e-e0628decfc8c,c19499fd-d9ad-4d81-9fdc-ff1b207207ca,3f606703-201b-446a-8ddf-fdde82de8f2e,60654273393402,savings,DAKS0641312,2022-10-28,active
4442420f-ee25-410c-84eb-41a852f6a5ba,6b45ee17-682a-45bd-96fc-1bcfb16de6c5,af8d2f2c-d3a5-4224-82d8-a44160ddd556,0167988746203,current,INDR0599392,2017-06-29,active
f15a9214-8de9-4b5e-99f4-9a4347ee73a1,6b45ee17-682a-45bd-96fc-1bcfb16de6c5,74cbcd35-a499-4126-9ef6-5f152493f4c3,5941398033815,savings,VIND0904924,2015-09-13,active
ad1275ce-7434-4763-8407-caef66948084,c83827a6-de1d-4e19-96c3-d88e7b117ea4,028cd423-18ca-4188-9745-0259bc076a11,1619389955411,savings,KALI0443581,2020-12-18,active
6c15ebe1-6f85-4d92-b189-de4163f377bc,c83827a6-de1d-4e19-96c3-d88e7b117ea4,995610ee-7319-44cf-91d6-762cbabda860,5370160132411,savings,ARYA0242467,2022-08-07,active
031579cd-5e0e-44c5-bdb8-dc239955c669,b0a9f0f9-e017-4c30-a7df-1b9fa32ae419,74cbcd35-a499-4126-9ef6-5f152493f4c3,861249512692,savings,VIND0687045,2016-08-14,active
d93c5203-6900-4860-b38c-fb19d56b8f1c,6280dc11-0124-4ef9-9586-d6b5e87ee08d,62caaed0-52b6-4150-8182-69dce04eace6,46761462268351,current,HIMA0423086,2019-04-06,active
90197724-ddf1-45ab-bd8d-ed72ef57ce17,bdde0bb8-25c2-4bdb-a621-9e4c72c3390e,62caaed0-52b6-4150-8182-69dce04eace6,23199026365841,savings,HIMA0427757,2022-12-26,active
ac556af5-319b-4de9-b69e-2d19cb7ba04a,17a7b4f1-47ac-4aba-829e-e8a0bae23537,b3d110d6-dd86-46e5-afdd-29626fb388bc,03627507384550,savings,BHAR0569312,2018-02-07,active
59ae2923-5bed-4379-b5c0-de38e63e4b56,8d150b62-500a-4202-94ff-3d2ac3874acf,162db169-8d7b-407e-a855-c3ed1753cd2f,474054720289,savings,PRAG0747916,2022-08-04,active
3197abc4-125b-488b-bf11-e2c2a570a5f1,bb956a47-9cf5-422c-a026-57d32d6cf18e,028cd423-18ca-4188-9745-0259bc076a11,771744888453,current,KALI0962942,2023-08-30,active
e3d1b55a-da22-4665-a566-ab7bc06c691a,9dc6df1b-a991-4362-a258-e2819f7650e1,028cd423-18ca-4188-9745-0259bc076a11,07607114525707,current,KALI0608199,2023-05-02,closed
b7183598-655e-4483-92eb-cae0afa6e497,3234d100-76e6-4163-9027-3fe1fd2377c3,af8d2f2c-d3a5-4224-82d8-a44160ddd556,34445624660143,savings,INDR0355572,2020-06-02,active
21ba6de9-2f1e-4066-84f1-c3c252083411,3234d100-76e6-4163-9027-3fe1fd2377c3,62caaed0-52b6-4150-8182-69dce04eace6,032091922256,savings,HIMA0270274,2023-03-10,closed
a0332797-939c-44de-accb-02dfb9161335,81078dc3-988f-4ce9-a8e6-a019c0f9340c,3f606703-201b-446a-8ddf-fdde82de8f2e,6370948275995,savings,DAKS0226754,2019-06-11,active
debc23be-c90f-4836-9d65-80a45df5b164,77aad506-ed85-4020-b1ad-088e8176cfcb,162db169-8d7b-407e-a855-c3ed1753cd2f,868755649594,savings,PRAG0713572,2018-12-21,closed
f4d76dde-ddaa-4e10-a8ec-6c5876f583a4,2eb8c7d9-3c1f-46ff-948d-f3c71d400539,62caaed0-52b6-4150-8182-69dce04eace6,9574092546226,savings,HIMA0486439,2016-10-05,active
1c9d9818-2a5a-44c0-af1b-28bcb9021e79,46ce2273-01b7-442a-8a39-866b9a7b8caf,162db169-8d7b-407e-a855-c3ed1753cd2f,73869009588182,savings,PRAG0699168,2017-01-07,active
a62c2099-4b4d-47a1-8e94-0daf9c42d131,61b9583e-76ea-4e1a-8d56-3607a6c65dbe,3f606703-201b-446a-8ddf-fdde82de8f2e,8968301264578,current,DAKS0437757,2022-05-18,active
20528d7c-038f-4aed-9e75-e0512ebffe9b,cb1e308b-e18a-493e-afa8-a7f5841f970c,995610ee-7319-44cf-91d6-762cbabda860,03402421731704,savings,ARYA0739880,2019-02-14,active
8f0fcf2e-2ee3-4a7b-ac35-4537c110b75d,cb1e308b-e18a-493e-afa8-a7f5841f970c,b3d110d6-dd86-46e5-afdd-29626fb388bc,9176264441671,savings,BHAR0991800,2019-08-01,active
5a46b585-65f6-4626-b5a9-ad5543343d1a,4bacb239-386c-43cb-80c3-104d0d8efd44,74cbcd35-a499-4126-9ef6-5f152493f4c3,0333190831627,savings,VIND0811567,2016-11-16,active
5193a8d8-6e07-4f78-8a75-48d514980c26,7028e7b0-a201-475f-9291-2588f234230d,62caaed0-52b6-4150-8182-69dce04eace6,636937688913,current,HIMA0808592,2020-04-25,active
dbe64186-bc02-474a-81a4-44924839eace,1c65f241-23ff-434a-9d9f-987bbe697486,028cd423-18ca-4188-9745-0259bc076a11,68361425378547,current,KALI0133628,2017-06-26,active
7cd58329-2ae8-4042-a50d-cb572e75b10f,3767cc13-5f29-4701-a4dd-f4478bc93a91,995610ee-7319-44cf-91d6-762cbabda860,712836822828588,savings,ARYA0419059,2017-06-14,active
680a2bd4-3e61-4ae9-b9f1-aa8be370afc0,c4f62b70-61d1-4499-80f7-5a45304209cd,af8d2f2c-d3a5-4224-82d8-a44160ddd556,8638391710557,savings,INDR0186729,2015-04-05,active
04cf2bde-92ce-4b5a-b05a-288321d0a42a,6f3e1d73-0748-4698-a90b-4338854b6da6,74cbcd35-a499-4126-9ef6-5f152493f4c3,0519895557750,current,VIND0159773,2023-05-12,active
68d71181-bcfd-4621-af24-34ed9b74b075,07dc70ae-37b8-4702-9e16-b911816d6890,162db169-8d7b-407e-a855-c3ed1753cd2f,450696325459252,savings,PRAG0491629,2017-02-12,active
4ddf483f-20dd-4502-bb61-ad7da2fa8a12,6d11ea59-c9d2-446d-9add-738de9387a76,62caaed0-52b6-4150-8182-69dce04eace6,3989948000379,savings,HIMA0888717,2018-08-31,closed
9e70844b-a1a2-4c5c-ba07-bde8980ad737,1f49bc14-1cf3-481e-b071-6ba97b1c6291,995610ee-7319-44cf-91d6-762cbabda860,128966676895802,savings,ARYA0903095,2016-05-02,active
689c8229-7b9d-49e4-8ad6-31bdb6f76060,e5d7e647-7769-4d63-9e43-10667b8be6c3,995610ee-7319-44cf-91d6-762cbabda860,56939666761029,savings,ARYA0109400,2023-06-08,active
5323a2ae-a67e-48bb-895c-a20f35443e0d,c6e7d060-0b2e-4f99-9754-7003565b33b9,74cbcd35-a499-4126-9ef6-5f152493f4c3,21030150071028,current,VIND0527220,2022-04-20,active
b92db223-9b38-4349-9422-ad77519bccd1,13898725-5e78-40b7-ae71-3df0246acf1a,b3d110d6-dd86-46e5-afdd-29626fb388bc,025357994467,savings,BHAR0177847,2015-04-27,active
a66fae2d-6695-40ee-a6f8-222cae621b7b,30ab5192-7cd4-480c-82c9-14b92065b21e,af8d2f2c-d3a5-4224-82d8-a44160ddd556,8676869520487,savings,INDR0533280,2015-09-12,active
d75fbf7c-a9ce-4edf-a676-7d1138b1f080,1b111e25-53c0-40af-865e-3aa37a4c2c86,62caaed0-52b6-4150-8182-69dce04eace6,38848982597130,savings,HIMA0791303,2024-01-13,active
88103be2-8b2e-4511-887b-d92728e64bb2,b161c0fb-0147-4963-a69e-348e783cd87a,3f606703-201b-446a-8ddf-fdde82de8f2e,3803410388631,savings,DAKS0199361,2017-07-28,active
fe38eeb7-54e0-4e42-a353-c2c4b7e13cb4,ceae3760-1f46-428a-9f5a-67494e83ad84,62caaed0-52b6-4150-8182-69dce04eace6,263154482672,savings,HIMA0740065,2016-08-23,active
546e7e3f-da43-4b8f-b2f5-d1b84eb37caa,ceae3760-1f46-428a-9f5a-67494e83ad84,af8d2f2c-d3a5-4224-82d8-a44160ddd556,07480912630311,savings,INDR0826457,2016-01-27,active
26ed51e5-c965-4d39-a01d-d6c4197f6243,2215f220-01c0-496d-9826-8c8c9f1b5faf,62caaed0-52b6-4150-8182-69dce04eace6,6902409088267,savings,HIMA0640077,2020-02-17,active
c05b8ca7-db47-47ae-857d-200bfa88508a,a92c4c08-4d7f-41bc-b3ba-130b5d776111,028cd423-18ca-4188-9745-0259bc076a11,9028073621981,savings,KALI0397177,2017-02-10,active
febf5c66-7ebc-4446-86b4-c413adaaa5cc,fd989a10-f458-4c0b-b4de-8816b6ffefdc,028cd423-18ca-4188-9745-0259bc076a11,33753188193877,current,KALI0566294,2023-10-15,active
dbc4c11a-2bf5-4bb3-883a-48fc2ee56368,67b9c6be-4bc4-4094-894b-f3e402e3dd30,62caaed0-52b6-4150-8182-69dce04eace6,705391435804,savings,HIMA0878224,2021-07-17,closed
4fa11d3f-602b-4245-ac86-3f68c2ee6429,2408f8fa-40e1-4898-8c25-6002bc585ef9,162db169-8d7b-407e-a855-c3ed1753cd2f,546440698973,savings,PRAG0344965,2019-08-17,active
6c5e511c-079d-487d-9db6-a59abf1d833c,28480630-a38b-4d39-b5d8-34d1a8e49e67,028cd423-18ca-4188-9745-0259bc076a11,7928386602272,savings,KALI0240590,2015-02-04,active
d9007b4b-8570-4490-bf23-32eed8e0f7c2,aaa7c8a2-3cd8-4ee5-bdc0-254cfc409dff,3f606703-201b-446a-8ddf-fdde82de8f2e,73234953824438,savings,DAKS0833972,2021-03-11,active
c59c0e17-7575-413b-b377-2c21fdc48fee,aaa7c8a2-3cd8-4ee5-bdc0-254cfc409dff,74cbcd35-a499-4126-9ef6-5f152493f4c3,442696598776,savings,VIND0675515,2021-09-23,active
ce191f02-482c-420d-b215-a73ecb6b7435,49711703-a162-45ea-8484-e600d2fc60b9,162db169-8d7b-407e-a855-c3ed1753cd2f,696649329648245,current,PRAG0324000,2024-06-14,active
dc72c6a9-de63-4957-89a4-4c1a27453533,55cfdf10-a1a9-4735-ae66-8aae4018cb6a,62caaed0-52b6-4150-8182-69dce04eace6,6339903238944,savings,HIMA0389255,2015-03-01,active
17c236ff-2290-4e99-ad48-eb3304ad324c,55cfdf10-a1a9-4735-ae66-8aae4018cb6a,028cd423-18ca-4188-9745-0259bc076a11,102949323127,savings,KALI0493891,2019-11-04,active
5cc67fc0-080b-4f39-8007-75b7847d8cd7,55cfdf10-a1a9-4735-ae66-8aae4018cb6a,162db169-8d7b-407e-a855-c3ed1753cd2f,4192104812609,savings,PRAG0301884,2021-09-07,active
34c40f22-fc95-42e7-aa14-1e1cc48446e0,9af5d87a-709a-418a-a8c7-5479eadf4856,62caaed0-52b6-4150-8182-69dce04eace6,360648839214,savings,HIMA0933269,2021-03-17,active
55671d2d-1bbd-4628-8e82-e68ba31380af,f1963d7c-f4dd-4c7c-bdfc-61f7cc4fc59c,62caaed0-52b6-4150-8182-69dce04eace6,46924034074389,savings,HIMA0788242,2024-09-12,active
0cfd083f-57b2-475e-9ee1-218bc0896915,e3bada65-8b55-4a30-85a2-dc6fe9ee3558,028cd423-18ca-4188-9745-0259bc076a11,64678913196869,savings,KALI0185954,2021-07-11,active
f37aedd8-1a1f-4cef-99eb-d25c5c20bc56,4be433a6-e91f-404d-b1bd-7d3d856145d8,74cbcd35-a499-4126-9ef6-5f152493f4c3,9182932996404,current,VIND0718807,2018-04-15,active
f785ad32-6aaf-4395-8e96-998b5c8d5168,90e91d4a-6d20-43f5-bad9-f9e8f45e9b4b,b3d110d6-dd86-46e5-afdd-29626fb388bc,997338558345,savings,BHAR0399365,2019-11-11,closed
f599be76-5b6d-453d-a0bf-5d28038c23be,d81dd9b4-01f6-4b41-a588-11c313a7f603,162db169-8d7b-407e-a855-c3ed1753cd2f,6174142941687,savings,PRAG0589897,2017-09-04,active
f1ad0aa1-b617-4791-b96b-7acbf0127b95,9119d264-6ce9-426b-8473-79dae3e5d951,62caaed0-52b6-4150-8182-69dce04eace6,6203914056411,savings,HIMA0651572,2023-06-24,active
c80068f7-48fd-4415-8816-580585481b88,cc4728ab-2afa-401b-874b-af4aa791bfb6,995610ee-7319-44cf-91d6-762cbabda860,644747614580,savings,ARYA0684854,2024-03-24,dormant
a2e26012-e485-4a05-a3e6-ea22ec886f7f,e36a9754-ef73-4a25-8ab5-46a5f4044043,b3d110d6-dd86-46e5-afdd-29626fb388bc,9666883272772,savings,BHAR0706682,2023-06-08,active
79733315-6e34-4666-b20f-83cdcd99586f,3c33163e-b499-4c82-ad32-d522eebc5a38,b3d110d6-dd86-46e5-afdd-29626fb388bc,3157095729151,savings,BHAR0128537,2018-07-28,active
1a54679e-60c4-4126-8235-64c250dbda83,3c33163e-b499-4c82-ad32-d522eebc5a38,028cd423-18ca-4188-9745-0259bc076a11,02419695650794,savings,KALI0257865,2017-01-02,active
742fa543-54bb-4e5d-8f03-56c25215a98a,e099b89d-0741-4ccf-bb64-912da7ff8f29,b3d110d6-dd86-46e5-afdd-29626fb388bc,12705760081105,savings,BHAR0743541,2016-10-15,dormant
6bb631aa-6deb-4526-bd04-cbd91dc3ad64,9576f189-e8dd-425e-837c-dec57e83ab2b,b3d110d6-dd86-46e5-afdd-29626fb388bc,31347520165036,savings,BHAR0691717,2023-07-28,active
8544e853-3766-4aa2-b58a-6aa3b9d507a9,3ec0987d-1f36-41b6-8469-531a4ad5ba36,62caaed0-52b6-4150-8182-69dce04eace6,010361586405,savings,HIMA0571500,2022-04-17,active
9e8fd218-c97d-4f6e-ab87-c883bc2aa6bf,e9dbf652-9e91-4691-a262-f5e116ae4de3,995610ee-7319-44cf-91d6-762cbabda860,783192986499789,savings,ARYA0196051,2024-05-29,active
9308f09d-288b-4794-99a4-f14a0512ea26,d4b70242-74e7-4c29-a388-f21115d4ae94,995610ee-7319-44cf-91d6-762cbabda860,60312582462781,current,ARYA0700115,2019-02-04,active
bd0ac074-3e5a-48ad-8dc5-7ac131c6e9eb,f2169a2d-7826-4230-b322-911bda1e8f1e,162db169-8d7b-407e-a855-c3ed1753cd2f,34776991786788,current,PRAG0465271,2016-06-23,active
99fd2d73-2906-4282-9c20-2308453e25f7,e033ed9c-276a-4196-aea3-3ad281701a93,b3d110d6-dd86-46e5-afdd-29626fb388bc,0648317111317,savings,BHAR0405864,2024-10-04,active
46af3bbc-6e4d-4215-ad23-300620f1102e,9cc249eb-6adb-47e7-8088-f8d519633f9a,3f606703-201b-446a-8ddf-fdde82de8f2e,52647497015494,savings,DAKS0825400,2017-07-12,active
91f0d6eb-4197-48bb-9e19-bb5eeb0f2c27,fda48128-2192-4b25-b3ea-16e344d9bf64,b3d110d6-dd86-46e5-afdd-29626fb388bc,730040999645617,current,BHAR0785534,2022-06-16,active
c5624686-2ccb-4587-b71f-88ade2044371,fda48128-2192-4b25-b3ea-16e344d9bf64,74cbcd35-a499-4126-9ef6-5f152493f4c3,9709070394325,savings,VIND0413604,2018-07-19,active
50305b9b-3695-46b8-96d6-6fca91fbd4a1,892a42fd-cddc-4e23-9c41-062359b2a611,995610ee-7319-44cf-91d6-762cbabda860,553674710003,savings,ARYA0166051,2021-02-10,active
43359029-9754-4b00-bf07-1ad7a5041ace,94d607d7-3492-48ab-a373-f24cb1390211,995610ee-7319-44cf-91d6-762cbabda860,87708513308436,current,ARYA0956817,2024-11-24,active
261ebea5-b3e4-40e8-a096-54b78e787bc4,8e380961-9536-4b53-8459-cfda50a2d762,3f606703-201b-446a-8ddf-fdde82de8f2e,837277641278,savings,DAKS0134418,2016-06-17,closed
4eb17ed4-f160-4271-b7c5-04e3782df296,0ef197ab-a352-4edc-a76c-2165981326af,b3d110d6-dd86-46e5-afdd-29626fb388bc,008242564767,savings,BHAR0540603,2017-05-28,active
0f07eae2-0b15-4ba9-b3f1-b69ac8f5815c,396f5d8e-cd43-468f-9ea0-bec450e6db71,995610ee-7319-44cf-91d6-762cbabda860,675982525430287,current,ARYA0210211,2020-08-20,active
95179057-f5b6-447a-b2b2-8ebcd012cf5f,4b31fe9e-51b2-4287-911f-2e21b982d0de,b3d110d6-dd86-46e5-afdd-29626fb388bc,6079049636569,savings,BHAR0820997,2018-08-01,active
e38dff46-8ea1-4752-81f4-d6277e6781b9,16d747d1-ae70-47ff-855b-dad7f0c560f3,028cd423-18ca-4188-9745-0259bc076a11,18283250766391,savings,KALI0579214,2024-08-15,active
6243fce1-7382-4b35-ab72-b9aba7c41981,16d747d1-ae70-47ff-855b-dad7f0c560f3,3f606703-201b-446a-8ddf-fdde82de8f2e,984204099799,current,DAKS0326742,2020-08-28,active
18107c89-f1b9-4e56-a03d-922fd06f6b90,4bd924a0-4163-4b8e-8fe2-47caadf44a76,028cd423-18ca-4188-9745-0259bc076a11,79607287862110,savings,KALI0678557,2019-06-17,active
f35646e1-a860-4934-9c34-65d3530ecead,00389333-eb97-4b4e-9a86-50eecff7d14d,62caaed0-52b6-4150-8182-69dce04eace6,41234064082778,current,HIMA0974014,2016-01-13,active
7cde9e25-e8fd-43f3-b4e4-aff5af564b57,00389333-eb97-4b4e-9a86-50eecff7d14d,028cd423-18ca-4188-9745-0259bc076a11,53380226296919,savings,KALI0133324,2024-02-07,active
f083aabc-7b73-48e4-b590-cc4682246fe9,d460b2f9-3aa4-40c7-8a4a-77edadccf897,028cd423-18ca-4188-9745-0259bc076a11,4959226325372,current,KALI0127100,2023-07-09,active
8825efc9-6c7f-4bf6-b2a0-b985a7ea5c77,af6f4a57-5b33-4b88-9395-f4b3c7e035af,62caaed0-52b6-4150-8182-69dce04eace6,6813972534665,savings,HIMA0203137,2015-01-02,active
dd178f6c-fcf4-4141-81b9-a8d575ddbe80,dcb380f4-9879-4bcb-ac59-4ac3e201bf26,b3d110d6-dd86-46e5-afdd-29626fb388bc,731231735912,savings,BHAR0254257,2019-08-12,active
71085b3e-e374-4b96-b00f-616dbe2b7f48,fadc20a4-a5ff-4ca0-a3e7-8c5cb974aefb,995610ee-7319-44cf-91d6-762cbabda860,603934730433899,current,ARYA0918689,2022-06-24,dormant
ea236682-12a5-414d-989d-e741f96524f9,470bc6dc-44e7-4c45-bf4a-da28c0844bdf,3f606703-201b-446a-8ddf-fdde82de8f2e,1944750249394,current,DAKS0606686,2016-10-27,active
73d4f9d6-c952-4bd5-986e-6e91bf70ee4e,d479e58d-abde-45c3-8833-d3842d694137,162db169-8d7b-407e-a855-c3ed1753cd2f,95639727209828,current,PRAG0883895,2015-01-21,active
b042b092-5458-4cbe-928b-dc25acbfaacc,972cf4b5-7b82-4e50-9307-1100e89a4b37,995610ee-7319-44cf-91d6-762cbabda860,59296691173616,savings,ARYA0965389,2017-04-28,active
f2cce01a-aeb6-4f04-8f41-04efec33c6a4,598b970f-3219-4a29-a843-eb1703d9bcc2,62caaed0-52b6-4150-8182-69dce04eace6,977225426094,savings,HIMA0793411,2024-02-01,active
ded7e61d-e726-4ef6-a5f9-87e66683505c,598b970f-3219-4a29-a843-eb1703d9bcc2,3f606703-201b-446a-8ddf-fdde82de8f2e,35989937538534,savings,DAKS0707725,2020-03-12,active
a350f545-b58b-4720-abdb-c77cb0d52fdf,598b970f-3219-4a29-a843-eb1703d9bcc2,162db169-8d7b-407e-a855-c3ed1753cd2f,484896190662,savings,PRAG0118807,2024-06-19,active
bd7eb6d3-0bbe-46a2-a7c6-2d23d2c6b849,4e518ad5-4f1d-4e0b-b8db-35008e94ce9d,162db169-8d7b-407e-a855-c3ed1753cd2f,437901143861,current,PRAG0499029,2023-03-05,active
e42d4400-12aa-45c9-b3b1-c16392e34aac,4bd43488-6f51-4578-b4ad-c91a1dd69c70,995610ee-7319-44cf-91d6-762cbabda860,4698193508513,current,ARYA0112569,2020-11-03,active
28fa4980-e59e-4e60-b62d-0ecb579ccff6,0114128c-ec6e-4071-bdc3-f5c5664b0ed6,b3d110d6-dd86-46e5-afdd-29626fb388bc,2737401652359,savings,BHAR0391457,2020-03-02,active
ee458604-3d38-4a64-823b-445f6d267538,6997d075-6579-4f24-b658-f9be47da879d,62caaed0-52b6-4150-8182-69dce04eace6,7269888494858,savings,HIMA0226621,2022-10-25,active
822cdf4f-5ae4-423f-ae2e-cd7f5202cb17,6997d075-6579-4f24-b658-f9be47da879d,162db169-8d7b-407e-a855-c3ed1753cd2f,33315729705815,savings,PRAG0270157,2017-07-17,active
b5aa48a9-6a75-422a-a754-87d6edfd992f,c8e62b5b-6b2b-486a-a7a9-e56ec10d8171,3f606703-201b-446a-8ddf-fdde82de8f2e,071173015280,savings,DAKS0413436,2020-12-04,active
97200989-127b-4b41-91ce-6d6cca0455fe,75c66359-73bd-47e8-9307-32bf17d34380,62caaed0-52b6-4150-8182-69dce04eace6,9949218091789,savings,HIMA0428720,2021-02-10,active
16e3cd8f-23e7-4993-9ae6-ffe9a21ca87b,75c66359-73bd-47e8-9307-32bf17d34380,162db169-8d7b-407e-a855-c3ed1753cd2f,331606627569,savings,PRAG0665983,2020-02-19,active
8da579ab-4d21-4960-9af5-163deda9c9ad,4b0d1224-32a5-4d82-b3f1-921f0bcc6126,b3d110d6-dd86-46e5-afdd-29626fb388bc,3139955880160,current,BHAR0803272,2016-07-26,dormant
3d9857db-f737-4081-982e-042786e59c99,b8dc5d1c-515a-40ec-852a-49313495b343,af8d2f2c-d3a5-4224-82d8-a44160ddd556,4104675127889,savings,INDR0846157,2020-11-08,active
9b9ad8f1-dc8a-4f3f-bbe8-eafc6e998078,50c8268c-ecde-4b23-a43b-c7f580efecd5,b3d110d6-dd86-46e5-afdd-29626fb388bc,137349532353,savings,BHAR0261556,2016-06-19,active
86da7a68-48e4-4755-8e1b-5b9f9b06fdc6,dcc01f74-9068-4489-adf0-d296d8ee67de,028cd423-18ca-4188-9745-0259bc076a11,1576916062061,savings,KALI0645263,2020-01-09,active
82e060d4-84e3-4bf1-bae6-c8943c10e409,8abe4a9e-edca-411d-8c8e-8a9bde4fcbbf,af8d2f2c-d3a5-4224-82d8-a44160ddd556,888178727915200,savings,INDR0173806,2019-05-14,active
675a8a40-4db4-45ff-a63a-81619c937182,ec4e0bf5-4e90-487e-8aef-6b6637489f86,62caaed0-52b6-4150-8182-69dce04eace6,2975850787968,current,HIMA0336029,2024-04-11,active
3a3652e2-7e63-4671-9448-bc24be26cadc,38d66af9-6e50-457c-8c19-f962a9c6b435,74cbcd35-a499-4126-9ef6-5f152493f4c3,04568802674177,savings,VIND0996733,2019-05-24,dormant
0ff698f6-5220-4cbb-98c7-c94b9296b1af,df5f0caa-f14d-4a23-a5ab-f47b4e66487c,74cbcd35-a499-4126-9ef6-5f152493f4c3,270958871997,savings,VIND0155863,2021-11-17,active
90225d2d-c438-4839-88dd-34c140b526af,62253e8d-5335-4f19-9e28-3aee9bd855d5,af8d2f2c-d3a5-4224-82d8-a44160ddd556,887240726337,savings,INDR0156618,2021-10-28,active
4ce84d42-d9e6-49bf-906d-1fa33e676886,bae44582-518e-4cc6-8864-9a68de64fa2e,3f606703-201b-446a-8ddf-fdde82de8f2e,64585332454121,savings,DAKS0538482,2022-05-06,active
742fdc6b-f4d1-4a0a-9fad-7ad45e626a9d,97fa6d8f-8f8c-4e66-9600-c13228fb8b6a,3f606703-201b-446a-8ddf-fdde82de8f2e,491446931588,savings,DAKS0174598,2020-05-15,active
4ab2bb6f-ae4b-4f64-8538-aed848849ec9,ecf8560d-074d-4616-bfe1-5ab4cab60fdc,b3d110d6-dd86-46e5-afdd-29626fb388bc,503898658020,savings,BHAR0741386,2019-11-25,active
02e5b1d0-8c50-4c60-bd28-3d6f2e20e2e7,6c911130-6b8d-4dc8-8a79-6ba55a3c9494,162db169-8d7b-407e-a855-c3ed1753cd2f,62305408011766,current,PRAG0164492,2016-07-18,active
db546916-caa1-411a-9640-088193883091,e89be745-8297-48e4-97d3-281a91d72627,995610ee-7319-44cf-91d6-762cbabda860,2978518244680,savings,ARYA0346704,2022-01-01,active
f49bbbe2-bc96-4ac1-934c-22e572046fdd,fe019cc4-ad27-4a9e-8ce5-6f24d484e798,028cd423-18ca-4188-9745-0259bc076a11,77360127492974,savings,KALI0677941,2019-08-18,active
22434b49-f824-4f56-a1e3-a1d7afe41976,fe019cc4-ad27-4a9e-8ce5-6f24d484e798,62caaed0-52b6-4150-8182-69dce04eace6,2328565209557,savings,HIMA0175769,2016-06-14,active
3a9d37fc-d9b6-4cc6-8986-3be06d7249eb,7ed22d51-e52a-419c-9378-c3e008062e31,af8d2f2c-d3a5-4224-82d8-a44160ddd556,0489660521717,savings,INDR0493395,2022-11-23,active
e09f0bf8-efb7-4cad-aff9-ad3572919ffb,fe56cd72-0ab6-4f4f-a1bc-459955f68bc3,3f606703-201b-446a-8ddf-fdde82de8f2e,94804345123581,savings,DAKS0862225,2018-09-04,active
4a6e0a30-e325-40ac-84ed-d68933286858,fe56cd72-0ab6-4f4f-a1bc-459955f68bc3,74cbcd35-a499-4126-9ef6-5f152493f4c3,632784399814,savings,VIND0295654,2016-01-08,active
14e14264-794e-4600-ae69-86aced979dbd,8081825f-0e48-4990-a7ed-bf1ddd6c7e0a,995610ee-7319-44cf-91d6-762cbabda860,8801338255034,savings,ARYA0253628,2021-01-06,active
4f18c5dc-3288-448d-9147-122ac860d55c,63978636-6654-4695-ae29-7aa73b410900,62caaed0-52b6-4150-8182-69dce04eace6,0178702347512,savings,HIMA0706878,2022-03-31,active
b5b8f096-84cd-4f70-b438-9e10a1c698ca,1ec06fb2-834c-4afb-8254-5f294f9bd0da,162db169-8d7b-407e-a855-c3ed1753cd2f,38722629752066,savings,PRAG0309417,2020-03-22,active
e06a29ac-0e35-4b65-911c-86a5849e0ff3,c8cb9ae6-8908-4470-83f4-d28bc48bc1bc,995610ee-7319-44cf-91d6-762cbabda860,70187233718658,current,ARYA0331015,2021-11-06,active
094e1e31-6dde-473c-8d0e-462153651907,4d9faa69-718a-4c13-93e8-acaea8c22f67,162db169-8d7b-407e-a855-c3ed1753cd2f,60278747097137,current,PRAG0225632,2023-08-29,active
4ff4bc4f-aa74-4acb-a7fd-3dbd28b17cb1,c4e80afb-b1ed-4eea-a3c7-45d925f546fb,b3d110d6-dd86-46e5-afdd-29626fb388bc,0380293665957,current,BHAR0599237,2021-04-27,active
0f83cdcd-4a3b-4acd-ae50-f81a47c15928,ee9f26ed-c3e0-429e-adb6-1f32bb1bb4df,3f606703-201b-446a-8ddf-fdde82de8f2e,842561658570916,savings,DAKS0185288,2022-01-31,active
9fe4871b-2456-4ea2-b0fd-7178f09e83b7,79932aa7-caa0-4666-a1ca-0242427646a8,af8d2f2c-d3a5-4224-82d8-a44160ddd556,0220096340394,savings,INDR0157452,2016-01-25,active
78433eb3-f40e-4fca-ab87-aa2af6e50cff,5b63a163-678d-4720-bfd7-64891aad851e,62caaed0-52b6-4150-8182-69dce04eace6,404625225724,savings,HIMA0999379,2016-02-02,active
0280fd07-e2cd-422b-8dec-a4b8a27230e3,80d1a12f-12b3-4bd3-abd1-b154fc01378c,af8d2f2c-d3a5-4224-82d8-a44160ddd556,98335358734967,savings,INDR0385925,2018-01-04,active
821cd2d8-da6b-4166-b533-bade17b204cf,4682e1e3-d14e-4a06-b425-c1b44c3bdf54,3f606703-201b-446a-8ddf-fdde82de8f2e,034235144714,current,DAKS0883145,2022-06-17,active
d28ae165-0b2a-44a4-a58f-cc00642a9e85,be6e9734-d7c4-405f-bbb0-06104918e898,af8d2f2c-d3a5-4224-82d8-a44160ddd556,7352719962221,savings,INDR0170804,2016-12-26,active
d655b13b-09f1-4084-a3f2-9b860c9ca6f4,04461a6c-fc3e-43fe-8bae-51cea1308184,62caaed0-52b6-4150-8182-69dce04eace6,910237652889154,savings,HIMA0911831,2023-12-19,active
b48a0a78-57c2-4c31-86f7-ac8bb1f72e40,2ca64574-556a-4e5c-a21d-820a82e4bcb5,62caaed0-52b6-4150-8182-69dce04eace6,768614853705778,savings,HIMA0441532,2018-12-29,active
263bb746-9fc3-45aa-bab4-2cceaca535f4,65493cfb-8afe-4ebd-9df2-faa763b8f310,995610ee-7319-44cf-91d6-762cbabda860,567010199113,current,ARYA0775803,2022-03-07,active
c0ccc502-bd2b-4077-802d-03e2995f753a,89becb17-81b8-459b-ae0b-96b155f34386,af8d2f2c-d3a5-4224-82d8-a44160ddd556,1010051682979,savings,INDR0575044,2019-12-25,active
aa8f3c57-a268-4935-b9f0-0cc8525c2256,89becb17-81b8-459b-ae0b-96b155f34386,995610ee-7319-44cf-91d6-762cbabda860,779223785550761,current,ARYA0879264,2018-10-30,active
38e8992b-77ac-4470-bb29-35fd476efc8f,c529d9ef-2cd1-45c2-9e04-a55827105e21,162db169-8d7b-407e-a855-c3ed1753cd2f,0522758142218,savings,PRAG0911397,2016-03-27,active
7aa3d5c1-b1e6-420f-9680-e486a7c246f9,6b8b8023-d580-47b1-ae20-b1b16bdeb80a,028cd423-18ca-4188-9745-0259bc076a11,757622263529,savings,KALI0772014,2016-10-08,active
1a207631-5301-41fa-8e06-f374e06e7bb3,454733be-201b-4f37-bdc8-fabcf42fcd20,028cd423-18ca-4188-9745-0259bc076a11,4414279153456,current,KALI0624329,2019-06-18,active
41a527d8-b203-4c64-972b-b10a1f07f611,454733be-201b-4f37-bdc8-fabcf42fcd20,74cbcd35-a499-4126-9ef6-5f152493f4c3,638629016692873,savings,VIND0716827,2015-07-11,active
2817c140-5416-4ea8-83d8-03a741482a0f,2462c2eb-1f1b-47a8-8162-d3130384be69,62caaed0-52b6-4150-8182-69dce04eace6,60342732221008,savings,HIMA0976010,2022-08-31,active
45f8d1c0-390d-4b8d-afe8-42b389243acb,0f584911-ae09-456d-9bb6-9a94205254f8,b3d110d6-dd86-46e5-afdd-29626fb388bc,699874358467913,savings,BHAR0275428,2017-08-10,active
df067b82-da0b-4bbb-80e9-d0953b36317d,07606132-cd61-453a-a9d6-78d3a2f8c0cb,af8d2f2c-d3a5-4224-82d8-a44160ddd556,1509970402755,savings,INDR0132486,2019-02-18,active
0aabd0ce-4738-4e96-856c-cd20a7a01773,0ead0884-55ed-4e0c-931f-0414d70f5921,995610ee-7319-44cf-91d6-762cbabda860,98822261623124,current,ARYA0458639,2018-05-21,active
8916fa15-45f0-41b9-ab4f-9992ee9edcbc,93e02608-b62a-4037-bd6b-eba77022c2fb,62caaed0-52b6-4150-8182-69dce04eace6,6680190444979,savings,HIMA0224654,2020-06-12,active
241546a0-8bb6-4be7-bb67-fd73c1a99dad,93e02608-b62a-4037-bd6b-eba77022c2fb,162db169-8d7b-407e-a855-c3ed1753cd2f,52088950944187,savings,PRAG0221277,2019-08-17,active
bdebab35-2e0f-4e42-9ac6-41bc768c7a30,b23b2c87-f81a-415d-ab99-0e23263c43de,62caaed0-52b6-4150-8182-69dce04eace6,684547707931,current,HIMA0408763,2024-11-20,active
07cef1c7-57ca-4318-9aa1-4247e22653b7,65f2e462-20b2-40dc-aa8d-5e7ced3545a6,62caaed0-52b6-4150-8182-69dce04eace6,62639484882783,savings,HIMA0275813,2019-10-06,active
24c71ff2-e267-48e9-bf63-682372d372ae,29266a84-f9ab-4a29-9079-4cc1dad9b121,b3d110d6-dd86-46e5-afdd-29626fb388bc,56414056405848,savings,BHAR0860310,2022-12-28,active
f9d21e06-628d-49dc-9d6b-9bb1c1bfb922,9ecdbdb9-b55e-4e0e-bd9d-ceaafd90bddb,995610ee-7319-44cf-91d6-762cbabda860,4545376395859,savings,ARYA0781122,2023-06-12,active
0d7f03d4-2ae7-460a-bebc-8744b729ae4c,b130424e-a079-43fc-ae7b-9de36b066ebb,162db169-8d7b-407e-a855-c3ed1753cd2f,99743656052147,savings,PRAG0197625,2016-01-17,active
241e970f-5393-4ca3-9698-0efc016b1c97,ca14571e-73bb-4ea3-b5f9-39dbddf8b2b6,995610ee-7319-44cf-91d6-762cbabda860,461655552817,current,ARYA0294052,2017-02-17,dormant
05f31b06-52bf-436a-a922-9b00dfda4e98,59fbdf87-28e7-404c-97a5-0d0f217b39f6,74cbcd35-a499-4126-9ef6-5f152493f4c3,37114409472325,savings,VIND0168263,2019-05-06,active
c810169b-3d96-46e2-83e5-4d2e238ac393,bc572c42-a45c-4a2f-956f-240a09cdabc2,74cbcd35-a499-4126-9ef6-5f152493f4c3,51491896624181,savings,VIND0572394,2021-11-02,closed
40bf2bb1-b9c9-41c1-8baf-5e83bfed166f,a9de9f02-11c2-4c92-8daa-b23b3e87d736,b3d110d6-dd86-46e5-afdd-29626fb388bc,925986251299040,savings,BHAR0732152,2017-01-01,active
ba4e9556-06db-4ba1-bf45-57b0af87bfb3,b27ed7f3-0309-4705-a823-94c19d69f184,162db169-8d7b-407e-a855-c3ed1753cd2f,635504599656,savings,PRAG0413244,2015-01-18,active
034a0830-0a31-41d7-8c8b-4c82d42e4a36,32516016-95e1-42c5-b6ee-6d1c59de73ee,995610ee-7319-44cf-91d6-762cbabda860,004265206019,savings,ARYA0475304,2019-08-09,active
3b2edef2-1a04-4889-afe3-948cf4b9bc07,e60e7f71-b98d-4804-88ae-9e14b7878720,af8d2f2c-d3a5-4224-82d8-a44160ddd556,657101302676,current,INDR0631601,2016-12-14,closed
00f8ce1f-4299-4d49-b5dd-da46afe3bf17,fc2ffc05-29cf-4be2-ab8c-dcfe4f85038e,62caaed0-52b6-4150-8182-69dce04eace6,2873863156107,savings,HIMA0345344,2022-11-30,active
ad6eca7f-f2fe-4738-9b9b-8cb284d36e26,186b6432-d7b9-4397-ae8e-c7b49b2868bc,74cbcd35-a499-4126-9ef6-5f152493f4c3,552003266851,savings,VIND0111885,2020-11-16,active
65fb9ace-0038-4788-bbcc-f055a5f454f0,c01ed628-489a-4805-9c4f-5a34da05d3f8,3f606703-201b-446a-8ddf-fdde82de8f2e,4766947100066,savings,DAKS0440586,2023-12-26,active
22c134b9-e7a0-4e9a-b2a2-00ef856ec0bb,a9af8e6a-6122-49ba-92d6-a7fe993d3370,b3d110d6-dd86-46e5-afdd-29626fb388bc,763607567083,savings,BHAR0815605,2022-10-12,active
d134b60d-cea7-436b-86ef-2f0461bb20d5,0e452102-4aa9-4290-9b86-577e41a8b3d4,62caaed0-52b6-4150-8182-69dce04eace6,7225638477316,savings,HIMA0840822,2020-05-02,active
9dc245e6-0827-4b97-940f-53596583e3ff,b61a0df4-78dd-48f5-bead-9b82a80aebc0,028cd423-18ca-4188-9745-0259bc076a11,018231426728,savings,KALI0756033,2018-06-10,closed
74e44e82-ae72-4f49-87ab-b8400547826e,2aafa2df-69ad-4082-9781-01270ad8caad,af8d2f2c-d3a5-4224-82d8-a44160ddd556,25077974152214,current,INDR0978149,2020-07-16,dormant
ac175777-f960-4cb4-a495-c2556b2fd8e5,1aead6bb-e517-4ad3-80d5-4673db5c0db8,028cd423-18ca-4188-9745-0259bc076a11,7749369867043,savings,KALI0891814,2016-12-08,active
83c1cafa-2802-4eb3-b917-f70ea2884de8,ddd0a2c1-7498-46cb-aefe-0864000f394c,162db169-8d7b-407e-a855-c3ed1753cd2f,18974191244179,current,PRAG0968348,2015-07-22,active
d21a18ac-7cb5-4a41-a0ef-f67118b7fcea,08a53a16-20c4-4c50-ba6e-3c40ef621f5f,162db169-8d7b-407e-a855-c3ed1753cd2f,97364700521398,savings,PRAG0148106,2019-03-01,dormant
d466d809-12de-4802-93b4-68e3dd475df8,58403a85-3bb2-4384-b35a-06d05951268a,162db169-8d7b-407e-a855-c3ed1753cd2f,07638846765657,savings,PRAG0403836,2017-10-25,active
d4e1fa8e-c71f-4efc-95fa-3817a8e80388,d345fe0e-42c2-4e44-83b2-723320815e68,3f606703-201b-446a-8ddf-fdde82de8f2e,270091892746,current,DAKS0660187,2018-10-09,active
2ebdb012-f77c-4ef9-8294-3421be99f92d,d345fe0e-42c2-4e44-83b2-723320815e68,62caaed0-52b6-4150-8182-69dce04eace6,46072520024179,savings,HIMA0114347,2020-12-09,active
9926c70b-e441-4735-a63b-4da147c42faf,2cd1f3be-6824-4a52-8086-4de729d9aaca,028cd423-18ca-4188-9745-0259bc076a11,725253782980,savings,KALI0233559,2023-06-20,active
3a00ce71-001b-42ae-8ae5-9c0bc17925fe,366ebb5e-4205-4993-a2f2-64e5d67ce167,b3d110d6-dd86-46e5-afdd-29626fb388bc,882290251053315,savings,BHAR0914730,2015-09-01,active
3a095cba-f00e-40d6-b98f-fd02b257938e,d038f78a-ac24-4255-9b01-1d1541ce8012,028cd423-18ca-4188-9745-0259bc076a11,2127662490529,savings,KALI0881300,2023-06-28,active
aba608d9-a77b-4872-953a-d7d0691d6ab0,8f36170a-27bf-4b8e-b9eb-13a11e0a58cf,b3d110d6-dd86-46e5-afdd-29626fb388bc,8969171374093,savings,BHAR0603305,2019-01-27,active
52cfe3e4-5e34-4f76-95da-4121e2773dd6,46cf126c-dd3b-4a9a-b58a-14ba3169de56,b3d110d6-dd86-46e5-afdd-29626fb388bc,04164950737622,current,BHAR0491697,2024-08-31,active
52643e69-8fac-461c-b6a3-b49334b78cc4,46cf126c-dd3b-4a9a-b58a-14ba3169de56,995610ee-7319-44cf-91d6-762cbabda860,9770953714653,savings,ARYA0335925,2021-11-10,active
09726b65-7bde-4605-a552-f54f59f7a2a5,1aae9d8c-d6c4-4531-89f0-6293efdbac7d,74cbcd35-a499-4126-9ef6-5f152493f4c3,8997298513667,current,VIND0918619,2022-04-21,active
08e78407-eae9-46fb-903f-c315e7ccf01f,823343ef-211c-4a81-9536-e47ca7353e8d,028cd423-18ca-4188-9745-0259bc076a11,5814220006006,savings,KALI0220842,2015-07-26,active
99b68342-d5fa-4c0c-a564-5f8dfd663695,2d13b972-2fa9-4533-978c-8761ce45a7d1,3f606703-201b-446a-8ddf-fdde82de8f2e,92155717504029,savings,DAKS0210765,2020-03-24,active
52c7eb97-fd75-4a4c-925a-6d5e406fa85c,8bc0df36-e3d8-4a4a-8c8e-accca462e3ee,b3d110d6-dd86-46e5-afdd-29626fb388bc,5676232194104,savings,BHAR0617278,2021-07-21,active
b15c93f0-ff1f-4c3b-9d27-7c6cc4903800,4f36b764-70d4-498c-8d72-dc72edac4efb,3f606703-201b-446a-8ddf-fdde82de8f2e,769998705922,savings,DAKS0615048,2016-12-29,active
2b71017f-d373-4d06-b3ab-336b3e15d567,ac981fbf-5c23-4f68-9de4-18399d8c9fda,3f606703-201b-446a-8ddf-fdde82de8f2e,080796046269477,savings,DAKS0150960,2017-01-12,active
2b654b7e-273c-4e83-9bfc-7e15c774ddcc,9f31b990-568f-4027-88d9-dd412317a8d2,74cbcd35-a499-4126-9ef6-5f152493f4c3,87895361538844,savings,VIND0328842,2017-03-25,active
804a490b-bd2e-4755-91f9-6ac92e5e2968,02710545-5cb2-49e4-ace2-ef4ff578b158,995610ee-7319-44cf-91d6-762cbabda860,1162851801562,savings,ARYA0611424,2018-12-31,closed
7dde0300-f4d4-4d47-b9f7-6ed9fd041bf9,6fbe7cd9-f340-4136-a2ac-76aa489d39bb,995610ee-7319-44cf-91d6-762cbabda860,55497846907814,savings,ARYA0393698,2022-02-16,active
dcfc7928-f85e-4ff3-82a0-c5f8569e7cef,84453905-4d46-46bb-8dc5-36c4df23d3dd,62caaed0-52b6-4150-8182-69dce04eace6,1053667834710,savings,HIMA0459461,2024-07-06,active
066d8c4c-b2e7-4a5b-8367-7ba88ded905f,670dbf69-ea2a-485a-b461-c479cc3b7340,3f606703-201b-446a-8ddf-fdde82de8f2e,6769937150556,savings,DAKS0546864,2018-03-23,active
5f42fbd0-1922-4d32-8e54-c76daf75f3f8,ea5053b5-6ea8-4a50-9d34-3c1b00d569d8,74cbcd35-a499-4126-9ef6-5f152493f4c3,029801246178,savings,VIND0347720,2023-07-14,active
d866991f-533a-42b6-9f70-930e1d512699,b21086e5-e0c7-4581-b389-8d45ce5ed6e9,995610ee-7319-44cf-91d6-762cbabda860,4539377753229,savings,ARYA0436761,2016-04-18,active
2fc625ff-905e-4d51-b821-8900e019d2d5,491f1427-759d-4897-9869-66d835714bbb,3f606703-201b-446a-8ddf-fdde82de8f2e,49776536613564,savings,DAKS0391541,2023-09-04,closed
de26f29d-a93e-45a9-91d3-b9c7632c549d,06f3d146-8c0e-4189-91e0-d3c04da2745e,995610ee-7319-44cf-91d6-762cbabda860,5227449975262,current,ARYA0577612,2017-07-27,active
b1c9773e-7473-49de-9e3b-e509b3135f66,b7008cf0-f52c-4878-a4ac-b18aa43bef76,af8d2f2c-d3a5-4224-82d8-a44160ddd556,3002211355863,savings,INDR0895783,2019-03-26,active
7864bd2b-6bfb-4606-9b69-a24f5c51d8d5,9e122242-a545-409d-9760-69ce5326889c,af8d2f2c-d3a5-4224-82d8-a44160ddd556,8336212857025,savings,INDR0338909,2017-04-08,closed
12d31f31-c79a-4b1c-9edc-91bbaf751c4a,9e122242-a545-409d-9760-69ce5326889c,995610ee-7319-44cf-91d6-762cbabda860,48793562671510,current,ARYA0170403,2015-02-28,active
5113e083-9dda-42a4-9639-a6bc928d622d,e29829bc-7268-4b21-a6c5-c6b2a350bf89,74cbcd35-a499-4126-9ef6-5f152493f4c3,637131765247,savings,VIND0968941,2020-07-20,active
dd4648d3-874e-4a47-8cd7-b7ec4821870c,75a58431-c355-472e-853e-b22584057fd8,162db169-8d7b-407e-a855-c3ed1753cd2f,339251120809,savings,PRAG0980495,2022-12-04,active
cd8f667c-f461-4365-a156-5af37dfc89f1,75a58431-c355-472e-853e-b22584057fd8,62caaed0-52b6-4150-8182-69dce04eace6,46905240519662,current,HIMA0688877,2022-08-20,active
d98af20a-2318-4b7d-b27a-5714b979b5b0,b9694041-e93a-409d-b62f-cc9b6907919e,028cd423-18ca-4188-9745-0259bc076a11,3018837377824,current,KALI0900961,2019-03-18,active
f758e23c-dfd8-4434-9236-12992e4fc340,66e0d2a8-0425-451b-80a1-c99c31a292bd,af8d2f2c-d3a5-4224-82d8-a44160ddd556,8626534190748,savings,INDR0657522,2022-06-04,active
44f2682c-bc01-4a61-9f79-a8ece5e3a415,37be16a8-d495-4e8a-981c-702ad9ed23d4,af8d2f2c-d3a5-4224-82d8-a44160ddd556,20085172698554,savings,INDR0757082,2020-11-01,active
e9edfa38-aaf4-4476-908d-ce0d23b6e687,64c8c8c4-3eca-40a8-a280-fce21bb2974a,3f606703-201b-446a-8ddf-fdde82de8f2e,07849884486959,savings,DAKS0202763,2024-10-03,active
aabe84ba-e1a6-4282-9bbd-3875a02def3f,51e1dc18-3ead-425c-b637-9a7c7fd8b9a2,995610ee-7319-44cf-91d6-762cbabda860,73571227407042,savings,ARYA0714122,2018-07-10,active
dc1e0799-1f4b-4c85-bfbb-61c43def899f,51e1dc18-3ead-425c-b637-9a7c7fd8b9a2,162db169-8d7b-407e-a855-c3ed1753cd2f,3614741707530,savings,PRAG0180286,2017-07-10,active
135c834a-8ec8-486f-ab30-cd1554315230,1293721b-341b-4a42-b83f-933a1a392012,995610ee-7319-44cf-91d6-762cbabda860,0303053772609,savings,ARYA0296113,2022-03-07,active
545109a5-2f85-456e-9fe0-7688e78773e0,0a1b99f1-1274-43bf-ad88-64f2887c6641,3f606703-201b-446a-8ddf-fdde82de8f2e,459430273961,savings,DAKS0821301,2019-12-01,active
15d68b77-1b8f-4910-9c33-7e54334f80f9,cbfaf171-dce6-4569-a432-ce256a1385c8,3f606703-201b-446a-8ddf-fdde82de8f2e,1394700654261,savings,DAKS0961287,2024-02-10,active
61a4fcc0-1003-40ae-bd9f-704678fccc8c,f847626c-a1c8-45d6-8bc4-a9a0f2fa2b66,3f606703-201b-446a-8ddf-fdde82de8f2e,658172259409,savings,DAKS0189762,2019-11-12,active
862d6f30-760f-475e-906d-c9aab7876085,3880d8b4-ea8d-455d-aa9c-977ad401abd3,af8d2f2c-d3a5-4224-82d8-a44160ddd556,22438900355340,savings,INDR0429315,2021-02-25,active
6fbb9677-e5e1-41ec-a313-2e051b85f15e,79c5f089-ebe7-496b-8aee-e7e215734d02,3f606703-201b-446a-8ddf-fdde82de8f2e,01449386944974,savings,DAKS0575132,2018-05-22,active
b8428218-a56c-4629-b5e0-cd175e3a445d,79c5f089-ebe7-496b-8aee-e7e215734d02,028cd423-18ca-4188-9745-0259bc076a11,9805087553713,savings,KALI0682989,2023-07-11,active
fd0efcb2-0bd4-439b-821b-1d0caa8b19d2,866ee0b9-296f-4f1a-a5e4-00facbb2f2f1,62caaed0-52b6-4150-8182-69dce04eace6,3263643316403,savings,HIMA0292441,2015-11-09,closed
6e25db4d-abff-4d0d-8d38-7242b98127a7,a8e8d715-c685-4e6e-b7b6-770c44b19fa0,162db169-8d7b-407e-a855-c3ed1753cd2f,594726202326,savings,PRAG0202648,2021-03-18,active
7b0163eb-299a-4a77-a50f-8eefde816db1,a340f970-d761-46df-ae50-904a5c84f1df,162db169-8d7b-407e-a855-c3ed1753cd2f,8607944428530,current,PRAG0818864,2017-02-12,active
c74d2085-9f3e-46dc-8b1b-e81a270b308f,a5044e96-2226-49e3-ac23-33ab4e89632e,995610ee-7319-44cf-91d6-762cbabda860,0323969923697,savings,ARYA0772679,2022-03-08,closed
64792357-6696-4727-809e-677bc32eda12,227cf141-3ec6-4425-bb88-489f21119a4b,028cd423-18ca-4188-9745-0259bc076a11,7426853553383,savings,KALI0622636,2019-09-12,active
73e7a67f-4fc1-4c7f-b5ab-92bc1d5c4897,5d4e95f6-a5b7-458f-bb96-16b83c313283,3f606703-201b-446a-8ddf-fdde82de8f2e,39057056522712,savings,DAKS0441388,2022-07-22,active
021c4c0a-3836-4b43-9802-6b4f6f784f35,5d4e95f6-a5b7-458f-bb96-16b83c313283,028cd423-18ca-4188-9745-0259bc076a11,11317848955361,current,KALI0692207,2022-06-28,active
d1fe633b-2411-4308-8cc1-bd0585712ba8,b6afdec7-c3df-4244-89ef-b20f7599b04c,62caaed0-52b6-4150-8182-69dce04eace6,5572955375330,savings,HIMA0261464,2018-03-17,active
bcbd0f7a-2d6e-4016-95f8-cc8c768f6c40,381edcea-393a-4563-9fea-dfc8d626a408,62caaed0-52b6-4150-8182-69dce04eace6,278528295910,savings,HIMA0456379,2016-10-21,active
d9320ca4-147b-4b6a-82f4-3c09b6c7c8da,1a958dca-63c0-4934-905a-10e51c3d04ca,62caaed0-52b6-4150-8182-69dce04eace6,06830960858219,savings,HIMA0112342,2020-02-26,active
d1674d9e-1e84-440b-8db6-e747b865d876,64aa12fe-332b-426d-9e18-1960f6079b69,3f606703-201b-446a-8ddf-fdde82de8f2e,59545594676933,savings,DAKS0830983,2023-11-19,active
edcb8840-0e07-4a2d-a7a0-e7c916c95a99,64aa12fe-332b-426d-9e18-1960f6079b69,74cbcd35-a499-4126-9ef6-5f152493f4c3,511803198054,current,VIND0195114,2017-03-03,active
a2fa6508-761d-4eda-bbf1-1cc6e6538865,a5be789e-f728-4c59-a462-1883b471932d,162db169-8d7b-407e-a855-c3ed1753cd2f,71435694330409,savings,PRAG0309748,2023-11-21,closed
038f6948-f8ff-4fa7-9fdd-c6466cadf3f1,3fc017d2-08cb-4e64-8ac6-678a1612aa6b,74cbcd35-a499-4126-9ef6-5f152493f4c3,300016306287,current,VIND0334649,2018-08-09,active
e89837da-203f-465c-89e9-e5ec6edf3aed,3fc017d2-08cb-4e64-8ac6-678a1612aa6b,62caaed0-52b6-4150-8182-69dce04eace6,9956525180276,savings,HIMA0621929,2023-07-03,active
17100eb8-af1a-4bee-ad0a-930da53ce84f,fc6bab47-ed84-4a99-98d8-2bcb5b3f8374,162db169-8d7b-407e-a855-c3ed1753cd2f,71211514531750,current,PRAG0899561,2018-01-14,active
ee0252b5-a3ce-4b49-8c7a-117a88975e5c,a863fe66-6b5f-4161-a08e-b86004e3f38e,028cd423-18ca-4188-9745-0259bc076a11,3151892858073,savings,KALI0255314,2015-01-20,active
aad03603-5729-418a-b256-5b812d4e569d,19fddd5d-fe03-495e-9dfc-a0cd6d93d52d,028cd423-18ca-4188-9745-0259bc076a11,22633373845229,current,KALI0310938,2020-06-19,active
427b4a1e-8591-472e-bb40-170c4ff4b20f,19fddd5d-fe03-495e-9dfc-a0cd6d93d52d,74cbcd35-a499-4126-9ef6-5f152493f4c3,758051285200,savings,VIND0917761,2021-06-26,active
ec9b4356-17a9-4d6f-8765-eea8fbf3f908,5a14c393-ced5-4851-a7b1-b3ac69a36268,62caaed0-52b6-4150-8182-69dce04eace6,96113595355485,savings,HIMA0587915,2024-11-03,active
2af66682-f6c2-4fe5-ad02-b3bfb96c16e1,d4bdc227-5886-47f4-ac4a-8e51fe760643,028cd423-18ca-4188-9745-0259bc076a11,9308841118350,current,KALI0890292,2021-01-01,active
4ab17455-088c-46a6-b24c-bac010b067c4,f227f6b2-166f-413b-8e2a-82ff5d243d54,74cbcd35-a499-4126-9ef6-5f152493f4c3,360158146639772,savings,VIND0291399,2020-01-14,active
ae52caa6-d51f-4bb6-93df-7f7916027816,e053942e-1959-4939-8542-d169679c7a17,af8d2f2c-d3a5-4224-82d8-a44160ddd556,9042944336401,savings,INDR0188764,2022-06-18,active
eab22971-2ccd-4569-bc68-3050a4cab9b3,e053942e-1959-4939-8542-d169679c7a17,162db169-8d7b-407e-a855-c3ed1753cd2f,404964066042975,savings,PRAG0776274,2015-03-28,active
d6eb47aa-2ced-417d-8e6f-7018eca147c7,be4a4267-c7c9-4a3e-baac-0d8b884310af,62caaed0-52b6-4150-8182-69dce04eace6,8767917008050,savings,HIMA0417472,2021-06-13,active
ba383013-f9e4-41ed-bdd5-d078e823b737,65d05ad4-0721-4fb3-9bd8-1fd0beb5cd57,62caaed0-52b6-4150-8182-69dce04eace6,609313004873,savings,HIMA0578877,2022-07-16,active
3bac0a74-3d42-46b4-aabe-c8490ccdf290,f2896a26-de93-4c37-b6d2-18eddc10de9a,b3d110d6-dd86-46e5-afdd-29626fb388bc,1302823770400,savings,BHAR0141016,2023-12-12,active
4249668d-7807-47ef-8ed8-18a6295f2bc8,d6d0eceb-8f01-42d5-a6a6-19431cf2251b,74cbcd35-a499-4126-9ef6-5f152493f4c3,7659851801546,savings,VIND0916311,2018-09-02,dormant
ecc03bb8-5a63-4e02-a43f-198e6edcba5d,91db5532-1569-4fd6-9b68-ea6d0864625e,af8d2f2c-d3a5-4224-82d8-a44160ddd556,269684516244,savings,INDR0917994,2017-11-21,active
ce764c12-81b3-455d-9ccc-f495c5c63ce6,7b52549d-ed07-4e02-8e14-0645be9bb1ab,b3d110d6-dd86-46e5-afdd-29626fb388bc,1478926867005,savings,BHAR0222925,2023-04-21,active
b45800e0-94c8-4d80-87ae-f30c7429e9b4,7b52549d-ed07-4e02-8e14-0645be9bb1ab,3f606703-201b-446a-8ddf-fdde82de8f2e,3346014177813,savings,DAKS0617495,2021-03-07,active
637e3b4b-31c7-42c7-a2fd-045cd57f6045,ef191e70-a249-4c58-8a2b-2cde71885056,74cbcd35-a499-4126-9ef6-5f152493f4c3,813714440323,savings,VIND0196021,2023-04-28,active
49cc7733-b331-4b18-a94e-1fd60dae1f1b,47635c92-ffa4-4fc8-b344-531214f40b95,62caaed0-52b6-4150-8182-69dce04eace6,49418532277358,savings,HIMA0191672,2017-05-11,active
be1e9660-7630-4adb-b2b9-07b3bb6ed1a6,ffed9e70-f0a4-4834-8f50-4bc97419656a,62caaed0-52b6-4150-8182-69dce04eace6,0866182167289,savings,HIMA0677289,2015-07-05,active
f106b41e-6376-4975-bc7b-ac371b7ca571,f7baa479-4b50-4bc4-b605-993f40b1ec07,af8d2f2c-d3a5-4224-82d8-a44160ddd556,812109704569,savings,INDR0100568,2021-03-22,active
42e96bcc-2896-4897-8e12-0ba148e135db,58ecf8c3-7cbd-4272-94cf-71943dc33e96,162db169-8d7b-407e-a855-c3ed1753cd2f,537671122537,savings,PRAG0706072,2020-04-06,active
d6d6872c-11f4-4c5a-9eb7-b0a5b5f711dc,5126cc62-b59f-41b6-8efd-c67a432b7a2c,3f606703-201b-446a-8ddf-fdde82de8f2e,97681770616275,savings,DAKS0918175,2022-08-20,active
5a93faa3-812a-4a5e-bac0-7f6ebf9355bd,da42248e-bb7b-4a97-9912-fd9aac5842f0,62caaed0-52b6-4150-8182-69dce04eace6,339798369640,savings,HIMA0775885,2016-01-03,active
0ed7b466-8194-4af9-a875-2db02ac2b26b,630a2f6d-64cf-49b4-9586-6413e6b9de84,3f606703-201b-446a-8ddf-fdde82de8f2e,76720314246378,savings,DAKS0697871,2021-10-15,active
9e6ba21f-10f9-4c5e-8690-dfda1f31acd1,02662da0-19a4-460a-b3b0-25f9e65e4e33,b3d110d6-dd86-46e5-afdd-29626fb388bc,07995508837567,current,BHAR0492052,2022-03-11,active
485a2e48-00c3-48d9-96c0-d14e78b4eb8e,2640fd97-8388-4336-ab6b-1e046723ec25,62caaed0-52b6-4150-8182-69dce04eace6,003539940508778,savings,HIMA0100521,2015-10-04,active
616907db-5422-4ba9-ad34-7327588f5d04,54f4377b-6cb0-4784-8b09-f6a94285a289,162db169-8d7b-407e-a855-c3ed1753cd2f,68373182834443,savings,PRAG0365907,2021-02-13,dormant
50d61412-3883-4dc6-bd50-8de7a548d670,6481c463-ebb9-4640-8c39-9dc17ae5678d,995610ee-7319-44cf-91d6-762cbabda860,352164076117,current,ARYA0495411,2023-12-10,active
7a796e79-6717-4358-b9a5-087db8074e26,2e71c4a0-ae70-4010-a211-112e4f70c8b4,3f606703-201b-446a-8ddf-fdde82de8f2e,0133513500500,savings,DAKS0985243,2015-10-19,active
1118bfb5-4e09-4129-bb40-78336d0f7451,2e71c4a0-ae70-4010-a211-112e4f70c8b4,b3d110d6-dd86-46e5-afdd-29626fb388bc,87618549075333,current,BHAR0101827,2021-06-30,active
5a0652bc-9096-452c-97e1-9bdf11645bf1,a607336d-9b99-4117-a56f-57962cd30dfc,162db169-8d7b-407e-a855-c3ed1753cd2f,7805699332381,current,PRAG0602010,2022-05-20,active
6ff343e6-6940-4cf3-a2d9-2745f3114348,58796a3b-821d-4185-8914-303664d5ccba,3f606703-201b-446a-8ddf-fdde82de8f2e,2102500022279,savings,DAKS0928474,2020-11-06,active
2047e03e-b4ce-4887-a5aa-03946938356d,5016d06f-c3eb-4c9b-affc-a070c293842a,74cbcd35-a499-4126-9ef6-5f152493f4c3,22137956714391,savings,VIND0966605,2016-03-19,active
3437779c-0229-4dcf-bc15-a2bb2909b5e8,c0ccc50e-59e2-4ce9-98d3-5b931dd2ae0f,028cd423-18ca-4188-9745-0259bc076a11,8163459395531,savings,KALI0180732,2018-06-25,active
5c76f38a-4f30-45ae-803d-8aad8070cf1c,30abb3ed-b819-4ace-ba46-8d69c0259e85,af8d2f2c-d3a5-4224-82d8-a44160ddd556,493761828472,savings,INDR0534943,2020-01-17,active
203b6127-51a4-45af-9a0d-f74a1d54b90d,2a9bb79a-96df-4fb0-8957-dab00b74168a,162db169-8d7b-407e-a855-c3ed1753cd2f,873168448042,current,PRAG0916688,2024-05-01,active
013f228d-7ab0-4767-b84c-77fbccfed3ab,71657e68-c8cb-4e8b-ac22-c0db54039f70,3f606703-201b-446a-8ddf-fdde82de8f2e,3091694253639,savings,DAKS0320336,2023-11-29,active
41a5226e-2781-4d51-b115-b9a4526ad373,16602d3f-f368-4b15-a638-1e646f05263a,028cd423-18ca-4188-9745-0259bc076a11,0122232041016,savings,KALI0648936,2018-10-28,active
45ea99ad-22ca-460f-b969-d42365f6fe78,36f5f7c4-f4f3-4c9d-b004-c52cccb57d0e,af8d2f2c-d3a5-4224-82d8-a44160ddd556,85597704835246,savings,INDR0901251,2023-01-30,active
a0b0769b-e096-4cfa-89ec-591702da56f7,5905b992-6426-4110-8654-01108126af18,af8d2f2c-d3a5-4224-82d8-a44160ddd556,334840712271,savings,INDR0283508,2015-06-03,active
7d682ddb-9495-41a8-a42b-1d66753e6641,ce0f7998-6e71-4f65-a70d-da5916d42ad9,af8d2f2c-d3a5-4224-82d8-a44160ddd556,8203149729720,savings,INDR0827412,2023-04-26,active
d152fa86-7f55-43bd-9ef8-5e93ae260d82,d719e8f8-6480-46af-9992-feb3c71c8c5f,af8d2f2c-d3a5-4224-82d8-a44160ddd556,181258251926829,savings,INDR0576173,2020-05-07,active
a436a39c-da29-4f93-8b3b-b9c5a35b91f1,c8e9bb94-854c-450d-81a6-2a665ec642c5,162db169-8d7b-407e-a855-c3ed1753cd2f,216115224274,savings,PRAG0217040,2022-12-10,active
97c3959f-5564-4692-bc45-e1f6a14389e8,c8e9bb94-854c-450d-81a6-2a665ec642c5,3f606703-201b-446a-8ddf-fdde82de8f2e,63649640369994,savings,DAKS0814105,2018-01-18,active
07e438d4-8aca-419d-966b-8ce955b26575,2090861b-d686-40ef-bb36-c556e162d4dc,995610ee-7319-44cf-91d6-762cbabda860,819007417902,current,ARYA0132797,2023-01-26,active
c6de621c-ee08-4fb7-90fa-c2aca6f46b0d,5c97634a-2f6c-49bb-8e4e-acc58e31a2ad,b3d110d6-dd86-46e5-afdd-29626fb388bc,50052485919148,current,BHAR0338708,2016-04-06,active
f0209b51-7d04-4a7d-8102-65367375ff3a,cd56c319-1ab9-4f7f-a508-a811475fcdb7,3f606703-201b-446a-8ddf-fdde82de8f2e,19795960725224,current,DAKS0586970,2017-11-28,closed
4bda5d1e-fe87-4405-a404-1984b918edcf,cd56c319-1ab9-4f7f-a508-a811475fcdb7,b3d110d6-dd86-46e5-afdd-29626fb388bc,62759367344351,savings,BHAR0562550,2020-12-24,active
dc0e0670-8c8f-4210-9c96-36c493761e7a,a255d4b8-bfce-4ea5-a193-2d6faa2f7ea9,b3d110d6-dd86-46e5-afdd-29626fb388bc,40986285254061,current,BHAR0248665,2017-07-17,active
5138e520-4163-4823-aa7a-12902b7373ad,77831842-6ff5-4991-b1df-2d3fd95f465f,028cd423-18ca-4188-9745-0259bc076a11,1835681647177,savings,KALI0233183,2020-11-30,active
dd77b027-44e7-45fb-b94f-2706668e4859,77831842-6ff5-4991-b1df-2d3fd95f465f,b3d110d6-dd86-46e5-afdd-29626fb388bc,604773672230,savings,BHAR0500593,2022-11-10,active
0006e992-8208-4e15-87ee-9eb665191166,76e72e71-49dd-489b-b711-bbf6c410f9a1,162db169-8d7b-407e-a855-c3ed1753cd2f,123222499021,savings,PRAG0917069,2019-02-26,active
868b9f52-beef-4aa5-99a2-f98ee6d9cb53,8081c6e4-7b97-4e85-8fcf-93c2cfca8309,995610ee-7319-44cf-91d6-762cbabda860,2080832724645,current,ARYA0719461,2016-01-07,active
7f199f30-8796-4938-9ad4-f042c6687a9a,fdf74b33-ac83-405d-b15c-5fda48745b98,162db169-8d7b-407e-a855-c3ed1753cd2f,74303210968084,savings,PRAG0968664,2024-02-17,active
99222bc6-8058-494e-9197-3694edbb03bb,d1f8d02e-22bd-47c9-af5f-de128d51a78f,af8d2f2c-d3a5-4224-82d8-a44160ddd556,31724858633492,savings,INDR0831076,2022-04-18,active
0bf05487-ec62-47e8-952c-346e765fd873,47584d4b-524c-4696-b0a4-4445638f24a6,af8d2f2c-d3a5-4224-82d8-a44160ddd556,42503487897565,savings,INDR0661234,2023-09-24,active
040dd204-f8c6-417a-bf56-dbcd235584cd,8a8f094a-665b-42ee-bf78-9ec998b8cf84,995610ee-7319-44cf-91d6-762cbabda860,17633197517424,savings,ARYA0169436,2018-10-02,active
35d88f6c-fd6e-4259-93b8-df5442182004,8a8f094a-665b-42ee-bf78-9ec998b8cf84,62caaed0-52b6-4150-8182-69dce04eace6,0814282554532,savings,HIMA0659823,2017-09-10,active
2306539f-ced2-4dd2-801f-278bebad789b,d36f8888-13c7-4666-88cd-f15ba4ba1d3b,995610ee-7319-44cf-91d6-762cbabda860,10911057598729,savings,ARYA0607153,2015-02-12,active
2aa73031-8515-4531-b98f-0c4cfea25a40,4f374856-e16a-4b10-b313-a19b1139a497,995610ee-7319-44cf-91d6-762cbabda860,58352986693504,savings,ARYA0640411,2022-04-13,active
5f2487dd-4c29-4e57-89d4-0a08ce7e3302,c34466cd-a07d-4875-8c89-0129dcaa6671,3f606703-201b-446a-8ddf-fdde82de8f2e,511749772159,current,DAKS0324099,2019-10-27,active
c2af91cf-5482-4db3-b948-0011f4c3487e,27d5070b-c246-48cc-8b84-baaaf02ab95b,b3d110d6-dd86-46e5-afdd-29626fb388bc,25915611125082,savings,BHAR0142938,2024-09-16,active
4e9ff581-1058-4c6e-a800-ae9ce4cfe655,e1beaf71-9083-44d6-bf40-81271b755321,62caaed0-52b6-4150-8182-69dce04eace6,267885627396,current,HIMA0170121,2021-08-18,dormant
4fc9dc91-8c7f-4581-ac45-3257faa699e1,be0305d1-112c-45b7-a4d9-b115e8316072,b3d110d6-dd86-46e5-afdd-29626fb388bc,97387993195957,savings,BHAR0171479,2024-01-04,active
c0f3617b-b61a-4c37-b9ac-08ae78141560,be0305d1-112c-45b7-a4d9-b115e8316072,3f606703-201b-446a-8ddf-fdde82de8f2e,74630435407672,current,DAKS0413645,2016-09-07,active
96e3d65f-ed83-469f-94f7-d4670d8afd7f,7102f23c-c699-4f95-b4a6-9db5be0c099d,af8d2f2c-d3a5-4224-82d8-a44160ddd556,213817977470,savings,INDR0953847,2021-11-16,active
1722a428-ffc1-46c0-aa86-5e4f211b13ca,a1986a86-ee18-4b99-bde2-9f10ab7ccd8e,b3d110d6-dd86-46e5-afdd-29626fb388bc,873025464004,savings,BHAR0218492,2016-01-06,active
5c6a739c-23e9-406f-86ee-6a74028c3a81,ed45de29-9f52-464b-950c-eb50907cd9af,162db169-8d7b-407e-a855-c3ed1753cd2f,3981676877060,savings,PRAG0809146,2020-07-14,active
dfa83743-4b52-4f7b-b853-4041213514c5,aee39c3c-0664-4ddf-8059-5d6b8c866488,b3d110d6-dd86-46e5-afdd-29626fb388bc,2709920842315,current,BHAR0881954,2018-05-05,active
877eed9c-5a46-4734-924b-107d853bef0a,8f5207a1-9993-400e-a9a1-c2d24371528e,028cd423-18ca-4188-9745-0259bc076a11,2705209115299,savings,KALI0877795,2023-03-13,active
d105276f-3afa-44e0-8edc-48e10503ab6a,5059d8a2-ca3c-4207-826a-857b223b974b,62caaed0-52b6-4150-8182-69dce04eace6,0376017785132,savings,HIMA0582208,2021-03-23,active
04622edc-28ac-45db-bcac-dad9389c9820,3fd9f5ee-c92b-48b1-8787-d661bb3b9a77,74cbcd35-a499-4126-9ef6-5f152493f4c3,69911401477833,current,VIND0325010,2017-06-07,active
45ae1771-8644-4683-968f-65d816c6ec23,3825ab70-12aa-4106-a930-22299c410992,74cbcd35-a499-4126-9ef6-5f152493f4c3,815035426844,savings,VIND0410985,2016-03-15,active
9ce476ae-41da-412e-b357-2c9780efa38a,00f7fb61-8bdc-4b32-9a3d-a6798f67c868,af8d2f2c-d3a5-4224-82d8-a44160ddd556,74829713859614,savings,INDR0351857,2024-02-11,active
9e89493d-4289-4d8c-885c-01220eaa1524,e1a9fc92-0f4f-49d6-9e84-07fcd7de5739,3f606703-201b-446a-8ddf-fdde82de8f2e,60802578263845,savings,DAKS0104036,2019-06-27,active
e0a5fb16-5144-4206-af67-b0c250bdec72,f0bcd42b-d612-4875-bcb6-e10a30a4d836,b3d110d6-dd86-46e5-afdd-29626fb388bc,160270535008867,savings,BHAR0890149,2019-09-06,active
4853d0ee-31c6-4a4e-99a1-0c00be021268,4e4f0a11-0920-4167-8ace-540ebd0984a6,3f606703-201b-446a-8ddf-fdde82de8f2e,377870450617,savings,DAKS0204568,2019-12-09,active
8853540e-bc3e-41b1-b717-50d9d40e15b0,4b1b80a2-a615-4beb-b4c0-6ef7f532013f,af8d2f2c-d3a5-4224-82d8-a44160ddd556,656099637179423,current,INDR0248577,2020-05-02,active
7d3c4829-33eb-48e3-9236-4027dc5b9885,170f0efe-f3de-4674-8f23-189dfed839c7,62caaed0-52b6-4150-8182-69dce04eace6,079371643818,current,HIMA0715126,2021-10-12,dormant
b345f1a3-a612-4572-88ac-90d0c17ee333,836d05d6-7c5e-43f3-96b3-0929d1cf2f56,b3d110d6-dd86-46e5-afdd-29626fb388bc,23397446989971,savings,BHAR0230254,2018-12-19,active
c108b3ba-aa4b-4ae4-9f53-a41566157243,ea4550e1-8bef-4ff3-be42-f32ecbec2b0c,3f606703-201b-446a-8ddf-fdde82de8f2e,049049014668,savings,DAKS0228023,2019-01-26,active
4404ab80-3141-41f2-9840-b134d0b1c7e8,af7af608-3f36-41a7-88fa-bebf4c210878,74cbcd35-a499-4126-9ef6-5f152493f4c3,455505205003006,savings,VIND0683184,2017-12-23,dormant
56a8d003-8bbc-426f-882c-b9deda387a05,774b6008-ffa9-46c7-983b-1ac08d16b528,74cbcd35-a499-4126-9ef6-5f152493f4c3,409718269299,savings,VIND0522543,2016-09-11,active
eb8f7025-e173-4d2a-aea4-6401566138bd,dab4dd42-4d7b-4b2f-a4bd-488c1ae33343,995610ee-7319-44cf-91d6-762cbabda860,998860183559,savings,ARYA0800012,2016-04-19,active
51320e3d-8eeb-40a1-af85-de1a0d5b6ba8,046b0dca-a56e-44b7-b312-40858a9575d0,162db169-8d7b-407e-a855-c3ed1753cd2f,0893340436882,current,PRAG0261958,2021-04-13,active
95bb55f5-970e-4495-9e66-c9174e4590e5,046b0dca-a56e-44b7-b312-40858a9575d0,028cd423-18ca-4188-9745-0259bc076a11,6474623588573,savings,KALI0229501,2016-10-23,active
f6111332-a860-4bd0-8ed6-f0879cefa8b7,a30e127a-6a24-462f-a270-525e76f6b9f6,3f606703-201b-446a-8ddf-fdde82de8f2e,32547806972106,savings,DAKS0297141,2020-02-21,active
ee3515b7-f8e5-4211-a41f-60c5034c4091,d1ffb102-bd9f-4402-83a6-25026d500874,162db169-8d7b-407e-a855-c3ed1753cd2f,412705300897,savings,PRAG0550119,2017-02-07,active
52124426-dbf6-42e7-b4c7-c61da2269eb1,d1ffb102-bd9f-4402-83a6-25026d500874,995610ee-7319-44cf-91d6-762cbabda860,120259762608,savings,ARYA0845552,2016-03-12,active
0aab29e1-1d43-43b2-b717-8863100228de,2f49ae34-73a4-4c90-a2a9-e39ffa43004b,162db169-8d7b-407e-a855-c3ed1753cd2f,38715243113159,savings,PRAG0280780,2016-05-26,active
47343a61-23bf-4e22-bfdf-9455c98816d4,2a6a7b70-25d8-4046-880f-94511bf7af3e,162db169-8d7b-407e-a855-c3ed1753cd2f,09217617627309,savings,PRAG0855756,2021-03-30,active
7e68bfae-4a0e-4d13-af4e-02d69e724f76,2a6a7b70-25d8-4046-880f-94511bf7af3e,b3d110d6-dd86-46e5-afdd-29626fb388bc,713107637379,current,BHAR0366805,2020-03-20,closed
3e4f6be3-a4b8-4ad6-8ebf-57a53e5fe736,8e9cc757-8e08-430a-8332-8253a7e50e4a,62caaed0-52b6-4150-8182-69dce04eace6,7885608467028,savings,HIMA0104423,2019-08-09,active
2b5366a4-5a15-49f7-b1cb-e7630b84d952,8fb227ca-b508-4fab-b012-878eb6ec84a7,162db169-8d7b-407e-a855-c3ed1753cd2f,27268361656162,savings,PRAG0312633,2019-04-19,dormant
341497e2-16db-4dfb-b780-2bf07efdbf4c,bd0bce2f-3d10-4367-80e8-0d9d92adb7eb,028cd423-18ca-4188-9745-0259bc076a11,397810590701,current,KALI0995255,2024-03-27,active
3f0dbd47-3271-442c-976c-579c82f80382,e9dadbbf-744c-47a3-8a6f-16d89937730c,62caaed0-52b6-4150-8182-69dce04eace6,25717924725666,savings,HIMA0355286,2017-03-12,active
265d49e8-c66b-48e2-be30-867bb91c2f9b,e9dadbbf-744c-47a3-8a6f-16d89937730c,74cbcd35-a499-4126-9ef6-5f152493f4c3,45720783669747,current,VIND0528528,2018-03-15,active
05fc4e41-a859-4e38-85c8-87e5bc2397f8,a4823bd8-b1dc-482b-a4b1-462ed23adf10,162db169-8d7b-407e-a855-c3ed1753cd2f,7590774716737,savings,PRAG0496294,2024-02-17,active
d6a0c02f-7b42-4574-9120-b6426480da55,e25c417f-8e46-45a7-b095-90916b77c8d2,995610ee-7319-44cf-91d6-762cbabda860,07535480206722,savings,ARYA0371384,2023-10-23,active
facf0250-09da-4b61-b0c8-5a9cfef7408b,f5269fb6-a687-4a46-b14a-395d3d76d88e,b3d110d6-dd86-46e5-afdd-29626fb388bc,2267163314801,current,BHAR0176057,2024-06-24,active
10caea4b-cebd-4d79-9db1-84606243da35,9d959c82-2eb6-4168-be1b-ea50a75d69ff,74cbcd35-a499-4126-9ef6-5f152493f4c3,8224120738943,savings,VIND0363947,2020-11-02,active
d8855493-7581-49eb-b99f-151685a53a2b,26bf84c5-8e0f-45cd-8b7c-bb0ab1e26619,b3d110d6-dd86-46e5-afdd-29626fb388bc,6852345334028,current,BHAR0499743,2023-07-04,active
7c303b2f-e8d1-456b-8eb6-28c0c72deb50,63e9eff7-eefe-4b87-bc8e-97bea5e61638,3f606703-201b-446a-8ddf-fdde82de8f2e,2114119691795,savings,DAKS0244558,2023-07-25,active
ec1d3b11-3906-4aa3-91e9-9d5351cf74f4,63e9eff7-eefe-4b87-bc8e-97bea5e61638,162db169-8d7b-407e-a855-c3ed1753cd2f,45451882941828,savings,PRAG0894651,2015-12-19,active
d14e694d-3e66-4084-874c-0de2ec8741e5,271393a8-aef4-41f7-8029-d87be170704b,62caaed0-52b6-4150-8182-69dce04eace6,7439701466749,savings,HIMA0637126,2016-09-16,active
e6611a5c-0640-499d-9efb-92e0c0a9d82e,c23cbb4a-73f7-4e5c-bd92-26576675c2e2,74cbcd35-a499-4126-9ef6-5f152493f4c3,39931155892163,savings,VIND0469469,2015-06-10,active
66fe982f-5825-4711-8cfb-81e54e49117c,e877940c-30c3-4ae4-a2b5-f9b014064bf3,162db169-8d7b-407e-a855-c3ed1753cd2f,086481999768157,savings,PRAG0252746,2022-04-10,active
390e6337-6bb3-4361-a88d-dd293d36e78b,680e1ca2-6ef9-42fb-b8e8-7d767fdf2fac,74cbcd35-a499-4126-9ef6-5f152493f4c3,74873384990029,savings,VIND0984670,2024-10-17,active
b4f85ce2-f80c-4562-8a32-de3dca4972b1,680e1ca2-6ef9-42fb-b8e8-7d767fdf2fac,028cd423-18ca-4188-9745-0259bc076a11,269837784407,savings,KALI0499562,2019-11-17,active
eb7a4730-ee5c-42b0-89f1-482b2edc18be,10076921-f861-41b0-8118-7047c3900b85,b3d110d6-dd86-46e5-afdd-29626fb388bc,320471038361,savings,BHAR0234292,2017-08-29,active
0e403b2a-aa6a-4ec3-8a64-abc60f406377,4a7efbc8-be33-4c54-b292-68a92964acdf,74cbcd35-a499-4126-9ef6-5f152493f4c3,60916086452551,savings,VIND0473084,2024-11-04,active
e16bd594-2de2-4946-8ee3-aa2dfbed487c,b1613474-f684-4e0e-af19-fa4db221ba98,028cd423-18ca-4188-9745-0259bc076a11,329247954120556,savings,KALI0826670,2024-07-13,active
c99a8c85-d953-4ffb-abdc-1d667cf8c1dc,beb95eea-1b12-4cf4-86af-5c17c41e6c34,af8d2f2c-d3a5-4224-82d8-a44160ddd556,643705195302835,savings,INDR0568205,2016-05-25,dormant
15360a0e-e2d9-4a08-888c-a9c383dcbe1c,f5172255-7e16-4f6c-a655-1b48ab1bc661,62caaed0-52b6-4150-8182-69dce04eace6,081197096887,current,HIMA0984299,2019-08-18,active
00c0089b-7c85-4f5a-8f6d-599b70ed3e81,881a9f8f-2777-41e0-b7d9-fa76c329ab65,028cd423-18ca-4188-9745-0259bc076a11,199763382726530,savings,KALI0705427,2019-10-30,active
7335e766-59d3-4468-9324-0f6eb31ffc9c,2d93c2b0-c63d-41da-8fe4-ded93ff7ffbe,af8d2f2c-d3a5-4224-82d8-a44160ddd556,2758573138702,savings,INDR0237898,2018-02-02,active
152ff0cd-d004-4c1e-b470-34fe668b95cf,8cab76dc-2ec9-4d0f-9aca-8e0e66b20e4b,b3d110d6-dd86-46e5-afdd-29626fb388bc,578482859753,savings,BHAR0935177,2021-07-13,active
e86d8f34-9cd6-45ed-8cf3-9564afdda578,8cab76dc-2ec9-4d0f-9aca-8e0e66b20e4b,af8d2f2c-d3a5-4224-82d8-a44160ddd556,90902516528164,savings,INDR0924235,2021-03-21,active
e1a94311-c944-47a1-bd7f-38734e41a545,8cab76dc-2ec9-4d0f-9aca-8e0e66b20e4b,3f606703-201b-446a-8ddf-fdde82de8f2e,4417331807547,current,DAKS0947876,2020-11-06,active
450abd4f-cf7d-43d3-b896-540d6eaf47f7,b56c9b82-0597-4e04-9c41-1272f478a5d2,028cd423-18ca-4188-9745-0259bc076a11,64893061248778,savings,KALI0363314,2020-07-12,active
c11e71d9-a13a-4d64-8df0-6d18a6da2a95,a9c21c0f-a8ef-47ad-864c-087fea52c40f,af8d2f2c-d3a5-4224-82d8-a44160ddd556,45234830498332,savings,INDR0831091,2023-11-07,active
f3e0a189-14a8-45fd-8d7b-b2d238c45e4f,68037b0e-185a-4ae0-b909-c61ef0e2e649,74cbcd35-a499-4126-9ef6-5f152493f4c3,82299040641213,savings,VIND0816298,2015-04-15,active
d72bd3ed-5c20-4175-9c6b-d36b0db695c6,96de2066-e81f-45d7-a4b1-3eee06a078b3,162db169-8d7b-407e-a855-c3ed1753cd2f,11374500731501,savings,PRAG0176111,2022-10-06,active
abb5ee3c-d8e9-439b-90ca-6acab7c21183,0a82b417-f65d-4f58-9d5d-967195f16e46,62caaed0-52b6-4150-8182-69dce04eace6,358098062668,savings,HIMA0282551,2015-08-08,active
50d711c5-e940-4463-ac9b-f65483ce7eda,c1882c3a-d0c4-4557-a273-50459c8281d4,028cd423-18ca-4188-9745-0259bc076a11,4212421377519,savings,KALI0837960,2024-07-31,active
eeca8eae-d182-4e2d-a7cc-a90df3d0cb58,6f2445fc-93fc-4b40-b406-c3b90a4a3eb1,62caaed0-52b6-4150-8182-69dce04eace6,28836739293872,savings,HIMA0633863,2015-02-19,active
48a46e23-9d4d-4ae5-9fec-f3804f4b1491,179cfee0-746e-4c99-b25c-35408c16ed81,b3d110d6-dd86-46e5-afdd-29626fb388bc,4198353995998,savings,BHAR0565653,2017-05-02,active
2ea8ec53-0772-4322-b1b3-dcdf02aa0f6d,ed2fa728-cf2c-45cd-aed1-dcbc934ef633,995610ee-7319-44cf-91d6-762cbabda860,46002216531191,current,ARYA0758840,2020-04-15,active
631c475d-a4bb-4422-9523-6fa9f93516f8,04dd7a79-adee-4d84-af06-e4f5d5d65a65,995610ee-7319-44cf-91d6-762cbabda860,22404934275082,savings,ARYA0592185,2019-09-16,active
46105317-2032-474c-8aad-5a612fb781d0,68b5f557-0e71-4db7-9e1d-1752bc421e6a,74cbcd35-a499-4126-9ef6-5f152493f4c3,1424000466874,savings,VIND0176937,2015-01-02,active
a7068ef6-59c3-4d28-9a11-904d6d213836,6b74afbd-79cf-4683-b6f5-e31b054f4a0f,b3d110d6-dd86-46e5-afdd-29626fb388bc,1275987216149,savings,BHAR0582281,2017-04-21,active
4d01b522-8358-4715-bd05-62aa0a6fc532,4de490be-92c2-4542-a982-4a674c43b835,62caaed0-52b6-4150-8182-69dce04eace6,6739957278298,savings,HIMA0937583,2023-05-09,active
68c9c0dd-832e-49d4-b97b-569709542b26,e01e5ae5-b41b-493a-9fc3-e28de2fe5345,995610ee-7319-44cf-91d6-762cbabda860,4612156858272,savings,ARYA0503767,2024-09-09,active
2c6ae89d-fddc-4ac3-a5be-4ed037316a45,e01e5ae5-b41b-493a-9fc3-e28de2fe5345,62caaed0-52b6-4150-8182-69dce04eace6,493970948882216,savings,HIMA0903495,2023-02-18,closed
2ce1dadb-0a3d-4abc-adba-63fef7a5ae85,7abbe8df-4341-4149-93ee-779a01320e76,3f606703-201b-446a-8ddf-fdde82de8f2e,507051633836,savings,DAKS0129779,2019-12-29,active
a2f36761-92f4-4c57-9952-0f3ff56cf9e2,b2ea8930-4616-4900-af3b-efbcaefd3c7a,162db169-8d7b-407e-a855-c3ed1753cd2f,354615211699,savings,PRAG0495343,2017-11-10,active
bfab3960-e116-41fd-b652-5b88f6cb3632,2e28250f-59fb-46d3-a8b9-94f301e02a0a,b3d110d6-dd86-46e5-afdd-29626fb388bc,598947630205,savings,BHAR0302509,2016-06-11,active
b79c5586-88f7-469f-a23e-a352e3365a94,16757341-7413-4caa-a82d-50e53ac5a3c5,62caaed0-52b6-4150-8182-69dce04eace6,6689785759627,current,HIMA0401261,2016-08-02,active
78018501-c8fe-447a-a589-0ba14601272b,dd5c8670-0842-47f7-81c9-aa2f942d5531,028cd423-18ca-4188-9745-0259bc076a11,7773758447867,savings,KALI0927202,2015-04-23,active
6ec7f6ff-40fd-4580-89fa-0190fc7a0392,61689509-1140-433d-9390-7d1f7e7b5151,162db169-8d7b-407e-a855-c3ed1753cd2f,467556498268,savings,PRAG0689177,2023-06-20,active
d56a93af-c694-4c8e-be3b-d71624f25dd0,e1631865-a6e0-42ba-8241-0fb34d3cd2d5,b3d110d6-dd86-46e5-afdd-29626fb388bc,1737859918468,savings,BHAR0900991,2022-09-07,active
32823cb4-399c-478c-a729-8c4a4700fd22,e1631865-a6e0-42ba-8241-0fb34d3cd2d5,62caaed0-52b6-4150-8182-69dce04eace6,439429906877,savings,HIMA0189889,2018-06-24,active
dcb7b79c-6e22-4b94-aaaa-ff98da660cb9,0e99eff5-4786-4f65-ace2-2202eb2047ac,b3d110d6-dd86-46e5-afdd-29626fb388bc,068505507288,current,BHAR0251887,2024-04-30,dormant
a8df96ea-83b0-44c6-aca9-9fa627cf2540,bd8f8771-5183-4e45-bdc2-47769d743b6d,b3d110d6-dd86-46e5-afdd-29626fb388bc,25228221095161,savings,BHAR0594923,2019-05-20,dormant
6e850cae-6bfd-4852-9f7d-94f730031585,ffc518cd-9ef1-420a-a8b8-4036843332cb,995610ee-7319-44cf-91d6-762cbabda860,1740544425415,savings,ARYA0846178,2018-08-14,active
952d8554-00a0-46a7-a64c-c45c9bf39e68,ffc518cd-9ef1-420a-a8b8-4036843332cb,74cbcd35-a499-4126-9ef6-5f152493f4c3,415707890779,savings,VIND0211713,2016-12-31,active
5cb0db87-7669-4c23-8680-3fbb75dcf582,3c7a665a-29ef-4c51-937c-9238747d8c3f,995610ee-7319-44cf-91d6-762cbabda860,667618807270690,savings,ARYA0849061,2023-01-30,active
98a7e7d0-5e7d-4446-b409-af8e604c18cf,5d2ae276-3079-4637-a6ae-1a9d24650025,028cd423-18ca-4188-9745-0259bc076a11,708684345555,savings,KALI0228566,2020-01-20,active
b75f7d33-1572-43b6-b8d7-4b9271a73252,bd8ffb91-4a85-4375-a354-b703ce6db5df,62caaed0-52b6-4150-8182-69dce04eace6,2295476217775,savings,HIMA0364201,2017-06-09,active
5f483fbb-c7fc-426b-9b2f-c5c9870c3c82,b02f1385-c313-4d11-9483-30beaaf05bfb,62caaed0-52b6-4150-8182-69dce04eace6,6243535741387,savings,HIMA0150467,2018-03-29,active
9401a690-939d-4c99-b7b3-0fb102799457,95b5b15e-2803-49b7-9e72-e8e8d08bdd0a,3f606703-201b-446a-8ddf-fdde82de8f2e,58043781993592,savings,DAKS0166636,2018-06-26,active
6ecbc561-5e36-49bc-bbb1-856155427817,0758aded-6a7c-4c2b-81e5-e48a19402e29,74cbcd35-a499-4126-9ef6-5f152493f4c3,74054857896727,savings,VIND0237925,2023-03-01,active
273b0289-6bb6-4b8d-9d85-718d28b6b3fd,c8a98e9c-5f25-496f-8f1d-ae5563ccd6bd,62caaed0-52b6-4150-8182-69dce04eace6,372203450339,current,HIMA0271584,2022-09-09,active
0aea86fe-b904-46ee-a302-ef73dcb7ff21,c8a98e9c-5f25-496f-8f1d-ae5563ccd6bd,995610ee-7319-44cf-91d6-762cbabda860,562399597688,savings,ARYA0236584,2015-10-11,active
6422e8a5-111e-450b-80f9-6661dac3159b,a4a3d39c-2a6c-45d1-ab3c-c8263a36425a,74cbcd35-a499-4126-9ef6-5f152493f4c3,250911447487268,savings,VIND0750289,2019-11-07,closed
21a759d8-f17a-4301-b33f-1b3436ed913f,fae9c748-d675-4368-bd10-d0e9f1845f36,74cbcd35-a499-4126-9ef6-5f152493f4c3,08627015517713,current,VIND0582227,2015-10-23,active
9b60b5d6-e793-4def-ae82-3a299289c4d2,fae9c748-d675-4368-bd10-d0e9f1845f36,62caaed0-52b6-4150-8182-69dce04eace6,401433185368,savings,HIMA0788115,2023-05-27,active
f6490efd-0f14-48f9-b7f6-cb3f5842328f,5568179f-2824-4760-bdc9-aafb5c1a172a,162db169-8d7b-407e-a855-c3ed1753cd2f,76742438465349,savings,PRAG0952001,2015-11-29,active
eeffb6b1-2645-4f55-b49d-d7658bcf4468,5568179f-2824-4760-bdc9-aafb5c1a172a,b3d110d6-dd86-46e5-afdd-29626fb388bc,1480534075809,savings,BHAR0643591,2023-09-25,active
9d8a4e53-3cdd-4e50-a5d7-c9be6ea2cb17,3edddde4-8f52-4191-bb68-4ca5c0937f0c,af8d2f2c-d3a5-4224-82d8-a44160ddd556,8146431966830,savings,INDR0578477,2023-06-23,active
c3dd4dd3-c298-4dec-88f4-7ee010e929ec,1196c6bf-a0a8-4988-8f8e-eaef96125045,74cbcd35-a499-4126-9ef6-5f152493f4c3,739543813800,savings,VIND0235078,2019-12-14,active
da96bfa0-0973-465b-b3e1-28e2796b081b,24cdea93-60d7-43d6-9004-896d9f1a271a,74cbcd35-a499-4126-9ef6-5f152493f4c3,94178944673689,savings,VIND0536454,2024-01-08,active
3df4ed8e-e039-410b-8d2d-fce6362fc5f1,390152b8-b9d9-4ed2-b694-1f5c77fd664d,162db169-8d7b-407e-a855-c3ed1753cd2f,87100586710259,savings,PRAG0680794,2020-10-29,active
2accf9e9-e392-4fc2-9178-35d74f5af523,99c46036-7fd4-467c-8426-42200de737d6,62caaed0-52b6-4150-8182-69dce04eace6,4751746342275,savings,HIMA0986919,2022-09-17,active
7ecd6ab5-16c8-4b81-90bf-66cb9c84f8a2,05be3b25-60a1-4e05-8af4-71635a0260fa,74cbcd35-a499-4126-9ef6-5f152493f4c3,29831610724726,savings,VIND0765754,2020-07-30,active
f499d1d1-014f-4b0a-9296-e8af749242f3,a7c687f5-f0ea-42ec-bca4-144cdb922960,b3d110d6-dd86-46e5-afdd-29626fb388bc,9618244743352,savings,BHAR0559907,2023-06-24,active
d0c994ae-7b70-4a26-8c70-b0df6f5115ae,f32895d6-bf17-40c9-b004-efe5bcb1e58b,74cbcd35-a499-4126-9ef6-5f152493f4c3,71852716645471,savings,VIND0140086,2019-07-01,active
325e1de5-d0e3-4936-9adb-eabca8759e80,82cf393e-99ba-4826-84f4-92e41b8f73fc,995610ee-7319-44cf-91d6-762cbabda860,906100309054959,savings,ARYA0136314,2019-04-09,active
8eea7872-9243-447b-850c-3ed78104eb51,4c46d71b-f1f2-4b0b-bada-337b239ff089,162db169-8d7b-407e-a855-c3ed1753cd2f,3765618528813,current,PRAG0394235,2022-11-10,active
92601665-051e-42c5-9213-2b94438fc46a,2cab61da-ab35-4b04-b36b-5d7b50c40fad,995610ee-7319-44cf-91d6-762cbabda860,702904892171,savings,ARYA0317822,2015-12-16,active
7f387ec4-69d1-4af2-a39c-faec83f2d33b,26bec8dc-41f4-45b0-bfd2-250867e12e1d,af8d2f2c-d3a5-4224-82d8-a44160ddd556,03464382964826,savings,INDR0307080,2023-04-28,active
df523d2a-1e0d-4a32-9df5-14252dab94cd,82035ef9-663e-4b3a-860e-9e7b32bd7c4c,995610ee-7319-44cf-91d6-762cbabda860,779252208146,savings,ARYA0251934,2017-03-16,active
56a131e0-d042-4009-b69c-f62f8eb18d83,a06c1b06-916c-4e2a-b081-dc998e9bc1a8,162db169-8d7b-407e-a855-c3ed1753cd2f,6985569828993,savings,PRAG0884114,2019-02-12,closed
d32233bd-4b37-4e7c-9a2c-629b84befa37,f1c3e1a5-ac4e-47d2-a4b3-4137b1e4711f,74cbcd35-a499-4126-9ef6-5f152493f4c3,745164712945778,current,VIND0456783,2015-04-18,active
e9c653c0-e2d9-4572-9e88-15d833a999a2,a083d2d1-63c1-40ec-b094-1e9b1c2c67df,028cd423-18ca-4188-9745-0259bc076a11,545043904106,savings,KALI0796595,2020-09-17,active
46f28d33-1bfc-44c6-a34d-10cd3d622004,36ec4d9a-f43e-4b30-b8c1-aadfca1fd7da,162db169-8d7b-407e-a855-c3ed1753cd2f,648827939513,current,PRAG0177860,2017-04-13,active
efab4039-0fb2-40e6-bb7f-861695acb9e1,d809d4bc-614c-43bd-a7b0-d5abe76e36e6,162db169-8d7b-407e-a855-c3ed1753cd2f,8705075832439,savings,PRAG0857396,2017-01-06,active
b33ae049-1f17-4dfc-ac4a-eae6882a8a4a,0802925b-2aa8-4638-abd4-2bfabd1e99f5,995610ee-7319-44cf-91d6-762cbabda860,748429922225,current,ARYA0244797,2020-12-27,active
f6f8d5a5-ba34-4a27-b02a-6035a7e9c4fa,0802925b-2aa8-4638-abd4-2bfabd1e99f5,74cbcd35-a499-4126-9ef6-5f152493f4c3,80915888621472,savings,VIND0693299,2020-11-22,active
95b0d330-1361-4052-a9f3-04ffccce317f,a8e20f0c-a0dc-4b0b-8e64-0798129b4048,74cbcd35-a499-4126-9ef6-5f152493f4c3,0201275117974,savings,VIND0459879,2017-04-17,active
53689a01-9606-4267-b10d-5b80c52fc34e,4ee42562-ddd0-478a-b378-3e762196bca3,74cbcd35-a499-4126-9ef6-5f152493f4c3,3618848912688,savings,VIND0925756,2020-10-28,active
7709be8c-8246-4532-86ef-55b2ded71659,4ee42562-ddd0-478a-b378-3e762196bca3,162db169-8d7b-407e-a855-c3ed1753cd2f,083338646425,savings,PRAG0282774,2015-10-12,active
efbf8773-de5f-4a3e-b511-be709b55b855,f8ccc9c3-6c66-4038-b5a1-8974d12447d8,b3d110d6-dd86-46e5-afdd-29626fb388bc,131191949362,current,BHAR0142663,2024-10-22,active
42bc9803-cdc7-490b-9999-69f79388f1ef,20f29982-b995-44d0-82e8-99340b11d2cb,b3d110d6-dd86-46e5-afdd-29626fb388bc,5213431196815,savings,BHAR0203013,2019-05-30,active
4d9b8214-dc8a-4dfd-8d7e-844435259d55,fbdb7c44-cd81-4e38-a5df-bc688cdf7ac2,162db169-8d7b-407e-a855-c3ed1753cd2f,9163920905985,savings,PRAG0465382,2020-03-02,closed
560c406e-8594-4337-a5b7-be055df0be3d,a11e1b94-6df1-4025-a227-175826035578,3f606703-201b-446a-8ddf-fdde82de8f2e,0794381949280,savings,DAKS0763620,2019-10-13,active
c52cf017-44d4-4898-b63e-6bb47d84c238,adcafda7-b4e8-4c35-bf25-fb7e17860d2d,028cd423-18ca-4188-9745-0259bc076a11,0382448275912,savings,KALI0257606,2023-04-21,active
c4aacf64-5c65-4c8f-8d6c-a8f136a3e945,76ddd2c4-6416-4262-8454-da80e992be7f,3f606703-201b-446a-8ddf-fdde82de8f2e,4886711359719,savings,DAKS0145965,2018-11-14,active
c6a41c64-88f6-4ff2-95fc-b1f95418c632,80fac8c4-a054-4920-8609-46fb211bc666,995610ee-7319-44cf-91d6-762cbabda860,72871643720876,savings,ARYA0157855,2017-10-14,active
a25563ba-9b32-4d4a-8f42-092b4d9e96a3,f3d2335d-16c2-4a88-9fee-f8f8a012a33a,b3d110d6-dd86-46e5-afdd-29626fb388bc,081752362823,savings,BHAR0398888,2020-10-15,active
396e655c-d0e7-4b5d-ba11-ac5d7d603fcd,9a8109f2-f379-4bba-8f49-c2a8215f755c,028cd423-18ca-4188-9745-0259bc076a11,3015387644642,savings,KALI0278507,2018-09-14,active
cf5318e2-d396-4e0d-838e-5e67f830dd1a,925d4338-d82c-4039-818a-efeac87ba8a7,995610ee-7319-44cf-91d6-762cbabda860,759317134371,current,ARYA0891180,2019-03-18,active
fa5d40ce-6721-4894-940d-3c186f3fb711,452c5488-894f-4a35-b45a-a5f845ccbdfa,028cd423-18ca-4188-9745-0259bc076a11,228333405910,current,KALI0533477,2018-07-28,active
fbf19720-4916-428e-97bf-07e018798ef9,6b9439e5-dfe9-437e-b058-ee67c5b1919e,162db169-8d7b-407e-a855-c3ed1753cd2f,3641960303463,savings,PRAG0212741,2019-05-27,active
3a5de0bc-1837-47a8-a543-92d776fc2adb,cf234948-423c-4b33-bd58-1b05838dc429,028cd423-18ca-4188-9745-0259bc076a11,9875325121649,savings,KALI0859739,2018-12-24,active
560d24a8-8bbf-497f-8898-cdeaa62597e1,f178c96d-e84f-4853-8d86-c9cf4ceccd22,3f606703-201b-446a-8ddf-fdde82de8f2e,2340848531468,current,DAKS0382484,2019-07-25,active
58307e17-101a-4579-9979-eb3f91e5cbcb,b354d3c3-ca9d-45b6-8bc9-71cc5a10e7b3,b3d110d6-dd86-46e5-afdd-29626fb388bc,615297858029,savings,BHAR0137961,2023-04-16,active
5e33fd13-ee87-4241-ae97-367314db5802,bf91005a-2d11-4be2-899c-ebf23c8cf907,62caaed0-52b6-4150-8182-69dce04eace6,527666003133154,savings,HIMA0138350,2021-08-14,active
2a0bc54f-ff0e-4c78-8141-18ab8e4930d1,6a344449-4a23-435d-8f36-deb6496e7ac9,b3d110d6-dd86-46e5-afdd-29626fb388bc,9479613714062,savings,BHAR0309101,2021-12-07,active
1416ba10-7f6e-4e0a-a131-3898e34fd273,24c3bc57-33d6-4b69-9ced-8aeb7e3f40f0,af8d2f2c-d3a5-4224-82d8-a44160ddd556,0808207748035,savings,INDR0283760,2018-04-06,active
5ae74fd3-af20-460c-83c6-70aafbe621de,9aedc370-6cd0-459d-87ce-016e96ea1dca,162db169-8d7b-407e-a855-c3ed1753cd2f,6942892909723,savings,PRAG0521674,2016-11-02,active
3cdd2154-92df-4070-926c-29293f574b3c,487eadcf-df87-4b50-be25-42fc60d236cb,af8d2f2c-d3a5-4224-82d8-a44160ddd556,337249257144241,savings,INDR0724205,2022-10-31,active
74f76069-4d37-41c5-a7cc-c890fdbc18b3,7bba6b74-825f-48c0-b55a-c3a91468325e,162db169-8d7b-407e-a855-c3ed1753cd2f,070004595655353,current,PRAG0527320,2017-03-27,active
5b157975-5857-4897-a62b-97e6e990d269,ed7911e6-3465-4f1d-b781-e1f0f3b04c18,62caaed0-52b6-4150-8182-69dce04eace6,7435807020445,savings,HIMA0798486,2022-09-09,active
d9f402f0-114f-4bde-a5f5-db136cd03410,ed7911e6-3465-4f1d-b781-e1f0f3b04c18,74cbcd35-a499-4126-9ef6-5f152493f4c3,162027063875,savings,VIND0234107,2024-05-08,active
99643e76-ebb0-489f-8dd8-aaabc7a7ba25,6cc68cbc-ee89-479a-8735-d06a467d799f,028cd423-18ca-4188-9745-0259bc076a11,210972818839,savings,KALI0566231,2020-04-16,active
057e210a-3ed9-48e3-8d76-905e7c201c4a,4604c0fb-6f50-45d8-9c76-8c666a59a025,74cbcd35-a499-4126-9ef6-5f152493f4c3,8316916057421,savings,VIND0374072,2015-09-21,active
b3c75181-5e35-4fb0-84aa-0b702e3d0ea2,9e769a94-ff05-4ddd-b68a-bb6038f253f8,162db169-8d7b-407e-a855-c3ed1753cd2f,545221805838,savings,PRAG0263192,2019-02-01,active
4e66835f-331e-473b-bf9d-2c50be261364,7305de97-f04e-431b-8ecc-680ffd80cd1b,3f606703-201b-446a-8ddf-fdde82de8f2e,02854722661381,savings,DAKS0913062,2022-11-16,active
75eae140-d50e-4b3a-aaaa-943f4bbf9794,ce944e98-e028-4321-bda6-93e3feef6c71,74cbcd35-a499-4126-9ef6-5f152493f4c3,05369422917531,current,VIND0637588,2015-07-11,active
181ee0d9-f122-4354-b458-cb1160e45937,9d974a3c-f8cf-4f4a-a64d-eef3238900a7,74cbcd35-a499-4126-9ef6-5f152493f4c3,2945541374003,savings,VIND0814276,2017-04-16,active
150d5c21-cf60-4e2c-9cca-e2eed6ad6076,be8508f1-4cab-4d2d-9bfa-9e2a180f4927,74cbcd35-a499-4126-9ef6-5f152493f4c3,8852200305158,savings,VIND0215614,2019-06-25,closed
2c0a628b-32f7-4501-a3d6-5014e8a4b90a,abd41776-523c-4918-9516-5079a3db4a3b,3f606703-201b-446a-8ddf-fdde82de8f2e,5908319847137,savings,DAKS0379086,2018-03-27,active
4650c252-ebcb-40b3-942b-c4783146acda,e5c6872c-a94b-4b96-a0a8-5b20251e6c05,3f606703-201b-446a-8ddf-fdde82de8f2e,75386805695158,savings,DAKS0424075,2017-03-11,active
398c1d9d-55b5-4264-9030-178852d26894,ff4518c5-e310-4762-be13-f02796a2f94b,028cd423-18ca-4188-9745-0259bc076a11,71846884823909,savings,KALI0584291,2020-09-10,active
bc28fd21-e90a-4c4a-982b-dd5e221a5f35,158293d1-09d2-4f29-a3ae-6dceb41d2431,62caaed0-52b6-4150-8182-69dce04eace6,51150230432355,savings,HIMA0541916,2016-05-28,active
837e6b61-b8ea-403e-a092-8db67d5d5837,a249f1b5-82e1-4c5b-a594-3a1738f6cd01,af8d2f2c-d3a5-4224-82d8-a44160ddd556,147619625756590,savings,INDR0671252,2024-07-14,active
cc20d71d-850f-4306-8d63-7ff67edaa86c,690282fc-0187-40c6-8c96-4002338057e2,995610ee-7319-44cf-91d6-762cbabda860,971338773657,savings,ARYA0124989,2023-10-27,active
ebb28131-92d4-457c-ad24-4fa5d1240d8e,bea49cbe-6edb-4979-b1ac-da82e624fe34,028cd423-18ca-4188-9745-0259bc076a11,006129532891,savings,KALI0665767,2023-09-25,active
2d8f5fdb-20a2-4b57-b7e5-3265c3a0781e,59592810-55cc-403e-986f-4e637f88b1c8,62caaed0-52b6-4150-8182-69dce04eace6,002114939057,savings,HIMA0208488,2023-02-08,active
f7687f92-d34e-4297-962f-cbf1c275c1d6,89465103-50b1-4dbc-bbf5-8a0b88385964,af8d2f2c-d3a5-4224-82d8-a44160ddd556,8154769202652,savings,INDR0655493,2021-07-02,active
5ff9089a-6698-47e4-8baf-d14a394a3772,f9cf81a8-e4b0-4069-b03f-fb3a69f37306,995610ee-7319-44cf-91d6-762cbabda860,5252521097440,savings,ARYA0477041,2017-09-13,active
53033d72-f2b2-4a08-97e1-0505d424137e,ce0b1ef9-8bb3-424b-829a-d2a6b3eea5a9,74cbcd35-a499-4126-9ef6-5f152493f4c3,32620639805878,current,VIND0533144,2022-01-13,active
6911e9a9-4aa8-4024-ad48-931a007c4014,ada65a06-148a-4f3c-99ef-056ff86c3382,74cbcd35-a499-4126-9ef6-5f152493f4c3,37218590408032,savings,VIND0799949,2023-09-28,active
485c5e7a-3821-43bf-a905-768b8de29378,3ca638bf-b7d5-4d89-9109-46b0511ab403,af8d2f2c-d3a5-4224-82d8-a44160ddd556,084205019712,savings,INDR0678005,2021-07-01,active
ede2e8c7-60e3-4862-afda-7dd54e449b3e,3a3aa59a-f674-485b-87e1-2cc8a25f2707,3f606703-201b-446a-8ddf-fdde82de8f2e,574865501560,savings,DAKS0782936,2023-07-16,active
aa3d4c83-85e7-4762-9b8a-13ce171401c9,c22e9823-2792-4a14-93e2-e195038bf6e0,028cd423-18ca-4188-9745-0259bc076a11,883615303890,savings,KALI0651684,2015-06-08,active
18d00fe3-cb00-4f52-b228-7a0ac67c9553,2a395363-5caf-4fc5-881c-9379e392cd82,995610ee-7319-44cf-91d6-762cbabda860,3076512452489,current,ARYA0659327,2018-11-19,active
13ce2355-01eb-41c5-9573-accd9858dff1,64d8b984-2a98-448d-a4fb-7784ce6b1b44,62caaed0-52b6-4150-8182-69dce04eace6,386204426968,savings,HIMA0711663,2016-04-17,active
4fd5c212-da69-4794-8c2b-64bb5c72e3b6,c85e0d91-7387-4037-877d-ad65f52e9468,74cbcd35-a499-4126-9ef6-5f152493f4c3,15412943200272,savings,VIND0864326,2017-06-11,active
7bb67485-60fa-47a9-ba74-04400d8db386,fb2ddcd8-b6d6-480b-a586-c11f057f2ac8,995610ee-7319-44cf-91d6-762cbabda860,200008942364,savings,ARYA0570238,2024-02-04,active
0fa8c8ad-8f52-47c4-8838-c020b085f342,d652012d-6da4-4652-838b-f92d10caf885,028cd423-18ca-4188-9745-0259bc076a11,497154914966822,savings,KALI0150633,2019-12-03,active
43bca3ea-d22d-46e6-91bb-caac79b771e2,a53fff68-2c1f-4540-a9b7-9187343dc876,74cbcd35-a499-4126-9ef6-5f152493f4c3,8833350755257,current,VIND0221283,2016-01-05,active
3e67b22c-dfa5-4d57-8c50-f426ef3a9ec0,e65d5b8c-5112-4c21-9377-cf405105346f,62caaed0-52b6-4150-8182-69dce04eace6,7208608003413,savings,HIMA0797511,2023-05-24,active
5ceaf8e6-c5b2-4877-a236-fa3448497a92,3b9d407c-f589-4074-a783-0b6544c53a15,74cbcd35-a499-4126-9ef6-5f152493f4c3,99250687602252,savings,VIND0525653,2020-12-26,active
