fir_id,fir_number,case_id,filed_date,location_id,primary_complainant_person_id,involved_person_ids,narrative,status
86e9df7c-5fa9-482e-92e6-d849d931f6b5,FIR/AS/2024/1000,419255c5-c457-4c9f-bcda-0a7c3d99e2ba,2024-03-28,b9753cbb-9cd4-451b-9705-22cc5bde2d04,6da2a43c-3bff-4bc9-b9d0-5d6b9b496b89,6da2a43c-3bff-4bc9-b9d0-5d6b9b496b89,"On 2024-03-28 at approximately 1430 hours, complainant Vinita Viswanathan, a 40-year-old postal worker residing at N C Line, Uttar Pradesh, reported an altercation regarding an alleged financial demand at Chargola Bazar, under the jurisdiction of Chargola Bazar Police Station and Cumballa Hill Police Station area. The complainant stated that an unidentified individual confronted her near a local marketplace, demanding an unauthorized payment under duress while brandishing a disputed promissory note as evidence. A nearby shopkeeper intervened as a witness, noting the heated exchange before the person departed towards the main road. Preliminary investigation notes indicate that officers are reviewing nearby CCTV footage and verifying the authenticity of the recovered document to determine the nature of the transaction.",closed
8e37aaed-72b0-4ce7-837e-a8f0d075f82a,FIR/UT/2025/1001,965473d2-140c-4f93-a2ec-6146894edced,2025-05-21,a1ac6dda-cf2b-4f37-b3bf-4697fe4e7bff,58403a85-3bb2-4384-b35a-06d05951268a,58403a85-3bb2-4384-b35a-06d05951268a,"On 2025-05-21 at approximately 1430 hours, complainant Chirag Bajaj, a 79-year-old female Jewellery Dealer residing in Melarasambattu, Tamil Nadu, reported an altercation concerning alleged financial coercion near the Esplanade market area under the jurisdiction of Lasiyari Police Station. During a purported business transaction involving a silver-colored car bearing registration TN14PW0089 and a black motorcycle registered as TN31TU3017, a dispute arose regarding the transfer of funds and valuable ornaments. A local tea stall vendor witnessed raised voices between the involved parties before the prompt dispersal of the vehicles. Investigating officers recovered a handwritten ledger detailing monetary transactions from the scene, which has been seized for forensic verification. Preliminary inquiries are underway to ascertain the veracity of the financial claims made by the complainant.",chargesheet_filed
6ba8acef-933d-46f5-bd57-af9a0a8d7fd9,FIR/TE/2024/1002,8e27cb1e-4acc-4c47-ba20-63020505ffb3,2024-02-03,a67d384b-edfc-4caa-8a46-8b72e3208724,c529d9ef-2cd1-45c2-9e04-a55827105e21,"c529d9ef-2cd1-45c2-9e04-a55827105e21,f41f457b-1975-41bc-97f0-d83efefcce31","On 2024-02-03 at approximately 14:30 hours, acting on a tip-off regarding a disputed transaction, personnel from Shampur Police Station proceeded to a commercial alley within the jurisdiction of Colaba Police Station in Shampur, Telangana. At the location, complainant Ritesh Hussain, a 39-year-old female fisherman residing in Dungri Pindarpar, Uttarakhand, was found engaged in a heated verbal altercation with accused Malini Dhillon, a 34-year-old female jewellery dealer residing in Kachhwa, Uttar Pradesh, over the exchange of a motorcycle bearing registration UK60HE2798 and a car bearing registration UP19JV2188. A local tea-stall vendor corroborated that a large sum of unaccounted cash and several small packets containing suspected narcotic powder were visible on the hood of the car during the dispute. Preliminary inquiry notes indicate that both individuals were detained for questioning while the recovered substances were seized and forwarded to the forensic laboratory for chemical analysis.",pending_trial
de9fd85d-161c-460c-bfd3-54cb03a2ea5c,FIR/CH/2023/1003,c96763f4-da85-4d19-91b0-4873ddb73a38,2023-11-07,d890e6e8-e9d5-40b8-8d55-7f7573bd97a1,df8f9173-d8b6-46df-ad3c-2ebcbba09b2e,"df8f9173-d8b6-46df-ad3c-2ebcbba09b2e,16757341-7413-4caa-a82d-50e53ac5a3c5","On 2023-11-07 at approximately 14:30 hours, police responded to a reported dispute near the main market square within the jurisdiction of Bandra Police Station, falling under Singibahar. Complainant Vijay Basu, age 41, an Import-Export Consultant residing in Laugaon, Uttar Pradesh, alleged an altercation arose during a commercial discussion with Rukmini Chakraborty, age 69, a Taxi Fleet Operator residing in Mandar Kalan, Punjab. The disagreement purportedly involved transactions connected to vehicles bearing registration numbers UP43TQ5199 and PB13SG5810, which were parked nearby at the time of the incident. A local shopkeeper corroborated that raised voices were heard prior to the arrival of law enforcement personnel. Officers secured a ledger containing financial records from the scene as potential evidence for further verification. Preliminary inquiry into the matter is currently underway to determine the exact sequence of events.",closed
9a4f35d4-dd3f-427f-993f-452d8ecd02d2,FIR/TE/2023/1004,8e27cb1e-4acc-4c47-ba20-63020505ffb3,2023-09-14,a67d384b-edfc-4caa-8a46-8b72e3208724,7d6f20e1-961e-46de-8504-3ea2f6d7692a,"7d6f20e1-961e-46de-8504-3ea2f6d7692a,45fde464-2062-4c6b-8c6d-947c4580b94d,50873f12-f502-48f0-b7b9-1ca825fbb932","On 2023-09-14 at approximately 1430 hours, acting on a tip-off regarding suspicious activities, a patrol team from Shampur Police Station proceeded to a commercial establishment located near the main market area within the jurisdiction of Colaba Police Station. Upon arrival, officers observed shopkeeper Leela Singhal engaged in a heated altercation with warehouse supervisor Pooja Chowdhury over a disputed cash transaction, while librarian Nikunj Srivastava stood nearby as a witness. During the preliminary inquiry, a local shopkeeper corroborated that frequent unverified visitors had been congregating at the premises during late hours, prompting the temporary seizure of a motorcycle bearing registration UP14VL8275 and a car bearing registration OD50QH9810 for verification purposes. Preliminary investigation notes indicate that further statements will be recorded from all involved parties and registered vehicle owners to ascertain the exact nature of the financial dealings.",chargesheet_filed
04abf6a0-ff86-4dd5-90f6-e56e296ad621,FIR/CH/2025/1005,f2f115ab-5b0b-4cdc-a136-b775845814d5,2025-04-13,d0184a09-161d-4442-9ae0-17c96fb4622e,43d397f3-6279-4e7b-b1e1-d2dd053d82d2,"43d397f3-6279-4e7b-b1e1-d2dd053d82d2,29e44cfd-7d35-4a04-ae90-6fdf73acc416","On 2025-04-13 at approximately 1430 hours, acting on a tip-off regarding suspicious transactions near Cunningham Road, police personnel from Lundra Police Station reached the spot and intercepted a motorcycle bearing registration AS55ND9123. Pratham Krishnan, acting as a Delivery Executive, was found interacting with Sourav Rahman, an Electronics Dealer, near a local tea stall where a local shopkeeper observed the exchange. During a routine check, officers recovered an unmarked plastic pouch containing suspected contraband from the possession of the individuals, prompting a preliminary inquiry. A local witness confirmed the presence of both parties at the scene prior to police arrival. Investigation notes indicate that samples of the seized substance have been dispatched for forensic verification and further questioning is underway.",chargesheet_filed
298e1a21-ae87-4444-9d47-632adec01804,FIR/RA/2024/1006,b9787f53-534b-412b-9b7f-7e0190046463,2024-06-16,3bcf3cb2-15e9-4118-b082-241e75e7f818,94d607d7-3492-48ab-a373-f24cb1390211,"94d607d7-3492-48ab-a373-f24cb1390211,38d66af9-6e50-457c-8c19-f962a9c6b435,2090861b-d686-40ef-bb36-c556e162d4dc","On 2024-06-16 at approximately 1430 hours, acting on intelligence regarding an unlicensed activity check, police personnel from Nawad Police Station proceeded to a commercial yard near Kapurthala Police Station limits, where an altercation was reported during a business dealing involving scrap materials between Raj Jadhav, female, age 48, scrap dealer, and Lalit Gupta, female, age 41, courier service operator. Upon arrival, officers observed an auto-rickshaw bearing registration TN25BB1055 alongside a parked truck bearing registration GJ56AB8922, near which Saraswati Bajaj, female, age 53, plumber, was present as a witness alongside a local shopkeeper. During a preliminary inquiry into the dispute, investigating officers recovered a suspicious cash sum and undetermined powdery substances from the immediate vicinity of the vehicles for forensic evaluation. Investigation notes indicate that statements from all concerned parties have been recorded, and the seized materials have been dispatched for chemical analysis to determine their exact nature.",closed
0ef1e846-a18b-4eae-a50a-2759acf59415,FIR/AS/2024/1007,7d104ee8-3694-4a75-ae8d-165f02f3074f,2024-07-28,b9753cbb-9cd4-451b-9705-22cc5bde2d04,4285df9b-9b16-4ccd-9844-3508c0d49fdc,4285df9b-9b16-4ccd-9844-3508c0d49fdc,"On 2024-07-28 at approximately 1430 hours, complainant Prashant Ghosh, a 41-year-old female Wholesale Trader residing in Utari, Jharkhand, reported an altercation regarding an alleged financial demand at a marketplace near Cumballa Hill Police Station jurisdiction, Chargola Bazar, Assam. According to the preliminary statement, the complainant was approached by an unidentified individual on a motorcycle bearing registration JH54SE5356 who insisted on an immediate cash payment under disputed commercial terms. A local shopkeeper present at the scene noted the heated exchange and briefly intervened before the individual departed southwards. Investigating officers recovered a handwritten memorandum from the counter which is currently undergoing forensic examination. Preliminary inquiries at Chargola Bazar Police Station are ongoing to ascertain the exact nature of the monetary dispute.",under_investigation
c1188677-7f52-441a-91a6-a24b845cf3a9,FIR/OD/2025/1008,9e1a4a07-e50c-4870-864f-2d705f28fae5,2025-04-03,0f50f615-7033-4550-b3c0-1327c1c40070,598b970f-3219-4a29-a843-eb1703d9bcc2,598b970f-3219-4a29-a843-eb1703d9bcc2,"On 2025-04-03 at approximately 1430 hours, complainant Mohit Gill, a 75-year-old Freight Forwarding Agent residing in Dubara, Uttar Pradesh, reported a suspected financial fraud at a commercial establishment within the jurisdiction of Connaught Place Police Station, falling under the Hundapalasapal Police Station limits, Odisha. The complainant stated that a high-value security cheque issued in connection with professional freight forwarding transactions was dishonored by the drawee bank due to insufficient funds, while a local shopkeeper corroborated the suspicious exchange of disputed financial documents. Investigators recovered the bounced negotiable instrument and related bank memo from the complainant as primary physical evidence for forensic verification. Preliminary inquiry suggests a deliberate breach of financial trust, and the case has been formally registered for further procedural investigation.",under_investigation
068c5bd8-1d30-4e99-8b1e-1d39790e8ee3,FIR/HA/2025/1009,a7849323-bce8-46b2-a835-75ac4446df2d,2025-02-06,3882bfc6-6f3e-42f1-acd5-875175110e2b,4556cc56-b8be-4b38-9780-75ecd506fb1d,"4556cc56-b8be-4b38-9780-75ecd506fb1d,55cfdf10-a1a9-4735-ae66-8aae4018cb6a,6180b099-5e5e-4247-9219-81bf4309f50f","On 2025-02-06 at approximately 1430 hours, complainant Swapna Raina, a 32-year-old Pharmacist residing at Chargola Bazar, Assam, reported to the Chormar Police Station within the jurisdiction of Karol Bagh Police Station regarding a suspicious financial transaction and cheque-bounce dispute involving accused Abhay Banerjee, a 26-year-old Government Clerk from Ichak, Jharkhand, and witness Rishabh Bansal, a 52-year-old Commission Agent from Ilanganathapuram, Tamil Nadu. The complainant stated that the accused issued a dishonored negotiable instrument amounting to a substantial sum during a commercial exchange near the local marketplace, while a nearby shopkeeper confirmed observing the transaction and the presence of vehicles bearing registration numbers AS48EB5916 and AS33YS8013 at the scene. Investigating officers recovered the bounced cheque and related bank referral documents as physical evidence from the spot. Preliminary inquiry has been initiated, and further procedural verification of the financial records is underway.",closed
6b7c7eb9-fec6-4eb7-bf8a-3b019048b03b,FIR/OD/2025/1010,31b964e9-e0a0-4342-9d40-d7ea00c2e077,2025-04-21,0f50f615-7033-4550-b3c0-1327c1c40070,735b7692-768a-477f-9084-61285d2d750f,"735b7692-768a-477f-9084-61285d2d750f,454733be-201b-4f37-bdc8-fabcf42fcd20","On 2025-04-21 at approximately 1430 hours, complainant Madhuri Thakur, a 29-year-old Freight Forwarding Agent residing in Rajapur, Karnataka, approached the Hundapalasapal Police Station regarding a suspicious financial transaction referral originating near the Connaught Place Police Station area. The complainant stated that accused Sameer Swamy, a 77-year-old Scrap Dealer residing in E.Kottapatty, Tamil Nadu, allegedly facilitated fraudulent monetary transfers involving bounced negotiable instruments and unauthorized bank clearances. A local shopkeeper corroborated observing motorcycle registration KA33EE4664 and motorcycle registration TN22YS0997 parked near the disputed commercial establishment during the transaction hours, with digital payment logs and physical cheque leaves seized as initial evidence. Preliminary investigation notes indicate that bank statements are currently being scrutinized to trace the beneficiaries and establish the exact cash flow trail.",pending_trial
7c7ed211-e6f4-4109-a576-4986c9d9ac7a,FIR/OD/2024/1011,31b964e9-e0a0-4342-9d40-d7ea00c2e077,2024-11-06,0f50f615-7033-4550-b3c0-1327c1c40070,1edcdcff-eff3-4399-b490-6ece1fd0a750,"1edcdcff-eff3-4399-b490-6ece1fd0a750,54c82bdd-31ea-4ed6-9d88-87aa3fa602dd,0337a9aa-5b4f-47e5-8f62-6328af20b19b","On 2024-11-06 at approximately 1430 hours, complainant Devesh Rathore reported a suspicious financial transaction and cheque-bounce dispute originating near Connaught Place Police Station under the jurisdiction of Hundapalasapal Police Station, Odisha. The complainant alleged that accused Hriday Malhotra issued a fraudulent negotiable instrument regarding currency exchange operations involving transport contractor Prem Kamble, who was present during the transaction utilizing a car bearing registration TN43UV6477. A local shopkeeper corroborated the presence of the involved parties and the exchange of disputed documents near the commercial establishment. Investigating officers recovered the dishonored cheque and related bank referral slips from the scene as primary evidence. Preliminary inquiry has commenced under applicable legal provisions to ascertain the flow of funds and establish individual liabilities.",chargesheet_filed
7db794f6-6ef2-4e83-b6c5-e7e6256913c2,FIR/HA/2024/1012,a7849323-bce8-46b2-a835-75ac4446df2d,2024-11-23,3882bfc6-6f3e-42f1-acd5-875175110e2b,8cab76dc-2ec9-4d0f-9aca-8e0e66b20e4b,"8cab76dc-2ec9-4d0f-9aca-8e0e66b20e4b,b3e2dabb-54e4-4cdb-9c2a-0c35250aa2b5","On 2024-11-23 at approximately 1430 hours, complainant Mayank Sarkar, a 27-year-old Freight Forwarding Agent residing in Rahaniyaganj, Odisha, reported to the Chormar Police Station regarding a financial cheating dispute involving accused Sushila Kohli, a 41-year-old Doctor residing in Kotaseetharampuram, Andhra Pradesh, concerning a dishonoured cheque and suspicious bank transaction near Karol Bagh Police Station jurisdiction. The incident was partially witnessed by a local grocery shopkeeper who observed a verbal altercation near a parked motorcycle bearing registration AP38CA6065, from which disputed financial documents were recovered as preliminary evidence. Investigation notes indicate that bank statements and the bounced negotiable instrument have been seized for forensic examination, and notices under section 41A CrPC are being dispatched to the accused for formal questioning.",under_investigation
de6dcf0a-0a76-4df7-b417-aeb2e79b3912,FIR/OD/2025/1013,31b964e9-e0a0-4342-9d40-d7ea00c2e077,2025-02-21,0f50f615-7033-4550-b3c0-1327c1c40070,04d36625-b5aa-4286-a543-bf880a885eb0,"04d36625-b5aa-4286-a543-bf880a885eb0,8171e26b-7d4e-41ed-a931-f0414f85531a,73afdf7b-f403-4f68-a828-79d245d66657","On 2025-02-21 during afternoon hours near the main commercial corridor of Connaught Place Police Station area within Hundapalasapal jurisdiction, complainant Jai Chatterjee reported a suspicious financial transaction involving a dishonoured negotiable instrument and alleged cheating by Padma Pattnaik and Aditya Jain. The primary evidence recovered at the scene included a disputed banking instrument and ledger entries corroborated by an independent local shopkeeper who acted as an initial witness. A preliminary check of local surveillance captured movement linked to motorcycle registration KA44NX5267 and truck registration KA28WU3387 near the transaction site. Investigation notes indicate that bank statements have been requisitioned for forensic auditing and formal summons are being issued to the named respondents.",chargesheet_filed
cc493bef-a0bf-4a36-ba02-2c2efd5cae93,FIR/OD/2025/1014,31b964e9-e0a0-4342-9d40-d7ea00c2e077,2025-02-16,0f50f615-7033-4550-b3c0-1327c1c40070,3e42409b-e1ab-442a-9ffd-c75a3f7ddc96,3e42409b-e1ab-442a-9ffd-c75a3f7ddc96,"On 2025-02-16 at approximately 1430 hours, complainant Anand Rao, a 36-year-old female Import-Export Consultant residing in Ramnagar Shibpur, West Bengal, reported a suspicious transaction referral from a bank regarding a disputed commercial transfer originating near Connaught Place Police Station under the jurisdiction of Hundapalasapal Police Station, Odisha. The complainant alleged that a payment instrument was dishonored under deceptive circumstances following a business transaction involving her registered car bearing registration number WB51ND5466. A local shopkeeper corroborated the presence of an unfamiliar vehicle idling near the disputed premises during the afternoon hours, and the original bank referral slip has been seized as physical evidence. Preliminary inquiry has commenced, and statements from relevant financial intermediaries are currently being recorded for procedural verification.",under_investigation
f90331e8-7521-4f04-b303-c2fa8ca51fda,FIR/RA/2025/1015,0e12daed-dc20-40b3-8832-ffae12639f39,2025-03-21,3bcf3cb2-15e9-4118-b082-241e75e7f818,81d6d00c-25cb-41fe-95f5-b9b2e0a2945f,81d6d00c-25cb-41fe-95f5-b9b2e0a2945f,"On 2025-03-21 at approximately 1430 hours, an official complaint was lodged at Nawad Police Station regarding the disappearance of Ananya Gopalan, a 22-year-old female accountant residing in Kutenchuan, Odisha, who went missing near the main market area within the jurisdiction of Kapurthala Police Station in Nawad, Rajasthan. A local shopkeeper reported seeing her near a parked car bearing registration OD28BV5729 before she allegedly boarded an auto-rickshaw with registration OD57LW8950 heading toward an unknown destination. Investigating officers recovered a discarded handbag containing personal documents at the scene, and preliminary inquiries are currently underway to trace her whereabouts and interview potential witnesses.",closed
f00c67b4-cb34-4853-a35e-cf37a11c5ab2,FIR/TA/2025/1016,61b5ebb8-84dd-4f67-aafa-79f947cac50f,2025-05-26,c0975979-9043-4963-855f-ca856764a207,c9fa96c9-d104-434d-98fd-5b31768aee4b,"c9fa96c9-d104-434d-98fd-5b31768aee4b,9cc249eb-6adb-47e7-8088-f8d519633f9a","On 2025-05-26 at approximately 14:30 hours, complainant Renuka Grewal reported that she was physically assaulted by accused Ashwin Dubey near the main vegetable market within the jurisdiction of Lal Bazaar Police Station in Mutharasikuppam, Tamil Nadu. The altercation arose from a sudden verbal dispute regarding the parking space of a car bearing registration KL46VW3678, during which the accused struck the complainant, causing minor injuries. A local tea shop vendor witnessed the entire incident and corroborated the sequence of events to the responding officers. A torn designer handbag belonging to the complainant was recovered from the scene as material evidence. Initial investigation notes indicate that statements from both parties have been recorded, and further inquiries are underway.",closed
458fe578-4ca5-4f97-ac6d-2d6bcb8d24cd,FIR/WE/2024/1017,2eb3c08b-8e63-45a6-812a-f99cb3f447ec,2024-05-23,f77c2362-fa09-4024-9ad2-7cf845b2b17e,f1a8d7c2-5601-4f24-9a1e-a4602b9fc452,f1a8d7c2-5601-4f24-9a1e-a4602b9fc452,"On 2024-05-23 at approximately 14:30 hours, complainant Shashank Shukla, a 40-year-old plumber residing in Sukalwadi, Maharashtra, reported to the Jakhirpur Police Station that his spouse went missing near Sadar Bazaar Police Station. A local tea stall vendor witnessed the individual walking alone towards the main market area before losing sight of them. A partially consumed water bottle and a handbag were discovered on a nearby bench as potential personal belongings left behind. Investigation notes indicate that local area canvassing is underway and CCTV footage from nearby establishments is currently being retrieved for analysis.",pending_trial
af6d407f-8e73-4832-8bc6-a235096f79a9,FIR/CH/2025/1018,862d2be7-a639-4e04-9b56-432b9d9a2906,2025-04-09,d0184a09-161d-4442-9ae0-17c96fb4622e,7ed3b0c0-5f7f-4da6-a8fb-e0a4925b051d,7ed3b0c0-5f7f-4da6-a8fb-e0a4925b051d,"On 2025-04-09, at approximately 14:30 hours, complainant Durga Mehra, a 35-year-old weaver residing near Kannur Railway Station, Kerala, reported a robbery near the market area under Cunningham Road Police Station jurisdiction while visiting Lundra. According to the statement, an unidentified male riding a motorcycle bearing registration number KL60RY7246 forcefully snatched her handbag containing cash and personal documents before fleeing towards the main highway. A nearby tea stall vendor witnessed the incident and noted the fleeing vehicle's direction. Preliminary investigation notes indicate that local CCTV footage is being reviewed to trace the suspect and recover the stolen property.",closed
5b89dab1-0675-48ef-aa14-f6c1ad052d1f,FIR/RA/2025/1019,c1c38a5c-48c0-449f-986b-ee15b24bb558,2025-05-26,3bcf3cb2-15e9-4118-b082-241e75e7f818,96433711-d892-4c53-a812-a0abd49bc5e1,"96433711-d892-4c53-a812-a0abd49bc5e1,9205a069-02cf-4ea2-b52e-ccdfca8acc6c","On 2025-05-26 at approximately 14:30 hours, complainant Harish Venkatesh, a 63-year-old Salesperson residing in Nabedhi, Odisha, reported a property dispute near the main marketplace within the jurisdiction of Nawad Police Station, Rajasthan. She stated that accused Chetan Hussain, a 29-year-old Plumber residing in Ramanathapuram, Tamil Nadu, arrived on a motorcycle bearing registration TN40QE8773 and threatened her following a verbal altercation over borrowed tools. A local tea vendor witnessed the confrontation and confirmed the heated exchange before the accused fled the scene on the aforementioned vehicle. Investigating officers recovered a discarded metal wrench from the pavement as material evidence and have initiated inquiries by questioning nearby shopkeepers.",closed
ac570f4a-323c-438b-9a6f-b5b901060a09,FIR/CH/2025/1020,aa86d8e1-983e-45e2-9ca4-cdd1d25b6646,2025-01-22,d890e6e8-e9d5-40b8-8d55-7f7573bd97a1,08a53a16-20c4-4c50-ba6e-3c40ef621f5f,08a53a16-20c4-4c50-ba6e-3c40ef621f5f,"On 2025-01-22 at approximately 1430 hours, complainant Payal Siddiqui (female, age 35, mechanic, resident of Melarasambattu, Tamil Nadu) reported that she was physically assaulted by an unknown individual following a verbal altercation near the local market within the jurisdiction of Bandra Police Station, falling under Singibahar Police Station. A nearby shopkeeper witnessed the altercation and intervened to separate the parties before the assailant fled the scene, leaving behind a damaged metal wrench used during the confrontation. Investigation notes indicate that the area is being canvassed for CCTV footage and additional eyewitness testimony to identify and apprehend the suspect.",closed
d0bd6b25-9984-4b7a-a249-66d8344ebb00,FIR/WE/2024/1021,9f427bfa-8665-4e04-a797-aa64f0aeb2eb,2024-10-30,f77c2362-fa09-4024-9ad2-7cf845b2b17e,82cf393e-99ba-4826-84f4-92e41b8f73fc,"82cf393e-99ba-4826-84f4-92e41b8f73fc,8081c6e4-7b97-4e85-8fcf-93c2cfca8309","On 2024-10-30 at approximately 14:30 hours, complainant Naresh Dutta reported that her motorcycle bearing registration MN24GS6737 was stolen while parked near the main vegetable market within the jurisdiction of Sadar Bazaar Police Station. The accused, Lalit Bhatia, was allegedly seen by a local tea vendor loitering suspiciously near the parked vehicle before it went missing. A helmet left behind at the scene has been recovered as material evidence for forensic inspection. Preliminary investigation notes indicate that nearby CCTV footage is currently being reviewed to trace the route taken by the suspect.",under_investigation
702f47ff-815f-4439-a218-2b8a0a61ee04,FIR/RA/2025/1022,c1c38a5c-48c0-449f-986b-ee15b24bb558,2025-05-24,3bcf3cb2-15e9-4118-b082-241e75e7f818,9ff72ba4-6320-432d-ac05-d43b2b02279d,9ff72ba4-6320-432d-ac05-d43b2b02279d,"On 2025-05-24 at approximately 1430 hours, complainant Rajesh Deshpande, a 49-year-old female carpenter residing in Govandi, Maharashtra, reported a sudden theft of her professional toolkit from the roadside near the main market area within the jurisdiction of Kapurthala Police Station, filed at Nawad Police Station. A local tea stall vendor witnessed a passing unidentified individual hurriedly picking up the metallic toolbox and fleeing towards the southern alley. A discarded screwdriver and shoe impression were noticed at the spot and secured as preliminary evidence. Sub-Inspector Sharma visited the scene, recorded the statement of the complainant, and initiated a local canvassing effort to trace the suspect and recover the stolen property.",closed
790207b4-3f53-4bbf-85da-17ef2d1426ba,FIR/OD/2025/1023,45caf344-cb99-433f-9199-0154fb24f980,2025-05-17,1c6b2c51-aa55-4558-ae96-d1770fade444,2d5f91d7-1441-4c57-b04b-41b5094d0ebd,2d5f91d7-1441-4c57-b04b-41b5094d0ebd,"On 2025-05-17 during the afternoon hours, complainant Radha Malik, a 45-year-old tailor residing in Kallipalli, Odisha, reported a theft at her small tailoring shop located near the main market under the jurisdiction of Koramangala Police Station. She discovered that her sewing machine and a cash box containing Rs. 3,500 were missing after she briefly stepped out. A local tea vendor nearby noticed an unidentified youth loitering near the shop premises prior to the discovery. A preliminary inspection of the scene revealed a damaged wooden latch on the rear entrance. Investigation notes indicate that local beat officers are currently canvassing the area for potential eyewitnesses and any available CCTV footage.",under_investigation
74292d30-721b-4108-bfdc-479d45c648a6,FIR/MA/2024/1024,b88a5a6a-4bc9-4957-a08c-d1b0ebf86add,2024-06-18,3a90b419-d49b-432d-b67f-8fef620d5ecd,30ab5192-7cd4-480c-82c9-14b92065b21e,30ab5192-7cd4-480c-82c9-14b92065b21e,"On 18-06-2024 at approximately 1430 hrs, complainant Akhil Anantharaman, a 52-year-old Salesperson residing in Mahuawa, Bihar, reported being physically assaulted near the main market area in Dhamrancha, Maharashtra, under the jurisdiction of Colaba Police Station. The incident occurred following a verbal altercation over parking with an unidentified individual who fled the scene in a car bearing registration number BR08DA9992. A local shopkeeper witnessed the altercation and confirmed the victim's account, while a torn shirt left at the scene has been recovered as physical evidence. Initial investigation notes indicate that patrolling units have been alerted to trace the vehicle and apprehend the suspect.",under_investigation
b74d391d-18e9-43f6-9946-d66e1262aa63,FIR/MA/2024/1025,d26475b2-a676-4842-b4f5-6beda6d5bbee,2024-04-09,3a90b419-d49b-432d-b67f-8fef620d5ecd,d1ffb102-bd9f-4402-83a6-25026d500874,"d1ffb102-bd9f-4402-83a6-25026d500874,50f7fbea-3d0f-4a6f-a225-c90d955b7604","On 2024-04-09 at approximately 14:30 hours near the central market area within the jurisdiction of Colaba Police Station, complainant Sahil Khatri (aged 62, Bank Employee, resident of Garentha, Madhya Pradesh) reported being physically assaulted by accused Anil Rajput (aged 48, Police Constable, resident of Ujirpur, West Bengal) following a heated verbal altercation over a parking space involving car registration MP15LV5485. The incident was witnessed by a local tea-stall vendor who intervened to separate the parties and noted a discarded wrist watch belonging to the accused at the scene. Investigation notes indicate that statements from independent eyewitnesses have been recorded and the medical examination report of the complainant is currently awaited for further legal action.",under_investigation
77a756ea-c9c1-45cf-9b17-ec8841411d97,FIR/WE/2024/1026,2eb3c08b-8e63-45a6-812a-f99cb3f447ec,2024-08-10,f77c2362-fa09-4024-9ad2-7cf845b2b17e,dab4dd42-4d7b-4b2f-a4bd-488c1ae33343,dab4dd42-4d7b-4b2f-a4bd-488c1ae33343,"On 2024-08-10 at approximately 14:00 hours, the complainant reported that 62-year-old female Deepak Rajagopalan, an electrician residing in Harna, Bihar, went missing near the crowded marketplace in Sadar Bazaar under the jurisdiction of Jakhirpur Police Station. A local tea shop vendor stated he last saw her inquiring about directions near a parked motorcycle bearing registration number BR50HY1825. Investigating officers recovered her toolkit bag from the pavement and are currently reviewing nearby CCTV footage to trace her movements.",closed
f05ad648-eee7-4241-9f6d-48f7d0dc86ea,FIR/MA/2023/1027,a5946d0c-3dd2-4747-87e6-dab3273b8edd,2023-10-21,399368c8-c978-469c-be30-609d71bcffc7,f4c2cbd3-ce94-4cba-a2c7-c87b4afc0fd0,"f4c2cbd3-ce94-4cba-a2c7-c87b4afc0fd0,7d9f96cb-4c17-4959-a040-fb670e93f618","On 2023-10-21 during the afternoon hours at approximately 14:30, complainant Vandana Singh, a 52-year-old chef residing in Lasiyari, Uttarakhand, reported that her professional chef kit and personal valuables were stolen near the public pavilion within the jurisdiction of Cubbon Park Police Station, while visiting Alas, Maharashtra. The accused, Arjun Chawla, a 46-year-old chef residing in Kathania, Punjab, was allegedly seen leaving the immediate vicinity with a matching bag by a local tea-stall vendor who acted as a key witness. An empty equipment pouch was recovered from the bench as physical evidence, and initial inquiries have commenced at the Alas Police Station under standard station procedures.",closed
4c24fdb7-02d6-47ed-a2ae-375c849dcda6,FIR/UT/2025/1028,a83505be-8b16-4bd7-8d74-2777f87e9a16,2025-05-10,a1ac6dda-cf2b-4f37-b3bf-4697fe4e7bff,bd0bce2f-3d10-4367-80e8-0d9d92adb7eb,bd0bce2f-3d10-4367-80e8-0d9d92adb7eb,"On 2025-05-10 at approximately 14:30 hours, complainant Amol Pawar, a 63-year-old journalist residing in Nayashi, Maharashtra, reported being physically assaulted near the main market area within the jurisdiction of Esplanade Police Station, Lasiyari, Uttarakhand. The victim stated that an unknown male assailant confronted her following a verbal altercation and struck her with a heavy iron walking stick before fleeing the scene. A local tea vendor witnessed the entire sequence of events and corroborated the complainant's statement. The iron walking stick, bearing potential latent fingerprints, has been recovered from the site and secured as material evidence. Preliminary investigation notes indicate that patrolling has been intensified in the vicinity to trace the suspect.",under_investigation
36b5ffd8-17a6-4e49-b8cf-366a7a48dcea,FIR/WE/2024/1029,9f427bfa-8665-4e04-a797-aa64f0aeb2eb,2024-11-24,f77c2362-fa09-4024-9ad2-7cf845b2b17e,350bb542-e27a-4b06-8d0d-59a89b7aee0d,350bb542-e27a-4b06-8d0d-59a89b7aee0d,"On 24-11-2024 at approximately 14:30 hours, complainant Reyansh Dubey, an 18-year-old college student residing in Alas, Maharashtra, reported that her mobile phone and handbag were stolen while she was browsing at a local stall near Sadar Bazaar. A nearby shopkeeper witnessed an unidentified individual swiftly snatch the items and flee on a bicycle through the crowded lanes. Preliminary inquiry at the scene corroborated the sequence of events, and local patrolling has been intensified to trace the missing belongings.",under_investigation
e9f990a7-59f8-4448-a4a9-fd0b7561f52e,FIR/CH/2025/1030,ea69dc0e-e8b8-4189-9283-aff20e64d86e,2025-05-17,d890e6e8-e9d5-40b8-8d55-7f7573bd97a1,94516e6d-f485-41a5-894e-e76411f5cfd2,"94516e6d-f485-41a5-894e-e76411f5cfd2,8e9cc757-8e08-430a-8332-8253a7e50e4a","On 2025-05-17 at approximately 14:30 hours, complainant Krunal Sandhu, a 31-year-old doctor residing in Kanakore, Uttar Pradesh, reported an incident of property damage and theft near the local market area within the jurisdiction of Singibahar Police Station, Chattisgarh. According to the statement, the accused, Aadit Patel, a 55-year-old plumber residing in Garentha, Madhya Pradesh, arrived on a motorcycle bearing registration number UP03ZR7779 and forcefully removed medical equipment from the complainant's temporary clinic setup. A nearby shopkeeper witnessed the altercation and noted the suspect fleeing toward Bandra Police Station limits. Investigating officers recovered a discarded wrench at the scene and initiated a formal inquiry under the appropriate legal provisions.",pending_trial
a2774348-3fba-44b0-b9e1-def9203c4fe7,FIR/RA/2025/1031,c1c38a5c-48c0-449f-986b-ee15b24bb558,2025-05-05,3bcf3cb2-15e9-4118-b082-241e75e7f818,0bea0b02-f959-4d59-9ba9-7126b8402c3a,0bea0b02-f959-4d59-9ba9-7126b8402c3a,"On 2025-05-05 at approximately 14:30 hours, complainant Vaibhav Naik, an 18-year-old college student residing in Bedkihal, Karnataka, reported a sudden theft of her personal study bag near the local market area under the jurisdiction of Kapurthala Police Station, within the limits of Nawad Police Station, Rajasthan. A local shopkeeper witnessed an unidentified individual fleeing the spot with the grey-colored backpack containing academic books and identification documents. A preliminary search of the immediate vicinity yielded a discarded notebook belonging to the victim, which has been seized as physical evidence. Investigation notes indicate that neighborhood CCTV footage is currently being reviewed to ascertain the identity and direction of movement of the suspect.",under_investigation
640eba83-15f4-4973-8bec-f9c4153952a4,FIR/OD/2024/1032,33c1ff2b-8608-413f-8733-80e420625fe5,2024-05-10,0f50f615-7033-4550-b3c0-1327c1c40070,8e67f739-b948-4323-87be-fbb43c956d26,8e67f739-b948-4323-87be-fbb43c956d26,"On 2024-05-10 at approximately 14:30 hours, complainant Smita Warrier, a 19-year-old School Teacher residing in Marma, Odisha, reported that her personal laptop and gold chain were stolen from her residence near Connaught Place Police Station within the jurisdiction of Hundapalasapal Police Station. A local shopkeeper passing by the area noticed an unidentified individual hastily leaving the premises carrying a black backpack. Initial investigation notes indicate that forced entry was made through the rear kitchen window, and forensic evidence has been collected from the windowsill for latent prints.",under_investigation
34bf7707-7ca5-4a5e-a3da-3b0cdfe0d342,FIR/UT/2025/1033,2c499bb1-b083-4669-9e0a-669387b0d365,2025-04-17,c72b3670-988d-4140-b70e-75cb3ec17b11,77342270-dc3d-4670-b49f-2d37bb1658ca,"77342270-dc3d-4670-b49f-2d37bb1658ca,f2115e40-063f-47d4-b56c-82c06cb911ef","On 2025-04-17 at approximately 14:30 hours, complainant Kamini Patil reported an incident of theft near the main market square within the Colaba Police Precinct of Eja, Uttar Pradesh, stating that her personal belongings were snatched by accused Tanvi Sarkar who fled the scene on a motorcycle bearing registration UK18EM9384. A local shopkeeper witnessed the altercation and confirmed the direction in which the suspect escaped, while a dropped handbag strap was recovered as physical evidence from the spot. Investigation notes indicate that neighborhood CCTV footage is currently being reviewed to trace the suspect.",under_investigation
005ea67d-ea13-498e-9098-7342b18bf2dc,FIR/HA/2025/1034,dc78a2bc-f59d-4e50-ad7e-b613cdf894c2,2025-03-22,3882bfc6-6f3e-42f1-acd5-875175110e2b,43d6d5e5-4069-49b1-adf2-92508b4c5713,43d6d5e5-4069-49b1-adf2-92508b4c5713,"On 22-03-2025 at approximately 2130 hours, complainant Shivam Tagore, a 35-year-old Software Engineer residing at Charan Nikol, Gujarat, reported that she was robbed near the main market area within the jurisdiction of Karol Bagh Police Station while visiting Chormar, Haryana. Two unknown male suspects intercepted her white car bearing registration number GJ06VV0963, forcefully snatched her gold chain and handbag containing valuables, and fled on a motorcycle towards the highway. A local tea vendor witnessed the entire incident and immediately rushed to assist the distressed victim. A broken wristwatch belonging to one of the perpetrators was recovered from the crime scene as material evidence. Initial investigation notes indicate that patrolling units have been alerted and nearby CCTV footage is being thoroughly reviewed to apprehend the culprits.",closed
5e3fe99f-125d-4ded-956f-4873710751f2,FIR/HA/2024/1035,dc78a2bc-f59d-4e50-ad7e-b613cdf894c2,2024-10-05,3882bfc6-6f3e-42f1-acd5-875175110e2b,390152b8-b9d9-4ed2-b694-1f5c77fd664d,390152b8-b9d9-4ed2-b694-1f5c77fd664d,"On 2024-10-05 at approximately 14:30 hours, complainant Anika Sinha, a 40-year-old auto rickshaw driver residing in Yedehalli, Karnataka, reported that she was robbed near the main market area within the jurisdiction of Karol Bagh Police Station. While parked near a local tea stall, two unidentified males on a black motorcycle bearing registration number KA21PF0200 forcefully snatched her gold chain and a bag containing cash before fleeing towards the highway. A nearby shopkeeper witnessed the incident and confirmed the vehicle details, while a discarded helmet left behind by the fleeing suspects has been recovered as physical evidence. Initial investigation notes indicate that local CCTV footage is being reviewed to trace the suspects and the aforementioned motorcycle.",closed
3f60775a-bc85-4ced-b437-d1c8cd6d36aa,FIR/MA/2024/1036,b88a5a6a-4bc9-4957-a08c-d1b0ebf86add,2024-06-06,3a90b419-d49b-432d-b67f-8fef620d5ecd,a30e127a-6a24-462f-a270-525e76f6b9f6,a30e127a-6a24-462f-a270-525e76f6b9f6,"On 2024-06-06 at approximately 1430 hours, complainant Piyush Bhardwaj, a 42-year-old female fisherman residing in Garentha, Madhya Pradesh, reported being physically assaulted near the fish market within the jurisdiction of Colaba Police Station, Dhamrancha, Maharashtra, by an unidentified assailant who fled the scene in a car bearing registration number MP24NU2513. A local tea shop vendor witnessed the altercation and confirmed the victim's account, while a torn shawl and a dropped wristwatch were recovered from the spot as material evidence. Preliminary investigation notes indicate that the altercation stemmed from a verbal dispute over parking space, and local inquiry is currently underway to identify and apprehend the accused.",closed
cbd5c5a7-1d14-4c96-8025-fbe0fdf96e74,FIR/MA/2025/1037,a9e0d542-a33b-4de6-b8e3-992b4e3ef747,2025-04-06,3a90b419-d49b-432d-b67f-8fef620d5ecd,4a7efbc8-be33-4c54-b292-68a92964acdf,4a7efbc8-be33-4c54-b292-68a92964acdf,"On 2025-04-06 at approximately 14:30 hours, complainant Prakash Modi, a 33-year-old female Salesperson residing in Parbatipur, Odisha, reported that her handbag containing personal valuables and cash was stolen near the main market area within the jurisdiction of Dhamrancha Police Station, Maharashtra. A local shopkeeper, serving as a witness, noticed an unidentified individual speeding away on a black motorcycle bearing registration OD32CP9583 immediately after the incident. Discarded packaging material found near the spot has been collected as potential physical evidence for forensic review. Preliminary investigation notes indicate that neighborhood CCTV footage is currently being analyzed to trace the suspect and the aforementioned vehicle.",closed
e336a8ee-8ce4-4c00-b87c-132e40f1ebc0,FIR/MA/2025/1038,74dd3ce2-a7b9-4da7-b8a1-52b24fd70e43,2025-03-04,3a90b419-d49b-432d-b67f-8fef620d5ecd,6bfc4329-68a0-4317-9c16-a40b7be04ac2,"6bfc4329-68a0-4317-9c16-a40b7be04ac2,161c6207-8a06-40d6-8b33-a89d9df56019","On 2025-03-04 at approximately 14:30 hours, complainant Kartik Singhal, a 66-year-old female plumber residing in Masgaon, Uttar Pradesh, reported that she was accosted near a local market in Colaba by an individual identified as Dhruv Pandit, a 39-year-old female salesperson residing in Barooki, Uttar Pradesh, who forcibly snatched her gold chain and fled the scene on a black motorcycle bearing registration number UP47RA9200. A nearby shopkeeper witnessed the sudden altercation and noted the fleeing vehicle's details, which were immediately shared with responding officers. Police recovered a dropped handbag belonging to the accused at the crime scene as physical evidence for forensic analysis. Investigation notes indicate that neighborhood CCTV footage is currently being reviewed to trace the suspect's escape route and secure further leads.",closed
45fc8023-e399-4cfe-af08-fc9efcd52174,FIR/UT/2025/1039,b720a3ba-0761-4c94-8f67-3977a371769e,2025-04-09,a1ac6dda-cf2b-4f37-b3bf-4697fe4e7bff,690282fc-0187-40c6-8c96-4002338057e2,"690282fc-0187-40c6-8c96-4002338057e2,d13753dd-3346-4b84-ab78-25ec9d98f4ed","On 2025-04-09 at approximately 14:30 hours, complainant Ganesh Venkatesh (female, age 80, Librarian, resident of Khushalpura, Gujarat) reported a theft near the public seating area of Esplanade Police Station, Lasiyari, Uttarakhand, involving accused Shalini Parthasarathy (female, age 70, Tailor, resident of Kalchina, Uttar Pradesh) who allegedly took a handbag containing personal documents. A local shopkeeper witnessed the argument between the two parties, and a torn cloth strap was recovered from the scene as physical evidence. Preliminary inquiry has commenced, and statements from the involved individuals are currently being recorded by the station staff.",closed
4b957c16-e66f-4794-9cba-912eb6ffb9b0,FIR/MA/2025/1040,c02c1acf-0cd9-41df-8448-9c0e5eebed97,2025-01-26,399368c8-c978-469c-be30-609d71bcffc7,3c33163e-b499-4c82-ad32-d522eebc5a38,"3c33163e-b499-4c82-ad32-d522eebc5a38,19fddd5d-fe03-495e-9dfc-a0cd6d93d52d","On 2025-01-26 at approximately 14:30 hours, complainant Parth Rao, a 27-year-old female School Teacher residing in Murikunte, Karnataka, reported an incident of property dispute near Cubbon Park Police Station within the jurisdiction of Alas Police Station, Maharashtra. The complainant stated that the accused, Aarav Mohapatra, a 35-female Pharmacist residing in Panar, Gujarat, forcibly entered the premises and damaged household items, fleeing the scene on a motorcycle bearing registration KA58KZ5860. A local shopkeeper witnessed the altercation and confirmed the sequence of events to the responding officers. A broken ceramic vase and shoe prints were documented at the scene as primary evidence. Preliminary investigation notes indicate that a formal notice has been issued to the accused for questioning.",pending_trial
8384343c-11ba-48fd-9de6-dea745cc15f4,FIR/OD/2024/1041,f597c597-e3e3-4f43-a9a1-0f77e79b3698,2024-09-23,1c6b2c51-aa55-4558-ae96-d1770fade444,b02f1385-c313-4d11-9483-30beaaf05bfb,b02f1385-c313-4d11-9483-30beaaf05bfb,"On 2024-09-23 at approximately 1430 hours, complainant Rachna Pai, a 60-year-old female Police Constable residing in Chandametta, Madhya Pradesh, was forcibly relieved of her gold chain while walking near the local market within the jurisdiction of Koramangala Police Station, Kallipalli, Odisha. Two unidentified male suspects quickly fled the spot in an auto-rickshaw bearing registration number MP04SF4514, while a car with registration number MP14WA0260 was also observed moving suspiciously nearby. A local tea-shop vendor witnessed the entire sequence of events and noted the rapid escape of the perpetrators. A torn gold chain pendant left at the scene has been seized as physical evidence for forensic analysis. Investigation is currently underway to trace the suspects and the involved vehicles.",closed
3cc0c9e6-67c2-4bfb-b283-34308c111883,FIR/RA/2024/1042,d47201c9-711f-4088-af2a-14e95ccd2b8a,2024-12-05,3bcf3cb2-15e9-4118-b082-241e75e7f818,1cc4a8cd-43f4-4668-bff7-0e8e1d57eeed,1cc4a8cd-43f4-4668-bff7-0e8e1d57eeed,"On 2024-12-05 at approximately 14:30 hours, complainant Shankar Rajput, a 19-year-old female college student residing in Kamandanga, Assam, reported an incident of theft near the main market area within the jurisdiction of Kapurthala Police Station, filed at Nawad Police Station, Rajasthan. The victim stated that an unknown individual snatched her mobile phone while she was walking near a local grocery store, with a local shopkeeper witnessing the sudden confrontation and subsequent escape. Officers recovered a discarded metallic hairclip and shoe print near the alleyway as initial physical evidence for the case file. Preliminary investigation notes indicate that patrolling units have been alerted and neighborhood CCTV footage is currently being reviewed to identify the suspect.",chargesheet_filed
1c967576-54bb-4437-98a0-4bde4232a713,FIR/WE/2025/1043,a1525c76-83db-45ff-8b10-65aed86c393f,2025-05-03,f77c2362-fa09-4024-9ad2-7cf845b2b17e,d809d4bc-614c-43bd-a7b0-d5abe76e36e6,"d809d4bc-614c-43bd-a7b0-d5abe76e36e6,2155aaf5-ee51-4357-9110-9dcfd2eb3383","On 2025-05-03 at approximately 15:30 hours, complainant Heena Saxena, a 74-year-old auto rickshaw driver residing in Lamakhera, Uttarakhand, reported an altercation near the main vegetable market within the jurisdiction of Sadar Bazaar Police Station, Jakhirpur, West Bengal. She stated that the accused, Siddharth Acharya, a 31-year-old fisherman from Ramanathapuram, Tamil Nadu, intentionally obstructed her path and verbally threatened her while attempting to damage her vehicle. A local tea shop owner witnessed the confrontation and confirmed the sequence of events to the responding officers. A discarded motorcycle helmet bearing registration TN19QF2023 was recovered from the immediate vicinity and seized as potential evidence for further inquiry. Preliminary investigation notes indicate that a formal notice has been issued to the accused to appear at Jakhirpur Police Station for questioning.",pending_trial
5b3314b9-81d0-4f43-90b0-98e130f91340,FIR/RA/2025/1044,d5c9d467-90ec-4286-bea5-32ef855ece18,2025-02-06,3bcf3cb2-15e9-4118-b082-241e75e7f818,36ec4d9a-f43e-4b30-b8c1-aadfca1fd7da,"36ec4d9a-f43e-4b30-b8c1-aadfca1fd7da,d345fe0e-42c2-4e44-83b2-723320815e68","On 2025-02-06 at approximately 14:30 hours, complainant Aarohi Agarwal, a 26-year-old bank employee residing in Lamakhera, Uttarakhand, reported to the Nawad Police Station that her acquaintance Anushka Senapati, a 68-year-old weaver residing in Rayam, Gujarat, went missing near the main market area under the jurisdiction of Kapurthala Police Station in Nawad, Rajasthan. A local shopkeeper witnessed Senapati stepping into a white sedan, while two vehicles, registration numbers GJ11SM6948 and GJ25NC8586, were observed lingering suspiciously near the spot. Investigators recovered an abandoned handbag containing personal documents belonging to the missing person at the scene. Preliminary inquiry and neighborhood canvassing are currently underway to trace the whereabouts of the individual.",under_investigation
6b197fa1-2011-456a-9079-bc713b27a79d,FIR/CH/2025/1045,ea69dc0e-e8b8-4189-9283-aff20e64d86e,2025-04-07,d890e6e8-e9d5-40b8-8d55-7f7573bd97a1,5b63a163-678d-4720-bfd7-64891aad851e,"5b63a163-678d-4720-bfd7-64891aad851e,79ab7392-8c6a-4acd-8344-84ea92d6fee3","On 2025-04-07 at approximately 14:30 hours, complainant Dharmesh Sidhu, a 63-year-old Government Clerk residing in Dungri Pindarpar, Uttarakhand, reported an incident of theft that occurred near the local market within the jurisdiction of Bandra Police Station, falling under the purview of Singibahar Police Station, Chhattisgarh. The complainant stated that accused Geeta Shetty, a 26-year-old Fisherman residing in Kotaseetharampuram, Andhra Pradesh, unlawfully took her personal handbag containing cash and identification documents while she was distracted. A local shopkeeper witnessed the altercation and confirmed the sequence of events to the responding officers. A discarded plastic pouch belonging to the accused was recovered from the scene as physical evidence. Investigation notes indicate that statements from nearby residents have been recorded and further inquiries are underway.",closed
321d4987-c9c5-4f80-92d8-d68dc970af6a,FIR/WE/2025/1046,9f427bfa-8665-4e04-a797-aa64f0aeb2eb,2025-05-01,f77c2362-fa09-4024-9ad2-7cf845b2b17e,8168a6dd-e43e-4aa9-a49c-8f2189f923be,"8168a6dd-e43e-4aa9-a49c-8f2189f923be,a5bb41e9-6404-4dab-8deb-90cac16ad12f","On 2025-05-01 at approximately 14:30 hours, complainant Karan Mohapatra reported that a gold chain was stolen from her possession while she was at Sadar Bazaar within the jurisdiction of Jakhirpur Police Station. The accused, Umesh Bhatia, was allegedly seen fleeing the scene by a local fruit vendor who witnessed the incident. Investigating officers recovered a torn handbag strap at the location as material evidence. Preliminary inquiry and neighborhood canvassing are currently underway to trace the whereabouts of the suspect.",pending_trial
0f6a9423-930d-4568-9757-cdb79fb47d3e,FIR/UT/2024/1047,2e65ce5c-71f9-480b-8583-5a4077523aed,2024-11-22,a1ac6dda-cf2b-4f37-b3bf-4697fe4e7bff,5bcb225e-4890-467c-bc95-b8356508649d,5bcb225e-4890-467c-bc95-b8356508649d,"On 2024-11-22 at approximately 14:30 hours, complainant Kartik Sethi, a 20-year-old female college student residing in Ramnagar Shibpur, West Bengal, reported being accosted by an unknown male who forcibly snatched her mobile phone near the crowded marketplace outside Esplanade Police Station in Lasiyari, Uttarakhand. A local tea stall vendor witnessed the brief struggle and noted the assailant fleeing on a red motorcycle without a registration plate. A discarded leather glove left at the scene by the fleeing suspect has been recovered as physical evidence for forensic analysis. Preliminary investigation notes indicate that local CCTV footage from nearby commercial establishments is currently being reviewed to establish the identity and route of the perpetrator.",chargesheet_filed
cbece667-9daf-4c3b-9ba2-e9ddc984a807,FIR/OD/2024/1048,33c1ff2b-8608-413f-8733-80e420625fe5,2024-10-22,0f50f615-7033-4550-b3c0-1327c1c40070,80da745f-cc99-4767-9335-74f9ecd36697,"80da745f-cc99-4767-9335-74f9ecd36697,6b45ee17-682a-45bd-96fc-1bcfb16de6c5","On 2024-10-22 at approximately 14:30 hours, complainant Vihaan Sethi, age 65, residing at Ramnagar Shibpur, West Bengal, reported that her auto rickshaw was targeted while parked near the main market area within the jurisdiction of Connaught Place Police Station. The accused, Suraj Thapar, age 32, residing at Rampur Kalan, Uttar Pradesh, was allegedly seen near the vehicle by a local shopkeeper acting as a witness before fleeing the scene with a bag containing personal belongings and vehicle documents. A nearby silver van with registration WB58LX0975 was also noted leaving the vicinity hurriedly by bystanders. Preliminary investigation notes indicate that local CCTV footage is currently being reviewed to trace the suspect and recover the stolen items.",closed
be465dfe-ab34-4d3a-b934-f4e19a56a0f3,FIR/CH/2025/1049,d560c216-fe10-4c15-8742-e7cf32118be3,2025-05-06,d0184a09-161d-4442-9ae0-17c96fb4622e,c8a98e9c-5f25-496f-8f1d-ae5563ccd6bd,c8a98e9c-5f25-496f-8f1d-ae5563ccd6bd,"On 2025-05-06 at approximately 14:30 hours, complainant Shailesh Kaul, a 32-year-old homemaker residing in Laxmipur Pokhariya, Bihar, reported a sudden theft incident while visiting Cunningham Road under the jurisdiction of Lundra Police Station. According to the statement, an unknown miscreant snatched her handbag containing personal valuables near the local market area before fleeing into the crowded lanes. A nearby shopkeeper witnessed the hurried escape and provided initial physical descriptions to assist authorities. Police recovered a torn strap from the pavement as material evidence, and preliminary field inquiries are currently underway to trace the suspect.",chargesheet_filed
f7181f41-f5d9-4e0c-b3f5-7e78a05322e6,FIR/WE/2024/1050,2eb3c08b-8e63-45a6-812a-f99cb3f447ec,2024-07-10,f77c2362-fa09-4024-9ad2-7cf845b2b17e,aee39c3c-0664-4ddf-8059-5d6b8c866488,aee39c3c-0664-4ddf-8059-5d6b8c866488,"On 2024-07-10 at approximately 14:30 hours, the complainant reported that Vishal Unnikrishnan, a 55-year-old female school teacher residing at Dial Pura Mirja, Punjab, went missing from the busy Sadar Bazaar area within the jurisdiction of Jakhirpur Police Station, West Bengal. A local tea stall vendor witnessed her wandering near the central market crossroad before she seemingly disappeared from public view. Investigating officers recovered a discarded handbag containing personal identification documents near the last-seen location. Preliminary inquiry indicates no foul play, and search operations are currently underway in coordination with local residents.",chargesheet_filed
320c99da-a75d-4417-9ffc-fcaf33a36aad,FIR/TA/2024/1051,ed30eecf-73ab-48c3-8d22-17fa2edee781,2024-11-09,c0975979-9043-4963-855f-ca856764a207,feca4f5c-c32a-4157-8300-3e7af6681044,"feca4f5c-c32a-4157-8300-3e7af6681044,ffbfe67c-24fc-436d-a893-47bc3ed86707","On 2024-11-09 at approximately 14:30 hours, complainant Krunal Pawar approached the Mutharasikuppam Police Station to report that 40-year-old Chef Kunal Bhatt had gone missing near the busy marketplace in Lal Bazaar. The missing person, a resident of Angbrashu, Manipur, was last seen leaving a local eatery on foot, leaving behind a parked motorcycle bearing registration AP27NN0639. A local tea-stall vendor confirmed seeing the individual walk towards the main bus terminus during the afternoon hours. A formal inquiry has been initiated, and local area sweeps are currently underway to locate the missing person safely.",chargesheet_filed
d7c7937d-04df-4d9a-8257-d80d506888a3,FIR/CH/2024/1052,aa86d8e1-983e-45e2-9ca4-cdd1d25b6646,2024-06-03,d890e6e8-e9d5-40b8-8d55-7f7573bd97a1,0846efa4-e94f-444b-be33-b56c4bacc2c7,0846efa4-e94f-444b-be33-b56c4bacc2c7,"On 2024-06-03 at approximately 1430 hours, complainant Kishore Pandey, a 19-year-old female hotel staff member residing in Jalbera, Haryana, reported that she was physically assaulted by an unknown individual near the local market within the jurisdiction of Bandra Police Station, falling under the purview of Singibahar Police Station. A nearby shopkeeper intervened and witnessed the altercation, observing a discarded metal rod at the scene which was subsequently secured as material evidence. Preliminary inquiry has commenced, and statements from local residents are currently being recorded to identify the assailant.",pending_trial
d752bd53-ec00-4788-b6cf-ad5e347b541f,FIR/AS/2025/1053,4cac3177-7db9-4f88-bc52-ecba7be99fe6,2025-05-12,44a689bd-ea9d-49fe-917d-79a7404e631f,13898725-5e78-40b7-ae71-3df0246acf1a,13898725-5e78-40b7-ae71-3df0246acf1a,"On 2025-05-12, complainant Zoya Behera, a 54-year-old weaver residing in Mahuawa, Bihar, reported a theft that occurred during the afternoon at the local market near Connaught Place Police Precinct within the jurisdiction of Lokra Police Station, Assam. She stated that an unidentified individual stole her bag containing finished handloom textiles and a small amount of cash while she was temporarily distracted at a textile stall. A nearby shopkeeper witnessed the fleeing suspect and corroborated the sequence of events. Preliminary investigation notes indicate that police are canvassing the immediate vicinity for potential CCTV footage to identify and apprehend the perpetrator.",pending_trial
8411cfa2-0110-4ea9-93d8-091f527cc684,FIR/UT/2025/1054,b720a3ba-0761-4c94-8f67-3977a371769e,2025-04-21,a1ac6dda-cf2b-4f37-b3bf-4697fe4e7bff,8081825f-0e48-4990-a7ed-bf1ddd6c7e0a,"8081825f-0e48-4990-a7ed-bf1ddd6c7e0a,7af59a83-c416-4442-9060-f4a577034180","On 2025-04-21 at approximately 14:30 hours, complainant Dhairya Mazumdar, a 31-year-old bank employee residing in Narewadi, Maharashtra, reported a sudden purse snatching near the public park located within the Esplanade Police Station area under the jurisdiction of Lasiyari Police Station, Uttarakhand. The accused, Dhruv Khan, a 30-year-old librarian residing in Eja, Uttar Pradesh, allegedly approached the complainant on foot and fled with her leather handbag containing personal documents and a mobile phone. A local tea vendor witnessed the fleeing suspect drop a blue plastic hair clip at the scene, which has been recovered as physical evidence. Investigation notes indicate that local beat officers are currently reviewing nearby establishment CCTV footage to trace the whereabouts of the accused.",chargesheet_filed
4b0c87cf-e9c1-49f4-a83c-dfa0fad0cdad,FIR/WE/2024/1055,83ef2190-f323-4176-84b7-ac66d71b99ac,2024-06-08,f77c2362-fa09-4024-9ad2-7cf845b2b17e,fc229bfb-d5f2-489c-8d2a-a62decd6913c,fc229bfb-d5f2-489c-8d2a-a62decd6913c,"On 2024-06-08 at approximately 14:30 hours, complainant Mandakini Paul, a 35-year-old delivery executive residing in Chharwada, Gujarat, reported that she was intercepted near the local marketplace under the jurisdiction of Sadar Bazaar Police Station by two unknown individuals who forcefully snatched her mobile phone and a bag containing delivery cash while brandishing a sharp weapon. A nearby tea-stall vendor witnessed the altercation and noted that the perpetrators quickly fled the scene on a black motorcycle bearing registration number GJ16NS8108 towards Jakhirpur. The victim sustained minor abrasions during the scuffle and was assisted by bystanders before formally approaching the Jakhirpur Police Station. Preliminary investigation notes indicate that nearby CCTV footage is being retrieved to trace the escape route and identify the suspects.",pending_trial
1cb7985b-7c0c-45a1-859a-d807755b3154,FIR/RA/2024/1056,d47201c9-711f-4088-af2a-14e95ccd2b8a,2024-10-07,3bcf3cb2-15e9-4118-b082-241e75e7f818,b1b06975-6784-40a6-b574-73fe1adfdd0d,b1b06975-6784-40a6-b574-73fe1adfdd0d,"On 2024-10-07 at approximately 14:30 hours, complainant Ashok Tandon, a 27-year-old female Salesperson residing in Utari, Jharkhand, reported a theft incident near the local marketplace within the jurisdiction of Kapurthala Police Station, filed at Nawad Police Station, Rajasthan. She stated that an unknown individual snatched her handbag containing a mobile phone and cash while she was walking near a prominent sweet shop. A nearby shopkeeper witnessed the fleeing suspect heading towards the main road. Police recovered a discarded purse strap near the scene as initial evidence, and local inquiry has been initiated to identify and apprehend the perpetrator.",chargesheet_filed
1844ea9a-8b25-4faf-8f72-64ffdad17032,FIR/UT/2025/1057,2c499bb1-b083-4669-9e0a-669387b0d365,2025-05-31,c72b3670-988d-4140-b70e-75cb3ec17b11,718c8dcc-4632-4831-aa1a-5706160a9a02,718c8dcc-4632-4831-aa1a-5706160a9a02,"On 2025-05-31 at approximately 1430 hours, complainant Dharmesh Pillai, a 46-year-old female farmer residing at Kalikrishnagar, Tripura, reported that her car bearing registration number TR24GH5390 was unlawfully entered while parked near the main market area within the Colaba Police Precinct of Eja, Uttar Pradesh. A local shopkeeper witnessed an unidentified individual forcing open the vehicle door and fleeing with a personal handbag containing documents and cash. Investigating officers recovered a discarded set of keys near the driver-side door as primary evidence and initiated a neighborhood canvas to identify potential CCTV footage. Initial inquiries are underway at Eja Police Station to trace the perpetrator and recover the stolen items.",closed
bb6aa10b-98e4-4baa-8fbe-b9f2eb8763b0,FIR/HA/2024/1058,dc78a2bc-f59d-4e50-ad7e-b613cdf894c2,2024-11-21,3882bfc6-6f3e-42f1-acd5-875175110e2b,c23cbb4a-73f7-4e5c-bd92-26576675c2e2,c23cbb4a-73f7-4e5c-bd92-26576675c2e2,"On 2024-11-21 at approximately 14:30 hours, complainant Himanshu Randhawa, a 41-year-old Delivery Executive residing in Varadoor, Kerala, reported being accosted by an unknown male assailant while making a delivery near the main market area within the jurisdiction of Karol Bagh Police Station, leading to the forcible robbery of her mobile phone and cash collection bag. A local tea vendor present at the scene witnessed the fleeing perpetrator and confirmed the direction of escape towards the arterial road. Police recovered a torn delivery receipt dropped during the struggle, which has been secured as material evidence for forensic analysis. Preliminary investigation notes indicate that patrolling units have been deployed in the vicinity to apprehend the suspect based on the detailed physical description provided.",under_investigation
1e085f70-de87-4859-816c-47fdec10b454,FIR/MA/2025/1059,d26475b2-a676-4842-b4f5-6beda6d5bbee,2025-04-21,3a90b419-d49b-432d-b67f-8fef620d5ecd,3fd9f5ee-c92b-48b1-8787-d661bb3b9a77,3fd9f5ee-c92b-48b1-8787-d661bb3b9a77,"On 2025-04-21 at approximately 1430 hours, complainant Viraj Agrawal, a 61-year-old female Police Constable residing at Dial Pura Mirja, Punjab, reported being physically assaulted by an unidentified male assailant near the market square in Dhamrancha, Maharashtra, under the jurisdiction of Colaba Police Station. The incident occurred following a brief verbal altercation over a minor collision, during which the accused struck the victim with a wooden stick and fled the scene. A local tea-shop vendor witnessed the altercation and immediately assisted the victim while police recovered the discarded wooden stick as primary material evidence. Initial investigation notes indicate that patrolling units have been alerted and neighborhood CCTV footage is currently being reviewed to identify and apprehend the suspect.",under_investigation
2ba5d1b8-c399-4f6c-9d2f-cb894dc6ab5c,FIR/TE/2024/1060,8196cbcd-91ff-4956-abac-be2324db4a11,2024-09-23,a67d384b-edfc-4caa-8a46-8b72e3208724,b23b2c87-f81a-415d-ab99-0e23263c43de,"b23b2c87-f81a-415d-ab99-0e23263c43de,d1f8d02e-22bd-47c9-af5f-de128d51a78f","On 2024-09-23 at approximately 14:30 hours, complainant Rupali Sahoo, a 32-year-old doctor residing in Moran, Assam, reported that her handbag containing personal valuables had been stolen from her car bearing registration KL43ED1216 parked near the local market in Shampur, under the jurisdiction of Shampur Police Station. Vaishali Iyer, a 41-year-old homemaker residing in Mannam Nagar, Kerala, was present at the scene as a witness and confirmed seeing a suspicious individual loitering near the vehicle. A nearby shopkeeper also corroborated observing the suspect fleeing the spot on foot towards the main road. Investigating officers recovered a discarded wallet near the alleyway which has been secured as material evidence for fingerprint analysis.",under_investigation
e668ad48-2abe-4509-ac0f-17180ed911f7,FIR/WE/2024/1061,50141311-b991-40e8-9e4f-47fd9b88de45,2024-07-24,f77c2362-fa09-4024-9ad2-7cf845b2b17e,e29829bc-7268-4b21-a6c5-c6b2a350bf89,e29829bc-7268-4b21-a6c5-c6b2a350bf89,"On 24-07-24 at approximately 1930 hours, complainant Vikram Shaikh, a 30-year-old bank employee residing at Mathana Bichala, Uttarakhand, reported being waylaid near the marketplace in Sadar Bazaar by two unidentified males who forcibly snatched her handbag containing cash and mobile devices while fleeing on a motorcycle bearing registration UK01ZR7547. A local tea-stall vendor witnessed the altercation and immediately alerted authorities, noting a discarded leather wallet left behind at the scene as potential evidence. Initial investigation notes indicate that surrounding CCTV footage is being reviewed by local personnel attached to Jakhirpur Police Station to identify the suspects and recover the stolen property.",under_investigation
572de3c1-7590-455c-87bd-8e0359c216fd,FIR/CH/2024/1062,a906a912-211b-4d75-a052-9e7991e9a260,2024-10-05,d890e6e8-e9d5-40b8-8d55-7f7573bd97a1,63e9eff7-eefe-4b87-bc8e-97bea5e61638,63e9eff7-eefe-4b87-bc8e-97bea5e61638,"On 2024-10-05, complainant Kaustubh Desai, a 32-year-old female farmer residing in Nayashi, Maharashtra, reported that she was robbed by an unknown male assailant while walking near the local market within the jurisdiction of Bandra Police Station, falling under the purview of Singibahar Police Station, Chhattisgarh, at approximately 19:30 hours. The suspect forcibly snatched her gold chain and fled the scene on a motorcycle, an incident partially witnessed by a nearby tea stall vendor who observed the perpetrator speeding away. Investigating officers recovered a discarded leather wallet at the scene containing a torn receipt, and preliminary inquiries are currently underway to trace the suspect's escape route.",closed
6bd1e14c-77b2-463a-a97b-5d8cd4f78754,FIR/UT/2024/1063,452215ae-fb24-431f-a04f-74955767bd92,2024-08-08,c72b3670-988d-4140-b70e-75cb3ec17b11,699e5332-74a6-40da-a531-fc66bae1556e,699e5332-74a6-40da-a531-fc66bae1556e,"On 2024-08-08 at approximately 1430 hours, complainant Nilesh Prakash, a 20-year-old college student residing in Saltighat Gujarpur, West Bengal, reported being physically assaulted by an unknown male assailant near the market square within the Colaba Police Precinct jurisdiction of Eja, Uttar Pradesh. A local shopkeeper witnessed the altercation and immediately intervened, prompting the suspect to flee the scene on foot while leaving behind a broken wristwatch as evidence. Eja Police Station officers have registered the complaint, secured the recovered item, and initiated local inquiries to identify and apprehend the perpetrator.",closed
b1a712f5-b414-4da2-8525-d9439b814547,FIR/WE/2025/1064,2eb3c08b-8e63-45a6-812a-f99cb3f447ec,2025-05-23,f77c2362-fa09-4024-9ad2-7cf845b2b17e,1c055253-9ac9-419b-8d37-0734dec8e811,1c055253-9ac9-419b-8d37-0734dec8e811,"On 23-05-2025 at approximately 1430 hours, complainant Shivansh Raghavan reported that his 39-year-old wife, a plumber by profession and resident of Malav, Uttar Pradesh, went missing from the busy marketplace near Sadar Bazaar Police Station in Jakhirpur. A local tea stall owner witnessed her walking alone towards the bus terminus around noon, appearing distressed. Police recovered a small tool bag and a set of house keys left on a nearby bench as potential personal belongings. Preliminary investigation notes indicate no signs of foul play, and local inquiries are underway to trace her current whereabouts.",chargesheet_filed
9a2f3271-2f9b-4a86-9262-91617137c7c6,FIR/HA/2025/1065,a0f27f45-6c5f-4388-bcd0-6f0e9029384f,2025-05-28,3882bfc6-6f3e-42f1-acd5-875175110e2b,b2529da0-eb36-46da-af28-d4fa4be0d1fa,b2529da0-eb36-46da-af28-d4fa4be0d1fa,"On 2025-05-28, complainant Narmada Behera, a 42-year-old female graphic designer residing in Jakhirpur, West Bengal, reported that an unknown person stole her laptop bag containing professional design equipment while she was visiting Karol Bagh. The incident occurred at approximately 14:30 hours near a busy local tea stall when she momentarily placed her belongings on a bench. A nearby shopkeeper witnessed a stranger hurriedly fleeing the spot with the bag toward the main market road. Sub-Inspector Sharma visited the scene, collected CCTV footage from an adjacent store, and initiated a formal investigation into the theft.",under_investigation
2a93a4e0-79a5-4cfb-829f-b0ba6082949e,FIR/OD/2024/1066,55d4d127-20bc-46ba-83a0-cde36e2c25a3,2024-08-28,0f50f615-7033-4550-b3c0-1327c1c40070,1f49bc14-1cf3-481e-b071-6ba97b1c6291,1f49bc14-1cf3-481e-b071-6ba97b1c6291,"On 2024-08-28 at approximately 14:30 hours, complainant Vikas Wani, a 25-year-old female mechanic residing in Mahuawa, Bihar, reported being physically assaulted near the main market area within the jurisdiction of Connaught Place Police Station, Hundapalasapal, Odisha. The altercation arose following a verbal dispute with an unknown individual who struck the complainant with a heavy iron wrench before fleeing the scene. A local tea shop vendor witnessed the incident and assisted the victim immediately after the assault. A blood-stained wrench was recovered from the pavement as primary evidence and secured for forensic examination. Investigation notes indicate that preliminary statements have been recorded and nearby CCTV footage is currently being reviewed to identify the suspect.",chargesheet_filed
c356282e-9aec-4b88-b1a1-84865387394b,FIR/RA/2024/1067,0e12daed-dc20-40b3-8832-ffae12639f39,2024-09-22,3bcf3cb2-15e9-4118-b082-241e75e7f818,20035217-804f-4244-938b-6dcdc1b2df96,20035217-804f-4244-938b-6dcdc1b2df96,"On 22-09-2024 at approximately 14:30 hours, the complainant Vidya More, a 35-year-old female auto-rickshaw driver and resident of Ilanganathapuram, Tamil Nadu, reported to the Nawad Police Station that she has been missing from her temporary residence near the main market area in Nawad, Rajasthan, within the jurisdiction of Kapurthala Police Station. A local tea stall vendor witnessed her leaving the area hurriedly on foot towards the bus stand, leaving behind her vehicle keys on a nearby bench. Preliminary inquiries indicate no signs of foul play, and local search efforts are currently underway to trace her whereabouts.",chargesheet_filed
5cdc00bf-2d36-4ec4-9279-006493903180,FIR/RA/2024/1068,0e12daed-dc20-40b3-8832-ffae12639f39,2024-10-26,3bcf3cb2-15e9-4118-b082-241e75e7f818,16e75300-34bb-41e4-8441-820a8a6dbaba,16e75300-34bb-41e4-8441-820a8a6dbaba,"On 2024-10-26 in the afternoon, complainant Yuvraj More, a 45-year-old female Civil Engineer residing in Davarpar, Uttar Pradesh, reported to the Nawad Police Station that her spouse went missing near the main market area falling under the jurisdiction of Kapurthala Police Station in Nawad, Rajasthan. A local tea stall owner witnessed the individual last walking past the intersection towards the highway before losing sight. A parked motorcycle bearing registration number UP44LN1297 was found abandoned nearby with the keys still in the ignition. Initial investigation notes indicate that local area canvassing is underway and nearby CCTV footage is currently being reviewed to trace the missing person's whereabouts.",closed
5630623c-71b1-4366-9273-ca7bbfb18c43,FIR/AS/2025/1069,9e1b62f9-2bb3-4b1d-9b12-0fa642d829a0,2025-04-10,44a689bd-ea9d-49fe-917d-79a7404e631f,6d430053-72a4-4dec-afd7-5fb11617c796,6d430053-72a4-4dec-afd7-5fb11617c796,"On 2025-04-10 at approximately 14:30 hours, complainant Mohan Menon, a 47-year-old female insurance agent residing at N C Line, Uttar Pradesh, reported being physically assaulted near Connaught Place Police Precinct by an unknown assailant who fled the scene in an auto-rickshaw bearing registration UP51QX0598. A local tea stall owner witnessed the altercation and confirmed the victim's account of the sudden physical confrontation. Investigating officers recovered a torn identity lanyard at the site of the incident, which has been secured as material evidence. Preliminary inquiries are underway to trace the vehicle and identify the suspect.",pending_trial
149b9638-2c1e-4a14-b0ca-3b7bf18564e8,FIR/OD/2025/1070,55d4d127-20bc-46ba-83a0-cde36e2c25a3,2025-02-27,0f50f615-7033-4550-b3c0-1327c1c40070,d6f3793a-5b8e-45ed-b2ce-b01f0ceffea3,d6f3793a-5b8e-45ed-b2ce-b01f0ceffea3,"On 2025-02-27, complainant Aadi Narayanan, a 38-year-old female plumber residing in Alas, Maharashtra, reported being physically assaulted near the main market area under the jurisdiction of Hundapalasapal Police Station in Hundapalasapal, Odisha. The incident occurred at approximately 14:30 hours when an unidentified male approached her following a verbal altercation over service charges and struck her with a wooden stick, leaving a fracture on her left forearm. A local tea shopkeeper witnessed the altercation and immediately rushed to intervene, causing the assailant to flee the scene towards Connaught Place Police Station area. Investigating officers recovered the discarded wooden stick from the spot as material evidence and have registered a formal case for further inquiry.",closed
6f7e480c-fb2d-4d08-983a-9cb185e7567f,FIR/UT/2024/1071,f8c8f6e7-f7ef-4e49-8d9b-054cf8871113,2024-08-06,c72b3670-988d-4140-b70e-75cb3ec17b11,398ff9cf-77e3-4b69-94ee-5b1f00e22bc8,398ff9cf-77e3-4b69-94ee-5b1f00e22bc8,"On 2024-08-06 at approximately 1430 hours, complainant Ashwin Viswanathan, a 77-year-old postal worker residing at Anara RS, West Bengal, reported being physically assaulted near the local market within the Colaba Police Precinct jurisdiction of Eja Police Station. According to the statement, an unidentified male assailant struck the elderly victim following a brief verbal altercation and fled the scene on foot. A local shopkeeper witnessed the altercation and immediately rushed to assist the complainant, pointing investigating officers toward a dropped leather wallet left behind by the suspect. Initial investigation notes indicate that beat officers are currently canvassing the area for potential CCTV footage to identify and apprehend the perpetrator.",chargesheet_filed
c7566f67-1117-4e6a-ab25-785c33c3e8e3,FIR/RA/2025/1072,c6595b2d-e1cc-4fec-8efd-649da19ba576,2025-04-24,3bcf3cb2-15e9-4118-b082-241e75e7f818,fdf74b33-ac83-405d-b15c-5fda48745b98,"fdf74b33-ac83-405d-b15c-5fda48745b98,fe019cc4-ad27-4a9e-8ce5-6f24d484e798","On 24-04-2025 at approximately 1430 hrs, complainant Ashwin Iyer (female, age 42, Pharmacist, resident of Mannam Nagar, Kerala) reported that she was physically assaulted by accused Divyansh Menon (female, age 24, Bank Employee, resident of Narewadi, Maharashtra) following a heated verbal altercation near the main market square within the jurisdiction of Kapurthala Police Station area, falling under Nawad Police Station, Rajasthan. A local tea-shop vendor witnessed the escalation and noted a red truck bearing registration MH44YN7630 parked nearby during the altercation. Police recovered a torn prescription notepad at the scene as primary evidence. Preliminary investigation notes indicate that personal animosity between the parties led to the sudden altercation, and further statements are currently being recorded.",under_investigation
5b2b6fc4-04c7-418f-ae2c-453c43cbbdc4,FIR/RA/2024/1073,d47201c9-711f-4088-af2a-14e95ccd2b8a,2024-09-22,3bcf3cb2-15e9-4118-b082-241e75e7f818,ba0c948a-1521-4f6c-b9cd-fb28b66ce88c,ba0c948a-1521-4f6c-b9cd-fb28b66ce88c,"On 22-09-2024 at approximately 1430 hours, complainant Manisha Subramanian, a 45-year-old female graphic designer residing in Jangle Agahi, Uttar Pradesh, reported a theft incident at the local marketplace near Kapurthala Police Station under the jurisdiction of Nawad Police Station, Rajasthan. She stated that an unidentified individual snatched her handbag containing a personal diary, keys, and cash while she was examining goods at a roadside stall. A nearby fruit vendor witnessed the fleeing suspect heading towards the eastern alleyway. A torn strap recovered from the scene has been seized as physical evidence. Initial inquiry has commenced, and local patrolling is being intensified to trace the suspect.",under_investigation
1042d770-b555-48cd-96ef-c82bf0c75767,FIR/WE/2025/1074,a1525c76-83db-45ff-8b10-65aed86c393f,2025-04-26,f77c2362-fa09-4024-9ad2-7cf845b2b17e,2079b283-a7d9-4c89-9be5-31d74e456d99,"2079b283-a7d9-4c89-9be5-31d74e456d99,630a2f6d-64cf-49b4-9586-6413e6b9de84","On 2025-04-26 at approximately 14:30 hours, complainant Praful Mehta, a 61-year-old female pharmacist residing in Ujirpur, West Bengal, reported a theft at the local marketplace near Sadar Bazaar Police Station within the jurisdiction of Jakhirpur Police Station. She stated that accused Nisha Deshpande, a 27-year-old female delivery executive from Singibahar, Chhattisgarh, allegedly snatched her handbag containing Rs. 5,000 in cash and personal documents while pretending to deliver a parcel. A nearby tea-stall vendor witnessed the altercation and pointed out the direction of the suspect's escape, aiding authorities in recovering the dropped delivery ledger as initial physical evidence. Investigation notes indicate that local CCTV footage is currently being reviewed to trace the accused's exact movement.",pending_trial
dfd64290-4587-4b2b-8879-1c30d9d8b47b,FIR/RA/2025/1075,d47201c9-711f-4088-af2a-14e95ccd2b8a,2025-03-16,3bcf3cb2-15e9-4118-b082-241e75e7f818,ec4e0bf5-4e90-487e-8aef-6b6637489f86,ec4e0bf5-4e90-487e-8aef-6b6637489f86,"On 2025-03-16 at approximately 1430 hours, complainant Kanchan Gupta, a 49-year-old Police Constable residing in Kedlanagar, Jharkhand, reported a theft of personal belongings near the main market area within the jurisdiction of Kapurthala Police Station, filed at Nawad Police Station, Rajasthan. The victim discovered that her motorcycle bearing registration number JH28DM1136 was tampered with and a bag containing documents was missing from the storage compartment. A local shopkeeper witnessed an unidentified individual lingering near the vehicle shortly before the incident was noticed. Investigating officers recovered a discarded iron rod near the scene which has been secured for fingerprint analysis. Preliminary investigation notes indicate that neighborhood CCTV footage is currently being reviewed to trace the suspect.",under_investigation
14762227-b9e5-40be-a584-177e872eba0e,FIR/RA/2025/1076,c6595b2d-e1cc-4fec-8efd-649da19ba576,2025-05-17,3bcf3cb2-15e9-4118-b082-241e75e7f818,9a4680dd-40f5-4b82-aa4c-99ee4feb8599,"9a4680dd-40f5-4b82-aa4c-99ee4feb8599,4e518ad5-4f1d-4e0b-b8db-35008e94ce9d","On 2025-05-17 at approximately 14:30 hours, complainant Nakul Mehta, a 26-year-old Graphic Designer residing in Ujirpur, West Bengal, reported being physically assaulted near the main market square within the jurisdiction of Nawad Police Station, Rajasthan. The accused, Harsh Gill, a 52-year-old Nurse residing in Dubara, Uttar Pradesh, allegedly confronted the complainant over a parking dispute involving motorcycle registration WB57RC4008 and motorcycle registration UP17DT7663. A local shopkeeper witnessed the altercation and intervened to separate the parties before further injury could occur. Investigating officers recovered a discarded helmet at the scene as potential physical evidence. Initial inquiry proceedings have commenced, and statements from nearby residents are being recorded to ascertain the sequence of events.",closed
43c6ff55-c74d-42b0-b2e6-f2940b6c36a5,FIR/UT/2025/1077,94674567-5cc2-407e-b50e-cf7611569a4e,2025-05-10,c72b3670-988d-4140-b70e-75cb3ec17b11,468c8851-3dba-499f-9a9f-879fcbd097f3,"468c8851-3dba-499f-9a9f-879fcbd097f3,a793e939-08ab-48db-80ae-c1ce525cdf6d","On 2025-05-10 at approximately 14:30 hours, complainant Huma Dasgupta, a 61-year-old Government Clerk residing in Metwada, Madhya Pradesh, reported the theft of her personal belongings near the market square within the Colaba Police Precinct under the jurisdiction of Eja Police Station, Uttar Pradesh. The accused, Meera Chowdhury, a 21-year-old Software Engineer residing in Sandhu, Himachal Pradesh, was allegedly seen fleeing the scene on motorcycle registration HP32KG8271, while a parked car bearing registration MP09LK0263 was also noted nearby during the incident. A local tea stall vendor witnessed the immediate sequence of events and pointed authorities toward the direction of escape. Investigation notes indicate that CCTV footage from an adjacent commercial establishment is currently being reviewed to trace the suspect's movements.",closed
36b7b00a-026a-4cce-9d3a-dc20d11e1afc,FIR/MA/2024/1078,c02c1acf-0cd9-41df-8448-9c0e5eebed97,2024-05-21,399368c8-c978-469c-be30-609d71bcffc7,20181e3c-45af-4430-8cf1-491c0abeb0d0,20181e3c-45af-4430-8cf1-491c0abeb0d0,"On 2024-05-21 at approximately 14:30 hours, complainant Prem Upadhyay, a 54-year-old female Graphic Designer residing in Muninagar, West Bengal, reported a theft incident near the main entrance of Cubbon Park Police Station limits under the jurisdiction of Alas Police Station. The complainant stated that her parked motorcycle, bearing registration number WB07FZ6519, was tampered with and personal valuables kept inside the storage compartment were missing. A local shopkeeper nearby corroborated observing an unidentified individual lingering around the vehicle shortly before the discovery. Preliminary investigation notes indicate that CCTV footage from the vicinity is currently being retrieved and analyzed to trace the suspect.",under_investigation
70f9930e-f7c8-4745-9f61-b277c766e228,FIR/CH/2024/1079,b0a2c2f7-0d93-4b20-89c4-a943ac8b44a7,2024-09-03,d0184a09-161d-4442-9ae0-17c96fb4622e,9576f189-e8dd-425e-837c-dec57e83ab2b,"9576f189-e8dd-425e-837c-dec57e83ab2b,b27ed7f3-0309-4705-a823-94c19d69f184","On 2024-09-03, complainant Samar Alam (female, age 35, Pharmacist, resident of Katgar, Karnataka) reported to the Lundra Police Station that she was robbed of her handbag containing cash and a mobile phone around 14:30 hours near the main market on Cunningham Road within the jurisdiction of Cunningham Road Police Station. The accused, Mala Shaikh (female, age 23, Plumber, resident of Kota Kutchery, Rajasthan, identified by the victim and a local tea vendor who witnessed the struggle), forcibly snatched the valuables and attempted to flee before being temporarily detained by bystanders. A discarded leather wallet belonging to the accused was recovered from the scene as material evidence. Preliminary investigation notes indicate that the accused acted opportunistically, and local CCTV footage is currently being reviewed to corroborate the sequence of events.",chargesheet_filed
8a7c2eb1-9bee-486c-a99c-9630059b718e,FIR/CH/2025/1080,862d2be7-a639-4e04-9b56-432b9d9a2906,2025-03-29,d0184a09-161d-4442-9ae0-17c96fb4622e,03e1c7e9-aeb7-4886-9de0-910d76dd9af2,"03e1c7e9-aeb7-4886-9de0-910d76dd9af2,21edad88-9510-4e28-b048-b85a9fa20cee","On 2025-03-29 at approximately 14:30 hours, complainant Kiaan Pillai, a 71-year-old female government clerk residing in Mamidivalasa, Andhra Pradesh, reported that she was forcibly relieved of her gold chain while walking near Cunningham Road within the jurisdiction of Lundra Police Station, Chhattisgarh. The accused, identified as Aishwarya Viswanathan, a 57-year-old female auto rickshaw driver residing in Syoli Talli, Uttarakhand, was observed fleeing the scene on a motorcycle bearing registration UK32VV8534. A local shopkeeper witnessed the altercation and immediately alerted authorities, aiding in the identification of the discarded helmet left near the crime scene. Preliminary investigation notes indicate that patrolling units have been dispatched to trace the suspect vehicle along the adjoining state highways.",closed
4ddd03d0-f734-421a-9dce-ef0d5f822d61,FIR/AS/2025/1081,85dcc87d-03db-430b-a1ca-98d7b727bd89,2025-05-14,b9753cbb-9cd4-451b-9705-22cc5bde2d04,b8dc5d1c-515a-40ec-852a-49313495b343,b8dc5d1c-515a-40ec-852a-49313495b343,"On 2025-05-14 at approximately 14:00 hours, the complainant Ram Dhawan, a 60-year-old plumber residing in Kedlanagar, Jharkhand, reported to the Chargola Bazar Police Station that she went missing from the Cumballa Hill Police Station area under mysterious circumstances. A local shopkeeper noted having last seen her walking alone near the main market square towards the outskirts of town. A partially filled tool bag belonging to her was recovered from a nearby bench during the initial search. Investigation notes indicate that local patrols have been alerted and statements from nearby residents are currently being recorded to trace her whereabouts.",pending_trial
6ec2c92b-bc2a-496e-a2f3-f9163aed051f,FIR/MA/2024/1082,4f628db8-cafc-4171-813e-9c7715bf87e1,2024-04-17,3a90b419-d49b-432d-b67f-8fef620d5ecd,f9cf81a8-e4b0-4069-b03f-fb3a69f37306,"f9cf81a8-e4b0-4069-b03f-fb3a69f37306,6a344449-4a23-435d-8f36-deb6496e7ac9","On 2024-04-17 at approximately 14:30 hours, complainant Nilesh Narayanan reported that while walking near the local market in Dhamrancha under the jurisdiction of Dhamrancha Police Station, an unknown assailant approached on a motorcycle bearing registration AP03TT6244 and forcibly snatched her gold chain before fleeing towards the highway. A nearby shopkeeper witnessed the incident and noted that the perpetrator escaped alongside a waiting auto-rickshaw with registration HR51DX4308. Bhaskar Sodhi, an accountant present at the scene, assisted the victim and corroborated the sequence of events to the responding officers. A discarded helmet and tire track impressions were recovered from the scene as initial physical evidence for forensic analysis. Investigation notes indicate that local CCTV footage is currently being reviewed to trace the suspects and the involved vehicles.",under_investigation
22ad84f8-705e-470f-85fa-0189eb1a3e72,FIR/OD/2025/1083,306fb409-1acd-4304-9240-a6ffa1381731,2025-04-30,0f50f615-7033-4550-b3c0-1327c1c40070,04461a6c-fc3e-43fe-8bae-51cea1308184,04461a6c-fc3e-43fe-8bae-51cea1308184,"On 2025-04-30, complainant Sanjay Viswanathan, a 54-year-old auto rickshaw driver residing in Dungri Pindarpar, Uttarakhand, reported the sudden disappearance of her family member from the vicinity of Connaught Place Police Station within the jurisdiction of Hundapalasapal Police Station in Odisha around the afternoon hours. A local tea stall vendor witnessed the missing individual last moving near the main crossing on a motorcycle bearing registration number UK40JZ3935 before losing sight of them. Preliminary investigation notes indicate that search parties have been dispatched to nearby transit hubs and hospitals while local call records are being reviewed.",chargesheet_filed
a0073dc3-3272-4c7f-9a78-bc4aba45a7d9,FIR/CH/2025/1084,d560c216-fe10-4c15-8742-e7cf32118be3,2025-03-10,d0184a09-161d-4442-9ae0-17c96fb4622e,e053942e-1959-4939-8542-d169679c7a17,e053942e-1959-4939-8542-d169679c7a17,"On 2025-03-10 at approximately 14:30 hours, complainant Tanish Ansari, female, age 52, Homemaker, resident of Satara, Maharashtra, reported that her purse was snatched while walking near Cunningham Road Police Station jurisdiction within Lundra, Chattisgarh. A local shopkeeper witnessed the fleeing suspect dropping a leather wallet containing identity cards, which was recovered as primary evidence from the scene. Investigation notes indicate that patrolling units have been alerted and nearby CCTV footage is currently being reviewed for suspect identification.",pending_trial
c2f14445-2691-4b73-bb24-ce9568c2f636,FIR/MA/2024/1085,4f628db8-cafc-4171-813e-9c7715bf87e1,2024-07-25,3a90b419-d49b-432d-b67f-8fef620d5ecd,0802925b-2aa8-4638-abd4-2bfabd1e99f5,"0802925b-2aa8-4638-abd4-2bfabd1e99f5,1293721b-341b-4a42-b83f-933a1a392012","On 2024-07-25 at approximately 19:30 hours, complainant Anirudh Saxena, a 28-year-old female pharmacist residing in Lamakhera, Uttarakhand, reported that she was forcefully divested of her gold chain while walking near the municipal market in the jurisdiction of Colaba Police Station, Dhamrancha, Maharashtra. She alleged that the perpetrator, identified as Prakash Pathan, a 45-year-old female government clerk residing in Devenampalayam, Tamil Nadu, approached her on foot before fleeing the scene in a waiting yellow-and-black auto-rickshaw bearing registration number UK03DC3110. A local tea vendor witnessed the altercation and corroborated the victim's account, pointing out the direction the vehicle took towards the main highway. A discarded broken earring found near the spot of the struggle has been recovered and secured as physical evidence for forensic analysis. Preliminary investigation notes indicate that local CCTV footage from nearby commercial establishments is currently being reviewed to trace the route of the getaway vehicle.",chargesheet_filed
4821ea00-21ab-45c6-8595-46957a9659de,FIR/OD/2025/1086,306fb409-1acd-4304-9240-a6ffa1381731,2025-05-16,0f50f615-7033-4550-b3c0-1327c1c40070,bff07c3e-99b6-4e90-b956-a2a3d0d834be,bff07c3e-99b6-4e90-b956-a2a3d0d834be,"On 16-05-2025 at approximately 1430 hours, the complainant reported at Hundapalasapal Police Station that eighty-year-old female Vikas Chawla, a retired nurse and resident of Kathania, Punjab, went missing near the jurisdiction of Connaught Place Police Station. The subject was last seen leaving a local marketplace in a car bearing registration number PB25XA4554, as corroborated by a nearby tea-stall vendor who noticed the vehicle departing hastily. A worn leather handbag containing personal identification documents was recovered from the bench where she was last seated. Preliminary investigation notes indicate that patrolling teams have been deployed along all major exits to trace the vehicle and locate the missing person safely.",pending_trial
30cf8062-08f2-4251-aa15-a5c5ee708039,FIR/UT/2024/1087,7360101f-821c-418f-b537-fba32bdda3d7,2024-06-08,a1ac6dda-cf2b-4f37-b3bf-4697fe4e7bff,bb956a47-9cf5-422c-a026-57d32d6cf18e,bb956a47-9cf5-422c-a026-57d32d6cf18e,"On 2024-06-08 at approximately 14:30 hours, complainant Lakshman Rajagopalan, a 77-year-old doctor residing in Neendar, Rajasthan, reported that her handbag containing ₹15,000 in cash and a mobile phone was stolen while she was visiting the crowded market near Esplanade Police Station within the jurisdiction of Lasiyari Police Station, Uttarakhand. A local tea stall vendor witnessed a suspicious unidentified youth fleeing the scene towards the main road after bumping into the victim. Investigating officers recovered a discarded wallet near the alley and are currently reviewing nearby CCTV footage to identify the culprit.",pending_trial
671341d7-0c47-47ed-8f35-ef3935578358,FIR/CH/2024/1088,aa86d8e1-983e-45e2-9ca4-cdd1d25b6646,2024-05-19,d890e6e8-e9d5-40b8-8d55-7f7573bd97a1,05be3b25-60a1-4e05-8af4-71635a0260fa,05be3b25-60a1-4e05-8af4-71635a0260fa,"On 2024-05-19 at approximately 18:30 hours, complainant Kiara Dhawan, an 18-year-old college student residing in Yedehalli, Karnataka, reported being physically assaulted near the local market within the jurisdiction of Singibahar Police Station, Chattisgarh. According to the victim, an unidentified male assailant confronted her following a brief verbal altercation and struck her before fleeing the scene towards Bandra. A local tea vendor witnessed the altercation and immediately rushed to assist the victim, identifying a discarded wooden stick at the scene as the weapon used. Preliminary investigation notes indicate that statements from the eyewitness have been recorded and nearby surveillance footage is currently being reviewed to identify the suspect.",under_investigation
187570dc-75fb-4dbc-8818-718e0a0cb0c8,FIR/CH/2025/1089,2849ef59-9ae1-476e-98ab-e840454aed9a,2025-05-22,d890e6e8-e9d5-40b8-8d55-7f7573bd97a1,23b2c16e-a372-4057-94cd-b19071edd156,"23b2c16e-a372-4057-94cd-b19071edd156,02ce7ca0-238f-4f13-b290-6d2806fe66fe","On 2025-05-22 at approximately 14:30 hours, complainant Shivam Prasad, a 34-year-old Security Guard residing in Nawad, Rajasthan, reported being physically assaulted by Pooja Chowdhury, a 54-year-old Farmer residing in Jangle Agahi, Uttar Pradesh, near the main market area within the jurisdiction of Bandra Police Station. The incident occurred following an argument regarding an auto-rickshaw bearing registration number RJ23WC4185, during which the accused struck the complainant with a wooden stick observed at the scene. A local shopkeeper witnessed the altercation and intervened to separate the parties involved. Investigation notes indicate that statements from the witness have been recorded and the medical examination report of the complainant is awaited for further legal action.",under_investigation
61a671cb-4b65-4c23-8869-e16efeaf8c83,FIR/UT/2024/1090,87764c2f-9725-4c13-9168-95d25c3098e1,2024-11-21,a1ac6dda-cf2b-4f37-b3bf-4697fe4e7bff,d89d4677-b509-42a7-b8bf-f03bf9012399,d89d4677-b509-42a7-b8bf-f03bf9012399,"On 2024-11-21 at approximately 14:30 hours, the complainant Sourav Prasad, a 57-year-old female farmer residing in Nawad, Rajasthan, reported the theft of her bicycle and a bag containing agricultural equipment near the market area within the jurisdiction of Esplanade Police Station, Lasiyari, Uttarakhand. A local tea stall vendor witnessed an unidentified male youth fleeing the spot towards the main road with the stolen property. Investigation notes indicate that foot patrols have been alerted and nearby CCTV footage is currently being reviewed to trace the suspect and recover the belongings.",chargesheet_filed
93e89936-169e-4fcd-a616-b477645fbe8f,FIR/AS/2025/1091,4cac3177-7db9-4f88-bc52-ecba7be99fe6,2025-05-07,44a689bd-ea9d-49fe-917d-79a7404e631f,67f57f97-1080-4f10-89a8-902ba86ece6f,67f57f97-1080-4f10-89a8-902ba86ece6f,"On 07.05.2025 at approximately 1430 hours, complainant Uma Dhillon, a 34-year-old Government Clerk residing in Kachhwa, Uttar Pradesh, reported the theft of her handbag containing official documents and cash while she was visiting the Connaught Place Police Precinct area within the jurisdiction of Lokra Police Station in Lokra, Assam. A local shopkeeper noticed two unidentified individuals fleeing the spot on a motorcycle immediately after the incident occurred. Investigation notes indicate that a nearby CCTV footage capture is currently being retrieved and analyzed to identify the suspects and recover the stolen property.",closed
293f48dd-65e3-483a-8f76-993633ba796b,FIR/TA/2025/1092,61b5ebb8-84dd-4f67-aafa-79f947cac50f,2025-03-26,c0975979-9043-4963-855f-ca856764a207,365d98c7-5be7-435e-bbae-6e9408ec99fc,365d98c7-5be7-435e-bbae-6e9408ec99fc,"On 2025-03-26 at approximately 1430 hours, complainant Atharva Brar, a 25-year-old female resident of Kanakore, Uttar Pradesh, reported being physically assaulted near Lal Bazaar in Mutharasikuppam following a heated verbal altercation over a minor parking dispute involving her motorcycle, registration UP16LX5827. A local shopkeeper witnessed the sudden altercation and subsequent physical scuffle before the unidentified male assailant fled the scene on foot. Investigating officers recovered a torn jacket sleeve at the spot and are currently reviewing nearby CCTV footage to identify the suspect. Preliminary inquiries at the scene have been completed and further statements are being recorded.",pending_trial
97cb9b2f-b9d9-4786-8044-f1c7581bec8e,FIR/AS/2024/1093,85dcc87d-03db-430b-a1ca-98d7b727bd89,2024-09-03,b9753cbb-9cd4-451b-9705-22cc5bde2d04,c30f93fc-7588-4e08-8137-c727286b8da5,"c30f93fc-7588-4e08-8137-c727286b8da5,07723ba6-e0c7-4d35-944b-4ca10f7d77c8","On 2024-09-03 at approximately 14:00 hours, complainant Pallav Singh reported that her associate Sanjay Saini went missing from the local market area near Cumballa Hill Police Station jurisdiction while they were visiting Chargola Bazar. According to a local shopkeeper who witnessed the incident, Sanjay Saini was last seen walking alone toward the old bus stand carrying a small black canvas bag. A preliminary search of the immediate vicinity yielded a set of keys left behind on a nearby bench. Chargola Bazar Police Station officers have initiated a routine local inquiry to trace the whereabouts of the missing person.",chargesheet_filed
a122f808-4bed-4c98-b9b8-7ea6a33100b1,FIR/AS/2025/1094,4cac3177-7db9-4f88-bc52-ecba7be99fe6,2025-05-14,44a689bd-ea9d-49fe-917d-79a7404e631f,6a1283af-84b5-4565-a0e7-97130cd549b6,6a1283af-84b5-4565-a0e7-97130cd549b6,"On 2025-05-14 at approximately 14:30 hours, complainant Parth Dasgupta reported that her car bearing registration number AP48JM5226 was unlawfully entered while parked near the main market area within the Connaught Place Police Precinct of Lokra, Assam. Unknown perpetrators forced open the passenger-side door and stole a medical kit, a laptop bag, and personal valuables from the interior. A local shopkeeper noticed two unidentified individuals lingering near the vehicle shortly before the alarm was raised. Broken glass fragments were recovered from the scene as primary physical evidence for forensic analysis. Preliminary investigation notes indicate that nearby CCTV footage is currently being reviewed to trace the suspects and ascertain the exact sequence of events.",under_investigation
1bb09fd8-2948-4c8f-a97b-d8d2e29ecd99,FIR/TE/2023/1095,8196cbcd-91ff-4956-abac-be2324db4a11,2023-12-03,a67d384b-edfc-4caa-8a46-8b72e3208724,9aedc370-6cd0-459d-87ce-016e96ea1dca,9aedc370-6cd0-459d-87ce-016e96ea1dca,"On 2023-12-03, complainant Sita Sodhi, a 31-year-old female doctor residing in Kondaguttapalli, Andhra Pradesh, reported a theft at a local medical supply shop located near the market area within the jurisdiction of Shampur Police Station, Telangana. The incident occurred in the afternoon when an unknown offender stealthily removed her laptop bag containing professional documents from the unattended counter. A nearby shopkeeper noticed a suspicious individual hastily fleeing the scene towards the main road. Preliminary investigation notes indicate that police are reviewing nearby CCTV footage and have registered a formal case for further inquiry.",chargesheet_filed
9aed6507-68c0-4839-9797-cb3ffbedf19d,FIR/MA/2024/1096,4f628db8-cafc-4171-813e-9c7715bf87e1,2024-05-12,3a90b419-d49b-432d-b67f-8fef620d5ecd,c0ccc50e-59e2-4ce9-98d3-5b931dd2ae0f,c0ccc50e-59e2-4ce9-98d3-5b931dd2ae0f,"On 2024-05-12 at approximately 1930 hours, complainant Hardik Balakrishnan, a 46-year-old female College Student residing in Bhiri, Uttarakhand, reported being targeted in a robbery near the main market area within the jurisdiction of Dhamrancha Police Station in Dhamrancha, Maharashtra. She stated that while waiting near her parked car bearing registration UK40TC2083, two unidentified males on an auto-rickshaw with registration UK57VG3923 forcefully snatched her gold chain before fleeing towards Colaba Police Station limits. A local tea-shop vendor witnessed the fleeing vehicle and provided a corroborating statement to the patrolling officers. A discarded leather wallet belonging to one of the perpetrators was recovered from the crime scene as physical evidence. Preliminary investigation notes indicate that CCTV footage from nearby commercial establishments is currently being reviewed to identify the suspects.",pending_trial
7e5c3303-4348-44ce-be82-f5e8faadbbf8,FIR/UT/2025/1097,2c499bb1-b083-4669-9e0a-669387b0d365,2025-04-25,c72b3670-988d-4140-b70e-75cb3ec17b11,ca14571e-73bb-4ea3-b5f9-39dbddf8b2b6,ca14571e-73bb-4ea3-b5f9-39dbddf8b2b6,"On 2025-04-25 at approximately 14:30 hours, complainant Shreya Chopra, a 63-year-old female Government Clerk residing at Kota Kutchery, Rajasthan, reported an incident of petty theft near the vegetable market within the Colaba Police Precinct jurisdiction of Eja, Uttar Pradesh. The complainant stated that an unidentified person snatched her handbag containing a mobile phone and personal documents while she was shopping. A local tea stall vendor witnessed the fleeing suspect and corroborated the sequence of events to the responding patrol officers. One torn fabric scrap was recovered from the scene as potential physical evidence and secured for forensic examination. Investigation notes indicate that local beat officers are currently canvassing the surrounding market lanes to identify the culprit and recover the stolen items.",under_investigation
9bd2c29c-1cad-4cf4-88c3-f0064a184018,FIR/MA/2024/1098,74dd3ce2-a7b9-4da7-b8a1-52b24fd70e43,2024-12-12,3a90b419-d49b-432d-b67f-8fef620d5ecd,e09a94ed-6067-4778-b7ac-c1d10524a523,e09a94ed-6067-4778-b7ac-c1d10524a523,"On 2024-12-12 during the afternoon hours, complainant Chirag Patil, a 36-year-old carpenter residing in Kalchina, Uttar Pradesh, was accosted by an unknown male near the bustling marketplace in the jurisdiction of Dhamrancha Police Station, Maharashtra. The assailant forcefully snatched her handbag containing a mobile phone and a small amount of cash before fleeing on a motorcycle, an incident partially witnessed by a local tea-stall vendor who noted the partial license plate. A discarded leather glove left at the scene by the fleeing suspect has been recovered as material evidence for forensic analysis. Preliminary investigation notes indicate that local beat officers are currently canvassing the area for nearby CCTV footage to establish the identity and route of the perpetrator.",pending_trial
dd3f6b7f-8f15-4656-8d97-8ce30a12e878,FIR/UT/2024/1099,87764c2f-9725-4c13-9168-95d25c3098e1,2024-08-25,a1ac6dda-cf2b-4f37-b3bf-4697fe4e7bff,82065349-ff08-4486-89fe-632d2c2fdb48,82065349-ff08-4486-89fe-632d2c2fdb48,"On 2024-08-25 at approximately 14:30 hours, complainant Ashish Bose, a 33-year-old female librarian residing in Metwada, Madhya Pradesh, reported the theft of her handbag containing personal documents and cash while visiting the Esplanade area within the jurisdiction of Lasiyari Police Station, Uttarakhand. According to the statement, an unidentified individual snatched the bag near a local tea stall, a detail corroborated by a nearby shopkeeper who witnessed the fleeing suspect. A discarded leather wallet belonging to the victim was recovered from a nearby alleyway as initial physical evidence. Investigation notes indicate that local beat officers are canvassing the vicinity and reviewing available CCTV footage from nearby commercial establishments to identify and apprehend the perpetrator.",pending_trial
953436e1-d132-4bf3-815a-f1f0dae3c93d,FIR/MA/2025/1100,a9e0d542-a33b-4de6-b8e3-992b4e3ef747,2025-04-05,3a90b419-d49b-432d-b67f-8fef620d5ecd,49711e74-7614-4ca4-9934-31759b0e790a,49711e74-7614-4ca4-9934-31759b0e790a,"On 2025-04-05 at approximately 14:30 hours, complainant Pravin Murthy, a 30-year-old Police Constable residing in Bedkihal, Karnataka, reported the theft of her personal belongings from her parked car bearing registration KA06PH8367 near the Colaba market area within the jurisdiction of Dhamrancha, Maharashtra. A local shopkeeper noticed an unidentified individual tampering with the vehicle door and swiftly alerted the authorities. Investigating officers recovered partial fingerprint impressions from the passenger-side window and are currently reviewing nearby CCTV footage to identify the suspect. Preliminary inquiries indicate a routine opportunistic theft with no signs of premeditated coordination.",pending_trial
282b2431-2454-45d1-8222-8280d5e99084,FIR/AS/2025/1101,2746a1c8-a450-4a63-b37b-482aa564b607,2025-05-28,b9753cbb-9cd4-451b-9705-22cc5bde2d04,a7c687f5-f0ea-42ec-bca4-144cdb922960,a7c687f5-f0ea-42ec-bca4-144cdb922960,"On 2025-05-28 at approximately 1430 hours, complainant Pratik Dutta, a 70-year-old female resident of Wangbal, Manipur, reported being physically assaulted near the main marketplace in Chargola Bazar. The victim stated that an unknown assailant confronted her following a verbal altercation and struck her multiple times before fleeing the scene. A local shopkeeper witnessed the incident and assisted the victim while local residents managed to secure a wooden stick dropped by the accused as evidence. Preliminary investigation notes indicate that police visited the spot, recorded statements, and launched a search for the suspect.",closed
e25f57eb-9613-4b6d-8c12-c1acf110eae1,FIR/UT/2024/1102,f8c8f6e7-f7ef-4e49-8d9b-054cf8871113,2024-08-10,c72b3670-988d-4140-b70e-75cb3ec17b11,364b2ffc-1f61-4f75-b2a9-e62bff4dde82,364b2ffc-1f61-4f75-b2a9-e62bff4dde82,"On 2024-08-10 at approximately 14:30 hours, the complainant Waheeda Chopra, a 20-year-old college student residing in Marma, Odisha, reported that she was physically assaulted by an unknown male assailant near the market square within the Colaba Police Precinct jurisdiction of Eja, Uttar Pradesh. A local shopkeeper witnessed the altercation and immediately rushed to assist the victim, noticing a dropped metallic bangle left at the scene as physical evidence. An initial inquiry was launched by the Eja Police Station to trace the suspect based on the witness's description.",pending_trial
3cff4b03-b0d6-4884-9fa7-926e2aebfba8,FIR/UT/2024/1103,4075d07d-a7aa-40c0-af19-4ba3530271a5,2024-04-10,a1ac6dda-cf2b-4f37-b3bf-4697fe4e7bff,3824d6e6-6a09-494c-b598-b43f0acedc19,3824d6e6-6a09-494c-b598-b43f0acedc19,"On 2024-04-10 at approximately 14:30 hours, the complainant Ravi Narayanan, a 54-year-old female pharmacist residing in Alas, Maharashtra, reported to the Lasiyari Police Station that her adult daughter went missing near the crowded marketplace area under the jurisdiction of Esplanade Police Station in Lasiyari, Uttarakhand. A local tea stall vendor witnessed the individual walking alone toward the old bus stand shortly before she was reported missing. Investigating officers recovered an unattended handbag containing identification cards and personal belongings on a nearby bench. Preliminary investigation notes indicate that search teams are currently reviewing nearby CCTV footage and canvassing the surrounding neighborhood to locate the missing person safely.",chargesheet_filed
de281a03-d6a7-47f4-ac63-d24ce40499df,FIR/UT/2025/1104,94674567-5cc2-407e-b50e-cf7611569a4e,2025-05-01,c72b3670-988d-4140-b70e-75cb3ec17b11,618ecf13-0dc8-4bda-b803-3541b141a1a8,618ecf13-0dc8-4bda-b803-3541b141a1a8,"On 2025-05-01, complainant Aryan Khatri, a 74-year-old female weaver residing in Hirethogaleri, Karnataka, reported a theft that occurred during the afternoon hours near the local market within the Colaba Police Precinct jurisdiction of Eja, Uttar Pradesh. She stated that an unknown individual unlawfully took her cloth bundle and weaving tools from her temporary stall while she was briefly distracted. A nearby shopkeeper witnessed the hurried departure of a suspicious person carrying the stolen items away from the scene. Investigation notes indicate that local beat officers have been deployed to review available CCTV footage and interview nearby vendors to identify the culprit.",closed
d47d708f-0f4d-4107-b3e0-255520d94ad1,FIR/CH/2025/1105,862d2be7-a639-4e04-9b56-432b9d9a2906,2025-05-22,d0184a09-161d-4442-9ae0-17c96fb4622e,e9dadbbf-744c-47a3-8a6f-16d89937730c,e9dadbbf-744c-47a3-8a6f-16d89937730c,"On 2025-05-22 at approximately 14:30 hours, complainant Krishna Pawar, a 35-year-old female carpenter residing in Nayashi, Maharashtra, reported that she was intercepted near Cunningham Road while parked near her car bearing registration number MH22DM4883. An unknown male assailant forcibly snatched her gold chain and fled the scene on foot toward a nearby alley, an event witnessed by a local shopkeeper who heard her cries for help. Investigating officers recovered a discarded leather wallet at the scene which is currently being processed for latent fingerprints. Preliminary inquiries at Lundra Police Station indicate that local patrol units are actively canvassing the surrounding market area to identify and apprehend the suspect.",chargesheet_filed
dd8ae346-1344-4ee1-81cb-f1e59074db67,FIR/WE/2025/1106,a1525c76-83db-45ff-8b10-65aed86c393f,2025-05-05,f77c2362-fa09-4024-9ad2-7cf845b2b17e,0e74ec29-e190-4c6b-8017-3e9a3bcceae9,0e74ec29-e190-4c6b-8017-3e9a3bcceae9,"On 2025-05-05 at approximately 14:30 hours, complainant Vineet Khatri, a 36-year-old female chef residing in Kavuru, Andhra Pradesh, reported a theft at the crowded marketplace near Sadar Bazaar within the jurisdiction of Jakhirpur Police Station, West Bengal. According to the statement, an unknown miscreant snatched her handbag containing a mobile phone and personal documents while she was inspecting produce at a local stall. A nearby fruit vendor witnessed the incident and attempted to pursue the suspect, but the perpetrator fled into the narrow alleyways. A torn fabric sample left at the scene has been recovered as potential physical evidence for forensic review. Preliminary investigation notes indicate that patrolling in the commercial sector will be intensified to deter similar opportunistic thefts.",chargesheet_filed
4a4c0bba-e59e-4578-8b0b-87a398ed9b88,FIR/UT/2025/1107,2e65ce5c-71f9-480b-8583-5a4077523aed,2025-05-09,a1ac6dda-cf2b-4f37-b3bf-4697fe4e7bff,97fa6d8f-8f8c-4e66-9600-c13228fb8b6a,97fa6d8f-8f8c-4e66-9600-c13228fb8b6a,"On 2025-05-09 at approximately 19:30 hours, complainant Dev Bhat, a 30-year-old female school teacher residing in Narewadi, Maharashtra, reported that she was intercepted near the Esplanade market area by two unknown individuals who forcefully snatched her gold chain and handbag while brandishing a sharp object. A local fruit vendor witnessed the altercation and attempted to intervene as the perpetrators quickly fled the scene toward the main thoroughfare in a white car bearing registration number MH33XJ3887. The stolen handbag contained personal identification documents, a smartphone, and cash amounting to five thousand rupees. Preliminary investigation notes indicate that nearby CCTV footage is currently being reviewed to trace the suspect vehicle and establish the identity of the perpetrators.",pending_trial
dc43ddec-4e2b-4096-8371-6f76b8519dc4,FIR/RA/2025/1108,c1c38a5c-48c0-449f-986b-ee15b24bb558,2025-03-04,3bcf3cb2-15e9-4118-b082-241e75e7f818,b9694041-e93a-409d-b62f-cc9b6907919e,b9694041-e93a-409d-b62f-cc9b6907919e,"On 2025-03-04, complainant Sachin Jain, a 77-year-old female postal worker residing in Joura Khurd, Madhya Pradesh, reported an incident of theft that occurred around the afternoon hours near the local market within the jurisdiction of Kapurthala Police Station, falling under the Nawad Police Station limits in Rajasthan. She stated that an unknown individual snatched her handbag containing personal identification documents and a small amount of cash while she was walking near a roadside tea stall. A local shopkeeper present at the scene witnessed the fleeing suspect and provided a preliminary description to the responding officers. A discarded plastic carry bag found near the escape route was secured as potential physical evidence for fingerprint analysis. Preliminary investigation notes indicate that beat constables are actively canvassing the area for operational CCTV footage to establish the identity and trajectory of the perpetrator.",pending_trial
39376969-9fb6-4523-8888-b1fff2835e57,FIR/TE/2024/1109,9705a5fe-1971-4a9c-b93d-d28d4b7afd8c,2024-03-17,a67d384b-edfc-4caa-8a46-8b72e3208724,b161c0fb-0147-4963-a69e-348e783cd87a,b161c0fb-0147-4963-a69e-348e783cd87a,"On 2024-03-17 at approximately 14:30 hours, complainant Anuj Rao, a 47-year-old delivery executive residing in Mohd. Sadikpur, Uttar Pradesh, reported the theft of personal belongings from her car bearing registration UP41BN7459 parked near the main market area within the jurisdiction of Colaba Police Station. A local shopkeeper noticed an unidentified individual tampering with the vehicle and fleeing the scene on foot towards the alleyway. A discarded backpack found near the driver-side door has been seized as physical evidence for forensic examination. Preliminary investigation notes indicate that CCTV footage from nearby commercial establishments is currently being reviewed to identify the suspect.",pending_trial
7632fbac-1052-4708-b8f9-17a4ee623ae9,FIR/OD/2024/1110,f597c597-e3e3-4f43-a9a1-0f77e79b3698,2024-10-30,1c6b2c51-aa55-4558-ae96-d1770fade444,a4a3d39c-2a6c-45d1-ab3c-c8263a36425a,"a4a3d39c-2a6c-45d1-ab3c-c8263a36425a,81369865-d4b6-4ce3-9529-3524be156216","On 2024-10-30 at approximately 21:15 hours, complainant Lokesh Kaul, a 28-year-old female Software Engineer residing in Laxmipur Pokhariya, Bihar, reported that she was accosted near the main market in Koramangala by accused Mayank Bhandari, a 25-year-old female Salesperson residing in Kallipalli, Odisha, who forcibly snatched her gold chain and fled in a white van bearing registration BR46DR4638, while a nearby tea shop owner witnessed the entire sequence of events. A silver car with registration OD39FF3362 was also observed speeding away from the vicinity shortly after the incident, leaving behind a discarded leather handbag belonging to the accused. Investigation notes indicate that local CCTV footage from the surrounding establishments is currently being retrieved and analyzed to ascertain the exact route taken by the perpetrators.",under_investigation
94292ba1-29c2-4ec6-9db3-9a7c589831bc,FIR/UT/2024/1111,7360101f-821c-418f-b537-fba32bdda3d7,2024-09-14,a1ac6dda-cf2b-4f37-b3bf-4697fe4e7bff,04dd7a79-adee-4d84-af06-e4f5d5d65a65,04dd7a79-adee-4d84-af06-e4f5d5d65a65,"On 2024-09-14 during the afternoon hours, complainant Jyoti Wani, an 18-year-old Government Clerk residing in Kesramal, Odisha, reported the theft of her personal belongings and cash from a parked motorcycle bearing registration number OD02ND1141 near the Esplanade market area under Lasiyari Police Station jurisdiction. A local shopkeeper noticed an unidentified individual tampering with the vehicle before fleeing the spot on foot. A preliminary search of the immediate vicinity led to the recovery of a discarded leather wallet near the crime scene, which has been secured as material evidence. Investigation notes indicate that nearby CCTV footage is currently being reviewed to establish the identity of the suspect and trace the stolen property.",pending_trial
255d9917-af85-4678-92b3-39ceb3c13a38,FIR/RA/2025/1112,d5c9d467-90ec-4286-bea5-32ef855ece18,2025-02-26,3bcf3cb2-15e9-4118-b082-241e75e7f818,7f9bb7cb-192c-4ff8-a423-6f75fdc0eab7,7f9bb7cb-192c-4ff8-a423-6f75fdc0eab7,"On 2025-02-26 at approximately 14:30 hours, complainant Suraj Gopalan reported that her 69-year-old mother, a college student residing in Rakshasbhuvan, Maharashtra, went missing near the main market area within the jurisdiction of Nawad Police Station in Nawad, Rajasthan. A local shopkeeper noted seeing the elderly individual near a parked motorcycle bearing registration number MH49RN6547 shortly before she disappeared. Preliminary investigation notes indicate that search teams are currently reviewing nearby CCTV footage and questioning local residents to trace her whereabouts.",under_investigation
716cffa2-f441-4737-8dac-691570a2f267,FIR/CH/2024/1113,aa86d8e1-983e-45e2-9ca4-cdd1d25b6646,2024-04-04,d890e6e8-e9d5-40b8-8d55-7f7573bd97a1,565e485b-93b0-4779-8562-889a76de5c1d,565e485b-93b0-4779-8562-889a76de5c1d,"On 2024-04-04 at approximately 1830 hours, complainant Yuvraj Raghavan, a 57-year-old female Accountant residing in Sunoli, Uttarakhand, reported being physically assaulted near the local market within the jurisdiction of Bandra Police Station. According to the statement, an unidentified male assailant confronted the complainant over a verbal altercation and struck her before fleeing the scene towards the main road. A local tea vendor witnessed the incident and corroborated the sequence of events, while a torn shawl belonging to the victim was recovered at the spot as physical evidence. Preliminary investigation notes indicate that the area has been canvassed for CCTV footage to identify and apprehend the suspect.",pending_trial
e0b9058e-b8cd-40ea-91e4-558c393eedaf,FIR/CH/2024/1114,d560c216-fe10-4c15-8742-e7cf32118be3,2024-03-09,d0184a09-161d-4442-9ae0-17c96fb4622e,43d7c3eb-4572-4804-9122-1309bdfe0958,43d7c3eb-4572-4804-9122-1309bdfe0958,"On 2024-03-09 at approximately 1430 hours, complainant Mahesh Senapati reported that her motorcycle bearing registration KL01RS1673 was stolen while parked near the local market on Cunningham Road within the jurisdiction of Lundra Police Station. A nearby tea stall owner witnessed an unknown individual tampering with the ignition and quickly fleeing the scene towards the main market area. Investigating officers recovered a discarded helmet at the spot and are currently reviewing nearby CCTV footage to identify the suspect. Preliminary inquiry suggests a case of opportunistic vehicle theft, and further investigation is underway.",chargesheet_filed
ab0d5dc3-dee8-4917-99b9-7b7a3e1250ce,FIR/TE/2023/1115,9705a5fe-1971-4a9c-b93d-d28d4b7afd8c,2023-09-23,a67d384b-edfc-4caa-8a46-8b72e3208724,e033ed9c-276a-4196-aea3-3ad281701a93,e033ed9c-276a-4196-aea3-3ad281701a93,"On 23-09-23 at approximately 14:30 hours, complainant Naman Dubey, a 65-year-old female Pharmacist residing in Katgar, Karnataka, reported that her bag containing personal valuables was stolen near the local vegetable market in Shampur, Telangana, falling under the jurisdiction of Colaba Police Station. A nearby local shopkeeper witnessed an unidentified individual fleeing the spot on a motorcycle bearing registration number KA15XF4221 towards an arterial road. Police recovered a discarded helmet strap near the crime scene as potential material evidence for forensic review. Initial inquiry notes indicate that nearby CCTV footage is currently being retrieved to ascertain the identity of the suspect and trace the fleeing vehicle.",closed
c349e302-218b-4ba8-8c47-11cf6a1c5718,FIR/TA/2025/1116,75c64e2f-e37e-458f-a67f-eb11eb29a414,2025-05-14,c0975979-9043-4963-855f-ca856764a207,9e91566e-547b-4a3e-bf4f-93b2009cf7a7,"9e91566e-547b-4a3e-bf4f-93b2009cf7a7,1326a38b-40ff-41e5-87a2-6ab98d48730a","On 2025-05-14 at approximately 14:30 hours, complainant Dharmesh Senapati, a 35-year-old school teacher residing in Kavuru, Andhra Pradesh, reported the theft of personal belongings from her motorcycle bearing registration AP46WZ4664 while parked near the local market in Lal Bazaar, Mutharasikuppam. The accused, identified as Shivansh Prakash, a 22-year-old school teacher residing in Thummalapalle, Andhra Pradesh, was allegedly seen tampering with the vehicle's storage compartment by a nearby tea shop vendor who witnessed the incident. A discarded handbag strap and shoe print were recovered from the scene as physical evidence for forensic analysis. Investigation notes indicate that neighborhood CCTV footage is currently being reviewed to ascertain the exact sequence of events and track the missing valuables.",pending_trial
2120ce86-add4-4b38-b43c-80102f226f45,FIR/UT/2025/1117,94674567-5cc2-407e-b50e-cf7611569a4e,2025-04-08,c72b3670-988d-4140-b70e-75cb3ec17b11,b130424e-a079-43fc-ae7b-9de36b066ebb,b130424e-a079-43fc-ae7b-9de36b066ebb,"On 08-04-2025 at approximately 1430 hours, complainant Indu Sachdeva, a 22-year-old pharmacist residing in Moran, Assam, reported the theft of her personal belongings near the main market area within the Colaba Police Precinct under the jurisdiction of Eja Police Station. The victim stated that an unknown individual fled the scene on a motorcycle bearing registration number AS38SV5434 after snatching her handbag containing cash and identification cards. A local tea stall vendor witnessed the hurried escape of the suspect toward the outer bypass road. Preliminary investigation notes indicate that nearby CCTV footage is currently being reviewed to identify the perpetrator and trace the vehicle.",chargesheet_filed
2769dd86-b8be-4a16-82e1-bcc25c257bec,FIR/AS/2024/1118,85dcc87d-03db-430b-a1ca-98d7b727bd89,2024-09-07,b9753cbb-9cd4-451b-9705-22cc5bde2d04,a1dd834e-8c7a-4ebe-ad51-17fc6bf2744c,a1dd834e-8c7a-4ebe-ad51-17fc6bf2744c,"On 2024-09-07, the complainant approached the Chargola Bazar Police Station to report that Nakul Rajaraman, an 18-year-old female college student and resident of Kamandanga, Assam, went missing from a specific location near Cumballa Hill Police Station around the afternoon hours. A local shopkeeper witnessed her walking alone towards the main road prior to her disappearance, leaving behind a college notebook on a nearby bench as potential evidence. Initial investigation notes indicate that officers are currently canvassing the area and reviewing local CCTV footage to trace her whereabouts.",chargesheet_filed
2d90c56e-5fbd-4ed9-914b-f7c3758e85cb,FIR/WE/2025/1119,83ef2190-f323-4176-84b7-ac66d71b99ac,2025-02-16,f77c2362-fa09-4024-9ad2-7cf845b2b17e,a9af8e6a-6122-49ba-92d6-a7fe993d3370,a9af8e6a-6122-49ba-92d6-a7fe993d3370,"On 2025-02-16 at approximately 18:30 hours, complainant Ramesh Khurana, a 20-year-old female college student residing in Melarasambattu, Tamil Nadu, reported that she was intercepted by an unknown male while walking near the local market within the jurisdiction of Sadar Bazaar Police Station, Jakhirpur. The assailant forcibly snatched her gold chain and fled the scene on a black motorcycle bearing registration number TN26KR0339 towards the main highway. A nearby tea stall owner witnessed the fleeing vehicle and confirmed the direction of escape. Police recovered a torn piece of the suspect's jacket at the scene which has been secured as material evidence. Investigation notes indicate that local CCTV footage is currently being reviewed to identify and apprehend the perpetrator.",pending_trial
ef977775-63da-40ae-9fbf-e3dc77d5d6c5,FIR/CH/2025/1120,aa86d8e1-983e-45e2-9ca4-cdd1d25b6646,2025-01-13,d890e6e8-e9d5-40b8-8d55-7f7573bd97a1,0114128c-ec6e-4071-bdc3-f5c5664b0ed6,"0114128c-ec6e-4071-bdc3-f5c5664b0ed6,37df37f9-0726-4b31-8b2f-f3089057ec43","On 2025-01-13 at approximately 14:30 hours, complainant Ajit Gill, a 19-year-old college student residing in Dubara, Uttar Pradesh, reported being physically assaulted near the local marketplace within the jurisdiction of Bandra Police Station by accused Sai Talwar, a 64-year-old hotel staff member residing in Fatehpur Kalan, Uttar Pradesh. The altercation occurred following a verbal dispute near an auto-rickshaw bearing registration number UP35UM6773, during which the accused struck the complainant and fled the scene. A local tea-vendor witnessed the incident and confirmed the sequence of events to the responding officers. A discarded wooden stick used during the assault has been recovered from the spot as material evidence. Preliminary investigation notes indicate that the two parties were previously acquainted, and further inquiries are underway at Singibahar Police Station.",chargesheet_filed
db1375f6-0582-4ec7-a246-5441a1faccd3,FIR/RA/2025/1121,d47201c9-711f-4088-af2a-14e95ccd2b8a,2025-01-22,3bcf3cb2-15e9-4118-b082-241e75e7f818,e36a9754-ef73-4a25-8ab5-46a5f4044043,e36a9754-ef73-4a25-8ab5-46a5f4044043,"On 2025-01-22 at approximately 14:30 hours, complainant Samar Rao, a 31-year-old female Electrician residing in Murikunte, Karnataka, reported a sudden theft of her professional toolkit near the local market within the jurisdiction of Kapurthala Police Station, Nawad, Rajasthan. A nearby shopkeeper witnessed an unidentified individual fleeing the spot with the grey metallic toolbox containing specialized wiring equipment. Based on the initial complaint received at Nawad Police Station, a formal inquiry has been registered and local beat officers have been deployed to review available CCTV footage and trace the missing items.",closed
406c3609-b35a-44b8-810a-d88f4a2079ec,FIR/UT/2024/1122,2e65ce5c-71f9-480b-8583-5a4077523aed,2024-09-30,a1ac6dda-cf2b-4f37-b3bf-4697fe4e7bff,7102f23c-c699-4f95-b4a6-9db5be0c099d,7102f23c-c699-4f95-b4a6-9db5be0c099d,"On 2024-09-30 at approximately 14:30 hours, complainant Amrita Jaiswal, a 62-year-old auto rickshaw driver residing at Dial Pura Mirja, Punjab, reported that she was robbed near the Esplanade market area by an unknown assailant riding a motorcycle bearing registration number PB35TX7669. The perpetrator forcefully snatched her handbag containing cash and personal documents before fleeing towards the main highway, an incident partially witnessed by a local tea-shop vendor who noted the speeding vehicle. A discarded helmet strap was recovered from the crime scene as potential physical evidence for forensic analysis. Preliminary investigation notes indicate that patrolling units have been alerted to intercept the suspect vehicle.",closed
7a31d2b2-4622-4588-ba8c-fe003308dce2,FIR/MA/2025/1123,94fc8e84-b04d-490f-9dd9-031416438a20,2025-05-23,399368c8-c978-469c-be30-609d71bcffc7,4d1574c5-c004-4e49-b228-0e4b2c2300cf,4d1574c5-c004-4e49-b228-0e4b2c2300cf,"On 2025-05-23 during the afternoon hours, complainant Praful Mittal, a 42-year-old female nurse residing in Shampur, Telangana, reported that her handbag containing a smartphone and personal documents was stolen while she was visiting the public gardens near Cubbon Park Police Station jurisdiction. A local tea vendor nearby noticed an unidentified male youth hurriedly fleeing the spot towards the southern exit with a similar bag. The investigating officer recovered a discarded wallet wrapper near the bench, and initial local inquiries are currently underway to trace the suspect.",pending_trial
c654e47b-c71f-47ef-bdd3-f7f4fe13a70a,FIR/WE/2024/1124,83ef2190-f323-4176-84b7-ac66d71b99ac,2024-08-08,f77c2362-fa09-4024-9ad2-7cf845b2b17e,fe931aa5-1a5c-4359-ae2b-b2d6f4914767,"fe931aa5-1a5c-4359-ae2b-b2d6f4914767,5d38e714-e184-4b5a-b57d-65a17038a1ea","On 2024-08-08 at approximately 14:30 hours, complainant Rajat Gopalakrishnan, a 64-year-old female postal worker residing in Charan Nikol, Gujarat, reported that she was accosted near the crowded marketplace in Sadar Bazaar by accused Sudhir Jaiswal, a 33-year-old female retired government employee residing in Arugonda, Andhra Pradesh. The accused forcefully snatched the complainant's gold chain and fled the scene in a white van bearing registration number GJ22GM7454, while a local tea-shop owner witnessed the incident and noted the vehicle's rapid departure. Investigating officers recovered a discarded identity tag near the spot, and preliminary inquiries are currently underway to trace the registered vehicle and apprehend the suspect.",under_investigation
78982489-5699-4a01-b4a8-8ce59d68cbca,FIR/TA/2024/1125,75c64e2f-e37e-458f-a67f-eb11eb29a414,2024-11-10,c0975979-9043-4963-855f-ca856764a207,6e07c906-1153-49c1-9237-6453f147a589,6e07c906-1153-49c1-9237-6453f147a589,"On 2024-11-10 at approximately 14:30 hours, complainant Anjana Khanna, a 60-year-old female Software Engineer residing in Sukalwadi, Maharashtra, reported that her handbag containing valuable personal belongings was stolen near the crowded marketplace in Lal Bazaar, Mutharasikuppam, Tamil Nadu, under the jurisdiction of the Mutharasikuppam Police Station. A local shopkeeper nearby witnessed a suspicious individual fleeing the scene towards a narrow alleyway immediately after the incident. Police recovered a discarded wallet strap near the location as initial physical evidence. Investigation notes indicate that local CCTV footage from the surrounding shops is currently being reviewed to identify and apprehend the suspect.",closed
23150d6e-ac1d-4f7b-87ca-0f1894b50f26,FIR/UT/2025/1126,8635c239-221c-45f3-a247-da123a49d95b,2025-02-09,c72b3670-988d-4140-b70e-75cb3ec17b11,ed2fa728-cf2c-45cd-aed1-dcbc934ef633,ed2fa728-cf2c-45cd-aed1-dcbc934ef633,"On 2025-02-09, complainant Aadi Vohra, a 31-year-old female doctor residing in Kesramal, Odisha, reported a theft of her personal belongings at the Eja market area within the jurisdiction of the Colaba Police Precinct, filed at Eja Police Station. The incident occurred around afternoon hours when an unidentified suspect unlawfully removed her handbag containing cash and identification cards from her vehicle. A local shopkeeper witnessed a suspicious individual loitering near the parked car before fleeing the scene towards the main road. Preliminary investigation notes indicate that police are currently reviewing nearby closed-circuit television footage to identify and apprehend the suspect.",pending_trial
30d3afbf-77ea-46f1-a627-a5a8c09efe76,FIR/OD/2025/1127,45caf344-cb99-433f-9199-0154fb24f980,2025-02-26,1c6b2c51-aa55-4558-ae96-d1770fade444,c45888a0-87c5-4928-bdb0-7387fec57a59,c45888a0-87c5-4928-bdb0-7387fec57a59,"On 26 February 2025 at approximately 14:30 hours, complainant Ashwin Chauhan, a 70-year-old delivery executive residing in Govandi, Maharashtra, reported the theft of her car bearing registration number MH51NC3880 while it was parked near the main market area within the jurisdiction of Koramangala Police Station, Kallipalli, Odisha. A local shopkeeper witnessed an unidentified individual driving the vehicle away towards the state highway in a hasty manner. Preliminary investigation notes indicate that broken glass debris was found at the scene, and nearby CCTV footage is currently being reviewed to identify the suspect.",chargesheet_filed
fb4cbd4d-e558-47cd-99b5-214a19eb698e,FIR/CH/2025/1128,8151ea22-eb78-4603-bed3-35f765cd5c38,2025-05-28,d890e6e8-e9d5-40b8-8d55-7f7573bd97a1,dc8e1559-6099-4865-95e5-9e9953d32d75,dc8e1559-6099-4865-95e5-9e9953d32d75,"On 2025-05-28, complainant Abhijeet Raghavan reported to the Singibahar Police Station that her colleague, a 51-year-old female bank employee residing in Malav, Uttar Pradesh, went missing under mysterious circumstances near the main market area under Bandra Police Station jurisdiction at approximately 14:30 hours. A local tea stall vendor witnessed the victim walking alone towards the highway before losing sight of her. Preliminary investigation notes indicate that her personal handbag and mobile phone were left unclaimed on a nearby bench, and local search operations are currently underway.",under_investigation
f8e91954-0d35-4b34-a271-37d4ee440cd1,FIR/CH/2025/1129,8254701c-2772-4620-955e-52b5344e6e10,2025-05-11,d0184a09-161d-4442-9ae0-17c96fb4622e,5d7a49cc-e00c-423c-8632-17d333e61075,5d7a49cc-e00c-423c-8632-17d333e61075,"On 2025-05-11 at approximately 14:30 hours, complainant Abhay Garg, a 50-year-old female Retired Government Employee residing in Kurani Buzawade, Maharashtra, reported that her motorcycle bearing registration number MH19FN4230 was stolen while parked near the local market on Cunningham Road within the jurisdiction of Lundra Police Station, Chhattisgarh. A nearby shopkeeper witnessed an unidentified individual hastily riding away on the vehicle towards the main highway. Preliminary investigation notes indicate that CCTV footage from an adjacent commercial establishment is being retrieved to identify the suspect and trace the stolen motorcycle.",closed
085d3c08-5390-4914-9a32-c2f2b2548b21,FIR/OD/2024/1130,33c1ff2b-8608-413f-8733-80e420625fe5,2024-10-10,0f50f615-7033-4550-b3c0-1327c1c40070,bbe223dd-54f5-4b81-bb1c-a1081fb54155,bbe223dd-54f5-4b81-bb1c-a1081fb54155,"On 2024-10-10, complainant Vishnu Khatri, a 28-year-old female software engineer residing in Kavuru, Andhra Pradesh, reported that her handbag containing a personal laptop and wallet was stolen by an unknown perpetrator during the afternoon hours near the market area within the jurisdiction of Hundapalasapal Police Station, Odisha, formerly noted under Connaught Place Police Station limits. A local shopkeeper witnessed a suspicious individual fleeing the scene towards the main road carrying a bag matching the description provided. Investigating officers recovered CCTV footage from a nearby storefront and have initiated inquiries to identify and apprehend the suspect.",under_investigation
a399d54e-2372-423e-95cb-6d9ddc167581,FIR/WE/2025/1131,9f427bfa-8665-4e04-a797-aa64f0aeb2eb,2025-03-30,f77c2362-fa09-4024-9ad2-7cf845b2b17e,e67efc8b-b5d7-4752-ba74-2556fa0680a0,"e67efc8b-b5d7-4752-ba74-2556fa0680a0,62d68a1e-0050-40e7-a697-f5b341add54f","On 30-03-2025 at approximately 14:30 hours, complainant Sachin Basu, a 64-year-old weaver residing in Laugaon, Uttar Pradesh, reported a theft of her personal belongings near the main vegetable market within the jurisdiction of Sadar Bazaar Police Station, Jakhirpur, West Bengal. According to the statement, an unknown miscreant snatched her handbag containing cash and a mobile phone while she was navigating the crowded marketplace. A local tea stall vendor, acting as an eyewitness, confirmed seeing a suspicious individual flee the spot towards the alleyway. Police Constable Vihaan Singh promptly arrived at the scene for initial inquiry and collected a discarded plastic carry bag left behind by the suspect as material evidence. Investigation notes indicate that surrounding CCTV footage is currently being reviewed to trace the absconding suspect.",closed
dcfa0284-fc60-42b0-b88c-164be066122d,FIR/UT/2025/1132,a83505be-8b16-4bd7-8d74-2777f87e9a16,2025-05-24,a1ac6dda-cf2b-4f37-b3bf-4697fe4e7bff,0a5b766f-e003-4e09-91ac-8749993fd2c7,"0a5b766f-e003-4e09-91ac-8749993fd2c7,402083c8-4ed6-47fd-8bd5-1935ea2cf801","On 24-05-2025 at approximately 1430 hours, complainant Reyansh Saini, a 21-year-old college student residing in Chinnur, Telangana, reported being physically assaulted near the main market area within the jurisdiction of Esplanade Police Station, Lasiyari, Uttarakhand, by the accused Kalyani Sanyal, a 67-year-old tailor residing in Hirethogaleri, Karnataka. The incident occurred following a verbal altercation over a personal dispute, during which the accused struck the complainant with a wooden stick, leaving the weapon at the scene as physical evidence. A local tea vendor witnessed the altercation and intervened to separate the parties before police arrived. Preliminary investigation notes indicate that statements from the witness have been recorded and the seized wooden stick has been secured for forensic analysis.",under_investigation
33172fec-712e-4031-a7d2-f42daeae4223,FIR/UT/2025/1133,94674567-5cc2-407e-b50e-cf7611569a4e,2025-05-21,c72b3670-988d-4140-b70e-75cb3ec17b11,a03b73ff-9a95-4bea-a36a-497f37f39d37,a03b73ff-9a95-4bea-a36a-497f37f39d37,"On 21-05-2025 at approximately 1430 hours, complainant Arjun Panicker, a 39-year-old female plumber residing in Nandol, Odisha, reported the theft of her professional toolkit from her auto-rickshaw bearing registration OD08SF1521 while parked near the local market within the Colaba Police Precinct of Eja, Uttar Pradesh. A local shopkeeper witnessed an unidentified individual hastily removing a metal toolbox from the vehicle before fleeing the scene on foot. Investigation notes indicate that Eja Police Station officials are currently reviewing nearby CCTV footage and have registered the case for further legal action.",closed
920e0259-f27d-49db-b8ff-ffa636cfa579,FIR/UT/2025/1134,4075d07d-a7aa-40c0-af19-4ba3530271a5,2025-01-13,a1ac6dda-cf2b-4f37-b3bf-4697fe4e7bff,e228f70b-f4ba-49b3-b3b9-7c2d9105f2cc,e228f70b-f4ba-49b3-b3b9-7c2d9105f2cc,"On 2025-01-13 at approximately 14:30 hours, complainant Yash Parthasarathy, a 38-year-old female mechanic residing in Nandol, Odisha, reported to the Lasiyari Police Station that her spouse had gone missing near the Esplanade Police Station area in Lasiyari, Uttarakhand. A local tea-stall owner witnessed the individual walking alone towards the crowded market street earlier that afternoon before losing sight of them. Officers recovered a discarded wristwatch and an unfinished toolkit near the spot where the person was last seen. Initial investigation notes indicate that local search parties have been deployed and CCTV footage from nearby commercial establishments is currently being reviewed to trace the whereabouts of the missing person.",pending_trial
64a5f865-8cda-4a47-bbd5-d1b26211c27d,FIR/UT/2025/1135,f8c8f6e7-f7ef-4e49-8d9b-054cf8871113,2025-01-07,c72b3670-988d-4140-b70e-75cb3ec17b11,aaceacbf-d61d-4620-ab46-83087aaa29d8,aaceacbf-d61d-4620-ab46-83087aaa29d8,"On 2025-01-07 at approximately 14:30 hours, the complainant Vikas Pandit, a 45-year-old accountant residing in Barooki, Uttar Pradesh, reported being physically assaulted near the local market within the Colaba Police Precinct jurisdiction under Eja Police Station. According to the statement, an unidentified male assailant confronted the victim over a minor monetary dispute and inflicted minor injuries using a wooden stick before fleeing the scene. A nearby tea-stall vendor witnessed the altercation and attempted to intervene. Investigating officers recovered the discarded wooden stick at the scene as material evidence and have initiated preliminary inquiries to identify and apprehend the suspect.",closed
e7ca8dd2-067b-4a83-8137-0c1558f33013,FIR/CH/2025/1136,aa86d8e1-983e-45e2-9ca4-cdd1d25b6646,2025-02-11,d890e6e8-e9d5-40b8-8d55-7f7573bd97a1,a0fd26b1-ebe8-444f-a370-1f69ceb12d7d,"a0fd26b1-ebe8-444f-a370-1f69ceb12d7d,774b6008-ffa9-46c7-983b-1ac08d16b528","On 2025-02-11 at approximately 14:30 hours, complainant Atharva Pillai (female, age 68, Journalist, resident of Mamidivalasa, Andhra Pradesh) reported that she was physically assaulted near the main market square within the jurisdiction of Bandra Police Station by accused Sankalp Bhandary (female, age 30, Electrician, resident of Harna, Bihar) following a heated verbal altercation over a parked motorcycle bearing registration AP17WF0271. A local tea stall vendor witnessed the entire incident and corroborated the victim's statement regarding the sudden altercation and subsequent physical scuffle. Investigating officers recovered a torn notepad at the scene as material evidence and immediately initiated inquiries to trace the accused for further legal proceedings.",under_investigation
99368642-14d3-4cc3-b0d1-ed2b83e05fc2,FIR/CH/2024/1137,d3f13649-81e0-403a-ab85-cbcac6f7738d,2024-09-21,d890e6e8-e9d5-40b8-8d55-7f7573bd97a1,c8e62b5b-6b2b-486a-a7a9-e56ec10d8171,"c8e62b5b-6b2b-486a-a7a9-e56ec10d8171,e4010384-07c4-4d81-949e-736705cb2d90","On 2024-09-21 at approximately 14:30 hours, complainant Shakti Raina, a 40-year-old bank employee residing in Dubara, Uttar Pradesh, reported being physically assaulted near the main market square under the jurisdiction of Singibahar Police Station, Chhattisgarh, by accused Vaibhav Sandhu, a 31-year-old bank employee residing in Kanakore, Uttar Pradesh, following a heated verbal altercation over a parked motorcycle bearing registration UP02ZC9254 and another vehicle with registration UP06ZG2313. A local tea shop owner witnessed the confrontation and intervened to separate the parties before the situation escalated further. Police recovered a damaged wristwatch and torn clothing from the scene as initial physical evidence. Investigation notes indicate that statements from the eyewitness have been recorded and the area is being canvassed for additional CCTV footage.",chargesheet_filed
49360f41-7a1b-461e-90c3-eff1df77576a,FIR/TE/2024/1138,dbb8c6dc-1d61-4d8c-a6ee-123b24798735,2024-08-03,a67d384b-edfc-4caa-8a46-8b72e3208724,68b5f557-0e71-4db7-9e1d-1752bc421e6a,68b5f557-0e71-4db7-9e1d-1752bc421e6a,"On 2024-08-03 at approximately 14:30 hours, complainant Dr. Keshav Bhatia, a 72-year-old doctor residing in Padumbasan, West Bengal, reported a sudden theft incident near the local vegetable market within the jurisdiction of Shampur Police Station, Telangana. The victim stated that an unidentified individual snatched her gold chain while she was walking near the main road, an account partially corroborated by a nearby tea stall owner who witnessed the hurried escape. A discarded leather wallet belonging to no known local resident was recovered from the immediate vicinity and secured as potential physical evidence. Investigation notes indicate that surrounding CCTV footage is currently being reviewed to ascertain the identity of the fleeing suspect and recover the stolen property.",closed
76416cc3-0179-465a-bbbc-67089727b3da,FIR/CH/2024/1139,89d83932-451d-4f56-a8e6-67f3826da5a4,2024-10-13,d890e6e8-e9d5-40b8-8d55-7f7573bd97a1,c698a253-26b5-469f-b190-c1ac7b72764a,"c698a253-26b5-469f-b190-c1ac7b72764a,d652012d-6da4-4652-838b-f92d10caf885","On 2024-10-13 at approximately 14:30 hours, complainant Rakesh Patel, a 46-year-old female Electrician residing at Kannur Railway Station, Kerala, reported a dispute near the local market within the jurisdiction of Bandra Police Station, Singibahar, Chhattisgarh. The complainant stated that the accused, Madhavi Sengupta, a 33-year-old female Accountant residing at Ochhari, Rajasthan, wrongfully entered the premises and caused a disturbance near a parked white van bearing registration KL03RY9782, leaving behind a damaged toolbox as physical evidence. A local tea shopkeeper witnessed the altercation and confirmed the sequence of events to the responding officers. Investigation notes indicate that statements from both parties have been recorded and further inquiries are underway at Singibahar Police Station.",closed
52ce575d-be3e-47dd-a21c-da1a08df9c22,FIR/MA/2024/1140,c02c1acf-0cd9-41df-8448-9c0e5eebed97,2024-11-04,399368c8-c978-469c-be30-609d71bcffc7,f3cb50b6-edbb-44e2-987c-13cf7b2b22ef,"f3cb50b6-edbb-44e2-987c-13cf7b2b22ef,900a275e-78e3-4da0-92b6-405e6baf54d4","On 2024-11-04 at approximately 14:30 hours, complainant Darsh Bhatia reported an incident of property dispute near the main gate of Cubbon Park Police Station jurisdiction, falling under the Alas Police Station limits. According to the statement, accused Aadvik Sen allegedly created a disturbance and damaged personal belongings while fleeing the scene on a motorcycle bearing registration AP01BF4201. A local shopkeeper witnessed the altercation and provided an initial account of the events to the responding officers. Investigating personnel recovered a discarded helmet at the scene as material evidence for forensic review. Preliminary inquiries are underway to ascertain the exact sequence of events and verify the statements provided by all parties involved.",chargesheet_filed
f461d70e-e9a3-4ca0-9a8d-78e3f170fe38,FIR/CH/2024/1141,b0a2c2f7-0d93-4b20-89c4-a943ac8b44a7,2024-09-05,d0184a09-161d-4442-9ae0-17c96fb4622e,311d40d3-f8d3-44a7-8847-d0dda57dbbd7,311d40d3-f8d3-44a7-8847-d0dda57dbbd7,"On 2024-09-05, at approximately 19:30 hours, complainant Bharat Pillai, a 47-year-old female bank employee residing at Anara RS, West Bengal, reported that she was accosted by an unknown male assailant near Cunningham Road while returning home, who forcefully snatched her gold chain and leather handbag. A local tea vendor witnessed the fleeing perpetrator heading towards the main market area before disappearing into the evening crowd. A broken metal clasp belonging to the stolen handbag was recovered from the pavement as material evidence and secured for forensic examination. Preliminary investigation notes indicate that patrolling units have been alerted and nearby CCTV footage is currently being reviewed to identify the suspect.",closed
3bc212ae-98f6-44de-ae0a-ac18d2f68444,FIR/MA/2025/1142,a9e0d542-a33b-4de6-b8e3-992b4e3ef747,2025-03-28,3a90b419-d49b-432d-b67f-8fef620d5ecd,78a2e477-1305-49c2-8f50-8faf907b9166,78a2e477-1305-49c2-8f50-8faf907b9166,"On 2025-03-28 during the afternoon hours, complainant Ayesha Pandit, a 64-year-old Software Engineer residing in Barooki, Uttar Pradesh, reported the theft of her digital tablet and gold chain from her temporary lodging near the market area within the jurisdiction of Dhamrancha Police Station. According to the statement, an unidentified suspect entered the premises while the door remained unlocked and fled the scene with the valuables. A local shopkeeper corroborated observing a suspicious individual hastily departing the vicinity around the time of the incident. Initial investigation notes confirm that a formal case has been registered under relevant sections and neighborhood CCTV footage is currently being reviewed for suspect identification.",under_investigation
0d2c65ea-8c46-40ad-a436-7a64ea43aaca,FIR/RA/2025/1143,d5c9d467-90ec-4286-bea5-32ef855ece18,2025-05-04,3bcf3cb2-15e9-4118-b082-241e75e7f818,32516016-95e1-42c5-b6ee-6d1c59de73ee,"32516016-95e1-42c5-b6ee-6d1c59de73ee,f4f2fbf2-54c4-4f86-ba7f-90cbb66f6c7b","On 2025-05-04 at approximately 15:30 hours, complainant Usha Bhatt reported to the Nawad Police Station that Yogesh Thapar, a 40-year-old school teacher residing at Kota Kutchery, Rajasthan, has been missing since leaving her residence earlier that afternoon. The incident occurred near the local market area within the jurisdiction of Kapurthala Police Station in Nawad, Rajasthan. A local tea stall vendor witnessed the missing person walking towards the bus terminal alone around noon, and a diary containing personal notes was recovered from her abandoned desk. Preliminary investigation notes indicate that search parties have been dispatched to neighboring transit hubs and local hospitals to trace her whereabouts.",pending_trial
d0d31bf7-a949-430a-8f9c-3c70820188e3,FIR/WE/2025/1144,9f427bfa-8665-4e04-a797-aa64f0aeb2eb,2025-01-11,f77c2362-fa09-4024-9ad2-7cf845b2b17e,a11e1b94-6df1-4025-a227-175826035578,a11e1b94-6df1-4025-a227-175826035578,"On 2025-01-11 at approximately 14:30 hours, complainant Vishnu Modi, a 47-year-old nurse residing in Jaisindh, Rajasthan, reported the theft of her handbag containing cash and personal documents while she was shopping near the busy marketplace within the Sadar Bazaar Police Station jurisdiction in Jakhirpur, West Bengal. A local shopkeeper, serving as a witness, stated that he noticed an unidentified individual speeding away on a black motorcycle bearing registration number RJ47PY3127 immediately after the commotion. CCTV footage from a nearby establishment has been secured as material evidence for further analysis. Preliminary investigation notes indicate that a formal case has been registered at Jakhirpur Police Station and local patrols have been alerted to trace the suspect vehicle.",closed
8f2c8835-025a-4cde-99d0-1b36c458fc28,FIR/CH/2025/1145,2849ef59-9ae1-476e-98ab-e840454aed9a,2025-05-16,d890e6e8-e9d5-40b8-8d55-7f7573bd97a1,90647d39-acf2-4630-ae9b-3e38886b3d7b,90647d39-acf2-4630-ae9b-3e38886b3d7b,"On 2025-05-16 at approximately 1430 hours, complainant Piyush Goyal, a 25-year-old female postal worker residing in Kutenchuan, Odisha, reported that she was physically assaulted by an unknown male assailant near the local market area under the jurisdiction of Bandra Police Station, while visiting Singibahar. A nearby tea stall owner witnessed the altercation and attempted to intervene before the suspect fled the scene on foot, leaving behind a torn denim jacket used as evidence. Preliminary investigation notes indicate that local canvassing is underway to identify the suspect and establish a clear motive for the assault.",closed
