ground_truth_id,person_id,network_role,related_person_id,relationship_type,evidence_sources,confidence,case_id,event_id,notes
c3b9f261-0147-4bdc-8dc5-f2d6fd134751,00a12545-922e-4c12-8979-fcd4ce73b8ab,cdr_operative,00a12545-922e-4c12-8979-fcd4ce73b8ab,called,cdr_records,0.3333333333333333,f2f115ab-5b0b-4cdc-a136-b775845814d5,,Flagged as suspicious in graph_relationships (multi-source corroboration)
5f9af4b3-a065-4594-ba01-acad8d81192d,00a12545-922e-4c12-8979-fcd4ce73b8ab,cdr_operative,1d81b4ed-c0fc-463d-ac33-b790781668cd,called,cdr_records,0.06666666666666667,,,Single-source or low-frequency link; supporting evidence only
4d9034ba-7d20-4a5f-9c21-caea658ceacd,00a12545-922e-4c12-8979-fcd4ce73b8ab,cdr_operative,24cdea93-60d7-43d6-9004-896d9f1a271a,called,cdr_records,0.13333333333333333,f2f115ab-5b0b-4cdc-a136-b775845814d5,,Single-source or low-frequency link; supporting evidence only
058e1d9c-96bc-476f-8ef5-c9711a8a0129,00a12545-922e-4c12-8979-fcd4ce73b8ab,cdr_operative,4bd924a0-4163-4b8e-8fe2-47caadf44a76,called,cdr_records,0.06666666666666667,04f26d44-0c08-4f75-a336-71b46b7a94f1,,Single-source or low-frequency link; supporting evidence only
95a681a5-2f9e-419d-862e-01d3d7cbb73b,00a12545-922e-4c12-8979-fcd4ce73b8ab,cdr_operative,4de490be-92c2-4542-a982-4a674c43b835,called,cdr_records,0.06666666666666667,,,Single-source or low-frequency link; supporting evidence only
5e577def-74c7-4b4f-8fb1-49359288d950,00a12545-922e-4c12-8979-fcd4ce73b8ab,cdr_operative,4f5ce979-ecb2-4e53-b0e3-6c1a025dc4a2,called,cdr_records,0.06666666666666667,a691f6e4-9bec-4abd-88c2-2fea613fd19e,,Single-source or low-frequency link; supporting evidence only
26042404-37ec-43a5-a772-bc8cec0cc1b6,00a12545-922e-4c12-8979-fcd4ce73b8ab,cdr_operative,50873f12-f502-48f0-b7b9-1ca825fbb932,called,cdr_records,0.06666666666666667,7d104ee8-3694-4a75-ae8d-165f02f3074f,,Single-source or low-frequency link; supporting evidence only
eed8471e-8a06-493e-a944-923cdd1a131e,00a12545-922e-4c12-8979-fcd4ce73b8ab,cdr_operative,635e45b9-affe-4a6b-8d36-f3adf8ebf039,called,cdr_records,0.13333333333333333,ed3276a9-f584-49cf-81b2-430e73eff8e0,,Single-source or low-frequency link; supporting evidence only
16afc3ef-b1ec-4aae-8b84-d828779a2b98,00a12545-922e-4c12-8979-fcd4ce73b8ab,cdr_operative,6641b356-0f73-4184-9190-a96424cd43c5,called,cdr_records,0.06666666666666667,31b964e9-e0a0-4342-9d40-d7ea00c2e077,,Single-source or low-frequency link; supporting evidence only
9b6b1e6a-6389-4cef-bc45-010341bb38aa,00a12545-922e-4c12-8979-fcd4ce73b8ab,cdr_operative,66608c82-c95e-449d-8483-39e9876092a0,called,cdr_records,0.13333333333333333,ed3276a9-f584-49cf-81b2-430e73eff8e0,,Single-source or low-frequency link; supporting evidence only
2031cde9-4111-4cac-8497-6851046cd61a,00a12545-922e-4c12-8979-fcd4ce73b8ab,cdr_operative,94d607d7-3492-48ab-a373-f24cb1390211,called,cdr_records,0.5333333333333333,f2f115ab-5b0b-4cdc-a136-b775845814d5,,Flagged as suspicious in graph_relationships (multi-source corroboration)
52ff642e-5394-4186-ae46-dd2959d6cc36,00a12545-922e-4c12-8979-fcd4ce73b8ab,cdr_operative,a1986a86-ee18-4b99-bde2-9f10ab7ccd8e,called,cdr_records,0.06666666666666667,419255c5-c457-4c9f-bcda-0a7c3d99e2ba,,Single-source or low-frequency link; supporting evidence only
b0589714-d688-4233-88d8-2352f4394ce4,00a12545-922e-4c12-8979-fcd4ce73b8ab,cdr_operative,df8f9173-d8b6-46df-ad3c-2ebcbba09b2e,called,cdr_records,0.06666666666666667,b8d3ad45-c8d8-4136-823b-dc56797bbe6a,,Single-source or low-frequency link; supporting evidence only
416f1f49-eabf-465c-b2fb-0e17ae558739,02d32b3c-04cd-4db2-87d1-eaea9c739f75,financial_mule,29e44cfd-7d35-4a04-ae90-6fdf73acc416,called+financial_transfer,"cdr_records,financial_transactions",0.625,,,Flagged as suspicious in graph_relationships (multi-source corroboration)
6862472e-bcc4-42f9-ae9b-628de07bb4b4,02d32b3c-04cd-4db2-87d1-eaea9c739f75,financial_mule,64c8c8c4-3eca-40a8-a280-fce21bb2974a,called,cdr_records,0.06666666666666667,,,Single-source or low-frequency link; supporting evidence only
c2882e03-5d27-4ad9-ab74-a773e8dd7b25,02d32b3c-04cd-4db2-87d1-eaea9c739f75,financial_mule,fe23bf1a-8c7f-4ce5-bf1d-7b53804dd17d,called,cdr_records,0.06666666666666667,,,Single-source or low-frequency link; supporting evidence only
33d42043-af70-43ef-be72-ce3003fa7c9e,0337a9aa-5b4f-47e5-8f62-6328af20b19b,financial_mule,64c8c8c4-3eca-40a8-a280-fce21bb2974a,called,cdr_records,0.06666666666666667,,,Single-source or low-frequency link; supporting evidence only
14290e0f-7bb3-464b-9a10-f93bec7b1315,036484c0-7073-4f7d-96f0-9d0dda8c0830,cdr_peripheral,1d81b4ed-c0fc-463d-ac33-b790781668cd,called,cdr_records,0.6666666666666666,f2f115ab-5b0b-4cdc-a136-b775845814d5,,Flagged as suspicious in graph_relationships (multi-source corroboration)
085639cc-b2e0-4877-94ea-fd424864d336,036484c0-7073-4f7d-96f0-9d0dda8c0830,cdr_peripheral,1f65d744-3aba-46f0-a383-91348dbc4a37,called,cdr_records,0.06666666666666667,97dc9d85-ecad-4d07-91c0-9c19bd0144ba,,Single-source or low-frequency link; supporting evidence only
0aa4b4e2-4bc6-485f-8656-72bf08309717,036484c0-7073-4f7d-96f0-9d0dda8c0830,cdr_peripheral,2090861b-d686-40ef-bb36-c556e162d4dc,called,cdr_records,0.06666666666666667,,,Single-source or low-frequency link; supporting evidence only
9d237153-0daf-4a26-bf8e-7da4897ad041,036484c0-7073-4f7d-96f0-9d0dda8c0830,cdr_peripheral,58403a85-3bb2-4384-b35a-06d05951268a,called,cdr_records,0.06666666666666667,ccaf96a0-e148-4313-9d29-ab057a8be0dd,,Single-source or low-frequency link; supporting evidence only
6817aba2-7f03-4926-aa20-a7dcc7ec3030,036484c0-7073-4f7d-96f0-9d0dda8c0830,cdr_peripheral,735b7692-768a-477f-9084-61285d2d750f,called,cdr_records,0.06666666666666667,,,Single-source or low-frequency link; supporting evidence only
30bca78e-114a-4835-969c-9874e3aa303c,036484c0-7073-4f7d-96f0-9d0dda8c0830,cdr_peripheral,80d1a12f-12b3-4bd3-abd1-b154fc01378c,called,cdr_records,0.06666666666666667,a691f6e4-9bec-4abd-88c2-2fea613fd19e,,Single-source or low-frequency link; supporting evidence only
b74fdb34-bd2b-47a9-a5df-bda700ad29cf,036484c0-7073-4f7d-96f0-9d0dda8c0830,cdr_peripheral,fe23bf1a-8c7f-4ce5-bf1d-7b53804dd17d,called,cdr_records,0.06666666666666667,7d104ee8-3694-4a75-ae8d-165f02f3074f,,Single-source or low-frequency link; supporting evidence only
69dd778c-3649-4576-b367-df8484fca3f9,04d36625-b5aa-4286-a543-bf880a885eb0,financial_mule,7a8dcb3d-2353-4f1c-8481-583a228493ce,called,cdr_records,0.06666666666666667,,,Single-source or low-frequency link; supporting evidence only
3ba55317-34dd-4ad3-b056-850d0fd94bd1,04d36625-b5aa-4286-a543-bf880a885eb0,financial_mule,acd25cbb-36f7-421c-b26e-f6d029411c71,called+financial_transfer,"cdr_records,financial_transactions",0.125,,,Single-source or low-frequency link; supporting evidence only
a3f8a1ab-a1b8-4d1a-95de-934c6dbd6e57,04d36625-b5aa-4286-a543-bf880a885eb0,financial_mule,b681e7e8-fb53-41e2-a5e0-137f14ae1cb4,called,cdr_records,0.13333333333333333,,,Single-source or low-frequency link; supporting evidence only
8fd509e0-9d0f-403e-a869-2c08ca781dd4,04d36625-b5aa-4286-a543-bf880a885eb0,financial_mule,ed7911e6-3465-4f1d-b781-e1f0f3b04c18,called,cdr_records,0.06666666666666667,,,Single-source or low-frequency link; supporting evidence only
3e1a7734-cd46-4afb-b1b2-c4aa9b195e5f,04d36625-b5aa-4286-a543-bf880a885eb0,financial_mule,fa00070c-1deb-4b17-9387-7bd434ff75af,called,cdr_records,0.06666666666666667,,,Single-source or low-frequency link; supporting evidence only
901a872d-0622-440a-abe9-e31a10853eb2,0e452102-4aa9-4290-9b86-577e41a8b3d4,financial_peripheral,470bc6dc-44e7-4c45-bf4a-da28c0844bdf,called,cdr_records,0.06666666666666667,,,Single-source or low-frequency link; supporting evidence only
c996341b-a84a-4389-81ad-0f044b9537ee,0e452102-4aa9-4290-9b86-577e41a8b3d4,financial_peripheral,a4df7d87-34bc-47a4-b7ee-ea24387b8f86,called,cdr_records,0.06666666666666667,,,Single-source or low-frequency link; supporting evidence only
b10da741-5f8e-4f89-b2c2-382172250dc8,0e452102-4aa9-4290-9b86-577e41a8b3d4,financial_peripheral,d038f78a-ac24-4255-9b01-1d1541ce8012,called,cdr_records,0.06666666666666667,,,Single-source or low-frequency link; supporting evidence only
5d714eae-17f8-4302-9b43-8a365449ed77,0e452102-4aa9-4290-9b86-577e41a8b3d4,financial_peripheral,df8f9173-d8b6-46df-ad3c-2ebcbba09b2e,called,cdr_records,0.06666666666666667,,,Single-source or low-frequency link; supporting evidence only
4a1ba825-e4ad-4667-890d-9e7d50311eb8,0ead0884-55ed-4e0c-931f-0414d70f5921,financial_peripheral,4de490be-92c2-4542-a982-4a674c43b835,called,cdr_records,0.06666666666666667,,,Single-source or low-frequency link; supporting evidence only
aa88604a-c9a5-4753-9930-ddf86ca975d3,0ead0884-55ed-4e0c-931f-0414d70f5921,financial_peripheral,95b21a34-896e-4a99-ab1f-18b495bd8672,called,cdr_records,0.06666666666666667,,,Single-source or low-frequency link; supporting evidence only
e21ebf36-9262-4a67-a370-f65a2405bd2e,0ead0884-55ed-4e0c-931f-0414d70f5921,financial_peripheral,97c19247-87ac-486f-ac15-862d7a702684,called,cdr_records,0.06666666666666667,,,Single-source or low-frequency link; supporting evidence only
93694d1b-609e-402d-87e5-ba9799108bef,1625d745-435b-464f-8b41-7bb07e32d54f,cdr_operative,1625d745-435b-464f-8b41-7bb07e32d54f,called,cdr_records,0.13333333333333333,32e4d776-35df-4688-9259-7b74dd290ddc,,Single-source or low-frequency link; supporting evidence only
6849d884-b9f4-4af9-94dc-de267448092d,1625d745-435b-464f-8b41-7bb07e32d54f,cdr_operative,3643d4ea-27fb-4c10-8358-963c6f1a841f,called,cdr_records,0.06666666666666667,04f26d44-0c08-4f75-a336-71b46b7a94f1,,Single-source or low-frequency link; supporting evidence only
524134a6-ab24-474f-9cb1-440f314ae246,1625d745-435b-464f-8b41-7bb07e32d54f,cdr_operative,3c7a665a-29ef-4c51-937c-9238747d8c3f,called,cdr_records,0.06666666666666667,,,Single-source or low-frequency link; supporting evidence only
3eb35061-70d9-462c-a8cb-902aa76dc127,1625d745-435b-464f-8b41-7bb07e32d54f,cdr_operative,4604c0fb-6f50-45d8-9c76-8c666a59a025,called,cdr_records,0.06666666666666667,a7849323-bce8-46b2-a835-75ac4446df2d,,Single-source or low-frequency link; supporting evidence only
dbb5beaf-cdb4-40a1-b390-93d332d40076,1625d745-435b-464f-8b41-7bb07e32d54f,cdr_operative,7d6f20e1-961e-46de-8504-3ea2f6d7692a,called,cdr_records,0.06666666666666667,965473d2-140c-4f93-a2ec-6146894edced,,Single-source or low-frequency link; supporting evidence only
705f3206-fa46-4f67-90b2-ac54267bc7a2,1625d745-435b-464f-8b41-7bb07e32d54f,cdr_operative,9b8c97f6-e515-44fa-9b93-a3cbf7295baa,called,cdr_records,0.06666666666666667,a691f6e4-9bec-4abd-88c2-2fea613fd19e,,Single-source or low-frequency link; supporting evidence only
c7e0e905-48d5-4d8f-bcb1-6918478c2b0e,1625d745-435b-464f-8b41-7bb07e32d54f,cdr_operative,c529d9ef-2cd1-45c2-9e04-a55827105e21,called,cdr_records,0.3333333333333333,32e4d776-35df-4688-9259-7b74dd290ddc,,Flagged as suspicious in graph_relationships (multi-source corroboration)
3eaaa2f5-a526-45b1-b041-b725f80a9d1d,16279b5f-489c-4c08-842d-99d95e761f7a,cdr_peripheral,1f65d744-3aba-46f0-a383-91348dbc4a37,called,cdr_records,0.06666666666666667,32e4d776-35df-4688-9259-7b74dd290ddc,,Single-source or low-frequency link; supporting evidence only
25ccc8e9-121a-4af7-8219-78141b0539eb,16279b5f-489c-4c08-842d-99d95e761f7a,cdr_peripheral,24cdea93-60d7-43d6-9004-896d9f1a271a,called,cdr_records,0.06666666666666667,,,Single-source or low-frequency link; supporting evidence only
2b4fc924-725e-47fe-a49f-73ce66012025,16279b5f-489c-4c08-842d-99d95e761f7a,cdr_peripheral,38d66af9-6e50-457c-8c19-f962a9c6b435,called,cdr_records,0.06666666666666667,9148906d-82d0-44c2-9ce4-224479a19d29,,Single-source or low-frequency link; supporting evidence only
c2ef2dfc-885c-462a-b36c-a16faf3083e0,16279b5f-489c-4c08-842d-99d95e761f7a,cdr_peripheral,43d397f3-6279-4e7b-b1e1-d2dd053d82d2,called,cdr_records,0.06666666666666667,ccaf96a0-e148-4313-9d29-ab057a8be0dd,,Single-source or low-frequency link; supporting evidence only
b934bb91-7c2e-47a1-bf7b-8d3768cd5922,16279b5f-489c-4c08-842d-99d95e761f7a,cdr_peripheral,4604c0fb-6f50-45d8-9c76-8c666a59a025,called,cdr_records,0.13333333333333333,ccaf96a0-e148-4313-9d29-ab057a8be0dd,,Single-source or low-frequency link; supporting evidence only
6c0a6378-317e-4a0d-8487-7f4ffd84abf0,16279b5f-489c-4c08-842d-99d95e761f7a,cdr_peripheral,4bd924a0-4163-4b8e-8fe2-47caadf44a76,called,cdr_records,0.06666666666666667,8e27cb1e-4acc-4c47-ba20-63020505ffb3,,Single-source or low-frequency link; supporting evidence only
f87fb061-782a-415c-9320-78f7f7814248,16279b5f-489c-4c08-842d-99d95e761f7a,cdr_peripheral,58403a85-3bb2-4384-b35a-06d05951268a,called,cdr_records,0.06666666666666667,ed3276a9-f584-49cf-81b2-430e73eff8e0,,Single-source or low-frequency link; supporting evidence only
b6f2256b-d722-423c-9529-67d84af69b46,16279b5f-489c-4c08-842d-99d95e761f7a,cdr_peripheral,7d6f20e1-961e-46de-8504-3ea2f6d7692a,called,cdr_records,0.26666666666666666,f2f115ab-5b0b-4cdc-a136-b775845814d5,,Flagged as suspicious in graph_relationships (multi-source corroboration)
a16d4d8c-1973-4dcb-8a1d-c2fa820bbb1d,16279b5f-489c-4c08-842d-99d95e761f7a,cdr_peripheral,9b4e88b4-77b3-4882-8c33-0051f58d3ce4,called,cdr_records,0.2,d47201c9-711f-4088-af2a-14e95ccd2b8a,,Flagged as suspicious in graph_relationships (multi-source corroboration)
141f98d1-06ae-4f63-ae85-2cde84025c96,16279b5f-489c-4c08-842d-99d95e761f7a,cdr_peripheral,a1986a86-ee18-4b99-bde2-9f10ab7ccd8e,called,cdr_records,0.06666666666666667,ed3276a9-f584-49cf-81b2-430e73eff8e0,,Single-source or low-frequency link; supporting evidence only
7aa07494-7127-4383-bf38-be24019cf9c3,16279b5f-489c-4c08-842d-99d95e761f7a,cdr_peripheral,fe23bf1a-8c7f-4ce5-bf1d-7b53804dd17d,called,cdr_records,0.13333333333333333,d47201c9-711f-4088-af2a-14e95ccd2b8a,,Single-source or low-frequency link; supporting evidence only
5ebea772-65f7-4f32-af37-18002e95d7be,16757341-7413-4caa-a82d-50e53ac5a3c5,cdr_operative,16757341-7413-4caa-a82d-50e53ac5a3c5,called,cdr_records,0.2,f2f115ab-5b0b-4cdc-a136-b775845814d5,,Flagged as suspicious in graph_relationships (multi-source corroboration)
b2876ea0-d8d7-4e51-bfdb-3ee24adfa35b,16757341-7413-4caa-a82d-50e53ac5a3c5,cdr_operative,27c380f2-fa41-483e-b931-a7a973ccb69a,called,cdr_records,0.26666666666666666,f2f115ab-5b0b-4cdc-a136-b775845814d5,,Flagged as suspicious in graph_relationships (multi-source corroboration)
7cb24381-24a4-45fc-b901-a9e0e242ba63,16757341-7413-4caa-a82d-50e53ac5a3c5,cdr_operative,43d397f3-6279-4e7b-b1e1-d2dd053d82d2,called,cdr_records,0.6666666666666666,f2f115ab-5b0b-4cdc-a136-b775845814d5,,Flagged as suspicious in graph_relationships (multi-source corroboration)
d4988c69-3f35-437d-9b77-d39b3ce4a702,1d81b4ed-c0fc-463d-ac33-b790781668cd,cdr_operative,1d81b4ed-c0fc-463d-ac33-b790781668cd,called,cdr_records,0.13333333333333333,f2f115ab-5b0b-4cdc-a136-b775845814d5,,Single-source or low-frequency link; supporting evidence only
f370d8f6-7f49-4f9a-adc3-659b1c37a679,1d81b4ed-c0fc-463d-ac33-b790781668cd,cdr_operative,29e44cfd-7d35-4a04-ae90-6fdf73acc416,called,cdr_records,0.13333333333333333,c96763f4-da85-4d19-91b0-4873ddb73a38,,Single-source or low-frequency link; supporting evidence only
37cf2d6d-ffec-451e-9ad9-4aa200765c80,1d81b4ed-c0fc-463d-ac33-b790781668cd,cdr_operative,3c7a665a-29ef-4c51-937c-9238747d8c3f,called,cdr_records,0.06666666666666667,97dc9d85-ecad-4d07-91c0-9c19bd0144ba,,Single-source or low-frequency link; supporting evidence only
82abe41d-c334-45af-becc-9eac58c2e5c2,1d81b4ed-c0fc-463d-ac33-b790781668cd,cdr_operative,43d397f3-6279-4e7b-b1e1-d2dd053d82d2,called,cdr_records,1,f2f115ab-5b0b-4cdc-a136-b775845814d5,,Flagged as suspicious in graph_relationships (multi-source corroboration)
c8f12a7c-a900-4c9b-94d7-bb72c3a53f00,1d81b4ed-c0fc-463d-ac33-b790781668cd,cdr_operative,58403a85-3bb2-4384-b35a-06d05951268a,called,cdr_records,0.06666666666666667,9148906d-82d0-44c2-9ce4-224479a19d29,,Single-source or low-frequency link; supporting evidence only
4da912a9-7e28-4dd6-87d0-a52f3413916b,1d81b4ed-c0fc-463d-ac33-b790781668cd,cdr_operative,5a6f730b-aff6-4672-843f-6f051b6ca392,called,cdr_records,0.06666666666666667,,,Single-source or low-frequency link; supporting evidence only
11060978-e01b-4c59-bff0-bad5976c3066,1d81b4ed-c0fc-463d-ac33-b790781668cd,cdr_operative,6a1dcf18-6c4f-44c3-a14b-752c80221fe0,called,cdr_records,0.06666666666666667,b8d3ad45-c8d8-4136-823b-dc56797bbe6a,,Single-source or low-frequency link; supporting evidence only
f93feb56-2417-4fca-9542-fa8254ce2109,1d81b4ed-c0fc-463d-ac33-b790781668cd,cdr_operative,7a8dcb3d-2353-4f1c-8481-583a228493ce,called,cdr_records,0.06666666666666667,,,Single-source or low-frequency link; supporting evidence only
b02a122c-0e77-46b1-add1-110c902df690,1d81b4ed-c0fc-463d-ac33-b790781668cd,cdr_operative,97c19247-87ac-486f-ac15-862d7a702684,called,cdr_records,0.06666666666666667,b9787f53-534b-412b-9b7f-7e0190046463,,Single-source or low-frequency link; supporting evidence only
a8cfd22e-72b2-4d8c-b438-9d0a921b41a3,1d81b4ed-c0fc-463d-ac33-b790781668cd,cdr_operative,a8e8d715-c685-4e6e-b7b6-770c44b19fa0,called,cdr_records,0.06666666666666667,b8d3ad45-c8d8-4136-823b-dc56797bbe6a,,Single-source or low-frequency link; supporting evidence only
af67f46b-9154-446e-a9c6-4dd10dde8260,1da61097-56d3-445b-8d48-61f56db9919c,cdr_operative,1da61097-56d3-445b-8d48-61f56db9919c,called,cdr_records,0.3333333333333333,32e4d776-35df-4688-9259-7b74dd290ddc,,Flagged as suspicious in graph_relationships (multi-source corroboration)
c301a294-8449-426e-9261-be32186e44c8,1da61097-56d3-445b-8d48-61f56db9919c,cdr_operative,4285df9b-9b16-4ccd-9844-3508c0d49fdc,called,cdr_records,0.7333333333333333,b8d3ad45-c8d8-4136-823b-dc56797bbe6a,,Flagged as suspicious in graph_relationships (multi-source corroboration)
3a071e71-d99b-4d7a-8907-3b6abd2a4b7f,1da61097-56d3-445b-8d48-61f56db9919c,cdr_operative,527acfb6-d569-437a-93dd-9ffe15d94950,called+financial_transfer,"cdr_records,financial_transactions",0.13333333333333333,8e27cb1e-4acc-4c47-ba20-63020505ffb3,,Single-source or low-frequency link; supporting evidence only
63701a2b-cccd-4095-bcbf-6de569591fba,1da61097-56d3-445b-8d48-61f56db9919c,cdr_operative,a4df7d87-34bc-47a4-b7ee-ea24387b8f86,called,cdr_records,0.06666666666666667,f2f115ab-5b0b-4cdc-a136-b775845814d5,,Single-source or low-frequency link; supporting evidence only
b66d6ca0-88dd-4cd3-bd0a-16fc61773c63,1da61097-56d3-445b-8d48-61f56db9919c,cdr_operative,a8e8d715-c685-4e6e-b7b6-770c44b19fa0,called+co_observed,"cdr_records,surveillance_records",0.55,9148906d-82d0-44c2-9ce4-224479a19d29,,Flagged as suspicious in graph_relationships (multi-source corroboration)
51503dcd-0ccd-4611-8e20-7783436ce7ab,1da61097-56d3-445b-8d48-61f56db9919c,cdr_operative,c529d9ef-2cd1-45c2-9e04-a55827105e21,called,cdr_records,0.06666666666666667,a691f6e4-9bec-4abd-88c2-2fea613fd19e,,Single-source or low-frequency link; supporting evidence only
e1e32186-dfd9-4fa5-824a-879e8bb801ff,1da61097-56d3-445b-8d48-61f56db9919c,cdr_operative,df8f9173-d8b6-46df-ad3c-2ebcbba09b2e,called,cdr_records,0.06666666666666667,ed3276a9-f584-49cf-81b2-430e73eff8e0,,Single-source or low-frequency link; supporting evidence only
425e6ad4-836b-4722-a570-e79184709d34,1da61097-56d3-445b-8d48-61f56db9919c,cdr_operative,e1beaf71-9083-44d6-bf40-81271b755321,called,cdr_records,0.13333333333333333,9148906d-82d0-44c2-9ce4-224479a19d29,,Single-source or low-frequency link; supporting evidence only
262860db-3b16-4e59-947a-775d22e9907d,1da61097-56d3-445b-8d48-61f56db9919c,cdr_operative,f41f457b-1975-41bc-97f0-d83efefcce31,called+co_observed,"cdr_records,surveillance_records",0.55,ccaf96a0-e148-4313-9d29-ab057a8be0dd,,Flagged as suspicious in graph_relationships (multi-source corroboration)
330e7f9e-ece4-4d82-8198-7974f0a53cec,1da61097-56d3-445b-8d48-61f56db9919c,cdr_operative,fa00070c-1deb-4b17-9387-7bd434ff75af,called,cdr_records,0.06666666666666667,,,Single-source or low-frequency link; supporting evidence only
026fbd74-e985-4f5d-8cc5-c38002b0fa96,1edcdcff-eff3-4399-b490-6ece1fd0a750,financial_mule,fecebe3d-821d-4461-8f73-50f40303c96c,called,cdr_records,0.06666666666666667,,,Single-source or low-frequency link; supporting evidence only
73dca72b-eea7-462a-9d88-ce731b14b14e,1f65d744-3aba-46f0-a383-91348dbc4a37,cdr_operative,1f65d744-3aba-46f0-a383-91348dbc4a37,called,cdr_records,0.5333333333333333,f2f115ab-5b0b-4cdc-a136-b775845814d5,,Flagged as suspicious in graph_relationships (multi-source corroboration)
356c1c10-9446-47b4-b592-3af9ec1a0fa8,1f65d744-3aba-46f0-a383-91348dbc4a37,cdr_operative,3643d4ea-27fb-4c10-8358-963c6f1a841f,called,cdr_records,0.06666666666666667,ccaf96a0-e148-4313-9d29-ab057a8be0dd,,Single-source or low-frequency link; supporting evidence only
cb764086-1744-426f-a73f-789590e23aa9,1f65d744-3aba-46f0-a383-91348dbc4a37,cdr_operative,45fde464-2062-4c6b-8c6d-947c4580b94d,called,cdr_records,0.06666666666666667,,,Single-source or low-frequency link; supporting evidence only
0cdd2490-4ba3-4983-a0ac-66f878b1fc6d,1f65d744-3aba-46f0-a383-91348dbc4a37,cdr_operative,4604c0fb-6f50-45d8-9c76-8c666a59a025,called,cdr_records,0.13333333333333333,a7849323-bce8-46b2-a835-75ac4446df2d,,Single-source or low-frequency link; supporting evidence only
1df25c02-f58b-4f7c-a166-a60b399c389c,1f65d744-3aba-46f0-a383-91348dbc4a37,cdr_operative,4a2c443a-ac5b-475a-8418-5e2f8033b25e,called,cdr_records,0.06666666666666667,31b964e9-e0a0-4342-9d40-d7ea00c2e077,,Single-source or low-frequency link; supporting evidence only
61776f49-ce21-4d81-a71c-cc7e98f4a9eb,1f65d744-3aba-46f0-a383-91348dbc4a37,cdr_operative,50873f12-f502-48f0-b7b9-1ca825fbb932,called,cdr_records,0.6666666666666666,f2f115ab-5b0b-4cdc-a136-b775845814d5,,Flagged as suspicious in graph_relationships (multi-source corroboration)
d757087e-96b3-4cef-95a1-e676e17f4fc0,1f65d744-3aba-46f0-a383-91348dbc4a37,cdr_operative,9b4e88b4-77b3-4882-8c33-0051f58d3ce4,called,cdr_records,0.06666666666666667,31b964e9-e0a0-4342-9d40-d7ea00c2e077,,Single-source or low-frequency link; supporting evidence only
5aa9779f-d784-4bc6-b2e0-8ab15ec16f1c,1f65d744-3aba-46f0-a383-91348dbc4a37,cdr_operative,9b8c97f6-e515-44fa-9b93-a3cbf7295baa,called,cdr_records,0.13333333333333333,32e4d776-35df-4688-9259-7b74dd290ddc,,Single-source or low-frequency link; supporting evidence only
a7399801-a75b-4a37-9dab-1af422eb8333,1f65d744-3aba-46f0-a383-91348dbc4a37,cdr_operative,b56c9b82-0597-4e04-9c41-1272f478a5d2,called,cdr_records,0.06666666666666667,ccaf96a0-e148-4313-9d29-ab057a8be0dd,,Single-source or low-frequency link; supporting evidence only
9f31140e-e1d0-459b-a9ec-cbb5bd68069f,1f65d744-3aba-46f0-a383-91348dbc4a37,cdr_operative,b681e7e8-fb53-41e2-a5e0-137f14ae1cb4,called,cdr_records,0.3333333333333333,f2f115ab-5b0b-4cdc-a136-b775845814d5,,Flagged as suspicious in graph_relationships (multi-source corroboration)
c53e4515-b35d-473f-8b0e-a26ad58e0108,1f65d744-3aba-46f0-a383-91348dbc4a37,cdr_operative,f41f457b-1975-41bc-97f0-d83efefcce31,called,cdr_records,0.13333333333333333,c96763f4-da85-4d19-91b0-4873ddb73a38,,Single-source or low-frequency link; supporting evidence only
600d62bf-956e-4551-8e83-c5240be140e0,1f65d744-3aba-46f0-a383-91348dbc4a37,cdr_operative,fe23bf1a-8c7f-4ce5-bf1d-7b53804dd17d,called,cdr_records,0.26666666666666666,f2f115ab-5b0b-4cdc-a136-b775845814d5,,Flagged as suspicious in graph_relationships (multi-source corroboration)
8d968c14-f3be-4e4f-a931-60fcc3cf8849,2090861b-d686-40ef-bb36-c556e162d4dc,cdr_operative,2090861b-d686-40ef-bb36-c556e162d4dc,called,cdr_records,0.4,f2f115ab-5b0b-4cdc-a136-b775845814d5,,Flagged as suspicious in graph_relationships (multi-source corroboration)
c9b0bad3-1aab-4ec1-a0ea-afcf132eb421,2090861b-d686-40ef-bb36-c556e162d4dc,cdr_operative,50873f12-f502-48f0-b7b9-1ca825fbb932,called,cdr_records,0.8,f2f115ab-5b0b-4cdc-a136-b775845814d5,,Flagged as suspicious in graph_relationships (multi-source corroboration)
0ec33f01-3f2e-49cb-b83e-ee36046c6ba0,2090861b-d686-40ef-bb36-c556e162d4dc,cdr_operative,54c82bdd-31ea-4ed6-9d88-87aa3fa602dd,called,cdr_records,0.06666666666666667,,,Single-source or low-frequency link; supporting evidence only
344cb968-a1ab-4776-b6f2-3117278a8f77,2090861b-d686-40ef-bb36-c556e162d4dc,cdr_operative,b3e2dabb-54e4-4cdb-9c2a-0c35250aa2b5,called,cdr_records,0.06666666666666667,,,Single-source or low-frequency link; supporting evidence only
b3960a12-b821-42eb-8bea-8936d1719f3a,2090861b-d686-40ef-bb36-c556e162d4dc,cdr_operative,fda48128-2192-4b25-b3ea-16e344d9bf64,called,cdr_records,0.4,f2f115ab-5b0b-4cdc-a136-b775845814d5,,Flagged as suspicious in graph_relationships (multi-source corroboration)
7c96732c-063f-4765-b071-7bb1ae2d1c14,24cdea93-60d7-43d6-9004-896d9f1a271a,cdr_operative,24cdea93-60d7-43d6-9004-896d9f1a271a,called,cdr_records,0.13333333333333333,32e4d776-35df-4688-9259-7b74dd290ddc,,Single-source or low-frequency link; supporting evidence only
92e1e23c-2c5c-4af2-aef4-6cefcbf434f6,24cdea93-60d7-43d6-9004-896d9f1a271a,cdr_operative,3699f0b3-dabc-477c-82a0-5d2c5b556d40,called,cdr_records,0.06666666666666667,,,Single-source or low-frequency link; supporting evidence only
9b80c219-d473-495f-9004-15c528172c14,24cdea93-60d7-43d6-9004-896d9f1a271a,cdr_operative,38d66af9-6e50-457c-8c19-f962a9c6b435,called,cdr_records,0.8,32e4d776-35df-4688-9259-7b74dd290ddc,,Flagged as suspicious in graph_relationships (multi-source corroboration)
31696a42-9023-49aa-b04c-3537b306934b,24cdea93-60d7-43d6-9004-896d9f1a271a,cdr_operative,3c7a665a-29ef-4c51-937c-9238747d8c3f,called,cdr_records,0.06666666666666667,8e27cb1e-4acc-4c47-ba20-63020505ffb3,,Single-source or low-frequency link; supporting evidence only
1b34db55-3fc0-4481-8383-3f7e64930d8c,24cdea93-60d7-43d6-9004-896d9f1a271a,cdr_operative,47635c92-ffa4-4fc8-b344-531214f40b95,called,cdr_records,0.06666666666666667,a691f6e4-9bec-4abd-88c2-2fea613fd19e,,Single-source or low-frequency link; supporting evidence only
086413d7-99ac-4b6b-b826-4ba317c4b7c4,24cdea93-60d7-43d6-9004-896d9f1a271a,cdr_operative,64c8c8c4-3eca-40a8-a280-fce21bb2974a,called,cdr_records,0.06666666666666667,32e4d776-35df-4688-9259-7b74dd290ddc,,Single-source or low-frequency link; supporting evidence only
9e87062a-0ffa-4600-a7f8-3e7babdad0c3,24cdea93-60d7-43d6-9004-896d9f1a271a,cdr_operative,66608c82-c95e-449d-8483-39e9876092a0,called,cdr_records,0.06666666666666667,d47201c9-711f-4088-af2a-14e95ccd2b8a,,Single-source or low-frequency link; supporting evidence only
32b1b192-f053-41ad-acbb-b606a602e00b,24cdea93-60d7-43d6-9004-896d9f1a271a,cdr_operative,780380a3-fe83-4fb6-980c-cab0208c14fb,called,cdr_records,0.06666666666666667,,,Single-source or low-frequency link; supporting evidence only
3b08bff7-b4b1-4cd5-b06f-17ae66048293,24cdea93-60d7-43d6-9004-896d9f1a271a,cdr_operative,a4df7d87-34bc-47a4-b7ee-ea24387b8f86,called,cdr_records,0.06666666666666667,419255c5-c457-4c9f-bcda-0a7c3d99e2ba,,Single-source or low-frequency link; supporting evidence only
85096f0a-4c38-47fb-83ab-b67e865751e6,24cdea93-60d7-43d6-9004-896d9f1a271a,cdr_operative,fadc20a4-a5ff-4ca0-a3e7-8c5cb974aefb,called,cdr_records,0.06666666666666667,,,Single-source or low-frequency link; supporting evidence only
9fab36bb-979d-45db-9b86-51d5141abe2e,24cdea93-60d7-43d6-9004-896d9f1a271a,cdr_operative,fda48128-2192-4b25-b3ea-16e344d9bf64,called,cdr_records,0.06666666666666667,32e4d776-35df-4688-9259-7b74dd290ddc,,Single-source or low-frequency link; supporting evidence only
9811baaa-344b-4ba3-b968-e911378025e0,27c380f2-fa41-483e-b931-a7a973ccb69a,cdr_peripheral,29e44cfd-7d35-4a04-ae90-6fdf73acc416,called,cdr_records,0.13333333333333333,ed3276a9-f584-49cf-81b2-430e73eff8e0,,Single-source or low-frequency link; supporting evidence only
53f81824-96c7-41c5-a6d7-0b20eea2d658,27c380f2-fa41-483e-b931-a7a973ccb69a,cdr_peripheral,376f27e4-a6c9-48fb-be55-e53c25f6e965,called,cdr_records,0.06666666666666667,97dc9d85-ecad-4d07-91c0-9c19bd0144ba,,Single-source or low-frequency link; supporting evidence only
fbd65723-2ccc-4b6b-b763-6fd50ae96c74,27c380f2-fa41-483e-b931-a7a973ccb69a,cdr_peripheral,4285df9b-9b16-4ccd-9844-3508c0d49fdc,called+financial_transfer,"cdr_records,financial_transactions",0.5,,,Flagged as suspicious in graph_relationships (multi-source corroboration)
c5f5c32c-675d-4e69-bd69-7fa8b1837076,27c380f2-fa41-483e-b931-a7a973ccb69a,cdr_peripheral,7a8dcb3d-2353-4f1c-8481-583a228493ce,called,cdr_records,0.06666666666666667,,,Single-source or low-frequency link; supporting evidence only
b8c5e4c8-c863-4b1d-a298-1a93054d0c39,27c380f2-fa41-483e-b931-a7a973ccb69a,cdr_peripheral,7d6f20e1-961e-46de-8504-3ea2f6d7692a,called,cdr_records,0.06666666666666667,b8d3ad45-c8d8-4136-823b-dc56797bbe6a,,Single-source or low-frequency link; supporting evidence only
8d718b01-1ca0-4e06-b87c-1da4725a6e4b,27c380f2-fa41-483e-b931-a7a973ccb69a,cdr_peripheral,97c19247-87ac-486f-ac15-862d7a702684,called,cdr_records,0.06666666666666667,,,Single-source or low-frequency link; supporting evidence only
ba7cc65a-e426-404b-a5f1-4ef59ee89e0d,27c380f2-fa41-483e-b931-a7a973ccb69a,cdr_peripheral,a249f1b5-82e1-4c5b-a594-3a1738f6cd01,called,cdr_records,0.06666666666666667,965473d2-140c-4f93-a2ec-6146894edced,,Single-source or low-frequency link; supporting evidence only
ee9451fc-b612-4036-a839-5f467b09e95c,27c380f2-fa41-483e-b931-a7a973ccb69a,cdr_peripheral,a8e8d715-c685-4e6e-b7b6-770c44b19fa0,called,cdr_records,0.06666666666666667,31b964e9-e0a0-4342-9d40-d7ea00c2e077,,Single-source or low-frequency link; supporting evidence only
a796faa4-890e-44e9-b82b-46b0dacc7057,27c380f2-fa41-483e-b931-a7a973ccb69a,cdr_peripheral,acd25cbb-36f7-421c-b26e-f6d029411c71,called,cdr_records,0.06666666666666667,ccaf96a0-e148-4313-9d29-ab057a8be0dd,,Single-source or low-frequency link; supporting evidence only
cc0feef0-6ac0-46d0-a049-0bfd369df0c7,27c380f2-fa41-483e-b931-a7a973ccb69a,cdr_peripheral,e1beaf71-9083-44d6-bf40-81271b755321,called,cdr_records,0.06666666666666667,f2f115ab-5b0b-4cdc-a136-b775845814d5,,Single-source or low-frequency link; supporting evidence only
6aa89031-c2be-4986-bd0c-24b0d768ae5b,27c380f2-fa41-483e-b931-a7a973ccb69a,cdr_peripheral,fadc20a4-a5ff-4ca0-a3e7-8c5cb974aefb,called,cdr_records,0.2,a691f6e4-9bec-4abd-88c2-2fea613fd19e,,Flagged as suspicious in graph_relationships (multi-source corroboration)
4c02d3c1-74ff-438e-a527-ec456c74becb,27c380f2-fa41-483e-b931-a7a973ccb69a,cdr_peripheral,fda48128-2192-4b25-b3ea-16e344d9bf64,called,cdr_records,0.2,b9787f53-534b-412b-9b7f-7e0190046463,,Flagged as suspicious in graph_relationships (multi-source corroboration)
9029f660-0ef8-4bf3-b0bc-0a42dd86b972,27c380f2-fa41-483e-b931-a7a973ccb69a,cdr_peripheral,fecebe3d-821d-4461-8f73-50f40303c96c,called,cdr_records,0.06666666666666667,31b964e9-e0a0-4342-9d40-d7ea00c2e077,,Single-source or low-frequency link; supporting evidence only
bf72ea6f-0ae1-477f-bd1e-81ec01f7f0ae,29e44cfd-7d35-4a04-ae90-6fdf73acc416,cdr_lieutenant,29e44cfd-7d35-4a04-ae90-6fdf73acc416,called,cdr_records,1,32e4d776-35df-4688-9259-7b74dd290ddc,,Flagged as suspicious in graph_relationships (multi-source corroboration)
02dd02f5-35fd-44a4-a4cd-ff2e6fd9d0e3,29e44cfd-7d35-4a04-ae90-6fdf73acc416,cdr_lieutenant,376f27e4-a6c9-48fb-be55-e53c25f6e965,called,cdr_records,0.06666666666666667,97dc9d85-ecad-4d07-91c0-9c19bd0144ba,,Single-source or low-frequency link; supporting evidence only
a650a27e-63cb-4beb-a0ea-30fc5d80140a,29e44cfd-7d35-4a04-ae90-6fdf73acc416,cdr_lieutenant,3c7a665a-29ef-4c51-937c-9238747d8c3f,called,cdr_records,0.2,a7849323-bce8-46b2-a835-75ac4446df2d,,Flagged as suspicious in graph_relationships (multi-source corroboration)
a8cd67c1-c873-4198-a29c-06cea6fc8cad,29e44cfd-7d35-4a04-ae90-6fdf73acc416,cdr_lieutenant,45fde464-2062-4c6b-8c6d-947c4580b94d,called,cdr_records,0.9333333333333333,32e4d776-35df-4688-9259-7b74dd290ddc,,Flagged as suspicious in graph_relationships (multi-source corroboration)
acc48eda-9053-4783-97f6-5f68ca1bc01a,29e44cfd-7d35-4a04-ae90-6fdf73acc416,cdr_lieutenant,47635c92-ffa4-4fc8-b344-531214f40b95,called,cdr_records,0.06666666666666667,04f26d44-0c08-4f75-a336-71b46b7a94f1,,Single-source or low-frequency link; supporting evidence only
588b939c-ad0c-4aa5-af67-9a85b8c30f41,29e44cfd-7d35-4a04-ae90-6fdf73acc416,cdr_lieutenant,527acfb6-d569-437a-93dd-9ffe15d94950,called,cdr_records,0.5333333333333333,32e4d776-35df-4688-9259-7b74dd290ddc,,Flagged as suspicious in graph_relationships (multi-source corroboration)
24bd7fd1-483d-4ef2-a5e1-a97f4e87b1de,29e44cfd-7d35-4a04-ae90-6fdf73acc416,cdr_lieutenant,58403a85-3bb2-4384-b35a-06d05951268a,called,cdr_records,1,32e4d776-35df-4688-9259-7b74dd290ddc,,Flagged as suspicious in graph_relationships (multi-source corroboration)
0cbc994b-b467-44f9-a509-5cede76997c0,29e44cfd-7d35-4a04-ae90-6fdf73acc416,cdr_lieutenant,5a6f730b-aff6-4672-843f-6f051b6ca392,called,cdr_records,0.8,b8d3ad45-c8d8-4136-823b-dc56797bbe6a,,Flagged as suspicious in graph_relationships (multi-source corroboration)
11eb36ff-36e2-429b-8980-885eee80cefd,29e44cfd-7d35-4a04-ae90-6fdf73acc416,cdr_lieutenant,6a1dcf18-6c4f-44c3-a14b-752c80221fe0,called+co_observed,"cdr_records,surveillance_records",0.55,f2f115ab-5b0b-4cdc-a136-b775845814d5,,Flagged as suspicious in graph_relationships (multi-source corroboration)
43d765ef-9b26-4659-9b9a-f6ba1a27136b,29e44cfd-7d35-4a04-ae90-6fdf73acc416,cdr_lieutenant,7a8dcb3d-2353-4f1c-8481-583a228493ce,called,cdr_records,0.6,32e4d776-35df-4688-9259-7b74dd290ddc,,Flagged as suspicious in graph_relationships (multi-source corroboration)
b5484c7b-321e-4b3d-a73f-9dae24bf6892,29e44cfd-7d35-4a04-ae90-6fdf73acc416,cdr_lieutenant,97c19247-87ac-486f-ac15-862d7a702684,called,cdr_records,0.5333333333333333,32e4d776-35df-4688-9259-7b74dd290ddc,,Flagged as suspicious in graph_relationships (multi-source corroboration)
781dcdbb-ae31-43b4-8f2e-42501108326a,29e44cfd-7d35-4a04-ae90-6fdf73acc416,cdr_lieutenant,9b8c97f6-e515-44fa-9b93-a3cbf7295baa,called,cdr_records,0.4,32e4d776-35df-4688-9259-7b74dd290ddc,,Flagged as suspicious in graph_relationships (multi-source corroboration)
14325850-31a0-495e-a6a5-2f10b7536754,29e44cfd-7d35-4a04-ae90-6fdf73acc416,cdr_lieutenant,a4df7d87-34bc-47a4-b7ee-ea24387b8f86,called,cdr_records,0.06666666666666667,a691f6e4-9bec-4abd-88c2-2fea613fd19e,,Single-source or low-frequency link; supporting evidence only
6034fd8e-4ae5-436c-a884-9916f9e7c905,29e44cfd-7d35-4a04-ae90-6fdf73acc416,cdr_lieutenant,df8f9173-d8b6-46df-ad3c-2ebcbba09b2e,called,cdr_records,0.06666666666666667,419255c5-c457-4c9f-bcda-0a7c3d99e2ba,,Single-source or low-frequency link; supporting evidence only
316ea128-fb7c-4962-9129-450e6c0d4146,29e44cfd-7d35-4a04-ae90-6fdf73acc416,cdr_lieutenant,fadc20a4-a5ff-4ca0-a3e7-8c5cb974aefb,called,cdr_records,0.06666666666666667,ed3276a9-f584-49cf-81b2-430e73eff8e0,,Single-source or low-frequency link; supporting evidence only
8e892402-6a21-4937-ad14-40df564240c4,33824001-fe02-4217-b31a-d965654a2d66,social_discovered_associate,b681e7e8-fb53-41e2-a5e0-137f14ae1cb4,called,cdr_records,0.06666666666666667,,,Single-source or low-frequency link; supporting evidence only
861f7a8b-df9a-41d2-a604-7729e620d30d,33824001-fe02-4217-b31a-d965654a2d66,social_discovered_associate,fa00070c-1deb-4b17-9387-7bd434ff75af,called+financial_transfer,"cdr_records,financial_transactions",0.125,,,Single-source or low-frequency link; supporting evidence only
067680bf-7414-4e0b-8532-0602061566f1,33824001-fe02-4217-b31a-d965654a2d66,social_discovered_associate,fe23bf1a-8c7f-4ce5-bf1d-7b53804dd17d,called+financial_transfer,"cdr_records,financial_transactions",1,,,Flagged as suspicious in graph_relationships (multi-source corroboration)
17e83dcc-e040-4d54-b30b-f1f6a7c31ab9,3643d4ea-27fb-4c10-8358-963c6f1a841f,cdr_operative,3643d4ea-27fb-4c10-8358-963c6f1a841f,called,cdr_records,0.26666666666666666,32e4d776-35df-4688-9259-7b74dd290ddc,,Flagged as suspicious in graph_relationships (multi-source corroboration)
3d8e6afa-ae9c-43b3-a70e-bb1f562e5f32,3643d4ea-27fb-4c10-8358-963c6f1a841f,cdr_operative,3c7a665a-29ef-4c51-937c-9238747d8c3f,called,cdr_records,0.06666666666666667,,,Single-source or low-frequency link; supporting evidence only
6022c328-0446-4e03-ae34-fac47374315f,3643d4ea-27fb-4c10-8358-963c6f1a841f,cdr_operative,4604c0fb-6f50-45d8-9c76-8c666a59a025,called,cdr_records,0.06666666666666667,b9787f53-534b-412b-9b7f-7e0190046463,,Single-source or low-frequency link; supporting evidence only
fa915aec-e86f-409a-bc13-428703abc742,3643d4ea-27fb-4c10-8358-963c6f1a841f,cdr_operative,4a2c443a-ac5b-475a-8418-5e2f8033b25e,called,cdr_records,0.06666666666666667,b8d3ad45-c8d8-4136-823b-dc56797bbe6a,,Single-source or low-frequency link; supporting evidence only
d3c1dead-5cf9-4bc2-97c8-d50b0299d570,3643d4ea-27fb-4c10-8358-963c6f1a841f,cdr_operative,4bd924a0-4163-4b8e-8fe2-47caadf44a76,called,cdr_records,0.06666666666666667,419255c5-c457-4c9f-bcda-0a7c3d99e2ba,,Single-source or low-frequency link; supporting evidence only
e90c21e0-8921-4047-b0eb-c96420da9f39,3643d4ea-27fb-4c10-8358-963c6f1a841f,cdr_operative,9b8c97f6-e515-44fa-9b93-a3cbf7295baa,called,cdr_records,0.06666666666666667,965473d2-140c-4f93-a2ec-6146894edced,,Single-source or low-frequency link; supporting evidence only
6fb7bda0-685f-41ef-8175-8fd8cf8429d2,3643d4ea-27fb-4c10-8358-963c6f1a841f,cdr_operative,a8e20f0c-a0dc-4b0b-8e64-0798129b4048,called,cdr_records,0.13333333333333333,c96763f4-da85-4d19-91b0-4873ddb73a38,,Single-source or low-frequency link; supporting evidence only
870ab27a-b1d0-4e9b-a629-cb1334398a45,3643d4ea-27fb-4c10-8358-963c6f1a841f,cdr_operative,c529d9ef-2cd1-45c2-9e04-a55827105e21,called,cdr_records,0.7333333333333333,32e4d776-35df-4688-9259-7b74dd290ddc,,Flagged as suspicious in graph_relationships (multi-source corroboration)
019631b2-961b-47f0-b158-efb17adf1d34,3643d4ea-27fb-4c10-8358-963c6f1a841f,cdr_operative,fe23bf1a-8c7f-4ce5-bf1d-7b53804dd17d,called,cdr_records,0.06666666666666667,8e27cb1e-4acc-4c47-ba20-63020505ffb3,,Single-source or low-frequency link; supporting evidence only
40bb2796-f549-4d28-8009-5f7aca3125ec,3699f0b3-dabc-477c-82a0-5d2c5b556d40,financial_mule,fda48128-2192-4b25-b3ea-16e344d9bf64,called,cdr_records,0.06666666666666667,,,Single-source or low-frequency link; supporting evidence only
fa469aee-8e1b-465d-a483-085b25e28c8f,376f27e4-a6c9-48fb-be55-e53c25f6e965,cdr_peripheral,3c7a665a-29ef-4c51-937c-9238747d8c3f,called,cdr_records,0.06666666666666667,419255c5-c457-4c9f-bcda-0a7c3d99e2ba,,Single-source or low-frequency link; supporting evidence only
f23cc905-ff1a-4e6c-a013-1e4bc453662d,376f27e4-a6c9-48fb-be55-e53c25f6e965,cdr_peripheral,45fde464-2062-4c6b-8c6d-947c4580b94d,called,cdr_records,0.06666666666666667,,,Single-source or low-frequency link; supporting evidence only
0f3ee41b-4b74-418d-9bec-fa91dfcc2b81,376f27e4-a6c9-48fb-be55-e53c25f6e965,cdr_peripheral,4bd924a0-4163-4b8e-8fe2-47caadf44a76,called,cdr_records,0.06666666666666667,a7849323-bce8-46b2-a835-75ac4446df2d,,Single-source or low-frequency link; supporting evidence only
0ba2c999-b1ce-49b2-903c-33daf0273dc3,376f27e4-a6c9-48fb-be55-e53c25f6e965,cdr_peripheral,4be433a6-e91f-404d-b1bd-7d3d856145d8,called,cdr_records,0.06666666666666667,04f26d44-0c08-4f75-a336-71b46b7a94f1,,Single-source or low-frequency link; supporting evidence only
d75ba32f-7ffb-4ca2-9cf5-9ee46af89fc9,376f27e4-a6c9-48fb-be55-e53c25f6e965,cdr_peripheral,6180b099-5e5e-4247-9219-81bf4309f50f,called,cdr_records,0.06666666666666667,,,Single-source or low-frequency link; supporting evidence only
ce54c89f-aa5f-4796-85f8-07b7f570edfa,376f27e4-a6c9-48fb-be55-e53c25f6e965,cdr_peripheral,95b21a34-896e-4a99-ab1f-18b495bd8672,called,cdr_records,0.06666666666666667,b9787f53-534b-412b-9b7f-7e0190046463,,Single-source or low-frequency link; supporting evidence only
2488aeb5-06bf-4d38-824e-87e6787678ff,376f27e4-a6c9-48fb-be55-e53c25f6e965,cdr_peripheral,9b4e88b4-77b3-4882-8c33-0051f58d3ce4,called,cdr_records,0.5333333333333333,f2f115ab-5b0b-4cdc-a136-b775845814d5,,Flagged as suspicious in graph_relationships (multi-source corroboration)
721e9fdf-50b2-4721-bb70-6eef704987dd,376f27e4-a6c9-48fb-be55-e53c25f6e965,cdr_peripheral,fadc20a4-a5ff-4ca0-a3e7-8c5cb974aefb,called,cdr_records,0.06666666666666667,97dc9d85-ecad-4d07-91c0-9c19bd0144ba,,Single-source or low-frequency link; supporting evidence only
6bcf6670-0ad9-4324-9108-0f6f6edd6650,38d66af9-6e50-457c-8c19-f962a9c6b435,cdr_lieutenant,38d66af9-6e50-457c-8c19-f962a9c6b435,called,cdr_records,1,419255c5-c457-4c9f-bcda-0a7c3d99e2ba,,Flagged as suspicious in graph_relationships (multi-source corroboration)
ccac6b81-fe04-4b05-956e-c62a057f93c6,38d66af9-6e50-457c-8c19-f962a9c6b435,cdr_lieutenant,4bd924a0-4163-4b8e-8fe2-47caadf44a76,called,cdr_records,0.4666666666666667,32e4d776-35df-4688-9259-7b74dd290ddc,,Flagged as suspicious in graph_relationships (multi-source corroboration)
6448d1fc-cc9c-408d-acf9-5648b4d6ee06,38d66af9-6e50-457c-8c19-f962a9c6b435,cdr_lieutenant,58403a85-3bb2-4384-b35a-06d05951268a,called,cdr_records,0.9333333333333333,f2f115ab-5b0b-4cdc-a136-b775845814d5,,Flagged as suspicious in graph_relationships (multi-source corroboration)
2ce44d23-c09a-4348-9f6d-76f753c66a2c,38d66af9-6e50-457c-8c19-f962a9c6b435,cdr_lieutenant,64aa12fe-332b-426d-9e18-1960f6079b69,called,cdr_records,0.2,419255c5-c457-4c9f-bcda-0a7c3d99e2ba,,Flagged as suspicious in graph_relationships (multi-source corroboration)
2113a83f-4175-4a79-95f5-ba191a5a05e4,38d66af9-6e50-457c-8c19-f962a9c6b435,cdr_lieutenant,a249f1b5-82e1-4c5b-a594-3a1738f6cd01,called,cdr_records,0.5333333333333333,32e4d776-35df-4688-9259-7b74dd290ddc,,Flagged as suspicious in graph_relationships (multi-source corroboration)
4edbf685-cdd9-476a-9043-8210be8b57ca,38d66af9-6e50-457c-8c19-f962a9c6b435,cdr_lieutenant,acd25cbb-36f7-421c-b26e-f6d029411c71,called,cdr_records,0.5333333333333333,32e4d776-35df-4688-9259-7b74dd290ddc,,Flagged as suspicious in graph_relationships (multi-source corroboration)
e8465b1b-e9ce-4900-97bd-7770d88ce3e3,38d66af9-6e50-457c-8c19-f962a9c6b435,cdr_lieutenant,b681e7e8-fb53-41e2-a5e0-137f14ae1cb4,called,cdr_records,0.06666666666666667,,,Single-source or low-frequency link; supporting evidence only
a420ef7c-a780-414f-9acd-c537759ba341,38d66af9-6e50-457c-8c19-f962a9c6b435,cdr_lieutenant,d038f78a-ac24-4255-9b01-1d1541ce8012,called,cdr_records,0.6666666666666666,32e4d776-35df-4688-9259-7b74dd290ddc,,Flagged as suspicious in graph_relationships (multi-source corroboration)
5ada0034-8ac4-4998-a5f2-4e1d5ecfb957,38d66af9-6e50-457c-8c19-f962a9c6b435,cdr_lieutenant,fb3911ba-8769-45a5-ad03-55563c7de121,called,cdr_records,0.9333333333333333,d47201c9-711f-4088-af2a-14e95ccd2b8a,,Flagged as suspicious in graph_relationships (multi-source corroboration)
bafd0a02-2b32-4bd2-8790-20d2b6a62cc0,38d66af9-6e50-457c-8c19-f962a9c6b435,cdr_lieutenant,fecebe3d-821d-4461-8f73-50f40303c96c,called,cdr_records,0.06666666666666667,97dc9d85-ecad-4d07-91c0-9c19bd0144ba,,Single-source or low-frequency link; supporting evidence only
5a2a822f-ee6b-4e96-a48c-aee123866e34,3c7a665a-29ef-4c51-937c-9238747d8c3f,cdr_operative,3c7a665a-29ef-4c51-937c-9238747d8c3f,called,cdr_records,0.26666666666666666,f2f115ab-5b0b-4cdc-a136-b775845814d5,,Flagged as suspicious in graph_relationships (multi-source corroboration)
a69f2882-204f-4e13-bd54-173fe9bfac5c,3c7a665a-29ef-4c51-937c-9238747d8c3f,cdr_operative,43d397f3-6279-4e7b-b1e1-d2dd053d82d2,called,cdr_records,0.6666666666666666,f2f115ab-5b0b-4cdc-a136-b775845814d5,,Flagged as suspicious in graph_relationships (multi-source corroboration)
126586c2-b9f8-4c79-9b20-3de175fdff22,3c7a665a-29ef-4c51-937c-9238747d8c3f,cdr_operative,47635c92-ffa4-4fc8-b344-531214f40b95,called,cdr_records,0.06666666666666667,419255c5-c457-4c9f-bcda-0a7c3d99e2ba,,Single-source or low-frequency link; supporting evidence only
c0a4bd7d-825b-4072-a42f-6e5bfc8ec9c3,3c7a665a-29ef-4c51-937c-9238747d8c3f,cdr_operative,50873f12-f502-48f0-b7b9-1ca825fbb932,called,cdr_records,0.13333333333333333,f2f115ab-5b0b-4cdc-a136-b775845814d5,,Single-source or low-frequency link; supporting evidence only
9a4fc183-c9bf-4843-a294-0d740df183cd,3c7a665a-29ef-4c51-937c-9238747d8c3f,cdr_operative,64c8c8c4-3eca-40a8-a280-fce21bb2974a,called,cdr_records,0.06666666666666667,9e1a4a07-e50c-4870-864f-2d705f28fae5,,Single-source or low-frequency link; supporting evidence only
1014be40-6e61-4072-885e-d0d5d328669b,3c7a665a-29ef-4c51-937c-9238747d8c3f,cdr_operative,6a1dcf18-6c4f-44c3-a14b-752c80221fe0,called,cdr_records,0.13333333333333333,a7849323-bce8-46b2-a835-75ac4446df2d,,Single-source or low-frequency link; supporting evidence only
1aaa7eca-0e6a-4b7e-b777-e39d0c5f7fbb,3c7a665a-29ef-4c51-937c-9238747d8c3f,cdr_operative,7d7a9547-367c-47ec-8c5c-05fb43f36340,called,cdr_records,0.6666666666666666,f2f115ab-5b0b-4cdc-a136-b775845814d5,,Flagged as suspicious in graph_relationships (multi-source corroboration)
9e2a82a3-4c12-48b6-8937-6d6563cdbd8f,3c7a665a-29ef-4c51-937c-9238747d8c3f,cdr_operative,a53fff68-2c1f-4540-a9b7-9187343dc876,called,cdr_records,0.06666666666666667,,,Single-source or low-frequency link; supporting evidence only
efe518c2-6458-4f3e-b2ca-6e0b022cc0d0,3e42409b-e1ab-442a-9ffd-c75a3f7ddc96,financial_lieutenant,55cfdf10-a1a9-4735-ae66-8aae4018cb6a,called,cdr_records,0.06666666666666667,,,Single-source or low-frequency link; supporting evidence only
d997f38a-6a6d-4ae8-a164-4d82a2c811b5,4285df9b-9b16-4ccd-9844-3508c0d49fdc,cdr_lieutenant,4285df9b-9b16-4ccd-9844-3508c0d49fdc,called,cdr_records,1,32e4d776-35df-4688-9259-7b74dd290ddc,,Flagged as suspicious in graph_relationships (multi-source corroboration)
abe03f0d-0514-400e-972f-8b69c16f27db,4285df9b-9b16-4ccd-9844-3508c0d49fdc,cdr_lieutenant,4604c0fb-6f50-45d8-9c76-8c666a59a025,called,cdr_records,0.06666666666666667,97dc9d85-ecad-4d07-91c0-9c19bd0144ba,,Single-source or low-frequency link; supporting evidence only
c18bfb12-58c8-4455-9325-101e9fe2d69e,4285df9b-9b16-4ccd-9844-3508c0d49fdc,cdr_lieutenant,47635c92-ffa4-4fc8-b344-531214f40b95,called,cdr_records,0.06666666666666667,a691f6e4-9bec-4abd-88c2-2fea613fd19e,,Single-source or low-frequency link; supporting evidence only
b17128f5-577a-40d5-8521-416501b0271b,4285df9b-9b16-4ccd-9844-3508c0d49fdc,cdr_lieutenant,4e23666b-e908-419c-8413-cc86957ec667,called+co_observed,"cdr_records,surveillance_records",0.8,32e4d776-35df-4688-9259-7b74dd290ddc,,Flagged as suspicious in graph_relationships (multi-source corroboration)
b433136c-253c-43b0-b214-e65c9f0b3985,4285df9b-9b16-4ccd-9844-3508c0d49fdc,cdr_lieutenant,4f5ce979-ecb2-4e53-b0e3-6c1a025dc4a2,called,cdr_records,0.06666666666666667,ed3276a9-f584-49cf-81b2-430e73eff8e0,,Single-source or low-frequency link; supporting evidence only
14653094-459f-4be9-923b-bf9059203918,4285df9b-9b16-4ccd-9844-3508c0d49fdc,cdr_lieutenant,58403a85-3bb2-4384-b35a-06d05951268a,called,cdr_records,0.8666666666666667,32e4d776-35df-4688-9259-7b74dd290ddc,,Flagged as suspicious in graph_relationships (multi-source corroboration)
d25d5e68-6843-4765-9f81-28877cd4c816,4285df9b-9b16-4ccd-9844-3508c0d49fdc,cdr_lieutenant,598b970f-3219-4a29-a843-eb1703d9bcc2,called,cdr_records,0.06666666666666667,,,Single-source or low-frequency link; supporting evidence only
8ea6dff2-926c-4af4-9f10-c2ebf379a70a,4285df9b-9b16-4ccd-9844-3508c0d49fdc,cdr_lieutenant,635e45b9-affe-4a6b-8d36-f3adf8ebf039,called,cdr_records,0.13333333333333333,c96763f4-da85-4d19-91b0-4873ddb73a38,,Single-source or low-frequency link; supporting evidence only
376c9545-81f3-4adc-a0f1-0ac3e2a761b1,4285df9b-9b16-4ccd-9844-3508c0d49fdc,cdr_lieutenant,6641b356-0f73-4184-9190-a96424cd43c5,called,cdr_records,0.13333333333333333,32e4d776-35df-4688-9259-7b74dd290ddc,,Single-source or low-frequency link; supporting evidence only
47f72006-cc91-4393-a276-34d1831f4bc5,4285df9b-9b16-4ccd-9844-3508c0d49fdc,cdr_lieutenant,6a1dcf18-6c4f-44c3-a14b-752c80221fe0,called,cdr_records,0.6666666666666666,32e4d776-35df-4688-9259-7b74dd290ddc,,Flagged as suspicious in graph_relationships (multi-source corroboration)
bbf38158-d3fd-47ea-a2a0-d8ca01b6e749,4285df9b-9b16-4ccd-9844-3508c0d49fdc,cdr_lieutenant,8bc0df36-e3d8-4a4a-8c8e-accca462e3ee,called,cdr_records,0.4666666666666667,32e4d776-35df-4688-9259-7b74dd290ddc,,Flagged as suspicious in graph_relationships (multi-source corroboration)
3be18c60-f84f-425f-a14d-2e3f8be0c300,4285df9b-9b16-4ccd-9844-3508c0d49fdc,cdr_lieutenant,a4df7d87-34bc-47a4-b7ee-ea24387b8f86,called,cdr_records,0.13333333333333333,b9787f53-534b-412b-9b7f-7e0190046463,,Single-source or low-frequency link; supporting evidence only
df20a70f-323c-40b4-ab27-03b49b20e14d,4285df9b-9b16-4ccd-9844-3508c0d49fdc,cdr_lieutenant,df8f9173-d8b6-46df-ad3c-2ebcbba09b2e,called,cdr_records,0.4666666666666667,32e4d776-35df-4688-9259-7b74dd290ddc,,Flagged as suspicious in graph_relationships (multi-source corroboration)
ee1d244c-68a9-405a-8dd7-c7dc92e4e372,4285df9b-9b16-4ccd-9844-3508c0d49fdc,cdr_lieutenant,fa00070c-1deb-4b17-9387-7bd434ff75af,called,cdr_records,0.5333333333333333,32e4d776-35df-4688-9259-7b74dd290ddc,,Flagged as suspicious in graph_relationships (multi-source corroboration)
8ed6110c-731d-4fa2-b259-d2b17f844ff8,4285df9b-9b16-4ccd-9844-3508c0d49fdc,cdr_lieutenant,fb3911ba-8769-45a5-ad03-55563c7de121,called,cdr_records,0.06666666666666667,,,Single-source or low-frequency link; supporting evidence only
fe26fd6e-f573-4202-b59c-bc64fdc2d48a,43d397f3-6279-4e7b-b1e1-d2dd053d82d2,cdr_lieutenant,43d397f3-6279-4e7b-b1e1-d2dd053d82d2,called,cdr_records,1,f2f115ab-5b0b-4cdc-a136-b775845814d5,,Flagged as suspicious in graph_relationships (multi-source corroboration)
32c9816f-4f93-4343-a8fc-65a35c837d35,43d397f3-6279-4e7b-b1e1-d2dd053d82d2,cdr_lieutenant,6da2a43c-3bff-4bc9-b9d0-5d6b9b496b89,called,cdr_records,0.8666666666666667,f2f115ab-5b0b-4cdc-a136-b775845814d5,,Flagged as suspicious in graph_relationships (multi-source corroboration)
d1149481-2cef-48f2-b3d1-093a60364976,43d397f3-6279-4e7b-b1e1-d2dd053d82d2,cdr_lieutenant,9b4e88b4-77b3-4882-8c33-0051f58d3ce4,called+co_observed,"cdr_records,surveillance_records",0.55,d47201c9-711f-4088-af2a-14e95ccd2b8a,,Flagged as suspicious in graph_relationships (multi-source corroboration)
4246cf6f-ec6d-46a9-aa18-2376c4621ebd,43d397f3-6279-4e7b-b1e1-d2dd053d82d2,cdr_lieutenant,a1986a86-ee18-4b99-bde2-9f10ab7ccd8e,called,cdr_records,0.4666666666666667,f2f115ab-5b0b-4cdc-a136-b775845814d5,,Flagged as suspicious in graph_relationships (multi-source corroboration)
49343eb3-9296-47c0-affb-272d174b45a7,43d397f3-6279-4e7b-b1e1-d2dd053d82d2,cdr_lieutenant,e1beaf71-9083-44d6-bf40-81271b755321,called,cdr_records,0.6,f2f115ab-5b0b-4cdc-a136-b775845814d5,,Flagged as suspicious in graph_relationships (multi-source corroboration)
2589b65a-daae-4ee6-8ae5-1753f39fb0ad,43d397f3-6279-4e7b-b1e1-d2dd053d82d2,cdr_lieutenant,f41f457b-1975-41bc-97f0-d83efefcce31,called,cdr_records,0.06666666666666667,b8d3ad45-c8d8-4136-823b-dc56797bbe6a,,Single-source or low-frequency link; supporting evidence only
1b443bc1-0bd5-49aa-9c95-803b96ecfa7f,43d397f3-6279-4e7b-b1e1-d2dd053d82d2,cdr_lieutenant,fe23bf1a-8c7f-4ce5-bf1d-7b53804dd17d,called,cdr_records,0.06666666666666667,a691f6e4-9bec-4abd-88c2-2fea613fd19e,,Single-source or low-frequency link; supporting evidence only
daeddc76-02b4-4708-bd85-e48ea7813865,454733be-201b-4f37-bdc8-fabcf42fcd20,financial_mule,7a8dcb3d-2353-4f1c-8481-583a228493ce,called,cdr_records,0.06666666666666667,,,Single-source or low-frequency link; supporting evidence only
5887dc5e-70bf-442a-b40d-ac380be8960e,4556cc56-b8be-4b38-9780-75ecd506fb1d,financial_mule,4604c0fb-6f50-45d8-9c76-8c666a59a025,called+financial_transfer,"cdr_records,financial_transactions",0.125,,,Single-source or low-frequency link; supporting evidence only
b5f7234f-c35e-4e03-a74f-e45e77d62b4a,4556cc56-b8be-4b38-9780-75ecd506fb1d,financial_mule,4e23666b-e908-419c-8413-cc86957ec667,called+financial_transfer,"cdr_records,financial_transactions",0.375,,,Flagged as suspicious in graph_relationships (multi-source corroboration)
a5f78618-4d9c-4a60-b1db-4c40e73c3a78,4556cc56-b8be-4b38-9780-75ecd506fb1d,financial_mule,a8e8d715-c685-4e6e-b7b6-770c44b19fa0,called,cdr_records,0.06666666666666667,,,Single-source or low-frequency link; supporting evidence only
50ee461d-531e-46f5-bd26-b69548b0a80a,45fde464-2062-4c6b-8c6d-947c4580b94d,cdr_operative,45fde464-2062-4c6b-8c6d-947c4580b94d,called,cdr_records,0.2,32e4d776-35df-4688-9259-7b74dd290ddc,,Flagged as suspicious in graph_relationships (multi-source corroboration)
c3f880a8-4991-4d35-9e5b-e75a3a6a39b2,45fde464-2062-4c6b-8c6d-947c4580b94d,cdr_operative,64c8c8c4-3eca-40a8-a280-fce21bb2974a,called,cdr_records,0.06666666666666667,,,Single-source or low-frequency link; supporting evidence only
08c791ca-b03c-4cd0-a9af-5d68ea2f11a3,4604c0fb-6f50-45d8-9c76-8c666a59a025,cdr_peripheral,470bc6dc-44e7-4c45-bf4a-da28c0844bdf,called,cdr_records,0.4,f2f115ab-5b0b-4cdc-a136-b775845814d5,,Flagged as suspicious in graph_relationships (multi-source corroboration)
804f960f-6e27-4409-b140-8b5b9d6d9437,4604c0fb-6f50-45d8-9c76-8c666a59a025,cdr_peripheral,4a2c443a-ac5b-475a-8418-5e2f8033b25e,called,cdr_records,0.06666666666666667,c96763f4-da85-4d19-91b0-4873ddb73a38,,Single-source or low-frequency link; supporting evidence only
0f3539a9-5fe1-4043-9fd4-2eeeb1aaf8c4,4604c0fb-6f50-45d8-9c76-8c666a59a025,cdr_peripheral,635e45b9-affe-4a6b-8d36-f3adf8ebf039,called+financial_transfer,"cdr_records,financial_transactions",0.125,9e1a4a07-e50c-4870-864f-2d705f28fae5,,Single-source or low-frequency link; supporting evidence only
9ffbddd5-d431-4b44-90bb-f7258bd0c2c1,4604c0fb-6f50-45d8-9c76-8c666a59a025,cdr_peripheral,66608c82-c95e-449d-8483-39e9876092a0,called,cdr_records,0.06666666666666667,b8d3ad45-c8d8-4136-823b-dc56797bbe6a,,Single-source or low-frequency link; supporting evidence only
9b29035b-0f4c-42f7-8635-d4e083976088,4604c0fb-6f50-45d8-9c76-8c666a59a025,cdr_peripheral,7a8dcb3d-2353-4f1c-8481-583a228493ce,called,cdr_records,0.13333333333333333,,,Single-source or low-frequency link; supporting evidence only
b8bad4dd-3a23-4545-b106-ebd359ebb637,4604c0fb-6f50-45d8-9c76-8c666a59a025,cdr_peripheral,a4df7d87-34bc-47a4-b7ee-ea24387b8f86,called,cdr_records,0.06666666666666667,04f26d44-0c08-4f75-a336-71b46b7a94f1,,Single-source or low-frequency link; supporting evidence only
eb3d04c0-366d-4415-a509-118767b4da4c,4604c0fb-6f50-45d8-9c76-8c666a59a025,cdr_peripheral,a8e20f0c-a0dc-4b0b-8e64-0798129b4048,called,cdr_records,0.06666666666666667,31b964e9-e0a0-4342-9d40-d7ea00c2e077,,Single-source or low-frequency link; supporting evidence only
1f90b862-3847-4357-9c03-33a4ba0414e6,4604c0fb-6f50-45d8-9c76-8c666a59a025,cdr_peripheral,d038f78a-ac24-4255-9b01-1d1541ce8012,called,cdr_records,0.06666666666666667,,,Single-source or low-frequency link; supporting evidence only
16d849e7-ba42-4e65-9c8b-65379d88c778,4604c0fb-6f50-45d8-9c76-8c666a59a025,cdr_peripheral,ed7911e6-3465-4f1d-b781-e1f0f3b04c18,called+financial_transfer,"cdr_records,financial_transactions",0.25,,,Flagged as suspicious in graph_relationships (multi-source corroboration)
be8b3f4d-82e0-49fd-b188-36d81f1057d6,4604c0fb-6f50-45d8-9c76-8c666a59a025,cdr_peripheral,fe23bf1a-8c7f-4ce5-bf1d-7b53804dd17d,called,cdr_records,0.13333333333333333,ccaf96a0-e148-4313-9d29-ab057a8be0dd,,Single-source or low-frequency link; supporting evidence only
7ecc72f5-86e4-40e7-98e0-f8593c21c423,470bc6dc-44e7-4c45-bf4a-da28c0844bdf,cdr_operative,470bc6dc-44e7-4c45-bf4a-da28c0844bdf,called,cdr_records,0.4666666666666667,f2f115ab-5b0b-4cdc-a136-b775845814d5,,Flagged as suspicious in graph_relationships (multi-source corroboration)
41be779d-dc09-4b31-8495-96888bfcabd5,470bc6dc-44e7-4c45-bf4a-da28c0844bdf,cdr_operative,47635c92-ffa4-4fc8-b344-531214f40b95,called+co_observed,"cdr_records,surveillance_records",0.55,ccaf96a0-e148-4313-9d29-ab057a8be0dd,,Flagged as suspicious in graph_relationships (multi-source corroboration)
682c5aff-6d24-4f94-a181-c62f81a16b7f,470bc6dc-44e7-4c45-bf4a-da28c0844bdf,cdr_operative,50873f12-f502-48f0-b7b9-1ca825fbb932,called,cdr_records,0.8666666666666667,f2f115ab-5b0b-4cdc-a136-b775845814d5,,Flagged as suspicious in graph_relationships (multi-source corroboration)
618b54a3-8312-4bd2-96c6-033373987868,470bc6dc-44e7-4c45-bf4a-da28c0844bdf,cdr_operative,6641b356-0f73-4184-9190-a96424cd43c5,called,cdr_records,0.06666666666666667,,,Single-source or low-frequency link; supporting evidence only
2132b0da-e02a-4767-8a93-1a0b35105e8d,470bc6dc-44e7-4c45-bf4a-da28c0844bdf,cdr_operative,fadc20a4-a5ff-4ca0-a3e7-8c5cb974aefb,called,cdr_records,0.2,,,Flagged as suspicious in graph_relationships (multi-source corroboration)
61a59f8c-406d-46d0-bb74-8021eecde575,470bc6dc-44e7-4c45-bf4a-da28c0844bdf,cdr_operative,fda48128-2192-4b25-b3ea-16e344d9bf64,called,cdr_records,0.13333333333333333,ed3276a9-f584-49cf-81b2-430e73eff8e0,,Single-source or low-frequency link; supporting evidence only
f91807c4-7e4f-4395-b437-59bc646db0e3,47635c92-ffa4-4fc8-b344-531214f40b95,cdr_peripheral,4a2c443a-ac5b-475a-8418-5e2f8033b25e,called,cdr_records,0.06666666666666667,ed3276a9-f584-49cf-81b2-430e73eff8e0,,Single-source or low-frequency link; supporting evidence only
7ab87a72-3c14-47b6-a719-b68f1cc70317,47635c92-ffa4-4fc8-b344-531214f40b95,cdr_peripheral,4bd924a0-4163-4b8e-8fe2-47caadf44a76,called,cdr_records,0.13333333333333333,419255c5-c457-4c9f-bcda-0a7c3d99e2ba,,Single-source or low-frequency link; supporting evidence only
2c0a90ec-767b-471a-a8fd-3582bad9f964,47635c92-ffa4-4fc8-b344-531214f40b95,cdr_peripheral,4e23666b-e908-419c-8413-cc86957ec667,called,cdr_records,0.06666666666666667,,,Single-source or low-frequency link; supporting evidence only
5db20903-e22b-4fa5-bb9b-d1bb6516da8e,47635c92-ffa4-4fc8-b344-531214f40b95,cdr_peripheral,50873f12-f502-48f0-b7b9-1ca825fbb932,called,cdr_records,0.06666666666666667,97dc9d85-ecad-4d07-91c0-9c19bd0144ba,,Single-source or low-frequency link; supporting evidence only
d2514ace-1a62-495d-bfe0-0fc6460ee0d7,47635c92-ffa4-4fc8-b344-531214f40b95,cdr_peripheral,527acfb6-d569-437a-93dd-9ffe15d94950,called,cdr_records,0.06666666666666667,d47201c9-711f-4088-af2a-14e95ccd2b8a,,Single-source or low-frequency link; supporting evidence only
306b5f36-6a21-4912-b091-eff5f5497207,47635c92-ffa4-4fc8-b344-531214f40b95,cdr_peripheral,58403a85-3bb2-4384-b35a-06d05951268a,called,cdr_records,0.06666666666666667,d47201c9-711f-4088-af2a-14e95ccd2b8a,,Single-source or low-frequency link; supporting evidence only
d2ba1134-2760-41ee-b49c-fdac81ad50f7,47635c92-ffa4-4fc8-b344-531214f40b95,cdr_peripheral,6641b356-0f73-4184-9190-a96424cd43c5,called,cdr_records,0.06666666666666667,f2f115ab-5b0b-4cdc-a136-b775845814d5,,Single-source or low-frequency link; supporting evidence only
08057492-1279-4c81-a4cd-743aa3b8eb60,47635c92-ffa4-4fc8-b344-531214f40b95,cdr_peripheral,94d607d7-3492-48ab-a373-f24cb1390211,called+co_observed,"cdr_records,surveillance_records",0.55,31b964e9-e0a0-4342-9d40-d7ea00c2e077,,Flagged as suspicious in graph_relationships (multi-source corroboration)
e1d4ab37-9af4-41da-800b-ca998b2886dd,47635c92-ffa4-4fc8-b344-531214f40b95,cdr_peripheral,a4df7d87-34bc-47a4-b7ee-ea24387b8f86,called,cdr_records,0.13333333333333333,c96763f4-da85-4d19-91b0-4873ddb73a38,,Single-source or low-frequency link; supporting evidence only
f3a2cd5d-0fea-4e95-9e01-aad667bc1d97,47635c92-ffa4-4fc8-b344-531214f40b95,cdr_peripheral,a8e8d715-c685-4e6e-b7b6-770c44b19fa0,called,cdr_records,0.06666666666666667,b8d3ad45-c8d8-4136-823b-dc56797bbe6a,,Single-source or low-frequency link; supporting evidence only
34060c1a-fadb-4cc0-993b-7a45de4e9c30,47635c92-ffa4-4fc8-b344-531214f40b95,cdr_peripheral,c529d9ef-2cd1-45c2-9e04-a55827105e21,called,cdr_records,0.06666666666666667,a691f6e4-9bec-4abd-88c2-2fea613fd19e,,Single-source or low-frequency link; supporting evidence only
43f285d4-41a7-45b3-905d-ac142e15779d,47635c92-ffa4-4fc8-b344-531214f40b95,cdr_peripheral,e1beaf71-9083-44d6-bf40-81271b755321,called,cdr_records,0.2,f2f115ab-5b0b-4cdc-a136-b775845814d5,,Flagged as suspicious in graph_relationships (multi-source corroboration)
2b822196-c7a6-4b0e-b2fb-590cfa364af0,47635c92-ffa4-4fc8-b344-531214f40b95,cdr_peripheral,fda48128-2192-4b25-b3ea-16e344d9bf64,called,cdr_records,0.06666666666666667,965473d2-140c-4f93-a2ec-6146894edced,,Single-source or low-frequency link; supporting evidence only
5c85a6ee-831e-476c-97b1-b8e63a3ef971,47635c92-ffa4-4fc8-b344-531214f40b95,cdr_peripheral,fe23bf1a-8c7f-4ce5-bf1d-7b53804dd17d,called,cdr_records,0.06666666666666667,9148906d-82d0-44c2-9ce4-224479a19d29,,Single-source or low-frequency link; supporting evidence only
00bcf6c8-26a6-4646-93d6-19c5e87a7dcc,4a2c443a-ac5b-475a-8418-5e2f8033b25e,cdr_operative,4a2c443a-ac5b-475a-8418-5e2f8033b25e,called,cdr_records,0.2,f2f115ab-5b0b-4cdc-a136-b775845814d5,,Flagged as suspicious in graph_relationships (multi-source corroboration)
4033840a-00ad-4fb3-b011-1ed1ab4ccfca,4a2c443a-ac5b-475a-8418-5e2f8033b25e,cdr_operative,50873f12-f502-48f0-b7b9-1ca825fbb932,called,cdr_records,0.4,f2f115ab-5b0b-4cdc-a136-b775845814d5,,Flagged as suspicious in graph_relationships (multi-source corroboration)
b5ffde88-2cd4-48cf-b64c-7b2d0c5f7b11,4a2c443a-ac5b-475a-8418-5e2f8033b25e,cdr_operative,73afdf7b-f403-4f68-a828-79d245d66657,called+financial_transfer,"cdr_records,financial_transactions",0.125,,,Single-source or low-frequency link; supporting evidence only
f711e584-4c40-4328-8197-f5cd921a7516,4a2c443a-ac5b-475a-8418-5e2f8033b25e,cdr_operative,a4df7d87-34bc-47a4-b7ee-ea24387b8f86,called,cdr_records,0.06666666666666667,97dc9d85-ecad-4d07-91c0-9c19bd0144ba,,Single-source or low-frequency link; supporting evidence only
11bf2b50-4899-42e4-92c0-373a38b1059d,4a2c443a-ac5b-475a-8418-5e2f8033b25e,cdr_operative,b56c9b82-0597-4e04-9c41-1272f478a5d2,called+financial_transfer,"cdr_records,financial_transactions",0.4,f2f115ab-5b0b-4cdc-a136-b775845814d5,,Flagged as suspicious in graph_relationships (multi-source corroboration)
b4daf67a-061a-4860-b119-5773312231e8,4a2c443a-ac5b-475a-8418-5e2f8033b25e,cdr_operative,fda48128-2192-4b25-b3ea-16e344d9bf64,called,cdr_records,0.06666666666666667,31b964e9-e0a0-4342-9d40-d7ea00c2e077,,Single-source or low-frequency link; supporting evidence only
53d64859-a58d-42fd-916d-c0a65a935d4b,4bd924a0-4163-4b8e-8fe2-47caadf44a76,cdr_operative,4bd924a0-4163-4b8e-8fe2-47caadf44a76,called,cdr_records,0.26666666666666666,32e4d776-35df-4688-9259-7b74dd290ddc,,Flagged as suspicious in graph_relationships (multi-source corroboration)
36eb40a1-c6bb-463c-9ec9-4f3ca31d62a2,4bd924a0-4163-4b8e-8fe2-47caadf44a76,cdr_operative,58403a85-3bb2-4384-b35a-06d05951268a,called,cdr_records,0.06666666666666667,f2f115ab-5b0b-4cdc-a136-b775845814d5,,Single-source or low-frequency link; supporting evidence only
170f7bcd-c88d-406d-913e-da22a3bf3dff,4bd924a0-4163-4b8e-8fe2-47caadf44a76,cdr_operative,635e45b9-affe-4a6b-8d36-f3adf8ebf039,called,cdr_records,0.13333333333333333,9e1a4a07-e50c-4870-864f-2d705f28fae5,,Single-source or low-frequency link; supporting evidence only
87f0c2b5-f2ba-4aeb-bf80-57028096b3e8,4bd924a0-4163-4b8e-8fe2-47caadf44a76,cdr_operative,6641b356-0f73-4184-9190-a96424cd43c5,called,cdr_records,0.06666666666666667,97dc9d85-ecad-4d07-91c0-9c19bd0144ba,,Single-source or low-frequency link; supporting evidence only
7c37645f-5347-4eb3-af7e-d476dfef2cb0,4bd924a0-4163-4b8e-8fe2-47caadf44a76,cdr_operative,a8e8d715-c685-4e6e-b7b6-770c44b19fa0,called,cdr_records,0.06666666666666667,,,Single-source or low-frequency link; supporting evidence only
fce79867-337d-4637-9d32-fa0459969df1,4bd924a0-4163-4b8e-8fe2-47caadf44a76,cdr_operative,c529d9ef-2cd1-45c2-9e04-a55827105e21,called,cdr_records,0.13333333333333333,8e27cb1e-4acc-4c47-ba20-63020505ffb3,,Single-source or low-frequency link; supporting evidence only
138751d7-523c-4295-9d5a-cc9699d8ebbc,4be433a6-e91f-404d-b1bd-7d3d856145d8,cdr_peripheral,50873f12-f502-48f0-b7b9-1ca825fbb932,called,cdr_records,0.06666666666666667,,,Single-source or low-frequency link; supporting evidence only
ccb16cd9-7b22-4563-ac9c-4e172a67d7ae,4be433a6-e91f-404d-b1bd-7d3d856145d8,cdr_peripheral,80d1a12f-12b3-4bd3-abd1-b154fc01378c,called,cdr_records,0.06666666666666667,9148906d-82d0-44c2-9ce4-224479a19d29,,Single-source or low-frequency link; supporting evidence only
0d201b3e-8e82-4f95-923f-962f32464a13,4be433a6-e91f-404d-b1bd-7d3d856145d8,cdr_peripheral,95b21a34-896e-4a99-ab1f-18b495bd8672,called,cdr_records,0.06666666666666667,,,Single-source or low-frequency link; supporting evidence only
36ec0021-37c4-4157-ab07-eccc09894843,4be433a6-e91f-404d-b1bd-7d3d856145d8,cdr_peripheral,9b8c97f6-e515-44fa-9b93-a3cbf7295baa,called,cdr_records,0.4,f2f115ab-5b0b-4cdc-a136-b775845814d5,,Flagged as suspicious in graph_relationships (multi-source corroboration)
b57609fe-f13e-4cf7-a0f5-26b35287c04a,4be433a6-e91f-404d-b1bd-7d3d856145d8,cdr_peripheral,a1986a86-ee18-4b99-bde2-9f10ab7ccd8e,called,cdr_records,0.13333333333333333,b9787f53-534b-412b-9b7f-7e0190046463,,Single-source or low-frequency link; supporting evidence only
afd199fe-4982-4300-8bc1-71558f477a6d,4be433a6-e91f-404d-b1bd-7d3d856145d8,cdr_peripheral,a8e20f0c-a0dc-4b0b-8e64-0798129b4048,called,cdr_records,0.06666666666666667,7d104ee8-3694-4a75-ae8d-165f02f3074f,,Single-source or low-frequency link; supporting evidence only
73604da6-325c-4770-bfed-cda8e19b894a,4de490be-92c2-4542-a982-4a674c43b835,social_discovered_associate,7a8dcb3d-2353-4f1c-8481-583a228493ce,called,cdr_records,0.06666666666666667,,,Single-source or low-frequency link; supporting evidence only
da080329-18af-4d17-a214-5cd97569f3cd,4de490be-92c2-4542-a982-4a674c43b835,social_discovered_associate,fa00070c-1deb-4b17-9387-7bd434ff75af,called,cdr_records,0.06666666666666667,,,Single-source or low-frequency link; supporting evidence only
a1a2bc73-b336-495b-b133-ac69a1568901,4e23666b-e908-419c-8413-cc86957ec667,cdr_operative,4e23666b-e908-419c-8413-cc86957ec667,called,cdr_records,0.13333333333333333,32e4d776-35df-4688-9259-7b74dd290ddc,,Single-source or low-frequency link; supporting evidence only
2741b889-e63a-42da-9092-7c8b26953128,4f5ce979-ecb2-4e53-b0e3-6c1a025dc4a2,cdr_operative,4f5ce979-ecb2-4e53-b0e3-6c1a025dc4a2,called,cdr_records,0.26666666666666666,f2f115ab-5b0b-4cdc-a136-b775845814d5,,Flagged as suspicious in graph_relationships (multi-source corroboration)
9a865fab-3b1a-4ec0-8400-6596631449e3,4f5ce979-ecb2-4e53-b0e3-6c1a025dc4a2,cdr_operative,9b4e88b4-77b3-4882-8c33-0051f58d3ce4,called,cdr_records,0.06666666666666667,d47201c9-711f-4088-af2a-14e95ccd2b8a,,Single-source or low-frequency link; supporting evidence only
b0751bff-9c9a-4416-a6a3-9dad6de47e38,4f5ce979-ecb2-4e53-b0e3-6c1a025dc4a2,cdr_operative,9b8c97f6-e515-44fa-9b93-a3cbf7295baa,called+co_observed,"cdr_records,surveillance_records",0.55,d47201c9-711f-4088-af2a-14e95ccd2b8a,,Flagged as suspicious in graph_relationships (multi-source corroboration)
b84828dc-76b8-4823-bf50-95e170a25ebf,4f5ce979-ecb2-4e53-b0e3-6c1a025dc4a2,cdr_operative,a8e8d715-c685-4e6e-b7b6-770c44b19fa0,called+co_observed,"cdr_records,surveillance_records",0.6,f2f115ab-5b0b-4cdc-a136-b775845814d5,,Flagged as suspicious in graph_relationships (multi-source corroboration)
d12953ed-6568-4b19-8200-5d50050db9b9,4f5ce979-ecb2-4e53-b0e3-6c1a025dc4a2,cdr_operative,df8f9173-d8b6-46df-ad3c-2ebcbba09b2e,called+co_observed,"cdr_records,surveillance_records",0.55,a691f6e4-9bec-4abd-88c2-2fea613fd19e,,Flagged as suspicious in graph_relationships (multi-source corroboration)
fc371c95-0a3a-4bad-978a-e3fb55c241fa,4f5ce979-ecb2-4e53-b0e3-6c1a025dc4a2,cdr_operative,f41f457b-1975-41bc-97f0-d83efefcce31,called,cdr_records,0.3333333333333333,f2f115ab-5b0b-4cdc-a136-b775845814d5,,Flagged as suspicious in graph_relationships (multi-source corroboration)
3f275ed0-f15e-4401-b715-824c60e9b805,4f5ce979-ecb2-4e53-b0e3-6c1a025dc4a2,cdr_operative,fe23bf1a-8c7f-4ce5-bf1d-7b53804dd17d,called,cdr_records,0.06666666666666667,04f26d44-0c08-4f75-a336-71b46b7a94f1,,Single-source or low-frequency link; supporting evidence only
8b53bd5b-6775-429f-be17-532913491357,4f5ce979-ecb2-4e53-b0e3-6c1a025dc4a2,cdr_operative,fecebe3d-821d-4461-8f73-50f40303c96c,called+co_observed,"cdr_records,surveillance_records",0.55,f2f115ab-5b0b-4cdc-a136-b775845814d5,,Flagged as suspicious in graph_relationships (multi-source corroboration)
7ca811b0-ae7b-442c-92e7-df2fd7f232d4,50873f12-f502-48f0-b7b9-1ca825fbb932,cdr_lieutenant,50873f12-f502-48f0-b7b9-1ca825fbb932,called,cdr_records,1,f2f115ab-5b0b-4cdc-a136-b775845814d5,,Flagged as suspicious in graph_relationships (multi-source corroboration)
051c55af-4e08-4b78-8d27-ed76c0ac2cc5,50873f12-f502-48f0-b7b9-1ca825fbb932,cdr_lieutenant,58403a85-3bb2-4384-b35a-06d05951268a,called,cdr_records,0.06666666666666667,,,Single-source or low-frequency link; supporting evidence only
6ae7edaa-564c-4467-897a-9bcd9d278c27,50873f12-f502-48f0-b7b9-1ca825fbb932,cdr_lieutenant,64c8c8c4-3eca-40a8-a280-fce21bb2974a,called,cdr_records,0.06666666666666667,a691f6e4-9bec-4abd-88c2-2fea613fd19e,,Single-source or low-frequency link; supporting evidence only
842590c2-b39a-448f-b803-626087941411,50873f12-f502-48f0-b7b9-1ca825fbb932,cdr_lieutenant,6da2a43c-3bff-4bc9-b9d0-5d6b9b496b89,called,cdr_records,0.9333333333333333,f2f115ab-5b0b-4cdc-a136-b775845814d5,,Flagged as suspicious in graph_relationships (multi-source corroboration)
a3ebb11e-b83c-4564-b5cd-162f8e3506a6,50873f12-f502-48f0-b7b9-1ca825fbb932,cdr_lieutenant,9b4e88b4-77b3-4882-8c33-0051f58d3ce4,called,cdr_records,0.5333333333333333,f2f115ab-5b0b-4cdc-a136-b775845814d5,,Flagged as suspicious in graph_relationships (multi-source corroboration)
69547878-7801-43d6-b8b2-6e6ffae47bdc,50873f12-f502-48f0-b7b9-1ca825fbb932,cdr_lieutenant,dcb5fa28-849b-4f4c-b099-f2c540a9bdbc,called,cdr_records,0.6666666666666666,f2f115ab-5b0b-4cdc-a136-b775845814d5,,Flagged as suspicious in graph_relationships (multi-source corroboration)
9fe48d2a-70c0-4a1e-a80f-227d6163247c,527acfb6-d569-437a-93dd-9ffe15d94950,cdr_operative,527acfb6-d569-437a-93dd-9ffe15d94950,called,cdr_records,0.2,32e4d776-35df-4688-9259-7b74dd290ddc,,Flagged as suspicious in graph_relationships (multi-source corroboration)
07b2fdff-61d0-41e6-91d4-284439c06386,527acfb6-d569-437a-93dd-9ffe15d94950,cdr_operative,5d4e95f6-a5b7-458f-bb96-16b83c313283,called,cdr_records,0.06666666666666667,,,Single-source or low-frequency link; supporting evidence only
b9ad160a-879a-4e3a-accf-64144a2c0f0e,527acfb6-d569-437a-93dd-9ffe15d94950,cdr_operative,80d1a12f-12b3-4bd3-abd1-b154fc01378c,called,cdr_records,0.06666666666666667,,,Single-source or low-frequency link; supporting evidence only
34ff5e92-9cbf-4af5-b58f-b2bdbd70aff0,527acfb6-d569-437a-93dd-9ffe15d94950,cdr_operative,a249f1b5-82e1-4c5b-a594-3a1738f6cd01,called,cdr_records,0.06666666666666667,,,Single-source or low-frequency link; supporting evidence only
6e399f16-1c06-4eca-abd6-d40b0dd937c3,527acfb6-d569-437a-93dd-9ffe15d94950,cdr_operative,a4df7d87-34bc-47a4-b7ee-ea24387b8f86,called,cdr_records,0.06666666666666667,b8d3ad45-c8d8-4136-823b-dc56797bbe6a,,Single-source or low-frequency link; supporting evidence only
14365f80-cdc0-46ca-96f2-8574e40e5676,527acfb6-d569-437a-93dd-9ffe15d94950,cdr_operative,a53fff68-2c1f-4540-a9b7-9187343dc876,called,cdr_records,0.06666666666666667,,,Single-source or low-frequency link; supporting evidence only
cef7fac7-e443-4677-9564-68b65092fb1d,527acfb6-d569-437a-93dd-9ffe15d94950,cdr_operative,a8e8d715-c685-4e6e-b7b6-770c44b19fa0,called,cdr_records,0.06666666666666667,,,Single-source or low-frequency link; supporting evidence only
cec8e5c3-96bb-4a02-8c38-2c452dcf9e10,527acfb6-d569-437a-93dd-9ffe15d94950,cdr_operative,b56c9b82-0597-4e04-9c41-1272f478a5d2,called+financial_transfer,"cdr_records,financial_transactions",0.125,,,Single-source or low-frequency link; supporting evidence only
4124adc3-ac46-4195-9269-37420d5db18b,527acfb6-d569-437a-93dd-9ffe15d94950,cdr_operative,f41f457b-1975-41bc-97f0-d83efefcce31,called,cdr_records,0.13333333333333333,b8d3ad45-c8d8-4136-823b-dc56797bbe6a,,Single-source or low-frequency link; supporting evidence only
93ef93f4-7edf-4b43-b2ba-1261f83346fa,527acfb6-d569-437a-93dd-9ffe15d94950,cdr_operative,fe23bf1a-8c7f-4ce5-bf1d-7b53804dd17d,called,cdr_records,0.13333333333333333,8e27cb1e-4acc-4c47-ba20-63020505ffb3,,Single-source or low-frequency link; supporting evidence only
5bee9f3a-7909-4ef9-92e3-0efff7b6fbc6,54c82bdd-31ea-4ed6-9d88-87aa3fa602dd,financial_mule,9b8c97f6-e515-44fa-9b93-a3cbf7295baa,called,cdr_records,0.06666666666666667,,,Single-source or low-frequency link; supporting evidence only
2a2306dd-cd72-4b4d-ba24-e2cc48785552,54c82bdd-31ea-4ed6-9d88-87aa3fa602dd,financial_mule,a320ee3a-ba3e-40b3-b0e9-2d9266f355fc,called,cdr_records,0.06666666666666667,,,Single-source or low-frequency link; supporting evidence only
8189e95d-0ed8-4ecc-8cb5-f81362e174ee,54c82bdd-31ea-4ed6-9d88-87aa3fa602dd,financial_mule,fd989a10-f458-4c0b-b4de-8816b6ffefdc,called,cdr_records,0.06666666666666667,,,Single-source or low-frequency link; supporting evidence only
5dfdf7c4-54b8-4084-9a5c-a84be841b453,55cfdf10-a1a9-4735-ae66-8aae4018cb6a,financial_mule,9b4e88b4-77b3-4882-8c33-0051f58d3ce4,called,cdr_records,0.06666666666666667,,,Single-source or low-frequency link; supporting evidence only
e47836fd-3eaf-4429-a6cf-596aaef42796,55cfdf10-a1a9-4735-ae66-8aae4018cb6a,financial_mule,b3e2dabb-54e4-4cdb-9c2a-0c35250aa2b5,called+financial_transfer,"cdr_records,financial_transactions",0.375,a7849323-bce8-46b2-a835-75ac4446df2d,,Flagged as suspicious in graph_relationships (multi-source corroboration)
046a8e53-255e-4015-9034-e456c06975fb,58403a85-3bb2-4384-b35a-06d05951268a,cdr_kingpin,58403a85-3bb2-4384-b35a-06d05951268a,called,cdr_records,1,32e4d776-35df-4688-9259-7b74dd290ddc,,Flagged as suspicious in graph_relationships (multi-source corroboration)
f1a20ee4-fef9-4fdf-a44c-9fe67328e9b3,58403a85-3bb2-4384-b35a-06d05951268a,cdr_kingpin,64c8c8c4-3eca-40a8-a280-fce21bb2974a,called,cdr_records,0.13333333333333333,ccaf96a0-e148-4313-9d29-ab057a8be0dd,,Single-source or low-frequency link; supporting evidence only
c0c50d5f-4024-4836-b656-413395a4686b,58403a85-3bb2-4384-b35a-06d05951268a,cdr_kingpin,7a8dcb3d-2353-4f1c-8481-583a228493ce,called,cdr_records,0.06666666666666667,7d104ee8-3694-4a75-ae8d-165f02f3074f,,Single-source or low-frequency link; supporting evidence only
c1f1443b-219d-400f-8080-4207811004c1,58403a85-3bb2-4384-b35a-06d05951268a,cdr_kingpin,a1986a86-ee18-4b99-bde2-9f10ab7ccd8e,called,cdr_records,0.06666666666666667,04f26d44-0c08-4f75-a336-71b46b7a94f1,,Single-source or low-frequency link; supporting evidence only
e9e9c223-4052-4a32-a0f6-4d4a44976660,58403a85-3bb2-4384-b35a-06d05951268a,cdr_kingpin,a4df7d87-34bc-47a4-b7ee-ea24387b8f86,called,cdr_records,0.06666666666666667,,,Single-source or low-frequency link; supporting evidence only
f76991ed-3227-4f47-8188-2bd4c5d6eade,58403a85-3bb2-4384-b35a-06d05951268a,cdr_kingpin,b56c9b82-0597-4e04-9c41-1272f478a5d2,called,cdr_records,0.06666666666666667,,,Single-source or low-frequency link; supporting evidence only
f4f0abfc-e29c-475a-9fbf-5eccacaeb230,58403a85-3bb2-4384-b35a-06d05951268a,cdr_kingpin,c529d9ef-2cd1-45c2-9e04-a55827105e21,called,cdr_records,1,32e4d776-35df-4688-9259-7b74dd290ddc,,Flagged as suspicious in graph_relationships (multi-source corroboration)
41171960-5f52-4079-b19c-4a22283efe05,58403a85-3bb2-4384-b35a-06d05951268a,cdr_kingpin,fa00070c-1deb-4b17-9387-7bd434ff75af,called,cdr_records,0.06666666666666667,a7849323-bce8-46b2-a835-75ac4446df2d,,Single-source or low-frequency link; supporting evidence only
aa627c25-f9e6-424a-a7ca-78e24c861f16,598b970f-3219-4a29-a843-eb1703d9bcc2,financial_kingpin,6682d7a0-40b3-4146-9c36-1cf8a8ec6ee9,called,cdr_records,0.06666666666666667,,,Single-source or low-frequency link; supporting evidence only
5589ab88-c966-490d-b1b6-1ca375d120cf,5a6f730b-aff6-4672-843f-6f051b6ca392,cdr_operative,5a6f730b-aff6-4672-843f-6f051b6ca392,called,cdr_records,0.6,32e4d776-35df-4688-9259-7b74dd290ddc,,Flagged as suspicious in graph_relationships (multi-source corroboration)
90b1b896-5481-4bc4-82e6-5dfba26c95af,5a6f730b-aff6-4672-843f-6f051b6ca392,cdr_operative,95b21a34-896e-4a99-ab1f-18b495bd8672,called,cdr_records,0.13333333333333333,965473d2-140c-4f93-a2ec-6146894edced,,Single-source or low-frequency link; supporting evidence only
37b20332-741f-417c-8426-dc8c06a9e1d5,5a6f730b-aff6-4672-843f-6f051b6ca392,cdr_operative,a320ee3a-ba3e-40b3-b0e9-2d9266f355fc,called,cdr_records,0.06666666666666667,,,Single-source or low-frequency link; supporting evidence only
9bb9ec8b-f990-4cef-a39e-f4afbed54ab6,5a6f730b-aff6-4672-843f-6f051b6ca392,cdr_operative,fadc20a4-a5ff-4ca0-a3e7-8c5cb974aefb,called,cdr_records,0.06666666666666667,,,Single-source or low-frequency link; supporting evidence only
197c7958-101b-4cf9-8d44-dabcb8a7b1a8,5d4e95f6-a5b7-458f-bb96-16b83c313283,financial_peripheral,88b8ce01-e7bf-427e-9595-c5bfcbabe267,called,cdr_records,0.06666666666666667,,,Single-source or low-frequency link; supporting evidence only
082e86ad-d227-4b18-9e10-3fb6a66d88c4,61bb3299-d676-4a30-b116-2dff61424c18,financial_peripheral,95b21a34-896e-4a99-ab1f-18b495bd8672,called,cdr_records,0.06666666666666667,,,Single-source or low-frequency link; supporting evidence only
c7f46b9f-4a34-443e-b8b6-6f9f245bce4d,61bb3299-d676-4a30-b116-2dff61424c18,financial_peripheral,b56c9b82-0597-4e04-9c41-1272f478a5d2,called,cdr_records,0.06666666666666667,,,Single-source or low-frequency link; supporting evidence only
2637d66c-b03d-4c2d-a63a-7b8a38eb525b,635e45b9-affe-4a6b-8d36-f3adf8ebf039,cdr_peripheral,b56c9b82-0597-4e04-9c41-1272f478a5d2,called,cdr_records,0.06666666666666667,f2f115ab-5b0b-4cdc-a136-b775845814d5,,Single-source or low-frequency link; supporting evidence only
b0603a42-f841-4f09-a791-549d0216bbde,635e45b9-affe-4a6b-8d36-f3adf8ebf039,cdr_peripheral,f41f457b-1975-41bc-97f0-d83efefcce31,called,cdr_records,0.5333333333333333,f2f115ab-5b0b-4cdc-a136-b775845814d5,,Flagged as suspicious in graph_relationships (multi-source corroboration)
0e5ef981-7cf9-4ba9-b6b8-a7f7d22facc8,635e45b9-affe-4a6b-8d36-f3adf8ebf039,cdr_peripheral,fe23bf1a-8c7f-4ce5-bf1d-7b53804dd17d,called,cdr_records,0.06666666666666667,ccaf96a0-e148-4313-9d29-ab057a8be0dd,,Single-source or low-frequency link; supporting evidence only
28b11452-0ace-41da-8652-fb30de9894ff,635e45b9-affe-4a6b-8d36-f3adf8ebf039,cdr_peripheral,fecebe3d-821d-4461-8f73-50f40303c96c,called,cdr_records,0.6,f2f115ab-5b0b-4cdc-a136-b775845814d5,,Flagged as suspicious in graph_relationships (multi-source corroboration)
a670c7bc-1006-4e27-92fa-60ee70d177fe,63c218e5-a8d7-4156-916b-0ac94511fe49,cdr_operative,63c218e5-a8d7-4156-916b-0ac94511fe49,called,cdr_records,0.13333333333333333,ed3276a9-f584-49cf-81b2-430e73eff8e0,,Single-source or low-frequency link; supporting evidence only
1b22104b-6c30-4b30-82c7-65133493c6c3,63c218e5-a8d7-4156-916b-0ac94511fe49,cdr_operative,94d607d7-3492-48ab-a373-f24cb1390211,called,cdr_records,0.26666666666666666,ed3276a9-f584-49cf-81b2-430e73eff8e0,,Flagged as suspicious in graph_relationships (multi-source corroboration)
47e8658e-7cdc-4ad6-a97c-3526803a4fb0,64aa12fe-332b-426d-9e18-1960f6079b69,cdr_operative,64aa12fe-332b-426d-9e18-1960f6079b69,called,cdr_records,0.06666666666666667,419255c5-c457-4c9f-bcda-0a7c3d99e2ba,,Single-source or low-frequency link; supporting evidence only
dbb020c5-1059-4cf6-a6b3-a1f94eb7d19d,64c8c8c4-3eca-40a8-a280-fce21bb2974a,cdr_peripheral,a1986a86-ee18-4b99-bde2-9f10ab7ccd8e,called,cdr_records,0.06666666666666667,9e1a4a07-e50c-4870-864f-2d705f28fae5,,Single-source or low-frequency link; supporting evidence only
86c3ef39-cc6a-477b-ac61-29934345a8b6,64c8c8c4-3eca-40a8-a280-fce21bb2974a,cdr_peripheral,a249f1b5-82e1-4c5b-a594-3a1738f6cd01,called,cdr_records,0.06666666666666667,32e4d776-35df-4688-9259-7b74dd290ddc,,Single-source or low-frequency link; supporting evidence only
59983f71-2b8d-47ff-9971-949d9e4b7cce,64c8c8c4-3eca-40a8-a280-fce21bb2974a,cdr_peripheral,c529d9ef-2cd1-45c2-9e04-a55827105e21,called,cdr_records,0.4666666666666667,32e4d776-35df-4688-9259-7b74dd290ddc,,Flagged as suspicious in graph_relationships (multi-source corroboration)
56da6a52-be62-4109-8990-b14b59d65dd8,64c8c8c4-3eca-40a8-a280-fce21bb2974a,cdr_peripheral,df8f9173-d8b6-46df-ad3c-2ebcbba09b2e,called,cdr_records,0.5333333333333333,f2f115ab-5b0b-4cdc-a136-b775845814d5,,Flagged as suspicious in graph_relationships (multi-source corroboration)
e3566714-daf6-4e16-84cd-93e019ab3f57,64c8c8c4-3eca-40a8-a280-fce21bb2974a,cdr_peripheral,f41f457b-1975-41bc-97f0-d83efefcce31,called,cdr_records,0.06666666666666667,9148906d-82d0-44c2-9ce4-224479a19d29,,Single-source or low-frequency link; supporting evidence only
66b1419b-ecf9-4663-8619-294552d4f93e,65f2e462-20b2-40dc-aa8d-5e7ced3545a6,financial_peripheral,71ca9b1d-db04-4eaf-8500-9080bd12ad54,called,cdr_records,0.06666666666666667,,,Single-source or low-frequency link; supporting evidence only
fca5ff63-c503-466f-8a70-786811afa19f,65f2e462-20b2-40dc-aa8d-5e7ced3545a6,financial_peripheral,8171e26b-7d4e-41ed-a931-f0414f85531a,called,cdr_records,0.06666666666666667,,,Single-source or low-frequency link; supporting evidence only
8a1511f9-5c7b-4218-95d9-a7e70b6b76c9,6641b356-0f73-4184-9190-a96424cd43c5,cdr_operative,6641b356-0f73-4184-9190-a96424cd43c5,called,cdr_records,0.4666666666666667,32e4d776-35df-4688-9259-7b74dd290ddc,,Flagged as suspicious in graph_relationships (multi-source corroboration)
528bb79d-f574-4a98-a6bb-17aca5802b63,6641b356-0f73-4184-9190-a96424cd43c5,cdr_operative,66608c82-c95e-449d-8483-39e9876092a0,called,cdr_records,0.13333333333333333,8e27cb1e-4acc-4c47-ba20-63020505ffb3,,Single-source or low-frequency link; supporting evidence only
232fa924-aefa-4aaf-be64-6534f3d1d650,6641b356-0f73-4184-9190-a96424cd43c5,cdr_operative,7a8dcb3d-2353-4f1c-8481-583a228493ce,called,cdr_records,0.06666666666666667,a691f6e4-9bec-4abd-88c2-2fea613fd19e,,Single-source or low-frequency link; supporting evidence only
0e957641-8182-4fdc-8a8a-6b8ba9b58b30,6641b356-0f73-4184-9190-a96424cd43c5,cdr_operative,7d6f20e1-961e-46de-8504-3ea2f6d7692a,called,cdr_records,0.06666666666666667,f2f115ab-5b0b-4cdc-a136-b775845814d5,,Single-source or low-frequency link; supporting evidence only
93b2646d-e397-41c2-ab26-fbf524d48dc0,6641b356-0f73-4184-9190-a96424cd43c5,cdr_operative,a4df7d87-34bc-47a4-b7ee-ea24387b8f86,called,cdr_records,0.13333333333333333,419255c5-c457-4c9f-bcda-0a7c3d99e2ba,,Single-source or low-frequency link; supporting evidence only
3bbdcdf9-6685-4a29-a94b-a8264e708a48,6641b356-0f73-4184-9190-a96424cd43c5,cdr_operative,a8e8d715-c685-4e6e-b7b6-770c44b19fa0,called,cdr_records,0.06666666666666667,965473d2-140c-4f93-a2ec-6146894edced,,Single-source or low-frequency link; supporting evidence only
2261cdf1-9449-45da-92b2-155eeff0aaa3,6641b356-0f73-4184-9190-a96424cd43c5,cdr_operative,acd25cbb-36f7-421c-b26e-f6d029411c71,called,cdr_records,0.06666666666666667,9148906d-82d0-44c2-9ce4-224479a19d29,,Single-source or low-frequency link; supporting evidence only
44b558b3-0152-44d3-a7e1-159c1b545bc2,6641b356-0f73-4184-9190-a96424cd43c5,cdr_operative,c529d9ef-2cd1-45c2-9e04-a55827105e21,called+co_observed,"cdr_records,surveillance_records",0.7333333333333333,32e4d776-35df-4688-9259-7b74dd290ddc,,Flagged as suspicious in graph_relationships (multi-source corroboration)
e8ef7e5f-245c-4365-8c1d-d0a41bc6880b,6641b356-0f73-4184-9190-a96424cd43c5,cdr_operative,fadc20a4-a5ff-4ca0-a3e7-8c5cb974aefb,called,cdr_records,0.06666666666666667,d47201c9-711f-4088-af2a-14e95ccd2b8a,,Single-source or low-frequency link; supporting evidence only
c37d5f55-a10b-43a5-bf46-72013cd4bcd1,6641b356-0f73-4184-9190-a96424cd43c5,cdr_operative,fe23bf1a-8c7f-4ce5-bf1d-7b53804dd17d,called,cdr_records,0.06666666666666667,7d104ee8-3694-4a75-ae8d-165f02f3074f,,Single-source or low-frequency link; supporting evidence only
957d3296-529b-4df3-9f8c-bd7fd6d240c2,66608c82-c95e-449d-8483-39e9876092a0,cdr_operative,66608c82-c95e-449d-8483-39e9876092a0,called,cdr_records,0.4,32e4d776-35df-4688-9259-7b74dd290ddc,,Flagged as suspicious in graph_relationships (multi-source corroboration)
9a04ca34-12f6-44b6-912a-f440c06873c1,66608c82-c95e-449d-8483-39e9876092a0,cdr_operative,73afdf7b-f403-4f68-a828-79d245d66657,called,cdr_records,0.06666666666666667,,,Single-source or low-frequency link; supporting evidence only
5b5d3563-cd47-4739-9e7a-d35e1b9b76ef,66608c82-c95e-449d-8483-39e9876092a0,cdr_operative,7a8dcb3d-2353-4f1c-8481-583a228493ce,called,cdr_records,0.06666666666666667,31b964e9-e0a0-4342-9d40-d7ea00c2e077,,Single-source or low-frequency link; supporting evidence only
96e1a961-68c8-414a-a5b9-d5f863ddb52e,66608c82-c95e-449d-8483-39e9876092a0,cdr_operative,94d607d7-3492-48ab-a373-f24cb1390211,called,cdr_records,0.06666666666666667,9148906d-82d0-44c2-9ce4-224479a19d29,,Single-source or low-frequency link; supporting evidence only
6854d344-e96b-47b8-b305-2a36589a93c1,66608c82-c95e-449d-8483-39e9876092a0,cdr_operative,97c19247-87ac-486f-ac15-862d7a702684,called,cdr_records,0.2,ed3276a9-f584-49cf-81b2-430e73eff8e0,,Flagged as suspicious in graph_relationships (multi-source corroboration)
e0d76287-a01b-4bdc-a2f7-c1d8bfda7456,66608c82-c95e-449d-8483-39e9876092a0,cdr_operative,a249f1b5-82e1-4c5b-a594-3a1738f6cd01,called,cdr_records,0.06666666666666667,7d104ee8-3694-4a75-ae8d-165f02f3074f,,Single-source or low-frequency link; supporting evidence only
3522730b-8957-4da4-a45f-1100c790cc68,66608c82-c95e-449d-8483-39e9876092a0,cdr_operative,acd25cbb-36f7-421c-b26e-f6d029411c71,called,cdr_records,0.06666666666666667,ccaf96a0-e148-4313-9d29-ab057a8be0dd,,Single-source or low-frequency link; supporting evidence only
c821d7a2-85a8-46c2-b2e4-064f1d27825b,66608c82-c95e-449d-8483-39e9876092a0,cdr_operative,c529d9ef-2cd1-45c2-9e04-a55827105e21,called,cdr_records,0.26666666666666666,32e4d776-35df-4688-9259-7b74dd290ddc,,Flagged as suspicious in graph_relationships (multi-source corroboration)
7bef3581-3bcf-4997-8b93-2971f79095fb,66608c82-c95e-449d-8483-39e9876092a0,cdr_operative,f41f457b-1975-41bc-97f0-d83efefcce31,called,cdr_records,0.06666666666666667,04f26d44-0c08-4f75-a336-71b46b7a94f1,,Single-source or low-frequency link; supporting evidence only
b6732fe1-3240-47bd-bf28-df62ca3d1cee,6682d7a0-40b3-4146-9c36-1cf8a8ec6ee9,financial_peripheral,6a1dcf18-6c4f-44c3-a14b-752c80221fe0,called,cdr_records,0.06666666666666667,,,Single-source or low-frequency link; supporting evidence only
c734f4d0-f439-40cf-87f4-01bd31ed8090,6682d7a0-40b3-4146-9c36-1cf8a8ec6ee9,financial_peripheral,7d6f20e1-961e-46de-8504-3ea2f6d7692a,called,cdr_records,0.06666666666666667,,,Single-source or low-frequency link; supporting evidence only
7a9c42d8-a3ce-4604-ac8a-1d59a3e01b86,6a1dcf18-6c4f-44c3-a14b-752c80221fe0,cdr_operative,6a1dcf18-6c4f-44c3-a14b-752c80221fe0,called,cdr_records,0.26666666666666666,32e4d776-35df-4688-9259-7b74dd290ddc,,Flagged as suspicious in graph_relationships (multi-source corroboration)
44978ce9-2c16-4990-bfe2-6a3b60aa2e68,6a1dcf18-6c4f-44c3-a14b-752c80221fe0,cdr_operative,88b8ce01-e7bf-427e-9595-c5bfcbabe267,called+financial_transfer,"cdr_records,financial_transactions",0.375,,,Flagged as suspicious in graph_relationships (multi-source corroboration)
5796dd6d-a11b-4fcb-8527-8c1818665876,6a1dcf18-6c4f-44c3-a14b-752c80221fe0,cdr_operative,a53fff68-2c1f-4540-a9b7-9187343dc876,called,cdr_records,0.06666666666666667,,,Single-source or low-frequency link; supporting evidence only
107de53b-6ea3-40ab-9750-d02b5bedd500,6da2a43c-3bff-4bc9-b9d0-5d6b9b496b89,cdr_kingpin,6da2a43c-3bff-4bc9-b9d0-5d6b9b496b89,called,cdr_records,1,f2f115ab-5b0b-4cdc-a136-b775845814d5,,Flagged as suspicious in graph_relationships (multi-source corroboration)
3623d504-fcae-47c9-8ab1-262d13a66beb,6da2a43c-3bff-4bc9-b9d0-5d6b9b496b89,cdr_kingpin,94d607d7-3492-48ab-a373-f24cb1390211,called,cdr_records,0.8,f2f115ab-5b0b-4cdc-a136-b775845814d5,,Flagged as suspicious in graph_relationships (multi-source corroboration)
695b47e4-8a82-401a-84b6-7818c1f77361,6da2a43c-3bff-4bc9-b9d0-5d6b9b496b89,cdr_kingpin,9b4e88b4-77b3-4882-8c33-0051f58d3ce4,called,cdr_records,0.06666666666666667,f2f115ab-5b0b-4cdc-a136-b775845814d5,,Single-source or low-frequency link; supporting evidence only
6352725b-28bf-4b7d-9b6e-ffff103a1bd8,6da2a43c-3bff-4bc9-b9d0-5d6b9b496b89,cdr_kingpin,a320ee3a-ba3e-40b3-b0e9-2d9266f355fc,called,cdr_records,0.06666666666666667,,,Single-source or low-frequency link; supporting evidence only
2f014512-3309-48fd-b6ba-68a190087178,6da2a43c-3bff-4bc9-b9d0-5d6b9b496b89,cdr_kingpin,f41f457b-1975-41bc-97f0-d83efefcce31,called,cdr_records,0.8666666666666667,f2f115ab-5b0b-4cdc-a136-b775845814d5,,Flagged as suspicious in graph_relationships (multi-source corroboration)
98f32845-52db-4b9b-88dc-1f2e4f90141e,71ca9b1d-db04-4eaf-8500-9080bd12ad54,financial_peripheral,8cab76dc-2ec9-4d0f-9aca-8e0e66b20e4b,called,cdr_records,0.06666666666666667,,,Single-source or low-frequency link; supporting evidence only
271983db-aa49-4d86-b648-23193d5be804,735b7692-768a-477f-9084-61285d2d750f,financial_mule,95b21a34-896e-4a99-ab1f-18b495bd8672,called,cdr_records,0.06666666666666667,,,Single-source or low-frequency link; supporting evidence only
8433ec35-4c69-48b1-8185-73f390cdefec,73afdf7b-f403-4f68-a828-79d245d66657,financial_lieutenant,fecebe3d-821d-4461-8f73-50f40303c96c,called,cdr_records,0.06666666666666667,,,Single-source or low-frequency link; supporting evidence only
2ec51812-b326-44b9-be2f-a8d154a93fd8,780380a3-fe83-4fb6-980c-cab0208c14fb,financial_mule,8cab76dc-2ec9-4d0f-9aca-8e0e66b20e4b,called+financial_transfer,"cdr_records,financial_transactions",0.5,a7849323-bce8-46b2-a835-75ac4446df2d,,Flagged as suspicious in graph_relationships (multi-source corroboration)
5e4ec86e-1b25-4e4b-a9b4-49e059ee7b30,780380a3-fe83-4fb6-980c-cab0208c14fb,financial_mule,fa00070c-1deb-4b17-9387-7bd434ff75af,called,cdr_records,0.06666666666666667,,,Single-source or low-frequency link; supporting evidence only
80dc0e0b-4c07-4d00-ae18-74c686ec8955,7a8dcb3d-2353-4f1c-8481-583a228493ce,cdr_operative,7a8dcb3d-2353-4f1c-8481-583a228493ce,called,cdr_records,0.06666666666666667,32e4d776-35df-4688-9259-7b74dd290ddc,,Single-source or low-frequency link; supporting evidence only
4c1f2fb0-60f3-48a2-9e98-9450f8acfbbd,7a8dcb3d-2353-4f1c-8481-583a228493ce,cdr_operative,acd25cbb-36f7-421c-b26e-f6d029411c71,called,cdr_records,0.13333333333333333,f2f115ab-5b0b-4cdc-a136-b775845814d5,,Single-source or low-frequency link; supporting evidence only
76173598-3707-4e52-9c97-361db5b8e444,7d6f20e1-961e-46de-8504-3ea2f6d7692a,cdr_operative,7d6f20e1-961e-46de-8504-3ea2f6d7692a,called,cdr_records,0.26666666666666666,f2f115ab-5b0b-4cdc-a136-b775845814d5,,Flagged as suspicious in graph_relationships (multi-source corroboration)
c15c35d4-7a34-4a9a-b79e-3b769079bad9,7d6f20e1-961e-46de-8504-3ea2f6d7692a,cdr_operative,94d607d7-3492-48ab-a373-f24cb1390211,called,cdr_records,0.06666666666666667,ed3276a9-f584-49cf-81b2-430e73eff8e0,,Single-source or low-frequency link; supporting evidence only
033cdc0b-b93c-4e92-a155-36ffff1dd668,7d6f20e1-961e-46de-8504-3ea2f6d7692a,cdr_operative,9b8c97f6-e515-44fa-9b93-a3cbf7295baa,called+co_observed,"cdr_records,surveillance_records",0.55,9148906d-82d0-44c2-9ce4-224479a19d29,,Flagged as suspicious in graph_relationships (multi-source corroboration)
31e763f0-e2a7-4b4c-9561-a0e4f1fba055,7d6f20e1-961e-46de-8504-3ea2f6d7692a,cdr_operative,a8e8d715-c685-4e6e-b7b6-770c44b19fa0,called,cdr_records,0.13333333333333333,d47201c9-711f-4088-af2a-14e95ccd2b8a,,Single-source or low-frequency link; supporting evidence only
f049a9a1-cfce-4e80-9118-9a86ff3f75a4,7d6f20e1-961e-46de-8504-3ea2f6d7692a,cdr_operative,f41f457b-1975-41bc-97f0-d83efefcce31,called,cdr_records,0.6,f2f115ab-5b0b-4cdc-a136-b775845814d5,,Flagged as suspicious in graph_relationships (multi-source corroboration)
c0a1d8c0-a059-40f4-b90b-534b169dac7c,7d6f20e1-961e-46de-8504-3ea2f6d7692a,cdr_operative,fa00070c-1deb-4b17-9387-7bd434ff75af,called,cdr_records,0.06666666666666667,8e27cb1e-4acc-4c47-ba20-63020505ffb3,,Single-source or low-frequency link; supporting evidence only
051fac6a-ae96-41dd-996d-92006f4b4a15,7d6f20e1-961e-46de-8504-3ea2f6d7692a,cdr_operative,fda48128-2192-4b25-b3ea-16e344d9bf64,called,cdr_records,0.06666666666666667,ccaf96a0-e148-4313-9d29-ab057a8be0dd,,Single-source or low-frequency link; supporting evidence only
5753ec8d-9592-4c69-9942-7b3335935802,7d7a9547-367c-47ec-8c5c-05fb43f36340,cdr_peripheral,8bc0df36-e3d8-4a4a-8c8e-accca462e3ee,called,cdr_records,0.06666666666666667,,,Single-source or low-frequency link; supporting evidence only
5f886425-85b9-428c-9641-a594f62bcf3d,7d7a9547-367c-47ec-8c5c-05fb43f36340,cdr_peripheral,94d607d7-3492-48ab-a373-f24cb1390211,called,cdr_records,0.06666666666666667,32e4d776-35df-4688-9259-7b74dd290ddc,,Single-source or low-frequency link; supporting evidence only
d331f612-5830-4307-85d3-5c6a039465d5,7d7a9547-367c-47ec-8c5c-05fb43f36340,cdr_peripheral,fadc20a4-a5ff-4ca0-a3e7-8c5cb974aefb,called,cdr_records,0.06666666666666667,d47201c9-711f-4088-af2a-14e95ccd2b8a,,Single-source or low-frequency link; supporting evidence only
38ab636a-46db-41be-874a-6e199f87b2e7,7d7a9547-367c-47ec-8c5c-05fb43f36340,cdr_peripheral,fb3911ba-8769-45a5-ad03-55563c7de121,called+financial_transfer,"cdr_records,financial_transactions",0.125,965473d2-140c-4f93-a2ec-6146894edced,,Single-source or low-frequency link; supporting evidence only
f2e888ad-98f6-4d9a-b6ab-bb37e03681c6,80d1a12f-12b3-4bd3-abd1-b154fc01378c,cdr_operative,80d1a12f-12b3-4bd3-abd1-b154fc01378c,called,cdr_records,0.8,f2f115ab-5b0b-4cdc-a136-b775845814d5,,Flagged as suspicious in graph_relationships (multi-source corroboration)
09d5bb13-8847-46bf-a827-db5214e4cc66,80d1a12f-12b3-4bd3-abd1-b154fc01378c,cdr_operative,94d607d7-3492-48ab-a373-f24cb1390211,called,cdr_records,0.8,f2f115ab-5b0b-4cdc-a136-b775845814d5,,Flagged as suspicious in graph_relationships (multi-source corroboration)
bbad6152-30c1-47cb-9264-e1f6d9c36c94,80d1a12f-12b3-4bd3-abd1-b154fc01378c,cdr_operative,95b21a34-896e-4a99-ab1f-18b495bd8672,called,cdr_records,0.13333333333333333,8e27cb1e-4acc-4c47-ba20-63020505ffb3,,Single-source or low-frequency link; supporting evidence only
dbb06770-2552-4475-8b7b-edd9548d4211,80d1a12f-12b3-4bd3-abd1-b154fc01378c,cdr_operative,9b8c97f6-e515-44fa-9b93-a3cbf7295baa,called,cdr_records,0.06666666666666667,a691f6e4-9bec-4abd-88c2-2fea613fd19e,,Single-source or low-frequency link; supporting evidence only
8a6e97e6-aa80-454e-aee8-7d9ebef40ddf,80d1a12f-12b3-4bd3-abd1-b154fc01378c,cdr_operative,a1986a86-ee18-4b99-bde2-9f10ab7ccd8e,called,cdr_records,0.13333333333333333,ed3276a9-f584-49cf-81b2-430e73eff8e0,,Single-source or low-frequency link; supporting evidence only
cb07075c-e926-4979-983f-6e595a6df287,80d1a12f-12b3-4bd3-abd1-b154fc01378c,cdr_operative,a4df7d87-34bc-47a4-b7ee-ea24387b8f86,called,cdr_records,0.06666666666666667,d47201c9-711f-4088-af2a-14e95ccd2b8a,,Single-source or low-frequency link; supporting evidence only
91e3ba4d-4eb0-4697-8c1d-dbb00001537e,80d1a12f-12b3-4bd3-abd1-b154fc01378c,cdr_operative,a53fff68-2c1f-4540-a9b7-9187343dc876,called,cdr_records,0.06666666666666667,,,Single-source or low-frequency link; supporting evidence only
26f9b1b8-3fd6-4d92-b0ab-2a48658c8cb0,80d1a12f-12b3-4bd3-abd1-b154fc01378c,cdr_operative,a8e20f0c-a0dc-4b0b-8e64-0798129b4048,called,cdr_records,0.13333333333333333,b8d3ad45-c8d8-4136-823b-dc56797bbe6a,,Single-source or low-frequency link; supporting evidence only
86358e15-e37a-41bc-9e7a-e4a12ceb7b67,80d1a12f-12b3-4bd3-abd1-b154fc01378c,cdr_operative,f41f457b-1975-41bc-97f0-d83efefcce31,called,cdr_records,0.13333333333333333,9e1a4a07-e50c-4870-864f-2d705f28fae5,,Single-source or low-frequency link; supporting evidence only
12f2de3f-df17-43ac-884b-b3193d79fcbe,80d1a12f-12b3-4bd3-abd1-b154fc01378c,cdr_operative,fe23bf1a-8c7f-4ce5-bf1d-7b53804dd17d,called,cdr_records,0.13333333333333333,32e4d776-35df-4688-9259-7b74dd290ddc,,Single-source or low-frequency link; supporting evidence only
e0ad5808-be21-4077-98e1-5482269c3e08,80d1a12f-12b3-4bd3-abd1-b154fc01378c,cdr_operative,fecebe3d-821d-4461-8f73-50f40303c96c,called,cdr_records,0.06666666666666667,,,Single-source or low-frequency link; supporting evidence only
829ca809-02a3-4bb1-87e1-ea461e95bc53,8171e26b-7d4e-41ed-a931-f0414f85531a,financial_lieutenant,8bc0df36-e3d8-4a4a-8c8e-accca462e3ee,called,cdr_records,0.06666666666666667,,,Single-source or low-frequency link; supporting evidence only
055d6d38-b28a-4967-9632-ccf655a602bf,8bc0df36-e3d8-4a4a-8c8e-accca462e3ee,cdr_operative,8bc0df36-e3d8-4a4a-8c8e-accca462e3ee,called,cdr_records,0.26666666666666666,32e4d776-35df-4688-9259-7b74dd290ddc,,Flagged as suspicious in graph_relationships (multi-source corroboration)
1b9b3fb4-2347-472e-9bb9-38808b340ce5,8bc0df36-e3d8-4a4a-8c8e-accca462e3ee,cdr_operative,94d607d7-3492-48ab-a373-f24cb1390211,called+financial_transfer,"cdr_records,financial_transactions",0.125,419255c5-c457-4c9f-bcda-0a7c3d99e2ba,,Single-source or low-frequency link; supporting evidence only
10c85b76-c679-4363-a31a-919ff3cd968c,8bc0df36-e3d8-4a4a-8c8e-accca462e3ee,cdr_operative,a1986a86-ee18-4b99-bde2-9f10ab7ccd8e,called,cdr_records,0.06666666666666667,,,Single-source or low-frequency link; supporting evidence only
b09967f8-fb1d-4d38-94a6-8dbda7c2adfb,8bc0df36-e3d8-4a4a-8c8e-accca462e3ee,cdr_operative,a4df7d87-34bc-47a4-b7ee-ea24387b8f86,called,cdr_records,0.13333333333333333,419255c5-c457-4c9f-bcda-0a7c3d99e2ba,,Single-source or low-frequency link; supporting evidence only
6d68b7da-905e-48c9-a718-cd01810da658,8bc0df36-e3d8-4a4a-8c8e-accca462e3ee,cdr_operative,df8f9173-d8b6-46df-ad3c-2ebcbba09b2e,called,cdr_records,0.06666666666666667,ed3276a9-f584-49cf-81b2-430e73eff8e0,,Single-source or low-frequency link; supporting evidence only
ec38cb06-9181-4a51-846c-db0fe343cd92,8bc0df36-e3d8-4a4a-8c8e-accca462e3ee,cdr_operative,fda48128-2192-4b25-b3ea-16e344d9bf64,called+financial_transfer,"cdr_records,financial_transactions",0.125,,,Single-source or low-frequency link; supporting evidence only
04d43920-ddf9-4dc8-ab12-31aefb8352b4,8cab76dc-2ec9-4d0f-9aca-8e0e66b20e4b,financial_mule,a320ee3a-ba3e-40b3-b0e9-2d9266f355fc,called,cdr_records,0.06666666666666667,,,Single-source or low-frequency link; supporting evidence only
b1591a31-109a-4f84-9789-4499f316d053,8cab76dc-2ec9-4d0f-9aca-8e0e66b20e4b,financial_mule,b56c9b82-0597-4e04-9c41-1272f478a5d2,called+financial_transfer,"cdr_records,financial_transactions",0.26666666666666666,,,Flagged as suspicious in graph_relationships (multi-source corroboration)
70cdfd45-70a6-4deb-a2d6-7d92bf4c0394,94d607d7-3492-48ab-a373-f24cb1390211,cdr_lieutenant,94d607d7-3492-48ab-a373-f24cb1390211,called,cdr_records,1,f2f115ab-5b0b-4cdc-a136-b775845814d5,,Flagged as suspicious in graph_relationships (multi-source corroboration)
2309c46c-b295-42ce-acdc-594b3dab9813,94d607d7-3492-48ab-a373-f24cb1390211,cdr_lieutenant,a1986a86-ee18-4b99-bde2-9f10ab7ccd8e,called,cdr_records,0.06666666666666667,97dc9d85-ecad-4d07-91c0-9c19bd0144ba,,Single-source or low-frequency link; supporting evidence only
1094bbce-36c3-4143-93ce-25b24b5071fb,94d607d7-3492-48ab-a373-f24cb1390211,cdr_lieutenant,a4df7d87-34bc-47a4-b7ee-ea24387b8f86,called,cdr_records,0.06666666666666667,d47201c9-711f-4088-af2a-14e95ccd2b8a,,Single-source or low-frequency link; supporting evidence only
b66cd922-8ec3-4f04-9531-ad031b1ff1ae,94d607d7-3492-48ab-a373-f24cb1390211,cdr_lieutenant,a8e20f0c-a0dc-4b0b-8e64-0798129b4048,called,cdr_records,0.3333333333333333,f2f115ab-5b0b-4cdc-a136-b775845814d5,,Flagged as suspicious in graph_relationships (multi-source corroboration)
901929b8-9a03-4920-92cc-84b7a9cf6c8d,94d607d7-3492-48ab-a373-f24cb1390211,cdr_lieutenant,df8f9173-d8b6-46df-ad3c-2ebcbba09b2e,called,cdr_records,0.06666666666666667,a691f6e4-9bec-4abd-88c2-2fea613fd19e,,Single-source or low-frequency link; supporting evidence only
33b7715d-da70-4887-837a-e3af8555345c,94d607d7-3492-48ab-a373-f24cb1390211,cdr_lieutenant,ed7911e6-3465-4f1d-b781-e1f0f3b04c18,called,cdr_records,0.06666666666666667,,,Single-source or low-frequency link; supporting evidence only
490c8367-e6c5-4daa-aa8f-287dd3bd41c0,94d607d7-3492-48ab-a373-f24cb1390211,cdr_lieutenant,f41f457b-1975-41bc-97f0-d83efefcce31,called,cdr_records,0.06666666666666667,9e1a4a07-e50c-4870-864f-2d705f28fae5,,Single-source or low-frequency link; supporting evidence only
4b1d99d8-bf07-4ff6-93d7-26dc7b7efed1,94d607d7-3492-48ab-a373-f24cb1390211,cdr_lieutenant,fadc20a4-a5ff-4ca0-a3e7-8c5cb974aefb,called,cdr_records,0.4666666666666667,f2f115ab-5b0b-4cdc-a136-b775845814d5,,Flagged as suspicious in graph_relationships (multi-source corroboration)
1e038ec3-56bb-4dce-8eaa-2f6793ad48c9,94d607d7-3492-48ab-a373-f24cb1390211,cdr_lieutenant,fda48128-2192-4b25-b3ea-16e344d9bf64,called,cdr_records,0.2,c96763f4-da85-4d19-91b0-4873ddb73a38,,Flagged as suspicious in graph_relationships (multi-source corroboration)
f6bc310d-76c8-4e0f-bbe7-8fe8597955c7,94d607d7-3492-48ab-a373-f24cb1390211,cdr_lieutenant,fe23bf1a-8c7f-4ce5-bf1d-7b53804dd17d,called,cdr_records,0.9333333333333333,f2f115ab-5b0b-4cdc-a136-b775845814d5,,Flagged as suspicious in graph_relationships (multi-source corroboration)
0b68e4bc-279e-49d3-97cc-b949825d88d8,94d607d7-3492-48ab-a373-f24cb1390211,cdr_lieutenant,fecebe3d-821d-4461-8f73-50f40303c96c,called,cdr_records,0.06666666666666667,a691f6e4-9bec-4abd-88c2-2fea613fd19e,,Single-source or low-frequency link; supporting evidence only
66dd601b-5d6f-4f3f-abf7-1717bd5fbefd,95b21a34-896e-4a99-ab1f-18b495bd8672,cdr_operative,95b21a34-896e-4a99-ab1f-18b495bd8672,called,cdr_records,0.5333333333333333,32e4d776-35df-4688-9259-7b74dd290ddc,,Flagged as suspicious in graph_relationships (multi-source corroboration)
99c1d9ff-0d7c-4b8c-9f55-7136746dec52,95b21a34-896e-4a99-ab1f-18b495bd8672,cdr_operative,97c19247-87ac-486f-ac15-862d7a702684,called,cdr_records,0.26666666666666666,,,Flagged as suspicious in graph_relationships (multi-source corroboration)
e39428af-cbfb-4aff-a255-b00d99db5e9f,95b21a34-896e-4a99-ab1f-18b495bd8672,cdr_operative,9b4e88b4-77b3-4882-8c33-0051f58d3ce4,called+financial_transfer,"cdr_records,financial_transactions",0.125,9148906d-82d0-44c2-9ce4-224479a19d29,,Single-source or low-frequency link; supporting evidence only
f00e8e03-044a-4f77-8269-eb0d81f73a1d,95b21a34-896e-4a99-ab1f-18b495bd8672,cdr_operative,9b8c97f6-e515-44fa-9b93-a3cbf7295baa,called+co_observed,"cdr_records,surveillance_records",0.55,ccaf96a0-e148-4313-9d29-ab057a8be0dd,,Flagged as suspicious in graph_relationships (multi-source corroboration)
6c3703cd-4928-403c-9b3e-8755353284e4,95b21a34-896e-4a99-ab1f-18b495bd8672,cdr_operative,a320ee3a-ba3e-40b3-b0e9-2d9266f355fc,called+financial_transfer,"cdr_records,financial_transactions",0.375,,,Flagged as suspicious in graph_relationships (multi-source corroboration)
e1cb8b2a-f90f-4b2e-b9c6-87346b203f00,95b21a34-896e-4a99-ab1f-18b495bd8672,cdr_operative,b56c9b82-0597-4e04-9c41-1272f478a5d2,called+co_observed,"cdr_records,surveillance_records",0.55,ed3276a9-f584-49cf-81b2-430e73eff8e0,,Flagged as suspicious in graph_relationships (multi-source corroboration)
ff1fd44c-73ee-41e2-aa75-5dc8a0546e9a,95b21a34-896e-4a99-ab1f-18b495bd8672,cdr_operative,c529d9ef-2cd1-45c2-9e04-a55827105e21,called,cdr_records,0.6666666666666666,32e4d776-35df-4688-9259-7b74dd290ddc,,Flagged as suspicious in graph_relationships (multi-source corroboration)
b23ac737-9b81-456e-a6e3-e73569a424dd,95b21a34-896e-4a99-ab1f-18b495bd8672,cdr_operative,fadc20a4-a5ff-4ca0-a3e7-8c5cb974aefb,called,cdr_records,0.06666666666666667,c96763f4-da85-4d19-91b0-4873ddb73a38,,Single-source or low-frequency link; supporting evidence only
1706b450-5b15-40d1-8c33-fa78b97a8b7b,97c19247-87ac-486f-ac15-862d7a702684,cdr_operative,97c19247-87ac-486f-ac15-862d7a702684,called,cdr_records,0.2,32e4d776-35df-4688-9259-7b74dd290ddc,,Flagged as suspicious in graph_relationships (multi-source corroboration)
f70b6002-df4d-451b-a153-521d0eecdc69,97c19247-87ac-486f-ac15-862d7a702684,cdr_operative,a4df7d87-34bc-47a4-b7ee-ea24387b8f86,called+co_observed,"cdr_records,surveillance_records",0.55,04f26d44-0c08-4f75-a336-71b46b7a94f1,,Flagged as suspicious in graph_relationships (multi-source corroboration)
edf1c980-d972-4fdb-921f-cb5fe2b56b10,97c19247-87ac-486f-ac15-862d7a702684,cdr_operative,a8e8d715-c685-4e6e-b7b6-770c44b19fa0,called,cdr_records,0.13333333333333333,b8d3ad45-c8d8-4136-823b-dc56797bbe6a,,Single-source or low-frequency link; supporting evidence only
b57aa9f2-7f70-4236-8d11-4674ac8081ac,97c19247-87ac-486f-ac15-862d7a702684,cdr_operative,acd25cbb-36f7-421c-b26e-f6d029411c71,called,cdr_records,0.06666666666666667,7d104ee8-3694-4a75-ae8d-165f02f3074f,,Single-source or low-frequency link; supporting evidence only
64cde262-461e-42de-8f88-eae2f82a21dc,9b4e88b4-77b3-4882-8c33-0051f58d3ce4,cdr_operative,9b4e88b4-77b3-4882-8c33-0051f58d3ce4,called,cdr_records,0.06666666666666667,f2f115ab-5b0b-4cdc-a136-b775845814d5,,Single-source or low-frequency link; supporting evidence only
eea77948-ce9b-4570-9c90-84edb4f51627,9b4e88b4-77b3-4882-8c33-0051f58d3ce4,cdr_operative,9b8c97f6-e515-44fa-9b93-a3cbf7295baa,called+co_observed,"cdr_records,surveillance_records",0.55,d47201c9-711f-4088-af2a-14e95ccd2b8a,,Flagged as suspicious in graph_relationships (multi-source corroboration)
c3fd2c8f-d280-45af-8688-2720f9c29287,9b4e88b4-77b3-4882-8c33-0051f58d3ce4,cdr_operative,a4df7d87-34bc-47a4-b7ee-ea24387b8f86,called,cdr_records,0.13333333333333333,ccaf96a0-e148-4313-9d29-ab057a8be0dd,,Single-source or low-frequency link; supporting evidence only
2c69656f-9474-45f0-ba09-6e946e03eda4,9b4e88b4-77b3-4882-8c33-0051f58d3ce4,cdr_operative,f41f457b-1975-41bc-97f0-d83efefcce31,called+co_observed,"cdr_records,surveillance_records",0.55,a691f6e4-9bec-4abd-88c2-2fea613fd19e,,Flagged as suspicious in graph_relationships (multi-source corroboration)
06d58719-b9ca-4110-87ff-1aa138eaacfa,9b4e88b4-77b3-4882-8c33-0051f58d3ce4,cdr_operative,fa00070c-1deb-4b17-9387-7bd434ff75af,called,cdr_records,0.06666666666666667,97dc9d85-ecad-4d07-91c0-9c19bd0144ba,,Single-source or low-frequency link; supporting evidence only
a13c8792-8156-443a-b4fd-9a3b59c9d872,9b8c97f6-e515-44fa-9b93-a3cbf7295baa,cdr_operative,9b8c97f6-e515-44fa-9b93-a3cbf7295baa,called,cdr_records,0.2,f2f115ab-5b0b-4cdc-a136-b775845814d5,,Flagged as suspicious in graph_relationships (multi-source corroboration)
58a931b3-4f75-49d3-9372-05cb7f605994,9b8c97f6-e515-44fa-9b93-a3cbf7295baa,cdr_operative,a53fff68-2c1f-4540-a9b7-9187343dc876,called,cdr_records,0.06666666666666667,,,Single-source or low-frequency link; supporting evidence only
fa655f90-54a6-48cd-a532-c294dde91f95,9b8c97f6-e515-44fa-9b93-a3cbf7295baa,cdr_operative,f41f457b-1975-41bc-97f0-d83efefcce31,called,cdr_records,0.8,f2f115ab-5b0b-4cdc-a136-b775845814d5,,Flagged as suspicious in graph_relationships (multi-source corroboration)
d8b017c2-7293-4a7e-955c-bf436904b5de,9b8c97f6-e515-44fa-9b93-a3cbf7295baa,cdr_operative,fadc20a4-a5ff-4ca0-a3e7-8c5cb974aefb,called,cdr_records,0.2,f2f115ab-5b0b-4cdc-a136-b775845814d5,,Flagged as suspicious in graph_relationships (multi-source corroboration)
3de96d8e-a301-44fb-8dc3-ef54b577b286,9b8c97f6-e515-44fa-9b93-a3cbf7295baa,cdr_operative,fb3911ba-8769-45a5-ad03-55563c7de121,called,cdr_records,0.13333333333333333,a691f6e4-9bec-4abd-88c2-2fea613fd19e,,Single-source or low-frequency link; supporting evidence only
dca606c1-ceb7-4d4b-866f-c7c10fe90e32,a1986a86-ee18-4b99-bde2-9f10ab7ccd8e,cdr_operative,a1986a86-ee18-4b99-bde2-9f10ab7ccd8e,called,cdr_records,0.3333333333333333,f2f115ab-5b0b-4cdc-a136-b775845814d5,,Flagged as suspicious in graph_relationships (multi-source corroboration)
3e25c761-6365-4f75-9541-5a653f53d3c0,a1986a86-ee18-4b99-bde2-9f10ab7ccd8e,cdr_operative,b3e2dabb-54e4-4cdb-9c2a-0c35250aa2b5,called,cdr_records,0.06666666666666667,,,Single-source or low-frequency link; supporting evidence only
3c4ca264-515b-4ba7-a78f-90cca4d2a3a2,a249f1b5-82e1-4c5b-a594-3a1738f6cd01,cdr_operative,a249f1b5-82e1-4c5b-a594-3a1738f6cd01,called,cdr_records,0.3333333333333333,32e4d776-35df-4688-9259-7b74dd290ddc,,Flagged as suspicious in graph_relationships (multi-source corroboration)
25e41558-95f9-45df-ac00-92c3938cd38d,a249f1b5-82e1-4c5b-a594-3a1738f6cd01,cdr_operative,fecebe3d-821d-4461-8f73-50f40303c96c,called,cdr_records,0.06666666666666667,b9787f53-534b-412b-9b7f-7e0190046463,,Single-source or low-frequency link; supporting evidence only
11ccd105-f34f-47eb-8c77-91fa1cee3a96,a4df7d87-34bc-47a4-b7ee-ea24387b8f86,cdr_peripheral,dcb5fa28-849b-4f4c-b099-f2c540a9bdbc,called,cdr_records,0.4,f2f115ab-5b0b-4cdc-a136-b775845814d5,,Flagged as suspicious in graph_relationships (multi-source corroboration)
830b115f-5981-4d3b-890c-f5a196929add,a4df7d87-34bc-47a4-b7ee-ea24387b8f86,cdr_peripheral,df8f9173-d8b6-46df-ad3c-2ebcbba09b2e,called,cdr_records,0.06666666666666667,419255c5-c457-4c9f-bcda-0a7c3d99e2ba,,Single-source or low-frequency link; supporting evidence only
03b39140-e00a-4d9a-9467-977bb912bdc9,a4df7d87-34bc-47a4-b7ee-ea24387b8f86,cdr_peripheral,f41f457b-1975-41bc-97f0-d83efefcce31,called,cdr_records,0.13333333333333333,c96763f4-da85-4d19-91b0-4873ddb73a38,,Single-source or low-frequency link; supporting evidence only
87b466f7-7426-4365-93e6-ea37145ba3c1,a8e20f0c-a0dc-4b0b-8e64-0798129b4048,cdr_operative,a8e20f0c-a0dc-4b0b-8e64-0798129b4048,called,cdr_records,0.4666666666666667,f2f115ab-5b0b-4cdc-a136-b775845814d5,,Flagged as suspicious in graph_relationships (multi-source corroboration)
f61dd604-0695-40e9-9686-a89fe9ae5088,a8e20f0c-a0dc-4b0b-8e64-0798129b4048,cdr_operative,f41f457b-1975-41bc-97f0-d83efefcce31,called,cdr_records,0.06666666666666667,b8d3ad45-c8d8-4136-823b-dc56797bbe6a,,Single-source or low-frequency link; supporting evidence only
284aab16-0bad-4941-b440-1de0a930e7a9,a8e8d715-c685-4e6e-b7b6-770c44b19fa0,cdr_peripheral,f41f457b-1975-41bc-97f0-d83efefcce31,called+co_observed,"cdr_records,surveillance_records",0.55,9148906d-82d0-44c2-9ce4-224479a19d29,,Flagged as suspicious in graph_relationships (multi-source corroboration)
7b7d3e62-bc67-4887-ba85-d60d0a1890c3,a8e8d715-c685-4e6e-b7b6-770c44b19fa0,cdr_peripheral,fb3911ba-8769-45a5-ad03-55563c7de121,called,cdr_records,0.06666666666666667,,,Single-source or low-frequency link; supporting evidence only
9840ee30-3c3d-425f-bf7f-4045431089b0,acd25cbb-36f7-421c-b26e-f6d029411c71,cdr_operative,acd25cbb-36f7-421c-b26e-f6d029411c71,called,cdr_records,0.3333333333333333,32e4d776-35df-4688-9259-7b74dd290ddc,,Flagged as suspicious in graph_relationships (multi-source corroboration)
aaf52f3f-3b2d-4ba6-b8e0-acdedccdfd54,acd25cbb-36f7-421c-b26e-f6d029411c71,cdr_operative,b681e7e8-fb53-41e2-a5e0-137f14ae1cb4,called+financial_transfer,"cdr_records,financial_transactions",0.25,,,Flagged as suspicious in graph_relationships (multi-source corroboration)
b692a3a8-e4f8-46e3-8698-994b52f1c1a9,acd25cbb-36f7-421c-b26e-f6d029411c71,cdr_operative,fecebe3d-821d-4461-8f73-50f40303c96c,called,cdr_records,0.2,f2f115ab-5b0b-4cdc-a136-b775845814d5,,Flagged as suspicious in graph_relationships (multi-source corroboration)
ef95d49a-9aa3-4dec-a9f9-d5cf79539f33,b56c9b82-0597-4e04-9c41-1272f478a5d2,cdr_peripheral,b681e7e8-fb53-41e2-a5e0-137f14ae1cb4,called,cdr_records,0.06666666666666667,,,Single-source or low-frequency link; supporting evidence only
8443948e-9e72-4931-9ab9-7c4e982709d6,b56c9b82-0597-4e04-9c41-1272f478a5d2,cdr_peripheral,f41f457b-1975-41bc-97f0-d83efefcce31,called,cdr_records,0.06666666666666667,32e4d776-35df-4688-9259-7b74dd290ddc,,Single-source or low-frequency link; supporting evidence only
4e205d26-8bc0-455d-b092-e888d6a6fd6b,c529d9ef-2cd1-45c2-9e04-a55827105e21,cdr_lieutenant,c529d9ef-2cd1-45c2-9e04-a55827105e21,called,cdr_records,1,32e4d776-35df-4688-9259-7b74dd290ddc,,Flagged as suspicious in graph_relationships (multi-source corroboration)
8acc7f36-55cd-4d5f-b224-dca05168460c,c529d9ef-2cd1-45c2-9e04-a55827105e21,cdr_lieutenant,fd989a10-f458-4c0b-b4de-8816b6ffefdc,called,cdr_records,0.5333333333333333,32e4d776-35df-4688-9259-7b74dd290ddc,,Flagged as suspicious in graph_relationships (multi-source corroboration)
df7d13a3-8624-4c0f-a458-c2899b755b3d,d038f78a-ac24-4255-9b01-1d1541ce8012,cdr_operative,d038f78a-ac24-4255-9b01-1d1541ce8012,called,cdr_records,0.4,32e4d776-35df-4688-9259-7b74dd290ddc,,Flagged as suspicious in graph_relationships (multi-source corroboration)
5c8b4c1e-d2c9-451f-a100-282e3f0a0493,dcb5fa28-849b-4f4c-b099-f2c540a9bdbc,cdr_operative,dcb5fa28-849b-4f4c-b099-f2c540a9bdbc,called,cdr_records,0.26666666666666666,f2f115ab-5b0b-4cdc-a136-b775845814d5,,Flagged as suspicious in graph_relationships (multi-source corroboration)
b20dc581-d34a-4bf1-a49c-dee75eb847d5,dcb5fa28-849b-4f4c-b099-f2c540a9bdbc,cdr_operative,df8f9173-d8b6-46df-ad3c-2ebcbba09b2e,called,cdr_records,0.06666666666666667,,,Single-source or low-frequency link; supporting evidence only
137773cb-cf9f-481a-a0ed-5ea0f5d200bf,dcb5fa28-849b-4f4c-b099-f2c540a9bdbc,cdr_operative,f41f457b-1975-41bc-97f0-d83efefcce31,called,cdr_records,0.06666666666666667,,,Single-source or low-frequency link; supporting evidence only
73a34741-d773-43f1-a40f-a90ae8c473e0,df8f9173-d8b6-46df-ad3c-2ebcbba09b2e,cdr_operative,df8f9173-d8b6-46df-ad3c-2ebcbba09b2e,called,cdr_records,0.06666666666666667,f2f115ab-5b0b-4cdc-a136-b775845814d5,,Single-source or low-frequency link; supporting evidence only
c9d19667-5e96-4ed7-8122-c0bf4f7928a1,df8f9173-d8b6-46df-ad3c-2ebcbba09b2e,cdr_operative,e1beaf71-9083-44d6-bf40-81271b755321,called,cdr_records,0.06666666666666667,9e1a4a07-e50c-4870-864f-2d705f28fae5,,Single-source or low-frequency link; supporting evidence only
f2c65d7c-7147-46d4-928f-0eac35cba0bb,df8f9173-d8b6-46df-ad3c-2ebcbba09b2e,cdr_operative,f41f457b-1975-41bc-97f0-d83efefcce31,called,cdr_records,0.6,f2f115ab-5b0b-4cdc-a136-b775845814d5,,Flagged as suspicious in graph_relationships (multi-source corroboration)
a8245bc8-702a-4328-811b-febe3744e2f8,df8f9173-d8b6-46df-ad3c-2ebcbba09b2e,cdr_operative,fb3911ba-8769-45a5-ad03-55563c7de121,called,cdr_records,0.13333333333333333,ccaf96a0-e148-4313-9d29-ab057a8be0dd,,Single-source or low-frequency link; supporting evidence only
62693fb8-8dcb-4ed1-9fad-adbb9ee856fd,df8f9173-d8b6-46df-ad3c-2ebcbba09b2e,cdr_operative,fe23bf1a-8c7f-4ce5-bf1d-7b53804dd17d,called,cdr_records,0.2,a7849323-bce8-46b2-a835-75ac4446df2d,,Flagged as suspicious in graph_relationships (multi-source corroboration)
288e0ffa-e114-4f82-b8a1-1a1638a9e593,df8f9173-d8b6-46df-ad3c-2ebcbba09b2e,cdr_operative,fecebe3d-821d-4461-8f73-50f40303c96c,called+co_observed,"cdr_records,surveillance_records",0.55,c96763f4-da85-4d19-91b0-4873ddb73a38,,Flagged as suspicious in graph_relationships (multi-source corroboration)
5299a932-feb7-46f2-b743-9952c6fdada4,e1beaf71-9083-44d6-bf40-81271b755321,cdr_operative,e1beaf71-9083-44d6-bf40-81271b755321,called,cdr_records,0.3333333333333333,f2f115ab-5b0b-4cdc-a136-b775845814d5,,Flagged as suspicious in graph_relationships (multi-source corroboration)
b5858b5e-f3fb-403e-b19a-03bf209c301d,e1beaf71-9083-44d6-bf40-81271b755321,cdr_operative,fda48128-2192-4b25-b3ea-16e344d9bf64,called,cdr_records,0.06666666666666667,b9787f53-534b-412b-9b7f-7e0190046463,,Single-source or low-frequency link; supporting evidence only
71a2ae43-f051-46d5-a943-d3f20bbb47d8,e1beaf71-9083-44d6-bf40-81271b755321,cdr_operative,fe23bf1a-8c7f-4ce5-bf1d-7b53804dd17d,called,cdr_records,0.06666666666666667,965473d2-140c-4f93-a2ec-6146894edced,,Single-source or low-frequency link; supporting evidence only
8cd1ada0-e03b-4be0-89fd-0e3118968e38,f41f457b-1975-41bc-97f0-d83efefcce31,cdr_lieutenant,f41f457b-1975-41bc-97f0-d83efefcce31,called,cdr_records,1,f2f115ab-5b0b-4cdc-a136-b775845814d5,,Flagged as suspicious in graph_relationships (multi-source corroboration)
72daf235-131d-44b4-9b04-69b625e24a3e,f41f457b-1975-41bc-97f0-d83efefcce31,cdr_lieutenant,fecebe3d-821d-4461-8f73-50f40303c96c,called,cdr_records,1,f2f115ab-5b0b-4cdc-a136-b775845814d5,,Flagged as suspicious in graph_relationships (multi-source corroboration)
3440a747-adc0-4861-b9c7-0d6057b9ff42,fa00070c-1deb-4b17-9387-7bd434ff75af,cdr_operative,fa00070c-1deb-4b17-9387-7bd434ff75af,called,cdr_records,0.26666666666666666,32e4d776-35df-4688-9259-7b74dd290ddc,,Flagged as suspicious in graph_relationships (multi-source corroboration)
8451677b-f3d2-4f18-89d6-94f2e04ac3ae,fadc20a4-a5ff-4ca0-a3e7-8c5cb974aefb,cdr_operative,fadc20a4-a5ff-4ca0-a3e7-8c5cb974aefb,called,cdr_records,0.26666666666666666,f2f115ab-5b0b-4cdc-a136-b775845814d5,,Flagged as suspicious in graph_relationships (multi-source corroboration)
e3f0e745-d6df-481f-9a3b-483100ad270e,fadc20a4-a5ff-4ca0-a3e7-8c5cb974aefb,cdr_operative,fb3911ba-8769-45a5-ad03-55563c7de121,called,cdr_records,0.13333333333333333,ccaf96a0-e148-4313-9d29-ab057a8be0dd,,Single-source or low-frequency link; supporting evidence only
52552ea9-81f5-443f-b6e9-4fd020591a4c,fb3911ba-8769-45a5-ad03-55563c7de121,cdr_operative,fb3911ba-8769-45a5-ad03-55563c7de121,called,cdr_records,0.26666666666666666,32e4d776-35df-4688-9259-7b74dd290ddc,,Flagged as suspicious in graph_relationships (multi-source corroboration)
9c267979-a8ad-4707-b696-694ef8edf3f9,fd989a10-f458-4c0b-b4de-8816b6ffefdc,cdr_operative,fd989a10-f458-4c0b-b4de-8816b6ffefdc,called,cdr_records,0.4666666666666667,32e4d776-35df-4688-9259-7b74dd290ddc,,Flagged as suspicious in graph_relationships (multi-source corroboration)
b0986510-1c51-4e0b-9c44-67eac025a2c4,fe23bf1a-8c7f-4ce5-bf1d-7b53804dd17d,cdr_operative,fe23bf1a-8c7f-4ce5-bf1d-7b53804dd17d,called,cdr_records,0.2,f2f115ab-5b0b-4cdc-a136-b775845814d5,,Flagged as suspicious in graph_relationships (multi-source corroboration)
85a98093-502e-4f5b-ae03-a393e0cd0d2d,fe23bf1a-8c7f-4ce5-bf1d-7b53804dd17d,cdr_operative,fecebe3d-821d-4461-8f73-50f40303c96c,called,cdr_records,0.26666666666666666,a691f6e4-9bec-4abd-88c2-2fea613fd19e,,Flagged as suspicious in graph_relationships (multi-source corroboration)
7f0a4999-332b-4525-9df9-551167a9779c,fecebe3d-821d-4461-8f73-50f40303c96c,cdr_operative,fecebe3d-821d-4461-8f73-50f40303c96c,called,cdr_records,0.5333333333333333,f2f115ab-5b0b-4cdc-a136-b775845814d5,,Flagged as suspicious in graph_relationships (multi-source corroboration)
a750e141-b84b-436b-8647-77389ed8dadf,00a12545-922e-4c12-8979-fcd4ce73b8ab,cdr_operative,1f65d744-3aba-46f0-a383-91348dbc4a37,financial_transfer,financial_transactions,0.125,,,Single-source or low-frequency link; supporting evidence only
849950d0-5453-4b25-8e1e-da045069c6ce,00a12545-922e-4c12-8979-fcd4ce73b8ab,cdr_operative,a8e20f0c-a0dc-4b0b-8e64-0798129b4048,financial_transfer,financial_transactions,0.125,,,Single-source or low-frequency link; supporting evidence only
9b8efa6c-542c-42e8-b95b-0f2bc88dbd2d,02d32b3c-04cd-4db2-87d1-eaea9c739f75,financial_mule,0e452102-4aa9-4290-9b86-577e41a8b3d4,financial_transfer,financial_transactions,0.125,,,Single-source or low-frequency link; supporting evidence only
b8001507-13fd-48ff-a608-15a31fe30bcb,02d32b3c-04cd-4db2-87d1-eaea9c739f75,financial_mule,3699f0b3-dabc-477c-82a0-5d2c5b556d40,financial_transfer,financial_transactions,0.125,9e1a4a07-e50c-4870-864f-2d705f28fae5,,Single-source or low-frequency link; supporting evidence only
0b453362-a6ab-4a48-87fc-25978333354e,02d32b3c-04cd-4db2-87d1-eaea9c739f75,financial_mule,3e42409b-e1ab-442a-9ffd-c75a3f7ddc96,financial_transfer,financial_transactions,1,a7849323-bce8-46b2-a835-75ac4446df2d,,Flagged as suspicious in graph_relationships (multi-source corroboration)
293f0b64-31d2-459e-9c86-e4f884d1ad71,02d32b3c-04cd-4db2-87d1-eaea9c739f75,financial_mule,3fc017d2-08cb-4e64-8ac6-678a1612aa6b,financial_transfer,financial_transactions,0.25,a7849323-bce8-46b2-a835-75ac4446df2d,,Flagged as suspicious in graph_relationships (multi-source corroboration)
29b5284c-124a-4e5c-8d63-e99b69958ed9,02d32b3c-04cd-4db2-87d1-eaea9c739f75,financial_mule,4556cc56-b8be-4b38-9780-75ecd506fb1d,financial_transfer,financial_transactions,0.125,a7849323-bce8-46b2-a835-75ac4446df2d,,Single-source or low-frequency link; supporting evidence only
cb473448-bf9e-41de-9d00-758a5a3a6f67,02d32b3c-04cd-4db2-87d1-eaea9c739f75,financial_mule,5d4e95f6-a5b7-458f-bb96-16b83c313283,financial_transfer,financial_transactions,0.25,9e1a4a07-e50c-4870-864f-2d705f28fae5,,Flagged as suspicious in graph_relationships (multi-source corroboration)
a5ed17c6-7729-4a6d-a0bc-3ba6ede1c8cd,02d32b3c-04cd-4db2-87d1-eaea9c739f75,financial_mule,735b7692-768a-477f-9084-61285d2d750f,financial_transfer,financial_transactions,0.25,a7849323-bce8-46b2-a835-75ac4446df2d,,Flagged as suspicious in graph_relationships (multi-source corroboration)
3a6eb0d6-9e49-403f-ac8b-1187724d5ad8,02d32b3c-04cd-4db2-87d1-eaea9c739f75,financial_mule,73afdf7b-f403-4f68-a828-79d245d66657,financial_transfer,financial_transactions,0.125,9e1a4a07-e50c-4870-864f-2d705f28fae5,,Single-source or low-frequency link; supporting evidence only
87a240c8-b176-48af-a1d4-84f99628ac8b,02d32b3c-04cd-4db2-87d1-eaea9c739f75,financial_mule,b3e2dabb-54e4-4cdb-9c2a-0c35250aa2b5,financial_transfer,financial_transactions,0.125,9e1a4a07-e50c-4870-864f-2d705f28fae5,,Single-source or low-frequency link; supporting evidence only
7ae12c92-cae8-4455-b77e-bd7fc873c795,0337a9aa-5b4f-47e5-8f62-6328af20b19b,financial_mule,0e452102-4aa9-4290-9b86-577e41a8b3d4,financial_transfer,financial_transactions,0.125,9e1a4a07-e50c-4870-864f-2d705f28fae5,,Single-source or low-frequency link; supporting evidence only
38954bdb-6806-4ecc-8fda-58beed009abd,0337a9aa-5b4f-47e5-8f62-6328af20b19b,financial_mule,1edcdcff-eff3-4399-b490-6ece1fd0a750,financial_transfer+named_together_in_fir+named_together_in_police_report,"financial_transactions,firs,police_reports",0.65,a7849323-bce8-46b2-a835-75ac4446df2d,,Flagged as suspicious in graph_relationships (multi-source corroboration)
9b48827b-84bb-4455-9c60-8b912d579c2a,0337a9aa-5b4f-47e5-8f62-6328af20b19b,financial_mule,29e44cfd-7d35-4a04-ae90-6fdf73acc416,financial_transfer,financial_transactions,0.125,,,Single-source or low-frequency link; supporting evidence only
d51da1e1-fe87-43d2-80a2-b217898852c1,0337a9aa-5b4f-47e5-8f62-6328af20b19b,financial_mule,3699f0b3-dabc-477c-82a0-5d2c5b556d40,financial_transfer+co_accused_prior_case,"financial_transactions,criminal_history",0.7,9e1a4a07-e50c-4870-864f-2d705f28fae5,,Flagged as suspicious in graph_relationships (multi-source corroboration)
d1e6f535-ca90-49dd-974a-3855751665c8,0337a9aa-5b4f-47e5-8f62-6328af20b19b,financial_mule,3c9c5911-b0c5-46cd-8e9f-f136e566c0be,financial_transfer,financial_transactions,0.125,a7849323-bce8-46b2-a835-75ac4446df2d,,Single-source or low-frequency link; supporting evidence only
13708f9f-f1b9-485d-b67b-b8b6c69c4574,0337a9aa-5b4f-47e5-8f62-6328af20b19b,financial_mule,4285df9b-9b16-4ccd-9844-3508c0d49fdc,financial_transfer,financial_transactions,0.125,,,Single-source or low-frequency link; supporting evidence only
6f0c6e97-68b3-4592-a0ab-c66123b2ebab,0337a9aa-5b4f-47e5-8f62-6328af20b19b,financial_mule,54c82bdd-31ea-4ed6-9d88-87aa3fa602dd,financial_transfer+named_together_in_fir+named_together_in_police_report,"financial_transactions,firs,police_reports",0.65,a7849323-bce8-46b2-a835-75ac4446df2d,,Flagged as suspicious in graph_relationships (multi-source corroboration)
b20473e9-faac-41b2-8b1d-fc214fdb0341,0337a9aa-5b4f-47e5-8f62-6328af20b19b,financial_mule,5d4e95f6-a5b7-458f-bb96-16b83c313283,financial_transfer,financial_transactions,0.375,9e1a4a07-e50c-4870-864f-2d705f28fae5,,Flagged as suspicious in graph_relationships (multi-source corroboration)
94f369f1-3314-4304-990a-b19252f7a438,0337a9aa-5b4f-47e5-8f62-6328af20b19b,financial_mule,6a1dcf18-6c4f-44c3-a14b-752c80221fe0,financial_transfer,financial_transactions,0.125,,,Single-source or low-frequency link; supporting evidence only
bad35a51-797a-4206-a581-33269532652c,0337a9aa-5b4f-47e5-8f62-6328af20b19b,financial_mule,735b7692-768a-477f-9084-61285d2d750f,financial_transfer,financial_transactions,0.125,9e1a4a07-e50c-4870-864f-2d705f28fae5,,Single-source or low-frequency link; supporting evidence only
0f22d1bc-ca59-4906-9be3-ac94598f30b8,0337a9aa-5b4f-47e5-8f62-6328af20b19b,financial_mule,73afdf7b-f403-4f68-a828-79d245d66657,financial_transfer,financial_transactions,1,a7849323-bce8-46b2-a835-75ac4446df2d,,Flagged as suspicious in graph_relationships (multi-source corroboration)
81032f46-a186-47bd-a0b5-ab51b35c9ecd,036484c0-7073-4f7d-96f0-9d0dda8c0830,cdr_peripheral,16757341-7413-4caa-a82d-50e53ac5a3c5,financial_transfer,financial_transactions,0.125,,,Single-source or low-frequency link; supporting evidence only
bd3c50f3-e0cd-402c-8d42-057b7c1b14ca,036484c0-7073-4f7d-96f0-9d0dda8c0830,cdr_peripheral,65f2e462-20b2-40dc-aa8d-5e7ced3545a6,financial_transfer,financial_transactions,0.125,,,Single-source or low-frequency link; supporting evidence only
7ee11d73-4bbf-4f75-b0a3-0e787f1e6bd1,036484c0-7073-4f7d-96f0-9d0dda8c0830,cdr_peripheral,a249f1b5-82e1-4c5b-a594-3a1738f6cd01,financial_transfer,financial_transactions,0.125,,,Single-source or low-frequency link; supporting evidence only
d491759c-2867-43a7-ae47-9ca1e3ee687e,04d36625-b5aa-4286-a543-bf880a885eb0,financial_mule,43d397f3-6279-4e7b-b1e1-d2dd053d82d2,financial_transfer+co_observed,"financial_transactions,surveillance_records",0.55,b8d3ad45-c8d8-4136-823b-dc56797bbe6a,,Flagged as suspicious in graph_relationships (multi-source corroboration)
a8a85c99-9575-4bc6-bb70-3e93ad1d599f,04d36625-b5aa-4286-a543-bf880a885eb0,financial_mule,454733be-201b-4f37-bdc8-fabcf42fcd20,financial_transfer,financial_transactions,0.25,a7849323-bce8-46b2-a835-75ac4446df2d,,Flagged as suspicious in graph_relationships (multi-source corroboration)
e61bcb42-3c98-4ff7-82d1-84228cfdad1e,04d36625-b5aa-4286-a543-bf880a885eb0,financial_mule,780380a3-fe83-4fb6-980c-cab0208c14fb,financial_transfer,financial_transactions,0.375,a7849323-bce8-46b2-a835-75ac4446df2d,,Flagged as suspicious in graph_relationships (multi-source corroboration)
de75108f-432c-4046-8c4e-a46770605079,04d36625-b5aa-4286-a543-bf880a885eb0,financial_mule,7d7a9547-367c-47ec-8c5c-05fb43f36340,financial_transfer+co_observed,"financial_transactions,surveillance_records",0.55,b8d3ad45-c8d8-4136-823b-dc56797bbe6a,,Flagged as suspicious in graph_relationships (multi-source corroboration)
53f3a653-dba8-437a-86cb-a00fc628c005,04d36625-b5aa-4286-a543-bf880a885eb0,financial_mule,8171e26b-7d4e-41ed-a931-f0414f85531a,financial_transfer+named_together_in_fir+named_together_in_police_report,"financial_transactions,firs,police_reports",1,a7849323-bce8-46b2-a835-75ac4446df2d,,Flagged as suspicious in graph_relationships (multi-source corroboration)
b716064b-fd80-4ba0-9a54-25c519f41193,04d36625-b5aa-4286-a543-bf880a885eb0,financial_mule,8cab76dc-2ec9-4d0f-9aca-8e0e66b20e4b,financial_transfer+co_observed,"financial_transactions,surveillance_records",0.55,a7849323-bce8-46b2-a835-75ac4446df2d,,Flagged as suspicious in graph_relationships (multi-source corroboration)
c824e509-851b-4f5a-b54c-8271d33ef99f,04d36625-b5aa-4286-a543-bf880a885eb0,financial_mule,94d607d7-3492-48ab-a373-f24cb1390211,financial_transfer+co_observed,"financial_transactions,surveillance_records",0.55,b9787f53-534b-412b-9b7f-7e0190046463,,Flagged as suspicious in graph_relationships (multi-source corroboration)
e88914b9-1694-492b-b32d-08b88f030893,04d36625-b5aa-4286-a543-bf880a885eb0,financial_mule,a53fff68-2c1f-4540-a9b7-9187343dc876,financial_transfer,financial_transactions,0.375,9e1a4a07-e50c-4870-864f-2d705f28fae5,,Flagged as suspicious in graph_relationships (multi-source corroboration)
5323d42e-6759-4f7f-88a2-87597efb8269,0e452102-4aa9-4290-9b86-577e41a8b3d4,financial_peripheral,3e42409b-e1ab-442a-9ffd-c75a3f7ddc96,financial_transfer,financial_transactions,0.125,,,Single-source or low-frequency link; supporting evidence only
9969c568-c824-466f-b287-44510d2822b3,0e452102-4aa9-4290-9b86-577e41a8b3d4,financial_peripheral,4285df9b-9b16-4ccd-9844-3508c0d49fdc,financial_transfer,financial_transactions,0.125,,,Single-source or low-frequency link; supporting evidence only
99504867-1c5f-4133-9fde-202554bbf4ce,0e452102-4aa9-4290-9b86-577e41a8b3d4,financial_peripheral,598b970f-3219-4a29-a843-eb1703d9bcc2,financial_transfer,financial_transactions,0.125,,,Single-source or low-frequency link; supporting evidence only
4b62c576-d0c4-4f79-bd5c-c7368a2b2e46,0e452102-4aa9-4290-9b86-577e41a8b3d4,financial_peripheral,735b7692-768a-477f-9084-61285d2d750f,financial_transfer,financial_transactions,0.125,9e1a4a07-e50c-4870-864f-2d705f28fae5,,Single-source or low-frequency link; supporting evidence only
0fbb5ca6-3f7f-4190-b583-b45c25fd13a3,0e452102-4aa9-4290-9b86-577e41a8b3d4,financial_peripheral,8cab76dc-2ec9-4d0f-9aca-8e0e66b20e4b,financial_transfer,financial_transactions,0.625,9e1a4a07-e50c-4870-864f-2d705f28fae5,,Flagged as suspicious in graph_relationships (multi-source corroboration)
ecfe31fb-e51c-4ece-8ecf-f4dc3a1ae092,0e452102-4aa9-4290-9b86-577e41a8b3d4,financial_peripheral,b56c9b82-0597-4e04-9c41-1272f478a5d2,financial_transfer,financial_transactions,0.125,,,Single-source or low-frequency link; supporting evidence only
d5939e82-0703-4ee8-9e9b-4cd38a809cad,0ead0884-55ed-4e0c-931f-0414d70f5921,financial_peripheral,1da61097-56d3-445b-8d48-61f56db9919c,financial_transfer,financial_transactions,0.125,,,Single-source or low-frequency link; supporting evidence only
50ab405e-32b9-4382-9746-9aec02182d70,0ead0884-55ed-4e0c-931f-0414d70f5921,financial_peripheral,3699f0b3-dabc-477c-82a0-5d2c5b556d40,financial_transfer,financial_transactions,0.5,9e1a4a07-e50c-4870-864f-2d705f28fae5,,Flagged as suspicious in graph_relationships (multi-source corroboration)
30df29d6-1d0a-4f22-b1cd-db05e24ce922,0ead0884-55ed-4e0c-931f-0414d70f5921,financial_peripheral,4be433a6-e91f-404d-b1bd-7d3d856145d8,financial_transfer,financial_transactions,0.125,,,Single-source or low-frequency link; supporting evidence only
3cd6e701-3644-410a-968d-b8b0f1c66a23,0ead0884-55ed-4e0c-931f-0414d70f5921,financial_peripheral,66608c82-c95e-449d-8483-39e9876092a0,financial_transfer,financial_transactions,0.125,,,Single-source or low-frequency link; supporting evidence only
98dc850b-b3a3-4495-a562-6ce0d92af6ab,0ead0884-55ed-4e0c-931f-0414d70f5921,financial_peripheral,80d1a12f-12b3-4bd3-abd1-b154fc01378c,financial_transfer,financial_transactions,0.125,,,Single-source or low-frequency link; supporting evidence only
1817756d-cd0b-47c5-abc5-32b0a31ac161,1625d745-435b-464f-8b41-7bb07e32d54f,cdr_operative,a8e20f0c-a0dc-4b0b-8e64-0798129b4048,financial_transfer,financial_transactions,0.125,,,Single-source or low-frequency link; supporting evidence only
0cb57f9e-54a5-44e9-91c2-00d6bc734b12,16279b5f-489c-4c08-842d-99d95e761f7a,cdr_peripheral,8171e26b-7d4e-41ed-a931-f0414f85531a,financial_transfer,financial_transactions,0.125,,,Single-source or low-frequency link; supporting evidence only
92cd5442-fa59-4005-8be6-55ead7f79406,16279b5f-489c-4c08-842d-99d95e761f7a,cdr_peripheral,b681e7e8-fb53-41e2-a5e0-137f14ae1cb4,financial_transfer,financial_transactions,0.125,,,Single-source or low-frequency link; supporting evidence only
0098b7aa-acca-4a24-8d51-fea846c823ec,16757341-7413-4caa-a82d-50e53ac5a3c5,cdr_operative,3699f0b3-dabc-477c-82a0-5d2c5b556d40,financial_transfer,financial_transactions,0.125,,,Single-source or low-frequency link; supporting evidence only
f3bcaa84-9a2a-4034-9984-bc010256de3f,1d81b4ed-c0fc-463d-ac33-b790781668cd,cdr_operative,1edcdcff-eff3-4399-b490-6ece1fd0a750,financial_transfer,financial_transactions,0.125,,,Single-source or low-frequency link; supporting evidence only
8ec40a4e-ef81-4eed-a6b6-c16d0561389b,1d81b4ed-c0fc-463d-ac33-b790781668cd,cdr_operative,61bb3299-d676-4a30-b116-2dff61424c18,financial_transfer,financial_transactions,0.125,,,Single-source or low-frequency link; supporting evidence only
0d8ac9bd-23f6-417e-8474-992b435b7767,1da61097-56d3-445b-8d48-61f56db9919c,cdr_operative,4de490be-92c2-4542-a982-4a674c43b835,financial_transfer,financial_transactions,0.125,,,Single-source or low-frequency link; supporting evidence only
07579326-a898-4be4-9071-d47f50cd1445,1edcdcff-eff3-4399-b490-6ece1fd0a750,financial_mule,3c9c5911-b0c5-46cd-8e9f-f136e566c0be,financial_transfer,financial_transactions,0.625,a7849323-bce8-46b2-a835-75ac4446df2d,,Flagged as suspicious in graph_relationships (multi-source corroboration)
cba6732d-8bec-4e18-b040-2da942c2ba7d,1edcdcff-eff3-4399-b490-6ece1fd0a750,financial_mule,4556cc56-b8be-4b38-9780-75ecd506fb1d,financial_transfer,financial_transactions,0.125,9e1a4a07-e50c-4870-864f-2d705f28fae5,,Single-source or low-frequency link; supporting evidence only
f6892dc8-d840-40ec-8ce2-1e50f48c2446,1edcdcff-eff3-4399-b490-6ece1fd0a750,financial_mule,54c82bdd-31ea-4ed6-9d88-87aa3fa602dd,financial_transfer+named_together_in_fir+named_together_in_police_report,"financial_transactions,firs,police_reports",0.65,a7849323-bce8-46b2-a835-75ac4446df2d,,Flagged as suspicious in graph_relationships (multi-source corroboration)
086be69f-b9c2-4b35-9451-2cc47cc8f95d,1edcdcff-eff3-4399-b490-6ece1fd0a750,financial_mule,65f2e462-20b2-40dc-aa8d-5e7ced3545a6,financial_transfer,financial_transactions,0.625,9e1a4a07-e50c-4870-864f-2d705f28fae5,,Flagged as suspicious in graph_relationships (multi-source corroboration)
49074761-b1eb-45f9-8dde-5116c7f3dcf7,1edcdcff-eff3-4399-b490-6ece1fd0a750,financial_mule,73afdf7b-f403-4f68-a828-79d245d66657,financial_transfer,financial_transactions,1,a7849323-bce8-46b2-a835-75ac4446df2d,,Flagged as suspicious in graph_relationships (multi-source corroboration)
2d4ee7a0-06ed-4584-9c00-6b8477a88c90,1edcdcff-eff3-4399-b490-6ece1fd0a750,financial_mule,a53fff68-2c1f-4540-a9b7-9187343dc876,financial_transfer,financial_transactions,0.125,9e1a4a07-e50c-4870-864f-2d705f28fae5,,Single-source or low-frequency link; supporting evidence only
3e068878-e21d-48c1-a0d5-79cc08b8a422,1edcdcff-eff3-4399-b490-6ece1fd0a750,financial_mule,b56c9b82-0597-4e04-9c41-1272f478a5d2,financial_transfer,financial_transactions,0.125,,,Single-source or low-frequency link; supporting evidence only
70321c0d-3f56-40ae-8dbb-a24ccc07d61c,1edcdcff-eff3-4399-b490-6ece1fd0a750,financial_mule,ed7911e6-3465-4f1d-b781-e1f0f3b04c18,financial_transfer,financial_transactions,0.125,,,Single-source or low-frequency link; supporting evidence only
2503dad3-dc60-49c0-ba98-86b11be87c98,1f65d744-3aba-46f0-a383-91348dbc4a37,cdr_operative,fecebe3d-821d-4461-8f73-50f40303c96c,financial_transfer,financial_transactions,0.125,,,Single-source or low-frequency link; supporting evidence only
21921e15-8ebf-45cc-8b77-677968a50ec7,2090861b-d686-40ef-bb36-c556e162d4dc,cdr_operative,58403a85-3bb2-4384-b35a-06d05951268a,financial_transfer,financial_transactions,0.125,,,Single-source or low-frequency link; supporting evidence only
406e12b6-de8f-4828-85de-5c39aa9178a4,2090861b-d686-40ef-bb36-c556e162d4dc,cdr_operative,80d1a12f-12b3-4bd3-abd1-b154fc01378c,financial_transfer,financial_transactions,0.125,,,Single-source or low-frequency link; supporting evidence only
f0419eca-fa08-40d6-a868-82842d1235fd,2090861b-d686-40ef-bb36-c556e162d4dc,cdr_operative,88b8ce01-e7bf-427e-9595-c5bfcbabe267,financial_transfer,financial_transactions,0.125,,,Single-source or low-frequency link; supporting evidence only
30192f59-9c7d-4cd4-8c37-1f3302f0a6b9,27c380f2-fa41-483e-b931-a7a973ccb69a,cdr_peripheral,6682d7a0-40b3-4146-9c36-1cf8a8ec6ee9,financial_transfer,financial_transactions,0.125,,,Single-source or low-frequency link; supporting evidence only
7830208e-5ace-414b-b163-98fb0473e735,27c380f2-fa41-483e-b931-a7a973ccb69a,cdr_peripheral,8cab76dc-2ec9-4d0f-9aca-8e0e66b20e4b,financial_transfer,financial_transactions,0.125,,,Single-source or low-frequency link; supporting evidence only
01095413-b824-496b-a1db-f3ef80c895b6,29e44cfd-7d35-4a04-ae90-6fdf73acc416,cdr_lieutenant,55cfdf10-a1a9-4735-ae66-8aae4018cb6a,financial_transfer,financial_transactions,0.125,,,Single-source or low-frequency link; supporting evidence only
65e20d02-3fe7-4ecb-b082-62a36178a778,3699f0b3-dabc-477c-82a0-5d2c5b556d40,financial_mule,3e42409b-e1ab-442a-9ffd-c75a3f7ddc96,financial_transfer+co_accused_prior_case,"financial_transactions,criminal_history",0.7,9e1a4a07-e50c-4870-864f-2d705f28fae5,,Flagged as suspicious in graph_relationships (multi-source corroboration)
231080cb-3d6f-4a4f-a951-09c75aa14ae5,3699f0b3-dabc-477c-82a0-5d2c5b556d40,financial_mule,454733be-201b-4f37-bdc8-fabcf42fcd20,financial_transfer,financial_transactions,0.5,9e1a4a07-e50c-4870-864f-2d705f28fae5,,Flagged as suspicious in graph_relationships (multi-source corroboration)
b1dd3e41-4e21-4370-9e38-3b0235c06842,3699f0b3-dabc-477c-82a0-5d2c5b556d40,financial_mule,55cfdf10-a1a9-4735-ae66-8aae4018cb6a,financial_transfer,financial_transactions,0.125,a7849323-bce8-46b2-a835-75ac4446df2d,,Single-source or low-frequency link; supporting evidence only
ec3aacb7-e6ba-4580-887a-75510e73836f,3699f0b3-dabc-477c-82a0-5d2c5b556d40,financial_mule,5d4e95f6-a5b7-458f-bb96-16b83c313283,financial_transfer,financial_transactions,0.125,9e1a4a07-e50c-4870-864f-2d705f28fae5,,Single-source or low-frequency link; supporting evidence only
53080f72-285d-441f-aad1-05984805f7d5,3699f0b3-dabc-477c-82a0-5d2c5b556d40,financial_mule,6180b099-5e5e-4247-9219-81bf4309f50f,financial_transfer,financial_transactions,1,a7849323-bce8-46b2-a835-75ac4446df2d,,Flagged as suspicious in graph_relationships (multi-source corroboration)
6175785b-9b97-491f-ace9-ce35167ac27b,3699f0b3-dabc-477c-82a0-5d2c5b556d40,financial_mule,a53fff68-2c1f-4540-a9b7-9187343dc876,financial_transfer,financial_transactions,0.125,9e1a4a07-e50c-4870-864f-2d705f28fae5,,Single-source or low-frequency link; supporting evidence only
8e04e5a3-5dee-499b-ae66-5c32a810cd51,3699f0b3-dabc-477c-82a0-5d2c5b556d40,financial_mule,b3e2dabb-54e4-4cdb-9c2a-0c35250aa2b5,financial_transfer+co_observed,"financial_transactions,surveillance_records",0.625,a7849323-bce8-46b2-a835-75ac4446df2d,,Flagged as suspicious in graph_relationships (multi-source corroboration)
f06ed4b7-fe0b-4b7d-b307-7cccbd3b2db1,3699f0b3-dabc-477c-82a0-5d2c5b556d40,financial_mule,fd989a10-f458-4c0b-b4de-8816b6ffefdc,financial_transfer,financial_transactions,0.125,,,Single-source or low-frequency link; supporting evidence only
2901caa0-9844-4a22-8e2e-286c9c8d93f6,3c9c5911-b0c5-46cd-8e9f-f136e566c0be,financial_mule,54c82bdd-31ea-4ed6-9d88-87aa3fa602dd,financial_transfer,financial_transactions,0.125,a7849323-bce8-46b2-a835-75ac4446df2d,,Single-source or low-frequency link; supporting evidence only
d405dbeb-211a-4ccf-b323-0a36694e3752,3c9c5911-b0c5-46cd-8e9f-f136e566c0be,financial_mule,73afdf7b-f403-4f68-a828-79d245d66657,financial_transfer,financial_transactions,1,a7849323-bce8-46b2-a835-75ac4446df2d,,Flagged as suspicious in graph_relationships (multi-source corroboration)
03da7445-5d86-4222-aba7-e1fc3fcc6b85,3c9c5911-b0c5-46cd-8e9f-f136e566c0be,financial_mule,e1631865-a6e0-42ba-8241-0fb34d3cd2d5,financial_transfer+co_observed,"financial_transactions,surveillance_records",0.875,9e1a4a07-e50c-4870-864f-2d705f28fae5,,Flagged as suspicious in graph_relationships (multi-source corroboration)
7520b31e-7207-4b6f-8f06-28fa608a34b6,3e42409b-e1ab-442a-9ffd-c75a3f7ddc96,financial_lieutenant,3fc017d2-08cb-4e64-8ac6-678a1612aa6b,financial_transfer,financial_transactions,1,a7849323-bce8-46b2-a835-75ac4446df2d,,Flagged as suspicious in graph_relationships (multi-source corroboration)
15f63334-9ec1-47bf-96fe-9b17098703ee,3e42409b-e1ab-442a-9ffd-c75a3f7ddc96,financial_lieutenant,4556cc56-b8be-4b38-9780-75ecd506fb1d,financial_transfer,financial_transactions,1,a7849323-bce8-46b2-a835-75ac4446df2d,,Flagged as suspicious in graph_relationships (multi-source corroboration)
086efa21-1272-487f-8076-4b38934b9f48,3e42409b-e1ab-442a-9ffd-c75a3f7ddc96,financial_lieutenant,598b970f-3219-4a29-a843-eb1703d9bcc2,financial_transfer,financial_transactions,0.875,b42d372f-b386-46ba-9301-24ab804c2723,,Flagged as suspicious in graph_relationships (multi-source corroboration)
3ba694c5-f514-4e96-a9fd-c038cdb8e154,3e42409b-e1ab-442a-9ffd-c75a3f7ddc96,financial_lieutenant,735b7692-768a-477f-9084-61285d2d750f,financial_transfer,financial_transactions,1,a7849323-bce8-46b2-a835-75ac4446df2d,,Flagged as suspicious in graph_relationships (multi-source corroboration)
5649626c-61ec-4741-b055-fb3525ce778c,3e42409b-e1ab-442a-9ffd-c75a3f7ddc96,financial_lieutenant,8171e26b-7d4e-41ed-a931-f0414f85531a,financial_transfer,financial_transactions,0.125,,,Single-source or low-frequency link; supporting evidence only
36f67f81-b67b-4d7f-8586-8e1de366ffc0,3e42409b-e1ab-442a-9ffd-c75a3f7ddc96,financial_lieutenant,a53fff68-2c1f-4540-a9b7-9187343dc876,financial_transfer,financial_transactions,0.125,9e1a4a07-e50c-4870-864f-2d705f28fae5,,Single-source or low-frequency link; supporting evidence only
97585f08-e7d1-4c86-aeb5-4878544226c5,4285df9b-9b16-4ccd-9844-3508c0d49fdc,cdr_lieutenant,7a8dcb3d-2353-4f1c-8481-583a228493ce,financial_transfer,financial_transactions,0.125,,,Single-source or low-frequency link; supporting evidence only
a08265d9-a330-43a3-b5db-a38517dbb4b0,43d397f3-6279-4e7b-b1e1-d2dd053d82d2,cdr_lieutenant,598b970f-3219-4a29-a843-eb1703d9bcc2,financial_transfer,financial_transactions,0.125,,,Single-source or low-frequency link; supporting evidence only
9910c861-e5b9-41e1-ae94-a8d1b37efc6c,454733be-201b-4f37-bdc8-fabcf42fcd20,financial_mule,4556cc56-b8be-4b38-9780-75ecd506fb1d,financial_transfer,financial_transactions,0.125,9e1a4a07-e50c-4870-864f-2d705f28fae5,,Single-source or low-frequency link; supporting evidence only
9ef3ddd8-a2b3-4b4c-a3b8-3edd3fb59dae,454733be-201b-4f37-bdc8-fabcf42fcd20,financial_mule,65f2e462-20b2-40dc-aa8d-5e7ced3545a6,financial_transfer,financial_transactions,0.125,9e1a4a07-e50c-4870-864f-2d705f28fae5,,Single-source or low-frequency link; supporting evidence only
420bfe80-ed51-4cb8-be0a-9393be1f40d9,454733be-201b-4f37-bdc8-fabcf42fcd20,financial_mule,66608c82-c95e-449d-8483-39e9876092a0,financial_transfer,financial_transactions,0.125,,,Single-source or low-frequency link; supporting evidence only
707d99ce-2bf8-4191-a6f2-2f6330e62ba2,454733be-201b-4f37-bdc8-fabcf42fcd20,financial_mule,6682d7a0-40b3-4146-9c36-1cf8a8ec6ee9,financial_transfer,financial_transactions,0.75,9e1a4a07-e50c-4870-864f-2d705f28fae5,,Flagged as suspicious in graph_relationships (multi-source corroboration)
5ac1d893-7066-4ccc-83e5-41b43c0e6bdf,454733be-201b-4f37-bdc8-fabcf42fcd20,financial_mule,735b7692-768a-477f-9084-61285d2d750f,financial_transfer+named_together_in_fir+named_together_in_police_report,"financial_transactions,firs,police_reports",0.65,9e1a4a07-e50c-4870-864f-2d705f28fae5,,Flagged as suspicious in graph_relationships (multi-source corroboration)
8b1f2818-1aff-489e-b335-3ca8aec96a1b,454733be-201b-4f37-bdc8-fabcf42fcd20,financial_mule,780380a3-fe83-4fb6-980c-cab0208c14fb,financial_transfer,financial_transactions,0.125,9e1a4a07-e50c-4870-864f-2d705f28fae5,,Single-source or low-frequency link; supporting evidence only
cc4d8899-5ad8-41d6-8a9c-bdf812d7f3cd,454733be-201b-4f37-bdc8-fabcf42fcd20,financial_mule,8171e26b-7d4e-41ed-a931-f0414f85531a,financial_transfer,financial_transactions,1,a7849323-bce8-46b2-a835-75ac4446df2d,,Flagged as suspicious in graph_relationships (multi-source corroboration)
b4be46db-81e6-461d-8a81-0df03ea5e6a5,454733be-201b-4f37-bdc8-fabcf42fcd20,financial_mule,8cab76dc-2ec9-4d0f-9aca-8e0e66b20e4b,financial_transfer,financial_transactions,0.125,a7849323-bce8-46b2-a835-75ac4446df2d,,Single-source or low-frequency link; supporting evidence only
9d351a6f-165b-4c9c-bb2c-898f0525bbf8,4556cc56-b8be-4b38-9780-75ecd506fb1d,financial_mule,61bb3299-d676-4a30-b116-2dff61424c18,financial_transfer,financial_transactions,0.125,9e1a4a07-e50c-4870-864f-2d705f28fae5,,Single-source or low-frequency link; supporting evidence only
d4f78b75-b743-4095-8390-27a32302bb4e,4556cc56-b8be-4b38-9780-75ecd506fb1d,financial_mule,735b7692-768a-477f-9084-61285d2d750f,financial_transfer,financial_transactions,0.125,a7849323-bce8-46b2-a835-75ac4446df2d,,Single-source or low-frequency link; supporting evidence only
074a7ec0-46cf-4604-9428-074b06a2b5d9,4556cc56-b8be-4b38-9780-75ecd506fb1d,financial_mule,80d1a12f-12b3-4bd3-abd1-b154fc01378c,financial_transfer,financial_transactions,0.125,,,Single-source or low-frequency link; supporting evidence only
ff477016-5d07-4f6c-ae82-89bba061f1e9,4556cc56-b8be-4b38-9780-75ecd506fb1d,financial_mule,8cab76dc-2ec9-4d0f-9aca-8e0e66b20e4b,financial_transfer,financial_transactions,0.125,9e1a4a07-e50c-4870-864f-2d705f28fae5,,Single-source or low-frequency link; supporting evidence only
8822b16a-3d98-4f1f-ab96-4a95cf9ce03c,45fde464-2062-4c6b-8c6d-947c4580b94d,cdr_operative,8bc0df36-e3d8-4a4a-8c8e-accca462e3ee,financial_transfer,financial_transactions,0.125,,,Single-source or low-frequency link; supporting evidence only
cb5edaca-3d39-4982-ac3e-90f24b5f4352,470bc6dc-44e7-4c45-bf4a-da28c0844bdf,cdr_operative,7d6f20e1-961e-46de-8504-3ea2f6d7692a,financial_transfer,financial_transactions,0.125,,,Single-source or low-frequency link; supporting evidence only
924ebe33-c15d-4356-b51d-99f9cf9590fb,47635c92-ffa4-4fc8-b344-531214f40b95,cdr_peripheral,fecebe3d-821d-4461-8f73-50f40303c96c,financial_transfer,financial_transactions,0.125,,,Single-source or low-frequency link; supporting evidence only
a3ef9630-ed94-40c1-b583-4c81d2fb5233,4a2c443a-ac5b-475a-8418-5e2f8033b25e,cdr_operative,a1986a86-ee18-4b99-bde2-9f10ab7ccd8e,financial_transfer,financial_transactions,0.125,,,Single-source or low-frequency link; supporting evidence only
70ec49cc-e5f2-4b0e-a23a-7aa0c41d7b80,4de490be-92c2-4542-a982-4a674c43b835,social_discovered_associate,a320ee3a-ba3e-40b3-b0e9-2d9266f355fc,financial_transfer,financial_transactions,0.125,,,Single-source or low-frequency link; supporting evidence only
1e649306-c415-49b9-9587-5d1b1dd82c26,4e23666b-e908-419c-8413-cc86957ec667,cdr_operative,8171e26b-7d4e-41ed-a931-f0414f85531a,financial_transfer,financial_transactions,0.125,,,Single-source or low-frequency link; supporting evidence only
20f81673-8fa4-4434-951c-201ef40d6bd9,4e23666b-e908-419c-8413-cc86957ec667,cdr_operative,a249f1b5-82e1-4c5b-a594-3a1738f6cd01,financial_transfer,financial_transactions,0.125,,,Single-source or low-frequency link; supporting evidence only
6c733a55-faf5-4b82-a597-cbede5e48eb4,50873f12-f502-48f0-b7b9-1ca825fbb932,cdr_lieutenant,a8e8d715-c685-4e6e-b7b6-770c44b19fa0,financial_transfer,financial_transactions,0.125,,,Single-source or low-frequency link; supporting evidence only
8b840598-7e1e-404d-a585-4bd6e8271a70,527acfb6-d569-437a-93dd-9ffe15d94950,cdr_operative,9b4e88b4-77b3-4882-8c33-0051f58d3ce4,financial_transfer,financial_transactions,0.125,,,Single-source or low-frequency link; supporting evidence only
120693b7-3a6f-4903-8016-c6bd82594ae8,54c82bdd-31ea-4ed6-9d88-87aa3fa602dd,financial_mule,73afdf7b-f403-4f68-a828-79d245d66657,financial_transfer,financial_transactions,1,a7849323-bce8-46b2-a835-75ac4446df2d,,Flagged as suspicious in graph_relationships (multi-source corroboration)
b2e4eec1-ff8e-43a4-9407-7342b451d40f,55cfdf10-a1a9-4735-ae66-8aae4018cb6a,financial_mule,6180b099-5e5e-4247-9219-81bf4309f50f,financial_transfer+named_together_in_fir+named_together_in_police_report,"financial_transactions,firs,police_reports",1,a7849323-bce8-46b2-a835-75ac4446df2d,,Flagged as suspicious in graph_relationships (multi-source corroboration)
d61d845f-67f2-49a9-b427-b34132dbec4c,55cfdf10-a1a9-4735-ae66-8aae4018cb6a,financial_mule,71ca9b1d-db04-4eaf-8500-9080bd12ad54,financial_transfer,financial_transactions,0.5,9e1a4a07-e50c-4870-864f-2d705f28fae5,,Flagged as suspicious in graph_relationships (multi-source corroboration)
8d072df5-c66b-4d92-8c06-31e3f14708c9,58403a85-3bb2-4384-b35a-06d05951268a,cdr_kingpin,6da2a43c-3bff-4bc9-b9d0-5d6b9b496b89,financial_transfer,financial_transactions,0.125,,,Single-source or low-frequency link; supporting evidence only
ee4e30ab-d863-4a12-8a48-c953ae860a7b,598b970f-3219-4a29-a843-eb1703d9bcc2,financial_kingpin,6180b099-5e5e-4247-9219-81bf4309f50f,financial_transfer,financial_transactions,0.875,b42d372f-b386-46ba-9301-24ab804c2723,,Flagged as suspicious in graph_relationships (multi-source corroboration)
0a12e64c-b07f-4b1b-8dad-7f8660b9b1bb,598b970f-3219-4a29-a843-eb1703d9bcc2,financial_kingpin,73afdf7b-f403-4f68-a828-79d245d66657,financial_transfer,financial_transactions,0.875,b42d372f-b386-46ba-9301-24ab804c2723,,Flagged as suspicious in graph_relationships (multi-source corroboration)
d5f143ff-2fc6-45a4-91b0-da950659aa3f,598b970f-3219-4a29-a843-eb1703d9bcc2,financial_kingpin,8171e26b-7d4e-41ed-a931-f0414f85531a,financial_transfer,financial_transactions,1,b42d372f-b386-46ba-9301-24ab804c2723,,Flagged as suspicious in graph_relationships (multi-source corroboration)
6a99dcc0-29cf-48e1-aeca-93b1aa459885,5a6f730b-aff6-4672-843f-6f051b6ca392,cdr_operative,8bc0df36-e3d8-4a4a-8c8e-accca462e3ee,financial_transfer,financial_transactions,0.125,,,Single-source or low-frequency link; supporting evidence only
9fd8ecca-372c-42bf-b9c2-57500af7f1c9,5a6f730b-aff6-4672-843f-6f051b6ca392,cdr_operative,a8e8d715-c685-4e6e-b7b6-770c44b19fa0,financial_transfer,financial_transactions,0.125,,,Single-source or low-frequency link; supporting evidence only
50091a89-6d29-4385-a409-93224e0e41d7,5d4e95f6-a5b7-458f-bb96-16b83c313283,financial_peripheral,61bb3299-d676-4a30-b116-2dff61424c18,financial_transfer,financial_transactions,0.125,9e1a4a07-e50c-4870-864f-2d705f28fae5,,Single-source or low-frequency link; supporting evidence only
3c785994-288a-4fc4-b9ce-7f7a4923e8d2,5d4e95f6-a5b7-458f-bb96-16b83c313283,financial_peripheral,65f2e462-20b2-40dc-aa8d-5e7ced3545a6,financial_transfer,financial_transactions,0.125,9e1a4a07-e50c-4870-864f-2d705f28fae5,,Single-source or low-frequency link; supporting evidence only
32c04827-874c-499c-9d74-18053d64fe10,5d4e95f6-a5b7-458f-bb96-16b83c313283,financial_peripheral,73afdf7b-f403-4f68-a828-79d245d66657,financial_transfer,financial_transactions,0.125,9e1a4a07-e50c-4870-864f-2d705f28fae5,,Single-source or low-frequency link; supporting evidence only
9ab83f73-fa3e-4df3-b971-05e307998de0,5d4e95f6-a5b7-458f-bb96-16b83c313283,financial_peripheral,a320ee3a-ba3e-40b3-b0e9-2d9266f355fc,financial_transfer,financial_transactions,0.125,,,Single-source or low-frequency link; supporting evidence only
559511c5-6b7e-41cc-9e36-e7ed19cf11ac,6180b099-5e5e-4247-9219-81bf4309f50f,financial_lieutenant,a1986a86-ee18-4b99-bde2-9f10ab7ccd8e,financial_transfer,financial_transactions,0.125,,,Single-source or low-frequency link; supporting evidence only
1278e784-8ac6-43c1-8df8-4c7862a1ace5,6180b099-5e5e-4247-9219-81bf4309f50f,financial_lieutenant,b3e2dabb-54e4-4cdb-9c2a-0c35250aa2b5,financial_transfer,financial_transactions,1,a7849323-bce8-46b2-a835-75ac4446df2d,,Flagged as suspicious in graph_relationships (multi-source corroboration)
4ecb453c-07b4-4eed-ac39-a81680f4615f,6180b099-5e5e-4247-9219-81bf4309f50f,financial_lieutenant,fe23bf1a-8c7f-4ce5-bf1d-7b53804dd17d,financial_transfer,financial_transactions,0.125,,,Single-source or low-frequency link; supporting evidence only
fb80b959-3986-4e00-9f56-f1eb6a433170,61bb3299-d676-4a30-b116-2dff61424c18,financial_peripheral,b3e2dabb-54e4-4cdb-9c2a-0c35250aa2b5,financial_transfer,financial_transactions,0.875,9e1a4a07-e50c-4870-864f-2d705f28fae5,,Flagged as suspicious in graph_relationships (multi-source corroboration)
bbb656ca-9d3a-4bd5-9ace-2b29360b76e7,635e45b9-affe-4a6b-8d36-f3adf8ebf039,cdr_peripheral,b681e7e8-fb53-41e2-a5e0-137f14ae1cb4,financial_transfer,financial_transactions,0.125,,,Single-source or low-frequency link; supporting evidence only
3e85f4ec-415b-4afc-8fc5-0dc812cf39b6,63c218e5-a8d7-4156-916b-0ac94511fe49,cdr_operative,780380a3-fe83-4fb6-980c-cab0208c14fb,financial_transfer,financial_transactions,0.125,,,Single-source or low-frequency link; supporting evidence only
85d52700-a911-4b69-a3ec-395bfd682213,63c218e5-a8d7-4156-916b-0ac94511fe49,cdr_operative,8bc0df36-e3d8-4a4a-8c8e-accca462e3ee,financial_transfer,financial_transactions,0.125,,,Single-source or low-frequency link; supporting evidence only
ef42a0e7-bb03-4317-8fa6-4d7a0ece1ab1,63c218e5-a8d7-4156-916b-0ac94511fe49,cdr_operative,dcb5fa28-849b-4f4c-b099-f2c540a9bdbc,financial_transfer,financial_transactions,0.125,,,Single-source or low-frequency link; supporting evidence only
a0b4fcbf-4a01-4f35-849c-d78261177ebd,64aa12fe-332b-426d-9e18-1960f6079b69,cdr_operative,a4df7d87-34bc-47a4-b7ee-ea24387b8f86,financial_transfer,financial_transactions,0.125,,,Single-source or low-frequency link; supporting evidence only
ebe54700-eb3b-4ca5-a4e9-6c6eb059a99a,65f2e462-20b2-40dc-aa8d-5e7ced3545a6,financial_peripheral,b3e2dabb-54e4-4cdb-9c2a-0c35250aa2b5,financial_transfer,financial_transactions,0.25,9e1a4a07-e50c-4870-864f-2d705f28fae5,,Flagged as suspicious in graph_relationships (multi-source corroboration)
9d6a0fb8-ce6c-416f-91a0-ed14b77b29da,6641b356-0f73-4184-9190-a96424cd43c5,cdr_operative,fecebe3d-821d-4461-8f73-50f40303c96c,financial_transfer+co_observed,"financial_transactions,surveillance_records",0.55,8e27cb1e-4acc-4c47-ba20-63020505ffb3,,Flagged as suspicious in graph_relationships (multi-source corroboration)
4d058790-9319-42fd-8209-95365939c16d,6682d7a0-40b3-4146-9c36-1cf8a8ec6ee9,financial_peripheral,fb3911ba-8769-45a5-ad03-55563c7de121,financial_transfer,financial_transactions,0.125,,,Single-source or low-frequency link; supporting evidence only
ca979b32-7b3f-4fde-9381-60c5b70980dd,6da2a43c-3bff-4bc9-b9d0-5d6b9b496b89,cdr_kingpin,fda48128-2192-4b25-b3ea-16e344d9bf64,financial_transfer,financial_transactions,0.125,,,Single-source or low-frequency link; supporting evidence only
4e9b2bbc-e174-4336-997b-34418721798c,71ca9b1d-db04-4eaf-8500-9080bd12ad54,financial_peripheral,a53fff68-2c1f-4540-a9b7-9187343dc876,financial_transfer,financial_transactions,0.125,,,Single-source or low-frequency link; supporting evidence only
147a970b-cfcf-4e1c-a68b-6ff8f3df3587,735b7692-768a-477f-9084-61285d2d750f,financial_mule,780380a3-fe83-4fb6-980c-cab0208c14fb,financial_transfer,financial_transactions,0.125,9e1a4a07-e50c-4870-864f-2d705f28fae5,,Single-source or low-frequency link; supporting evidence only
e1bad12d-28a9-41ff-915b-b8ef40cd44c2,735b7692-768a-477f-9084-61285d2d750f,financial_mule,a1986a86-ee18-4b99-bde2-9f10ab7ccd8e,financial_transfer,financial_transactions,0.125,,,Single-source or low-frequency link; supporting evidence only
9105be86-684b-4cff-a6f4-b02fe78ac188,780380a3-fe83-4fb6-980c-cab0208c14fb,financial_mule,8171e26b-7d4e-41ed-a931-f0414f85531a,financial_transfer,financial_transactions,1,a7849323-bce8-46b2-a835-75ac4446df2d,,Flagged as suspicious in graph_relationships (multi-source corroboration)
fe301e20-7991-4f1d-ba57-b0ca34f16ac8,780380a3-fe83-4fb6-980c-cab0208c14fb,financial_mule,9b4e88b4-77b3-4882-8c33-0051f58d3ce4,financial_transfer,financial_transactions,0.125,,,Single-source or low-frequency link; supporting evidence only
10da2b0d-e85f-4730-9c4f-e84e9a0f0ccb,780380a3-fe83-4fb6-980c-cab0208c14fb,financial_mule,ed7911e6-3465-4f1d-b781-e1f0f3b04c18,financial_transfer,financial_transactions,0.375,9e1a4a07-e50c-4870-864f-2d705f28fae5,,Flagged as suspicious in graph_relationships (multi-source corroboration)
7ccbaece-56fd-4718-9849-ea6e0a220442,8171e26b-7d4e-41ed-a931-f0414f85531a,financial_lieutenant,8cab76dc-2ec9-4d0f-9aca-8e0e66b20e4b,financial_transfer,financial_transactions,1,a7849323-bce8-46b2-a835-75ac4446df2d,,Flagged as suspicious in graph_relationships (multi-source corroboration)
0ff08147-2699-456b-93ca-416de84c67f3,8cab76dc-2ec9-4d0f-9aca-8e0e66b20e4b,financial_mule,a53fff68-2c1f-4540-a9b7-9187343dc876,financial_transfer,financial_transactions,0.125,9e1a4a07-e50c-4870-864f-2d705f28fae5,,Single-source or low-frequency link; supporting evidence only
c64c6538-5cd9-4e2d-b43f-23c1bfa158ea,8cab76dc-2ec9-4d0f-9aca-8e0e66b20e4b,financial_mule,fda48128-2192-4b25-b3ea-16e344d9bf64,financial_transfer,financial_transactions,0.125,,,Single-source or low-frequency link; supporting evidence only
3a0da41f-e9c6-42c9-aa0c-ff21ca2f8d58,95b21a34-896e-4a99-ab1f-18b495bd8672,cdr_operative,b681e7e8-fb53-41e2-a5e0-137f14ae1cb4,financial_transfer,financial_transactions,0.125,,,Single-source or low-frequency link; supporting evidence only
c37c84d3-d2d9-49f8-9952-f6c0d58ef81c,a8e20f0c-a0dc-4b0b-8e64-0798129b4048,cdr_operative,a8e8d715-c685-4e6e-b7b6-770c44b19fa0,financial_transfer,financial_transactions,0.125,,,Single-source or low-frequency link; supporting evidence only
de814646-c92d-4eeb-822f-97b5a80bd02a,a8e8d715-c685-4e6e-b7b6-770c44b19fa0,cdr_peripheral,fd989a10-f458-4c0b-b4de-8816b6ffefdc,financial_transfer,financial_transactions,0.125,,,Single-source or low-frequency link; supporting evidence only
f8253e68-e75f-43f7-80bd-a068fb770433,acd25cbb-36f7-421c-b26e-f6d029411c71,cdr_operative,c529d9ef-2cd1-45c2-9e04-a55827105e21,financial_transfer,financial_transactions,0.125,,,Single-source or low-frequency link; supporting evidence only
51c78d38-6104-45f9-8bd2-04e0fbeaf647,b3e2dabb-54e4-4cdb-9c2a-0c35250aa2b5,financial_mule,b56c9b82-0597-4e04-9c41-1272f478a5d2,financial_transfer,financial_transactions,0.125,,,Single-source or low-frequency link; supporting evidence only
7753f6dd-43b3-4a1d-984e-8dc701e6a93b,c529d9ef-2cd1-45c2-9e04-a55827105e21,cdr_lieutenant,fa00070c-1deb-4b17-9387-7bd434ff75af,financial_transfer,financial_transactions,0.125,,,Single-source or low-frequency link; supporting evidence only
ec390304-f25d-42ca-bab7-24c1d654e361,c529d9ef-2cd1-45c2-9e04-a55827105e21,cdr_lieutenant,f41f457b-1975-41bc-97f0-d83efefcce31,named_together_in_fir+named_together_in_police_report,"firs,police_reports",0.65,8e27cb1e-4acc-4c47-ba20-63020505ffb3,,Flagged as suspicious in graph_relationships (multi-source corroboration)
1b3acf09-3e1c-4cd7-aaed-1e8a1968e4d3,16757341-7413-4caa-a82d-50e53ac5a3c5,cdr_operative,df8f9173-d8b6-46df-ad3c-2ebcbba09b2e,named_together_in_fir+named_together_in_police_report,"firs,police_reports",0.65,c96763f4-da85-4d19-91b0-4873ddb73a38,,Flagged as suspicious in graph_relationships (multi-source corroboration)
4bfd0c90-d74c-412e-ac88-8adf73b87fb6,45fde464-2062-4c6b-8c6d-947c4580b94d,cdr_operative,7d6f20e1-961e-46de-8504-3ea2f6d7692a,named_together_in_fir+named_together_in_police_report,"firs,police_reports",0.65,8e27cb1e-4acc-4c47-ba20-63020505ffb3,,Flagged as suspicious in graph_relationships (multi-source corroboration)
a7cc5e40-fe15-4e77-92bb-c96e0a0a376d,50873f12-f502-48f0-b7b9-1ca825fbb932,cdr_lieutenant,7d6f20e1-961e-46de-8504-3ea2f6d7692a,named_together_in_fir+named_together_in_police_report,"firs,police_reports",0.65,8e27cb1e-4acc-4c47-ba20-63020505ffb3,,Flagged as suspicious in graph_relationships (multi-source corroboration)
98077402-95e5-4951-9347-1e563a9f15df,45fde464-2062-4c6b-8c6d-947c4580b94d,cdr_operative,50873f12-f502-48f0-b7b9-1ca825fbb932,named_together_in_fir+named_together_in_police_report,"firs,police_reports",0.65,8e27cb1e-4acc-4c47-ba20-63020505ffb3,,Flagged as suspicious in graph_relationships (multi-source corroboration)
d6f30fb1-a052-4a61-9d94-bba71f83dcc2,29e44cfd-7d35-4a04-ae90-6fdf73acc416,cdr_lieutenant,43d397f3-6279-4e7b-b1e1-d2dd053d82d2,named_together_in_fir+named_together_in_police_report,"firs,police_reports",0.65,f2f115ab-5b0b-4cdc-a136-b775845814d5,,Flagged as suspicious in graph_relationships (multi-source corroboration)
158539d6-9c1c-41d2-a566-7600a9bd726e,38d66af9-6e50-457c-8c19-f962a9c6b435,cdr_lieutenant,94d607d7-3492-48ab-a373-f24cb1390211,named_together_in_fir+named_together_in_police_report,"firs,police_reports",0.65,b9787f53-534b-412b-9b7f-7e0190046463,,Flagged as suspicious in graph_relationships (multi-source corroboration)
20e9e155-7c11-413b-8c6e-387fdb03f5cc,2090861b-d686-40ef-bb36-c556e162d4dc,cdr_operative,94d607d7-3492-48ab-a373-f24cb1390211,named_together_in_fir+named_together_in_police_report,"firs,police_reports",0.65,b9787f53-534b-412b-9b7f-7e0190046463,,Flagged as suspicious in graph_relationships (multi-source corroboration)
c4a81167-4a75-4cc0-b970-4b676c7b2ceb,2090861b-d686-40ef-bb36-c556e162d4dc,cdr_operative,38d66af9-6e50-457c-8c19-f962a9c6b435,named_together_in_fir+named_together_in_police_report,"firs,police_reports",0.65,b9787f53-534b-412b-9b7f-7e0190046463,,Flagged as suspicious in graph_relationships (multi-source corroboration)
b43b2061-8d34-4b3f-8077-feedc6eb3e0c,4556cc56-b8be-4b38-9780-75ecd506fb1d,financial_mule,55cfdf10-a1a9-4735-ae66-8aae4018cb6a,named_together_in_fir+named_together_in_police_report,"firs,police_reports",0.65,a7849323-bce8-46b2-a835-75ac4446df2d,,Flagged as suspicious in graph_relationships (multi-source corroboration)
55f59c4e-e368-4c92-b49c-ae7d0a2d5fb6,4556cc56-b8be-4b38-9780-75ecd506fb1d,financial_mule,6180b099-5e5e-4247-9219-81bf4309f50f,named_together_in_fir+named_together_in_police_report,"firs,police_reports",0.65,a7849323-bce8-46b2-a835-75ac4446df2d,,Flagged as suspicious in graph_relationships (multi-source corroboration)
0adcb954-1281-4cbc-b4ed-11cdbd53c702,8cab76dc-2ec9-4d0f-9aca-8e0e66b20e4b,financial_mule,b3e2dabb-54e4-4cdb-9c2a-0c35250aa2b5,named_together_in_fir+named_together_in_police_report,"firs,police_reports",0.65,a7849323-bce8-46b2-a835-75ac4446df2d,,Flagged as suspicious in graph_relationships (multi-source corroboration)
07b18fd9-1718-4e2c-b36e-cbb03949f410,04d36625-b5aa-4286-a543-bf880a885eb0,financial_mule,73afdf7b-f403-4f68-a828-79d245d66657,named_together_in_fir+named_together_in_police_report,"firs,police_reports",0.65,31b964e9-e0a0-4342-9d40-d7ea00c2e077,,Flagged as suspicious in graph_relationships (multi-source corroboration)
6d89bb36-5117-4e9e-b77b-e0838abe0c0d,73afdf7b-f403-4f68-a828-79d245d66657,financial_lieutenant,8171e26b-7d4e-41ed-a931-f0414f85531a,named_together_in_fir+named_together_in_police_report,"firs,police_reports",0.65,31b964e9-e0a0-4342-9d40-d7ea00c2e077,,Flagged as suspicious in graph_relationships (multi-source corroboration)
8dc18a9a-6238-4dc2-b234-9a2866e2314f,6641b356-0f73-4184-9190-a96424cd43c5,cdr_operative,94d607d7-3492-48ab-a373-f24cb1390211,co_accused_prior_case,criminal_history,0.7,83ef2190-f323-4176-84b7-ac66d71b99ac,,Flagged as suspicious in graph_relationships (multi-source corroboration)
e4fc9a76-94e2-46a0-a5bd-f7fb77d3ab0b,43d397f3-6279-4e7b-b1e1-d2dd053d82d2,cdr_lieutenant,45fde464-2062-4c6b-8c6d-947c4580b94d,co_accused_prior_case+co_observed,"criminal_history,surveillance_records",0.7,2adc778d-6d21-47d6-8531-dfa3fdaddb72,,Flagged as suspicious in graph_relationships (multi-source corroboration)
63063fac-d131-4914-8a4b-69cb3a17e5b8,29e44cfd-7d35-4a04-ae90-6fdf73acc416,cdr_lieutenant,66608c82-c95e-449d-8483-39e9876092a0,co_accused_prior_case,criminal_history,0.7,f8c8f6e7-f7ef-4e49-8d9b-054cf8871113,,Flagged as suspicious in graph_relationships (multi-source corroboration)
69ffe4d9-f561-456a-8388-df2f5da65fc8,4e23666b-e908-419c-8413-cc86957ec667,cdr_operative,97c19247-87ac-486f-ac15-862d7a702684,co_accused_prior_case+co_observed,"criminal_history,surveillance_records",0.7,c0ea810c-1a6d-4330-9d2d-894cdfcd94c3,,Flagged as suspicious in graph_relationships (multi-source corroboration)
7cb4135f-9f20-4e0e-ad16-3a48346da389,1f65d744-3aba-46f0-a383-91348dbc4a37,cdr_operative,7d6f20e1-961e-46de-8504-3ea2f6d7692a,co_accused_prior_case,criminal_history,0.7,9810dc89-3f1d-4d35-8d48-d08314487679,,Flagged as suspicious in graph_relationships (multi-source corroboration)
14d4e061-3901-4ee6-995b-13b9f2161c0c,a1986a86-ee18-4b99-bde2-9f10ab7ccd8e,cdr_operative,df8f9173-d8b6-46df-ad3c-2ebcbba09b2e,co_accused_prior_case+co_observed,"criminal_history,surveillance_records",0.7,dc78a2bc-f59d-4e50-ad7e-b613cdf894c2,,Flagged as suspicious in graph_relationships (multi-source corroboration)
9261d831-ab48-405b-8b15-05cfc07ea881,5a6f730b-aff6-4672-843f-6f051b6ca392,cdr_operative,9b8c97f6-e515-44fa-9b93-a3cbf7295baa,co_accused_prior_case,criminal_history,0.7,5eb57ea1-8ec6-4bc6-a73e-698dc4413def,,Flagged as suspicious in graph_relationships (multi-source corroboration)
beef3a1e-a0ee-408f-aa10-85dc02b1f90b,16279b5f-489c-4c08-842d-99d95e761f7a,cdr_peripheral,527acfb6-d569-437a-93dd-9ffe15d94950,co_accused_prior_case,criminal_history,0.7,9810dc89-3f1d-4d35-8d48-d08314487679,,Flagged as suspicious in graph_relationships (multi-source corroboration)
53a82097-de47-47df-abce-51a85f19470c,16279b5f-489c-4c08-842d-99d95e761f7a,cdr_peripheral,1da61097-56d3-445b-8d48-61f56db9919c,co_accused_prior_case,criminal_history,0.7,5eb57ea1-8ec6-4bc6-a73e-698dc4413def,,Flagged as suspicious in graph_relationships (multi-source corroboration)
be1a02c7-6fe7-4036-9aa0-b137e950c516,73afdf7b-f403-4f68-a828-79d245d66657,financial_lieutenant,e1631865-a6e0-42ba-8241-0fb34d3cd2d5,co_accused_prior_case,criminal_history,0.7,c6c82c66-753a-40af-af2d-474d8d7283cb,,Flagged as suspicious in graph_relationships (multi-source corroboration)
996ea072-9910-4801-b6a3-c9fcef77ca08,0ead0884-55ed-4e0c-931f-0414d70f5921,financial_peripheral,ed7911e6-3465-4f1d-b781-e1f0f3b04c18,co_accused_prior_case,criminal_history,0.7,75c64e2f-e37e-458f-a67f-eb11eb29a414,,Flagged as suspicious in graph_relationships (multi-source corroboration)
705a0dc8-f17f-48b6-ac59-80ad9abb63d2,50873f12-f502-48f0-b7b9-1ca825fbb932,cdr_lieutenant,88b8ce01-e7bf-427e-9595-c5bfcbabe267,co_observed,surveillance_records,0.55,04f26d44-0c08-4f75-a336-71b46b7a94f1,,Flagged as suspicious in graph_relationships (multi-source corroboration)
50282cbd-be4c-4793-a7c9-bb73e0a1fd44,64aa12fe-332b-426d-9e18-1960f6079b69,cdr_operative,88b8ce01-e7bf-427e-9595-c5bfcbabe267,co_observed,surveillance_records,0.55,ed3276a9-f584-49cf-81b2-430e73eff8e0,,Flagged as suspicious in graph_relationships (multi-source corroboration)
cbdadf4b-d0aa-4da2-bc51-6445c44d0302,7a8dcb3d-2353-4f1c-8481-583a228493ce,cdr_operative,88b8ce01-e7bf-427e-9595-c5bfcbabe267,co_observed,surveillance_records,0.55,31b964e9-e0a0-4342-9d40-d7ea00c2e077,,Flagged as suspicious in graph_relationships (multi-source corroboration)
68fbd647-3c84-431a-a0b1-8ed044fbf822,66608c82-c95e-449d-8483-39e9876092a0,cdr_operative,832a7f11-2e9d-4a38-91a7-9df94f288eff,co_observed,surveillance_records,0.55,8e27cb1e-4acc-4c47-ba20-63020505ffb3,,Flagged as suspicious in graph_relationships (multi-source corroboration)
090d71e0-75de-4ec7-b2be-9cb1cc908585,6da2a43c-3bff-4bc9-b9d0-5d6b9b496b89,cdr_kingpin,832a7f11-2e9d-4a38-91a7-9df94f288eff,co_observed,surveillance_records,0.55,c96763f4-da85-4d19-91b0-4873ddb73a38,,Flagged as suspicious in graph_relationships (multi-source corroboration)
263e6e0e-5583-4e5b-8834-905971b354dc,04d36625-b5aa-4286-a543-bf880a885eb0,financial_mule,832a7f11-2e9d-4a38-91a7-9df94f288eff,co_observed,surveillance_records,0.55,31b964e9-e0a0-4342-9d40-d7ea00c2e077,,Flagged as suspicious in graph_relationships (multi-source corroboration)
ad55dd9c-b03e-4cd0-acd2-33054d882c9f,0ead0884-55ed-4e0c-931f-0414d70f5921,financial_peripheral,43d397f3-6279-4e7b-b1e1-d2dd053d82d2,co_observed,surveillance_records,0.55,32e4d776-35df-4688-9259-7b74dd290ddc,,Flagged as suspicious in graph_relationships (multi-source corroboration)
637d4be0-1d3e-4479-9e0e-62d62b89f0aa,0ead0884-55ed-4e0c-931f-0414d70f5921,financial_peripheral,45fde464-2062-4c6b-8c6d-947c4580b94d,co_observed,surveillance_records,0.55,32e4d776-35df-4688-9259-7b74dd290ddc,,Flagged as suspicious in graph_relationships (multi-source corroboration)
b1d18c2c-60d8-4c68-bd24-3b15e0e4fbff,0ead0884-55ed-4e0c-931f-0414d70f5921,financial_peripheral,9b4e88b4-77b3-4882-8c33-0051f58d3ce4,co_observed,surveillance_records,0.55,32e4d776-35df-4688-9259-7b74dd290ddc,,Flagged as suspicious in graph_relationships (multi-source corroboration)
13dd8c0d-0681-495f-bca6-f9f39468d200,0ead0884-55ed-4e0c-931f-0414d70f5921,financial_peripheral,6a1dcf18-6c4f-44c3-a14b-752c80221fe0,co_observed,surveillance_records,0.55,32e4d776-35df-4688-9259-7b74dd290ddc,,Flagged as suspicious in graph_relationships (multi-source corroboration)
6b689a91-8e05-4336-97e6-4cd8f3863204,43d397f3-6279-4e7b-b1e1-d2dd053d82d2,cdr_lieutenant,6a1dcf18-6c4f-44c3-a14b-752c80221fe0,co_observed,surveillance_records,0.55,32e4d776-35df-4688-9259-7b74dd290ddc,,Flagged as suspicious in graph_relationships (multi-source corroboration)
39b3ed22-e08c-4573-92ad-0b7349ea7312,45fde464-2062-4c6b-8c6d-947c4580b94d,cdr_operative,9b4e88b4-77b3-4882-8c33-0051f58d3ce4,co_observed,surveillance_records,0.55,32e4d776-35df-4688-9259-7b74dd290ddc,,Flagged as suspicious in graph_relationships (multi-source corroboration)
e5237352-8930-4677-9d3c-1f9ef54c8aaa,45fde464-2062-4c6b-8c6d-947c4580b94d,cdr_operative,6a1dcf18-6c4f-44c3-a14b-752c80221fe0,co_observed,surveillance_records,0.55,32e4d776-35df-4688-9259-7b74dd290ddc,,Flagged as suspicious in graph_relationships (multi-source corroboration)
2c86c79f-a349-425c-95f7-eadd49f2777e,6a1dcf18-6c4f-44c3-a14b-752c80221fe0,cdr_operative,9b4e88b4-77b3-4882-8c33-0051f58d3ce4,co_observed,surveillance_records,0.55,32e4d776-35df-4688-9259-7b74dd290ddc,,Flagged as suspicious in graph_relationships (multi-source corroboration)
66884a66-6ec5-494d-bba2-5606b96892bd,0ead0884-55ed-4e0c-931f-0414d70f5921,financial_peripheral,fb3911ba-8769-45a5-ad03-55563c7de121,co_observed,surveillance_records,0.55,9e1a4a07-e50c-4870-864f-2d705f28fae5,,Flagged as suspicious in graph_relationships (multi-source corroboration)
98725bb0-cfb4-435e-a0af-b97d3203c8b5,0ead0884-55ed-4e0c-931f-0414d70f5921,financial_peripheral,fe23bf1a-8c7f-4ce5-bf1d-7b53804dd17d,co_observed,surveillance_records,0.55,9e1a4a07-e50c-4870-864f-2d705f28fae5,,Flagged as suspicious in graph_relationships (multi-source corroboration)
91458f7a-22f8-440b-897d-aa737c5e96c3,0ead0884-55ed-4e0c-931f-0414d70f5921,financial_peripheral,b3e2dabb-54e4-4cdb-9c2a-0c35250aa2b5,co_observed,surveillance_records,0.55,9e1a4a07-e50c-4870-864f-2d705f28fae5,,Flagged as suspicious in graph_relationships (multi-source corroboration)
29c48b6b-2442-4f2b-9348-c8551601f0f1,fb3911ba-8769-45a5-ad03-55563c7de121,cdr_operative,fe23bf1a-8c7f-4ce5-bf1d-7b53804dd17d,co_observed,surveillance_records,0.55,9e1a4a07-e50c-4870-864f-2d705f28fae5,,Flagged as suspicious in graph_relationships (multi-source corroboration)
106d019d-0505-44ed-b73e-f5dd95e0768a,b3e2dabb-54e4-4cdb-9c2a-0c35250aa2b5,financial_mule,fb3911ba-8769-45a5-ad03-55563c7de121,co_observed,surveillance_records,0.55,9e1a4a07-e50c-4870-864f-2d705f28fae5,,Flagged as suspicious in graph_relationships (multi-source corroboration)
784d2d92-c2aa-490e-ae19-13780634bdaf,b3e2dabb-54e4-4cdb-9c2a-0c35250aa2b5,financial_mule,fe23bf1a-8c7f-4ce5-bf1d-7b53804dd17d,co_observed,surveillance_records,0.55,9e1a4a07-e50c-4870-864f-2d705f28fae5,,Flagged as suspicious in graph_relationships (multi-source corroboration)
4d221802-c0d5-43d7-8dcb-2af93ac6c23c,24cdea93-60d7-43d6-9004-896d9f1a271a,cdr_operative,29e44cfd-7d35-4a04-ae90-6fdf73acc416,co_observed,surveillance_records,0.55,f2f115ab-5b0b-4cdc-a136-b775845814d5,,Flagged as suspicious in graph_relationships (multi-source corroboration)
5b39d4fc-1ac1-4948-80fe-b520904b4cca,1edcdcff-eff3-4399-b490-6ece1fd0a750,financial_mule,24cdea93-60d7-43d6-9004-896d9f1a271a,co_observed,surveillance_records,0.55,f2f115ab-5b0b-4cdc-a136-b775845814d5,,Flagged as suspicious in graph_relationships (multi-source corroboration)
143ff946-346e-496f-8e2c-1c6b25801e49,24cdea93-60d7-43d6-9004-896d9f1a271a,cdr_operative,6a1dcf18-6c4f-44c3-a14b-752c80221fe0,co_observed,surveillance_records,0.55,f2f115ab-5b0b-4cdc-a136-b775845814d5,,Flagged as suspicious in graph_relationships (multi-source corroboration)
6892d915-6a2e-4c98-bee9-574fdac75173,24cdea93-60d7-43d6-9004-896d9f1a271a,cdr_operative,80d1a12f-12b3-4bd3-abd1-b154fc01378c,co_observed,surveillance_records,0.55,f2f115ab-5b0b-4cdc-a136-b775845814d5,,Flagged as suspicious in graph_relationships (multi-source corroboration)
7d067d94-3544-466e-8b16-09e8fc0e9cd4,24cdea93-60d7-43d6-9004-896d9f1a271a,cdr_operative,7d6f20e1-961e-46de-8504-3ea2f6d7692a,co_observed,surveillance_records,0.55,f2f115ab-5b0b-4cdc-a136-b775845814d5,,Flagged as suspicious in graph_relationships (multi-source corroboration)
86517186-56e1-4763-98df-20712a9ad4db,1edcdcff-eff3-4399-b490-6ece1fd0a750,financial_mule,29e44cfd-7d35-4a04-ae90-6fdf73acc416,co_observed,surveillance_records,0.55,f2f115ab-5b0b-4cdc-a136-b775845814d5,,Flagged as suspicious in graph_relationships (multi-source corroboration)
c00b0948-691b-4784-842c-a4ed1af50066,29e44cfd-7d35-4a04-ae90-6fdf73acc416,cdr_lieutenant,80d1a12f-12b3-4bd3-abd1-b154fc01378c,co_observed,surveillance_records,0.55,f2f115ab-5b0b-4cdc-a136-b775845814d5,,Flagged as suspicious in graph_relationships (multi-source corroboration)
5e44b6ca-ce5c-4eb8-9298-bc0e996cba83,29e44cfd-7d35-4a04-ae90-6fdf73acc416,cdr_lieutenant,7d6f20e1-961e-46de-8504-3ea2f6d7692a,co_observed,surveillance_records,0.55,f2f115ab-5b0b-4cdc-a136-b775845814d5,,Flagged as suspicious in graph_relationships (multi-source corroboration)
48ebb91a-0b9f-4dd9-8ada-56fa7132e105,1edcdcff-eff3-4399-b490-6ece1fd0a750,financial_mule,6a1dcf18-6c4f-44c3-a14b-752c80221fe0,co_observed,surveillance_records,0.55,f2f115ab-5b0b-4cdc-a136-b775845814d5,,Flagged as suspicious in graph_relationships (multi-source corroboration)
339c474b-8dac-4eaf-b691-9f9f46ff30b8,1edcdcff-eff3-4399-b490-6ece1fd0a750,financial_mule,80d1a12f-12b3-4bd3-abd1-b154fc01378c,co_observed,surveillance_records,0.55,f2f115ab-5b0b-4cdc-a136-b775845814d5,,Flagged as suspicious in graph_relationships (multi-source corroboration)
a803d8c9-802e-46e2-acf3-91557d4a0c54,1edcdcff-eff3-4399-b490-6ece1fd0a750,financial_mule,7d6f20e1-961e-46de-8504-3ea2f6d7692a,co_observed,surveillance_records,0.55,f2f115ab-5b0b-4cdc-a136-b775845814d5,,Flagged as suspicious in graph_relationships (multi-source corroboration)
c08ba554-d519-4822-b25f-001c95a5f8a8,6a1dcf18-6c4f-44c3-a14b-752c80221fe0,cdr_operative,80d1a12f-12b3-4bd3-abd1-b154fc01378c,co_observed,surveillance_records,0.55,f2f115ab-5b0b-4cdc-a136-b775845814d5,,Flagged as suspicious in graph_relationships (multi-source corroboration)
68881786-b849-434c-8e78-beebbf810cbe,6a1dcf18-6c4f-44c3-a14b-752c80221fe0,cdr_operative,7d6f20e1-961e-46de-8504-3ea2f6d7692a,co_observed,surveillance_records,0.55,f2f115ab-5b0b-4cdc-a136-b775845814d5,,Flagged as suspicious in graph_relationships (multi-source corroboration)
b023ab82-65df-46d9-b30f-212159296e01,7d6f20e1-961e-46de-8504-3ea2f6d7692a,cdr_operative,80d1a12f-12b3-4bd3-abd1-b154fc01378c,co_observed,surveillance_records,0.55,f2f115ab-5b0b-4cdc-a136-b775845814d5,,Flagged as suspicious in graph_relationships (multi-source corroboration)
06e08ef5-4489-4f2d-af55-bca634a09b6c,a53fff68-2c1f-4540-a9b7-9187343dc876,financial_peripheral,fda48128-2192-4b25-b3ea-16e344d9bf64,co_observed,surveillance_records,0.55,8e27cb1e-4acc-4c47-ba20-63020505ffb3,,Flagged as suspicious in graph_relationships (multi-source corroboration)
fa746562-fd3a-4a87-9d54-1363e6353c29,fd989a10-f458-4c0b-b4de-8816b6ffefdc,cdr_operative,fda48128-2192-4b25-b3ea-16e344d9bf64,co_observed,surveillance_records,0.55,8e27cb1e-4acc-4c47-ba20-63020505ffb3,,Flagged as suspicious in graph_relationships (multi-source corroboration)
97b1ea50-c664-4b4a-9825-83343afc441a,376f27e4-a6c9-48fb-be55-e53c25f6e965,cdr_peripheral,fda48128-2192-4b25-b3ea-16e344d9bf64,co_observed,surveillance_records,0.55,8e27cb1e-4acc-4c47-ba20-63020505ffb3,,Flagged as suspicious in graph_relationships (multi-source corroboration)
6895a17e-eb84-4c23-bbcd-7814108cb2f8,a53fff68-2c1f-4540-a9b7-9187343dc876,financial_peripheral,fd989a10-f458-4c0b-b4de-8816b6ffefdc,co_observed,surveillance_records,0.55,8e27cb1e-4acc-4c47-ba20-63020505ffb3,,Flagged as suspicious in graph_relationships (multi-source corroboration)
6f0c8d95-a197-49b0-9598-74ae77a5bfb2,376f27e4-a6c9-48fb-be55-e53c25f6e965,cdr_peripheral,a53fff68-2c1f-4540-a9b7-9187343dc876,co_observed,surveillance_records,0.55,8e27cb1e-4acc-4c47-ba20-63020505ffb3,,Flagged as suspicious in graph_relationships (multi-source corroboration)
3af1d319-aca0-4cdd-8e8a-fd140bf53605,376f27e4-a6c9-48fb-be55-e53c25f6e965,cdr_peripheral,fd989a10-f458-4c0b-b4de-8816b6ffefdc,co_observed,surveillance_records,0.55,8e27cb1e-4acc-4c47-ba20-63020505ffb3,,Flagged as suspicious in graph_relationships (multi-source corroboration)
22e21129-c3f7-4b01-aa72-a45261ff193f,7d7a9547-367c-47ec-8c5c-05fb43f36340,cdr_peripheral,8cab76dc-2ec9-4d0f-9aca-8e0e66b20e4b,co_observed,surveillance_records,0.55,b8d3ad45-c8d8-4136-823b-dc56797bbe6a,,Flagged as suspicious in graph_relationships (multi-source corroboration)
e482db87-109f-42db-bdf3-673d2d340b0f,43d397f3-6279-4e7b-b1e1-d2dd053d82d2,cdr_lieutenant,8cab76dc-2ec9-4d0f-9aca-8e0e66b20e4b,co_observed,surveillance_records,0.55,b8d3ad45-c8d8-4136-823b-dc56797bbe6a,,Flagged as suspicious in graph_relationships (multi-source corroboration)
206e2346-fcf5-466f-924b-2c406722167b,43d397f3-6279-4e7b-b1e1-d2dd053d82d2,cdr_lieutenant,7d7a9547-367c-47ec-8c5c-05fb43f36340,co_observed,surveillance_records,0.55,b8d3ad45-c8d8-4136-823b-dc56797bbe6a,,Flagged as suspicious in graph_relationships (multi-source corroboration)
0bcb9453-8d3a-4da7-9b95-8dd44344b451,780380a3-fe83-4fb6-980c-cab0208c14fb,financial_mule,fecebe3d-821d-4461-8f73-50f40303c96c,co_observed,surveillance_records,0.55,8e27cb1e-4acc-4c47-ba20-63020505ffb3,,Flagged as suspicious in graph_relationships (multi-source corroboration)
bd3a0de9-42b8-4543-9ca3-67e9ae566a92,780380a3-fe83-4fb6-980c-cab0208c14fb,financial_mule,c529d9ef-2cd1-45c2-9e04-a55827105e21,co_observed,surveillance_records,0.55,8e27cb1e-4acc-4c47-ba20-63020505ffb3,,Flagged as suspicious in graph_relationships (multi-source corroboration)
9385ceac-81bb-43cf-9bea-a6280040cfab,780380a3-fe83-4fb6-980c-cab0208c14fb,financial_mule,a1986a86-ee18-4b99-bde2-9f10ab7ccd8e,co_observed,surveillance_records,0.55,8e27cb1e-4acc-4c47-ba20-63020505ffb3,,Flagged as suspicious in graph_relationships (multi-source corroboration)
2842025e-14d1-4127-b87b-ad4f96418ae6,4f5ce979-ecb2-4e53-b0e3-6c1a025dc4a2,cdr_operative,780380a3-fe83-4fb6-980c-cab0208c14fb,co_observed,surveillance_records,0.55,8e27cb1e-4acc-4c47-ba20-63020505ffb3,,Flagged as suspicious in graph_relationships (multi-source corroboration)
b40e8747-02a1-4e0a-beea-16cc997e0df0,780380a3-fe83-4fb6-980c-cab0208c14fb,financial_mule,df8f9173-d8b6-46df-ad3c-2ebcbba09b2e,co_observed,surveillance_records,0.55,8e27cb1e-4acc-4c47-ba20-63020505ffb3,,Flagged as suspicious in graph_relationships (multi-source corroboration)
69c94f95-2d2f-4092-b6a3-8bf03ee2ead3,6641b356-0f73-4184-9190-a96424cd43c5,cdr_operative,780380a3-fe83-4fb6-980c-cab0208c14fb,co_observed,surveillance_records,0.55,8e27cb1e-4acc-4c47-ba20-63020505ffb3,,Flagged as suspicious in graph_relationships (multi-source corroboration)
8603ebc1-8b15-46fc-b24d-538922b2962a,c529d9ef-2cd1-45c2-9e04-a55827105e21,cdr_lieutenant,fecebe3d-821d-4461-8f73-50f40303c96c,co_observed,surveillance_records,0.55,8e27cb1e-4acc-4c47-ba20-63020505ffb3,,Flagged as suspicious in graph_relationships (multi-source corroboration)
d60761fd-cb9b-471e-a297-fef2eb687f36,a1986a86-ee18-4b99-bde2-9f10ab7ccd8e,cdr_operative,fecebe3d-821d-4461-8f73-50f40303c96c,co_observed,surveillance_records,0.55,8e27cb1e-4acc-4c47-ba20-63020505ffb3,,Flagged as suspicious in graph_relationships (multi-source corroboration)
b63e6cae-ad44-49f2-901c-5e3a954bc261,a1986a86-ee18-4b99-bde2-9f10ab7ccd8e,cdr_operative,c529d9ef-2cd1-45c2-9e04-a55827105e21,co_observed,surveillance_records,0.55,8e27cb1e-4acc-4c47-ba20-63020505ffb3,,Flagged as suspicious in graph_relationships (multi-source corroboration)
12aad883-3706-48ea-9448-8dd28e0c0b3b,4f5ce979-ecb2-4e53-b0e3-6c1a025dc4a2,cdr_operative,c529d9ef-2cd1-45c2-9e04-a55827105e21,co_observed,surveillance_records,0.55,8e27cb1e-4acc-4c47-ba20-63020505ffb3,,Flagged as suspicious in graph_relationships (multi-source corroboration)
d475402d-fb9f-4281-94b4-6d2a547dcb4c,c529d9ef-2cd1-45c2-9e04-a55827105e21,cdr_lieutenant,df8f9173-d8b6-46df-ad3c-2ebcbba09b2e,co_observed,surveillance_records,0.55,8e27cb1e-4acc-4c47-ba20-63020505ffb3,,Flagged as suspicious in graph_relationships (multi-source corroboration)
8a507968-b76c-459e-8678-11941eda5dec,4f5ce979-ecb2-4e53-b0e3-6c1a025dc4a2,cdr_operative,a1986a86-ee18-4b99-bde2-9f10ab7ccd8e,co_observed,surveillance_records,0.55,8e27cb1e-4acc-4c47-ba20-63020505ffb3,,Flagged as suspicious in graph_relationships (multi-source corroboration)
62a0eb97-fdff-4c2e-a727-b95b521b672f,6641b356-0f73-4184-9190-a96424cd43c5,cdr_operative,a1986a86-ee18-4b99-bde2-9f10ab7ccd8e,co_observed,surveillance_records,0.55,8e27cb1e-4acc-4c47-ba20-63020505ffb3,,Flagged as suspicious in graph_relationships (multi-source corroboration)
70a3a550-11ae-41c3-bc1c-f054f486e7fb,4f5ce979-ecb2-4e53-b0e3-6c1a025dc4a2,cdr_operative,6641b356-0f73-4184-9190-a96424cd43c5,co_observed,surveillance_records,0.55,8e27cb1e-4acc-4c47-ba20-63020505ffb3,,Flagged as suspicious in graph_relationships (multi-source corroboration)
38d33003-9e53-44ee-b85b-fb129b47174c,6641b356-0f73-4184-9190-a96424cd43c5,cdr_operative,df8f9173-d8b6-46df-ad3c-2ebcbba09b2e,co_observed,surveillance_records,0.55,8e27cb1e-4acc-4c47-ba20-63020505ffb3,,Flagged as suspicious in graph_relationships (multi-source corroboration)
865899a5-a23e-466d-98a8-42e9999cd663,02d32b3c-04cd-4db2-87d1-eaea9c739f75,financial_mule,fadc20a4-a5ff-4ca0-a3e7-8c5cb974aefb,co_observed,surveillance_records,0.55,419255c5-c457-4c9f-bcda-0a7c3d99e2ba,,Flagged as suspicious in graph_relationships (multi-source corroboration)
aab7d974-e036-4a57-a472-5ddfb6f85ba4,02d32b3c-04cd-4db2-87d1-eaea9c739f75,financial_mule,a8e8d715-c685-4e6e-b7b6-770c44b19fa0,co_observed,surveillance_records,0.55,419255c5-c457-4c9f-bcda-0a7c3d99e2ba,,Flagged as suspicious in graph_relationships (multi-source corroboration)
ba374c69-de41-45e2-9f39-7b5176d75f40,02d32b3c-04cd-4db2-87d1-eaea9c739f75,financial_mule,3c7a665a-29ef-4c51-937c-9238747d8c3f,co_observed,surveillance_records,0.55,419255c5-c457-4c9f-bcda-0a7c3d99e2ba,,Flagged as suspicious in graph_relationships (multi-source corroboration)
78f91278-58c0-4fc6-b31b-ffab033ebfef,02d32b3c-04cd-4db2-87d1-eaea9c739f75,financial_mule,635e45b9-affe-4a6b-8d36-f3adf8ebf039,co_observed,surveillance_records,0.55,419255c5-c457-4c9f-bcda-0a7c3d99e2ba,,Flagged as suspicious in graph_relationships (multi-source corroboration)
9ab760b0-756b-4709-8515-6fa37fc3a5d8,02d32b3c-04cd-4db2-87d1-eaea9c739f75,financial_mule,4f5ce979-ecb2-4e53-b0e3-6c1a025dc4a2,co_observed,surveillance_records,0.55,419255c5-c457-4c9f-bcda-0a7c3d99e2ba,,Flagged as suspicious in graph_relationships (multi-source corroboration)
c4d23192-a66e-4f8a-b03c-7e0c4b63d4a9,a8e8d715-c685-4e6e-b7b6-770c44b19fa0,cdr_peripheral,fadc20a4-a5ff-4ca0-a3e7-8c5cb974aefb,co_observed,surveillance_records,0.55,419255c5-c457-4c9f-bcda-0a7c3d99e2ba,,Flagged as suspicious in graph_relationships (multi-source corroboration)
bee321b4-060e-480d-88aa-f228cff3f6e2,3c7a665a-29ef-4c51-937c-9238747d8c3f,cdr_operative,fadc20a4-a5ff-4ca0-a3e7-8c5cb974aefb,co_observed,surveillance_records,0.55,419255c5-c457-4c9f-bcda-0a7c3d99e2ba,,Flagged as suspicious in graph_relationships (multi-source corroboration)
c54d55c6-1267-436a-ba74-5c9fa7b4514b,635e45b9-affe-4a6b-8d36-f3adf8ebf039,cdr_peripheral,fadc20a4-a5ff-4ca0-a3e7-8c5cb974aefb,co_observed,surveillance_records,0.55,419255c5-c457-4c9f-bcda-0a7c3d99e2ba,,Flagged as suspicious in graph_relationships (multi-source corroboration)
1921d1d4-dd36-4a5b-ad9b-1eb13e43dc2f,4f5ce979-ecb2-4e53-b0e3-6c1a025dc4a2,cdr_operative,fadc20a4-a5ff-4ca0-a3e7-8c5cb974aefb,co_observed,surveillance_records,0.55,419255c5-c457-4c9f-bcda-0a7c3d99e2ba,,Flagged as suspicious in graph_relationships (multi-source corroboration)
dccb8d78-4f6e-4b63-b744-7c26220940d5,3c7a665a-29ef-4c51-937c-9238747d8c3f,cdr_operative,a8e8d715-c685-4e6e-b7b6-770c44b19fa0,co_observed,surveillance_records,0.55,419255c5-c457-4c9f-bcda-0a7c3d99e2ba,,Flagged as suspicious in graph_relationships (multi-source corroboration)
2f8e1d86-0d33-4853-87c0-6f2b43ef8137,635e45b9-affe-4a6b-8d36-f3adf8ebf039,cdr_peripheral,a8e8d715-c685-4e6e-b7b6-770c44b19fa0,co_observed,surveillance_records,0.55,419255c5-c457-4c9f-bcda-0a7c3d99e2ba,,Flagged as suspicious in graph_relationships (multi-source corroboration)
d983a0fc-e385-4d61-b1b4-063aa62d3773,3c7a665a-29ef-4c51-937c-9238747d8c3f,cdr_operative,635e45b9-affe-4a6b-8d36-f3adf8ebf039,co_observed,surveillance_records,0.55,419255c5-c457-4c9f-bcda-0a7c3d99e2ba,,Flagged as suspicious in graph_relationships (multi-source corroboration)
9b4c389b-8a3d-43a3-854e-f86453261fe0,3c7a665a-29ef-4c51-937c-9238747d8c3f,cdr_operative,4f5ce979-ecb2-4e53-b0e3-6c1a025dc4a2,co_observed,surveillance_records,0.55,419255c5-c457-4c9f-bcda-0a7c3d99e2ba,,Flagged as suspicious in graph_relationships (multi-source corroboration)
461b8a34-e39d-45a4-a8dd-d709dabc424e,4f5ce979-ecb2-4e53-b0e3-6c1a025dc4a2,cdr_operative,635e45b9-affe-4a6b-8d36-f3adf8ebf039,co_observed,surveillance_records,0.55,419255c5-c457-4c9f-bcda-0a7c3d99e2ba,,Flagged as suspicious in graph_relationships (multi-source corroboration)
36381c72-ff41-4eac-a287-b0efd1e94184,036484c0-7073-4f7d-96f0-9d0dda8c0830,cdr_peripheral,fadc20a4-a5ff-4ca0-a3e7-8c5cb974aefb,co_observed,surveillance_records,0.55,419255c5-c457-4c9f-bcda-0a7c3d99e2ba,,Flagged as suspicious in graph_relationships (multi-source corroboration)
fe50b91f-1577-40a8-9592-855d20c7f191,38d66af9-6e50-457c-8c19-f962a9c6b435,cdr_lieutenant,fadc20a4-a5ff-4ca0-a3e7-8c5cb974aefb,co_observed,surveillance_records,0.55,419255c5-c457-4c9f-bcda-0a7c3d99e2ba,,Flagged as suspicious in graph_relationships (multi-source corroboration)
5dcb80be-b3d5-44a2-bf2c-9f9728fb77a0,036484c0-7073-4f7d-96f0-9d0dda8c0830,cdr_peripheral,38d66af9-6e50-457c-8c19-f962a9c6b435,co_observed,surveillance_records,0.55,419255c5-c457-4c9f-bcda-0a7c3d99e2ba,,Flagged as suspicious in graph_relationships (multi-source corroboration)
10e1abd8-c4a3-4d43-aa93-d6ee3aa9b8f9,1f65d744-3aba-46f0-a383-91348dbc4a37,cdr_operative,38d66af9-6e50-457c-8c19-f962a9c6b435,co_observed,surveillance_records,0.55,31b964e9-e0a0-4342-9d40-d7ea00c2e077,,Flagged as suspicious in graph_relationships (multi-source corroboration)
18eb399b-14e7-477a-96bf-9ed2ea773cc6,1f65d744-3aba-46f0-a383-91348dbc4a37,cdr_operative,4e23666b-e908-419c-8413-cc86957ec667,co_observed,surveillance_records,0.55,31b964e9-e0a0-4342-9d40-d7ea00c2e077,,Flagged as suspicious in graph_relationships (multi-source corroboration)
c6c3ee93-f765-4fe7-a3b6-695b5e5afac6,38d66af9-6e50-457c-8c19-f962a9c6b435,cdr_lieutenant,4e23666b-e908-419c-8413-cc86957ec667,co_observed,surveillance_records,0.55,31b964e9-e0a0-4342-9d40-d7ea00c2e077,,Flagged as suspicious in graph_relationships (multi-source corroboration)
f040e882-6eea-46e7-b6e5-0d36e9bbdbc8,6a1dcf18-6c4f-44c3-a14b-752c80221fe0,cdr_operative,b56c9b82-0597-4e04-9c41-1272f478a5d2,co_observed,surveillance_records,0.55,31b964e9-e0a0-4342-9d40-d7ea00c2e077,,Flagged as suspicious in graph_relationships (multi-source corroboration)
39985bec-c348-4998-819c-e23fff1d6b0e,8bc0df36-e3d8-4a4a-8c8e-accca462e3ee,cdr_operative,b56c9b82-0597-4e04-9c41-1272f478a5d2,co_observed,surveillance_records,0.55,31b964e9-e0a0-4342-9d40-d7ea00c2e077,,Flagged as suspicious in graph_relationships (multi-source corroboration)
4d19dadc-3f02-454b-916d-f83f3804384e,b56c9b82-0597-4e04-9c41-1272f478a5d2,cdr_peripheral,e1beaf71-9083-44d6-bf40-81271b755321,co_observed,surveillance_records,0.55,31b964e9-e0a0-4342-9d40-d7ea00c2e077,,Flagged as suspicious in graph_relationships (multi-source corroboration)
531ce317-0cdd-4f76-b293-856c6427f3a7,7d6f20e1-961e-46de-8504-3ea2f6d7692a,cdr_operative,b56c9b82-0597-4e04-9c41-1272f478a5d2,co_observed,surveillance_records,0.55,31b964e9-e0a0-4342-9d40-d7ea00c2e077,,Flagged as suspicious in graph_relationships (multi-source corroboration)
e7d02c6a-531e-453f-8c2a-ad17494bf92f,55cfdf10-a1a9-4735-ae66-8aae4018cb6a,financial_mule,b56c9b82-0597-4e04-9c41-1272f478a5d2,co_observed,surveillance_records,0.55,31b964e9-e0a0-4342-9d40-d7ea00c2e077,,Flagged as suspicious in graph_relationships (multi-source corroboration)
059898f8-e531-4171-bfab-5c6cd2b328c4,6a1dcf18-6c4f-44c3-a14b-752c80221fe0,cdr_operative,8bc0df36-e3d8-4a4a-8c8e-accca462e3ee,co_observed,surveillance_records,0.55,31b964e9-e0a0-4342-9d40-d7ea00c2e077,,Flagged as suspicious in graph_relationships (multi-source corroboration)
fb81f7a4-2545-414e-b5e5-a76b0d19b111,6a1dcf18-6c4f-44c3-a14b-752c80221fe0,cdr_operative,e1beaf71-9083-44d6-bf40-81271b755321,co_observed,surveillance_records,0.55,31b964e9-e0a0-4342-9d40-d7ea00c2e077,,Flagged as suspicious in graph_relationships (multi-source corroboration)
e0e3e948-3cfa-4810-b4f7-99bcefdd2182,6a1dcf18-6c4f-44c3-a14b-752c80221fe0,cdr_operative,95b21a34-896e-4a99-ab1f-18b495bd8672,co_observed,surveillance_records,0.55,31b964e9-e0a0-4342-9d40-d7ea00c2e077,,Flagged as suspicious in graph_relationships (multi-source corroboration)
4afb40da-dd49-4306-872d-41ae9c994cf8,55cfdf10-a1a9-4735-ae66-8aae4018cb6a,financial_mule,6a1dcf18-6c4f-44c3-a14b-752c80221fe0,co_observed,surveillance_records,0.55,31b964e9-e0a0-4342-9d40-d7ea00c2e077,,Flagged as suspicious in graph_relationships (multi-source corroboration)
a1e6a42f-2a56-4722-813c-9eb1bca0f0d5,8bc0df36-e3d8-4a4a-8c8e-accca462e3ee,cdr_operative,e1beaf71-9083-44d6-bf40-81271b755321,co_observed,surveillance_records,0.55,31b964e9-e0a0-4342-9d40-d7ea00c2e077,,Flagged as suspicious in graph_relationships (multi-source corroboration)
1af00d81-2574-43d9-95b9-e24bcabef531,8bc0df36-e3d8-4a4a-8c8e-accca462e3ee,cdr_operative,95b21a34-896e-4a99-ab1f-18b495bd8672,co_observed,surveillance_records,0.55,31b964e9-e0a0-4342-9d40-d7ea00c2e077,,Flagged as suspicious in graph_relationships (multi-source corroboration)
dc2f0845-e028-45ce-ab81-ab37a1711794,7d6f20e1-961e-46de-8504-3ea2f6d7692a,cdr_operative,8bc0df36-e3d8-4a4a-8c8e-accca462e3ee,co_observed,surveillance_records,0.55,31b964e9-e0a0-4342-9d40-d7ea00c2e077,,Flagged as suspicious in graph_relationships (multi-source corroboration)
009203ae-90d1-4349-8d9b-ecb31555a5c9,55cfdf10-a1a9-4735-ae66-8aae4018cb6a,financial_mule,8bc0df36-e3d8-4a4a-8c8e-accca462e3ee,co_observed,surveillance_records,0.55,31b964e9-e0a0-4342-9d40-d7ea00c2e077,,Flagged as suspicious in graph_relationships (multi-source corroboration)
21b46aff-5733-4fb7-9da8-52c45a1a16f6,95b21a34-896e-4a99-ab1f-18b495bd8672,cdr_operative,e1beaf71-9083-44d6-bf40-81271b755321,co_observed,surveillance_records,0.55,31b964e9-e0a0-4342-9d40-d7ea00c2e077,,Flagged as suspicious in graph_relationships (multi-source corroboration)
e5d270f2-88a4-43a9-a1c8-83b0e3f88355,7d6f20e1-961e-46de-8504-3ea2f6d7692a,cdr_operative,e1beaf71-9083-44d6-bf40-81271b755321,co_observed,surveillance_records,0.55,31b964e9-e0a0-4342-9d40-d7ea00c2e077,,Flagged as suspicious in graph_relationships (multi-source corroboration)
1fb3933e-889f-4d1c-9f78-471e2c4feccf,55cfdf10-a1a9-4735-ae66-8aae4018cb6a,financial_mule,e1beaf71-9083-44d6-bf40-81271b755321,co_observed,surveillance_records,0.55,31b964e9-e0a0-4342-9d40-d7ea00c2e077,,Flagged as suspicious in graph_relationships (multi-source corroboration)
fc1b5afc-6ce0-4124-a739-cd8aac46be58,7d6f20e1-961e-46de-8504-3ea2f6d7692a,cdr_operative,95b21a34-896e-4a99-ab1f-18b495bd8672,co_observed,surveillance_records,0.55,31b964e9-e0a0-4342-9d40-d7ea00c2e077,,Flagged as suspicious in graph_relationships (multi-source corroboration)
ed4a61e2-c6c4-4563-b13b-31e740363a01,55cfdf10-a1a9-4735-ae66-8aae4018cb6a,financial_mule,95b21a34-896e-4a99-ab1f-18b495bd8672,co_observed,surveillance_records,0.55,31b964e9-e0a0-4342-9d40-d7ea00c2e077,,Flagged as suspicious in graph_relationships (multi-source corroboration)
fbacf480-14ef-4638-9284-3f030f4fcfdc,55cfdf10-a1a9-4735-ae66-8aae4018cb6a,financial_mule,7d6f20e1-961e-46de-8504-3ea2f6d7692a,co_observed,surveillance_records,0.55,31b964e9-e0a0-4342-9d40-d7ea00c2e077,,Flagged as suspicious in graph_relationships (multi-source corroboration)
dae3ba01-d375-480f-a4e5-5c6f803cc7b0,1625d745-435b-464f-8b41-7bb07e32d54f,cdr_operative,9b4e88b4-77b3-4882-8c33-0051f58d3ce4,co_observed,surveillance_records,0.55,7d104ee8-3694-4a75-ae8d-165f02f3074f,,Flagged as suspicious in graph_relationships (multi-source corroboration)
dca02f59-38a4-496d-9b96-2c8f0a297c38,1625d745-435b-464f-8b41-7bb07e32d54f,cdr_operative,4e23666b-e908-419c-8413-cc86957ec667,co_observed,surveillance_records,0.55,7d104ee8-3694-4a75-ae8d-165f02f3074f,,Flagged as suspicious in graph_relationships (multi-source corroboration)
9d8b2003-0c5a-4d0d-9e5b-49d1ed8b54ad,1625d745-435b-464f-8b41-7bb07e32d54f,cdr_operative,f41f457b-1975-41bc-97f0-d83efefcce31,co_observed,surveillance_records,0.55,7d104ee8-3694-4a75-ae8d-165f02f3074f,,Flagged as suspicious in graph_relationships (multi-source corroboration)
b544232e-a755-4438-b406-0ca53d28d1c2,1625d745-435b-464f-8b41-7bb07e32d54f,cdr_operative,4285df9b-9b16-4ccd-9844-3508c0d49fdc,co_observed,surveillance_records,0.55,7d104ee8-3694-4a75-ae8d-165f02f3074f,,Flagged as suspicious in graph_relationships (multi-source corroboration)
84b34e72-4d5c-4c10-b0b0-24e47bf8ad92,4e23666b-e908-419c-8413-cc86957ec667,cdr_operative,9b4e88b4-77b3-4882-8c33-0051f58d3ce4,co_observed,surveillance_records,0.55,7d104ee8-3694-4a75-ae8d-165f02f3074f,,Flagged as suspicious in graph_relationships (multi-source corroboration)
db0569d0-8545-4d9d-8c93-61fb90907c03,4285df9b-9b16-4ccd-9844-3508c0d49fdc,cdr_lieutenant,9b4e88b4-77b3-4882-8c33-0051f58d3ce4,co_observed,surveillance_records,0.55,7d104ee8-3694-4a75-ae8d-165f02f3074f,,Flagged as suspicious in graph_relationships (multi-source corroboration)
5e433003-60fe-4ba1-8935-c0dc54c340e8,4e23666b-e908-419c-8413-cc86957ec667,cdr_operative,f41f457b-1975-41bc-97f0-d83efefcce31,co_observed,surveillance_records,0.55,7d104ee8-3694-4a75-ae8d-165f02f3074f,,Flagged as suspicious in graph_relationships (multi-source corroboration)
cfa3bca3-a7f0-4a83-b68e-455b63de9aed,4285df9b-9b16-4ccd-9844-3508c0d49fdc,cdr_lieutenant,f41f457b-1975-41bc-97f0-d83efefcce31,co_observed,surveillance_records,0.55,7d104ee8-3694-4a75-ae8d-165f02f3074f,,Flagged as suspicious in graph_relationships (multi-source corroboration)
99d8d5cd-fb46-46cf-8502-e8347844cdf8,00a12545-922e-4c12-8979-fcd4ce73b8ab,cdr_operative,470bc6dc-44e7-4c45-bf4a-da28c0844bdf,co_observed,surveillance_records,0.55,965473d2-140c-4f93-a2ec-6146894edced,,Flagged as suspicious in graph_relationships (multi-source corroboration)
f380ac9f-293c-41a4-b891-de3197830e80,00a12545-922e-4c12-8979-fcd4ce73b8ab,cdr_operative,9b8c97f6-e515-44fa-9b93-a3cbf7295baa,co_observed,surveillance_records,0.55,965473d2-140c-4f93-a2ec-6146894edced,,Flagged as suspicious in graph_relationships (multi-source corroboration)
c44201d8-5f26-428b-8eb1-5b6e3edfa9b0,00a12545-922e-4c12-8979-fcd4ce73b8ab,cdr_operative,9b4e88b4-77b3-4882-8c33-0051f58d3ce4,co_observed,surveillance_records,0.55,965473d2-140c-4f93-a2ec-6146894edced,,Flagged as suspicious in graph_relationships (multi-source corroboration)
8378fc28-05cc-4a4e-a47f-b419cd8865c8,470bc6dc-44e7-4c45-bf4a-da28c0844bdf,cdr_operative,9b8c97f6-e515-44fa-9b93-a3cbf7295baa,co_observed,surveillance_records,0.55,965473d2-140c-4f93-a2ec-6146894edced,,Flagged as suspicious in graph_relationships (multi-source corroboration)
04cef580-136e-4c93-8e30-f484105fef86,470bc6dc-44e7-4c45-bf4a-da28c0844bdf,cdr_operative,9b4e88b4-77b3-4882-8c33-0051f58d3ce4,co_observed,surveillance_records,0.55,965473d2-140c-4f93-a2ec-6146894edced,,Flagged as suspicious in graph_relationships (multi-source corroboration)
67ca75f6-2bf4-4388-b532-443f7b5439c4,4f5ce979-ecb2-4e53-b0e3-6c1a025dc4a2,cdr_operative,b56c9b82-0597-4e04-9c41-1272f478a5d2,co_observed,surveillance_records,0.55,7d104ee8-3694-4a75-ae8d-165f02f3074f,,Flagged as suspicious in graph_relationships (multi-source corroboration)
4072e271-3e39-48e4-94af-fce979bf0ede,4f5ce979-ecb2-4e53-b0e3-6c1a025dc4a2,cdr_operative,a4df7d87-34bc-47a4-b7ee-ea24387b8f86,co_observed,surveillance_records,0.55,7d104ee8-3694-4a75-ae8d-165f02f3074f,,Flagged as suspicious in graph_relationships (multi-source corroboration)
d5fd669f-a1d0-47bf-960c-6b502c011c9d,b56c9b82-0597-4e04-9c41-1272f478a5d2,cdr_peripheral,fecebe3d-821d-4461-8f73-50f40303c96c,co_observed,surveillance_records,0.55,7d104ee8-3694-4a75-ae8d-165f02f3074f,,Flagged as suspicious in graph_relationships (multi-source corroboration)
7766bc8e-ffbe-4d11-ab83-624651d903b8,a4df7d87-34bc-47a4-b7ee-ea24387b8f86,cdr_peripheral,fecebe3d-821d-4461-8f73-50f40303c96c,co_observed,surveillance_records,0.55,7d104ee8-3694-4a75-ae8d-165f02f3074f,,Flagged as suspicious in graph_relationships (multi-source corroboration)
8c97c87e-4e97-454b-8854-e84ba2295603,a4df7d87-34bc-47a4-b7ee-ea24387b8f86,cdr_peripheral,b56c9b82-0597-4e04-9c41-1272f478a5d2,co_observed,surveillance_records,0.55,7d104ee8-3694-4a75-ae8d-165f02f3074f,,Flagged as suspicious in graph_relationships (multi-source corroboration)
023c54bc-8907-411a-b03f-06ec39f65105,4a2c443a-ac5b-475a-8418-5e2f8033b25e,cdr_operative,9b8c97f6-e515-44fa-9b93-a3cbf7295baa,co_observed,surveillance_records,0.55,97dc9d85-ecad-4d07-91c0-9c19bd0144ba,,Flagged as suspicious in graph_relationships (multi-source corroboration)
15317859-4870-49af-8726-990aa1ab1187,9b8c97f6-e515-44fa-9b93-a3cbf7295baa,cdr_operative,a8e8d715-c685-4e6e-b7b6-770c44b19fa0,co_observed,surveillance_records,0.55,97dc9d85-ecad-4d07-91c0-9c19bd0144ba,,Flagged as suspicious in graph_relationships (multi-source corroboration)
3ef239d3-6085-41b5-81a0-0cd4a4a001ee,9b8c97f6-e515-44fa-9b93-a3cbf7295baa,cdr_operative,df8f9173-d8b6-46df-ad3c-2ebcbba09b2e,co_observed,surveillance_records,0.55,97dc9d85-ecad-4d07-91c0-9c19bd0144ba,,Flagged as suspicious in graph_relationships (multi-source corroboration)
0567e2a3-0a1a-4971-bb1f-8d8ef82cd4ee,4a2c443a-ac5b-475a-8418-5e2f8033b25e,cdr_operative,a8e8d715-c685-4e6e-b7b6-770c44b19fa0,co_observed,surveillance_records,0.55,97dc9d85-ecad-4d07-91c0-9c19bd0144ba,,Flagged as suspicious in graph_relationships (multi-source corroboration)
433f04e3-ee89-438d-a387-52771d12b982,4a2c443a-ac5b-475a-8418-5e2f8033b25e,cdr_operative,4f5ce979-ecb2-4e53-b0e3-6c1a025dc4a2,co_observed,surveillance_records,0.55,97dc9d85-ecad-4d07-91c0-9c19bd0144ba,,Flagged as suspicious in graph_relationships (multi-source corroboration)
2ec4dd44-4d85-4c6a-be3e-0417a00c4089,4a2c443a-ac5b-475a-8418-5e2f8033b25e,cdr_operative,df8f9173-d8b6-46df-ad3c-2ebcbba09b2e,co_observed,surveillance_records,0.55,97dc9d85-ecad-4d07-91c0-9c19bd0144ba,,Flagged as suspicious in graph_relationships (multi-source corroboration)
7919c87a-6b07-47e7-af46-4c38d1136e64,a8e8d715-c685-4e6e-b7b6-770c44b19fa0,cdr_peripheral,df8f9173-d8b6-46df-ad3c-2ebcbba09b2e,co_observed,surveillance_records,0.55,97dc9d85-ecad-4d07-91c0-9c19bd0144ba,,Flagged as suspicious in graph_relationships (multi-source corroboration)
5478ceb2-00b8-480a-8ee3-e5c5c4e3328a,7a8dcb3d-2353-4f1c-8481-583a228493ce,cdr_operative,a8e8d715-c685-4e6e-b7b6-770c44b19fa0,co_observed,surveillance_records,0.55,8e27cb1e-4acc-4c47-ba20-63020505ffb3,,Flagged as suspicious in graph_relationships (multi-source corroboration)
8c8e8810-6d3d-4d57-87a1-55832b674897,036484c0-7073-4f7d-96f0-9d0dda8c0830,cdr_peripheral,a8e8d715-c685-4e6e-b7b6-770c44b19fa0,co_observed,surveillance_records,0.55,8e27cb1e-4acc-4c47-ba20-63020505ffb3,,Flagged as suspicious in graph_relationships (multi-source corroboration)
ca73130d-39cc-498b-844b-d02cceb57f15,3699f0b3-dabc-477c-82a0-5d2c5b556d40,financial_mule,a8e8d715-c685-4e6e-b7b6-770c44b19fa0,co_observed,surveillance_records,0.55,8e27cb1e-4acc-4c47-ba20-63020505ffb3,,Flagged as suspicious in graph_relationships (multi-source corroboration)
100dc9a4-a100-4f93-b75a-f8a860f51323,a8e8d715-c685-4e6e-b7b6-770c44b19fa0,cdr_peripheral,b3e2dabb-54e4-4cdb-9c2a-0c35250aa2b5,co_observed,surveillance_records,0.55,8e27cb1e-4acc-4c47-ba20-63020505ffb3,,Flagged as suspicious in graph_relationships (multi-source corroboration)
e566baaa-6a95-4843-9703-9ec2804a1e70,036484c0-7073-4f7d-96f0-9d0dda8c0830,cdr_peripheral,7a8dcb3d-2353-4f1c-8481-583a228493ce,co_observed,surveillance_records,0.55,8e27cb1e-4acc-4c47-ba20-63020505ffb3,,Flagged as suspicious in graph_relationships (multi-source corroboration)
443bcebf-73af-4019-aacd-2df2f2b78cc3,3699f0b3-dabc-477c-82a0-5d2c5b556d40,financial_mule,7a8dcb3d-2353-4f1c-8481-583a228493ce,co_observed,surveillance_records,0.55,8e27cb1e-4acc-4c47-ba20-63020505ffb3,,Flagged as suspicious in graph_relationships (multi-source corroboration)
90419652-bca5-458b-b4be-9bfd166ca03b,7a8dcb3d-2353-4f1c-8481-583a228493ce,cdr_operative,b3e2dabb-54e4-4cdb-9c2a-0c35250aa2b5,co_observed,surveillance_records,0.55,8e27cb1e-4acc-4c47-ba20-63020505ffb3,,Flagged as suspicious in graph_relationships (multi-source corroboration)
2634b630-a794-4347-9009-f6319ab7872a,036484c0-7073-4f7d-96f0-9d0dda8c0830,cdr_peripheral,3699f0b3-dabc-477c-82a0-5d2c5b556d40,co_observed,surveillance_records,0.55,8e27cb1e-4acc-4c47-ba20-63020505ffb3,,Flagged as suspicious in graph_relationships (multi-source corroboration)
4cab1993-3b1e-47de-88a3-4986833f1bdf,036484c0-7073-4f7d-96f0-9d0dda8c0830,cdr_peripheral,b3e2dabb-54e4-4cdb-9c2a-0c35250aa2b5,co_observed,surveillance_records,0.55,8e27cb1e-4acc-4c47-ba20-63020505ffb3,,Flagged as suspicious in graph_relationships (multi-source corroboration)
5f42669e-5c24-4fcf-af68-e2ac1f145e30,04d36625-b5aa-4286-a543-bf880a885eb0,financial_mule,470bc6dc-44e7-4c45-bf4a-da28c0844bdf,co_observed,surveillance_records,0.55,b9787f53-534b-412b-9b7f-7e0190046463,,Flagged as suspicious in graph_relationships (multi-source corroboration)
1703f0e6-46bc-4356-95d6-9076022b2eda,04d36625-b5aa-4286-a543-bf880a885eb0,financial_mule,47635c92-ffa4-4fc8-b344-531214f40b95,co_observed,surveillance_records,0.55,b9787f53-534b-412b-9b7f-7e0190046463,,Flagged as suspicious in graph_relationships (multi-source corroboration)
7aed3591-1b26-43fd-8edc-cbd564a888b0,04d36625-b5aa-4286-a543-bf880a885eb0,financial_mule,6180b099-5e5e-4247-9219-81bf4309f50f,co_observed,surveillance_records,0.55,b9787f53-534b-412b-9b7f-7e0190046463,,Flagged as suspicious in graph_relationships (multi-source corroboration)
a88ca7cf-f355-424c-87d5-7e17e2e1290d,470bc6dc-44e7-4c45-bf4a-da28c0844bdf,cdr_operative,94d607d7-3492-48ab-a373-f24cb1390211,co_observed,surveillance_records,0.55,b9787f53-534b-412b-9b7f-7e0190046463,,Flagged as suspicious in graph_relationships (multi-source corroboration)
e4f16c36-c728-4ffe-9dd3-4a9bf29c2098,6180b099-5e5e-4247-9219-81bf4309f50f,financial_lieutenant,94d607d7-3492-48ab-a373-f24cb1390211,co_observed,surveillance_records,0.55,b9787f53-534b-412b-9b7f-7e0190046463,,Flagged as suspicious in graph_relationships (multi-source corroboration)
64113a5a-059f-43a2-9cb2-ed1921ce4bbd,470bc6dc-44e7-4c45-bf4a-da28c0844bdf,cdr_operative,6180b099-5e5e-4247-9219-81bf4309f50f,co_observed,surveillance_records,0.55,b9787f53-534b-412b-9b7f-7e0190046463,,Flagged as suspicious in graph_relationships (multi-source corroboration)
08785bd9-9ba5-471b-8356-a2db15c5f881,47635c92-ffa4-4fc8-b344-531214f40b95,cdr_peripheral,6180b099-5e5e-4247-9219-81bf4309f50f,co_observed,surveillance_records,0.55,b9787f53-534b-412b-9b7f-7e0190046463,,Flagged as suspicious in graph_relationships (multi-source corroboration)
391a0827-a7ab-4c1c-a8aa-60aa59c3514b,97c19247-87ac-486f-ac15-862d7a702684,cdr_operative,d038f78a-ac24-4255-9b01-1d1541ce8012,co_observed,surveillance_records,0.55,31b964e9-e0a0-4342-9d40-d7ea00c2e077,,Flagged as suspicious in graph_relationships (multi-source corroboration)
cf32abc2-1154-49b5-941c-4fe59a03b201,635e45b9-affe-4a6b-8d36-f3adf8ebf039,cdr_peripheral,97c19247-87ac-486f-ac15-862d7a702684,co_observed,surveillance_records,0.55,31b964e9-e0a0-4342-9d40-d7ea00c2e077,,Flagged as suspicious in graph_relationships (multi-source corroboration)
f0c64865-042d-4042-b5d5-c23093daa8e3,97c19247-87ac-486f-ac15-862d7a702684,cdr_operative,e1631865-a6e0-42ba-8241-0fb34d3cd2d5,co_observed,surveillance_records,0.55,31b964e9-e0a0-4342-9d40-d7ea00c2e077,,Flagged as suspicious in graph_relationships (multi-source corroboration)
264762e1-72a9-41c5-a9a2-d95a15ac9c9a,4e23666b-e908-419c-8413-cc86957ec667,cdr_operative,d038f78a-ac24-4255-9b01-1d1541ce8012,co_observed,surveillance_records,0.55,31b964e9-e0a0-4342-9d40-d7ea00c2e077,,Flagged as suspicious in graph_relationships (multi-source corroboration)
88bf1c9c-57e3-4b45-8247-75a6947e8ed6,4e23666b-e908-419c-8413-cc86957ec667,cdr_operative,a4df7d87-34bc-47a4-b7ee-ea24387b8f86,co_observed,surveillance_records,0.55,31b964e9-e0a0-4342-9d40-d7ea00c2e077,,Flagged as suspicious in graph_relationships (multi-source corroboration)
cbb13983-f158-48eb-84cc-6de10087aade,4e23666b-e908-419c-8413-cc86957ec667,cdr_operative,635e45b9-affe-4a6b-8d36-f3adf8ebf039,co_observed,surveillance_records,0.55,31b964e9-e0a0-4342-9d40-d7ea00c2e077,,Flagged as suspicious in graph_relationships (multi-source corroboration)
75b4686b-6c83-469f-9ec9-239caae34cda,4e23666b-e908-419c-8413-cc86957ec667,cdr_operative,e1631865-a6e0-42ba-8241-0fb34d3cd2d5,co_observed,surveillance_records,0.55,31b964e9-e0a0-4342-9d40-d7ea00c2e077,,Flagged as suspicious in graph_relationships (multi-source corroboration)
a47b94e5-f493-4528-84e5-e82e43ebbeea,a4df7d87-34bc-47a4-b7ee-ea24387b8f86,cdr_peripheral,d038f78a-ac24-4255-9b01-1d1541ce8012,co_observed,surveillance_records,0.55,31b964e9-e0a0-4342-9d40-d7ea00c2e077,,Flagged as suspicious in graph_relationships (multi-source corroboration)
ea79e38b-d77a-4076-9032-efebda96c3ca,635e45b9-affe-4a6b-8d36-f3adf8ebf039,cdr_peripheral,d038f78a-ac24-4255-9b01-1d1541ce8012,co_observed,surveillance_records,0.55,31b964e9-e0a0-4342-9d40-d7ea00c2e077,,Flagged as suspicious in graph_relationships (multi-source corroboration)
7e2dd82a-2fde-4894-9e91-8234a3efa743,d038f78a-ac24-4255-9b01-1d1541ce8012,cdr_operative,e1631865-a6e0-42ba-8241-0fb34d3cd2d5,co_observed,surveillance_records,0.55,31b964e9-e0a0-4342-9d40-d7ea00c2e077,,Flagged as suspicious in graph_relationships (multi-source corroboration)
bfc615ff-5180-4139-82e4-b082497d2390,635e45b9-affe-4a6b-8d36-f3adf8ebf039,cdr_peripheral,a4df7d87-34bc-47a4-b7ee-ea24387b8f86,co_observed,surveillance_records,0.55,31b964e9-e0a0-4342-9d40-d7ea00c2e077,,Flagged as suspicious in graph_relationships (multi-source corroboration)
b75c0c8b-60b0-43af-b157-661d311bc7f9,a4df7d87-34bc-47a4-b7ee-ea24387b8f86,cdr_peripheral,e1631865-a6e0-42ba-8241-0fb34d3cd2d5,co_observed,surveillance_records,0.55,31b964e9-e0a0-4342-9d40-d7ea00c2e077,,Flagged as suspicious in graph_relationships (multi-source corroboration)
85814d8a-cd97-41af-853d-fabf12c74649,635e45b9-affe-4a6b-8d36-f3adf8ebf039,cdr_peripheral,e1631865-a6e0-42ba-8241-0fb34d3cd2d5,co_observed,surveillance_records,0.55,31b964e9-e0a0-4342-9d40-d7ea00c2e077,,Flagged as suspicious in graph_relationships (multi-source corroboration)
4cb0f0c5-e4d7-4d02-b126-0451ee227fca,95b21a34-896e-4a99-ab1f-18b495bd8672,cdr_operative,a8e20f0c-a0dc-4b0b-8e64-0798129b4048,co_observed,surveillance_records,0.55,ed3276a9-f584-49cf-81b2-430e73eff8e0,,Flagged as suspicious in graph_relationships (multi-source corroboration)
798540dd-380b-4583-9bf1-765c71ede771,635e45b9-affe-4a6b-8d36-f3adf8ebf039,cdr_peripheral,95b21a34-896e-4a99-ab1f-18b495bd8672,co_observed,surveillance_records,0.55,ed3276a9-f584-49cf-81b2-430e73eff8e0,,Flagged as suspicious in graph_relationships (multi-source corroboration)
0a85a058-75fd-4357-9f0b-f15d955ffaa2,7d6f20e1-961e-46de-8504-3ea2f6d7692a,cdr_operative,a8e20f0c-a0dc-4b0b-8e64-0798129b4048,co_observed,surveillance_records,0.55,ed3276a9-f584-49cf-81b2-430e73eff8e0,,Flagged as suspicious in graph_relationships (multi-source corroboration)
5a896de9-cdd7-4e5e-abbe-9f6bcd8815b5,635e45b9-affe-4a6b-8d36-f3adf8ebf039,cdr_peripheral,7d6f20e1-961e-46de-8504-3ea2f6d7692a,co_observed,surveillance_records,0.55,ed3276a9-f584-49cf-81b2-430e73eff8e0,,Flagged as suspicious in graph_relationships (multi-source corroboration)
0fe93aa4-9012-4a08-b214-4ed03d945d55,9b8c97f6-e515-44fa-9b93-a3cbf7295baa,cdr_operative,a8e20f0c-a0dc-4b0b-8e64-0798129b4048,co_observed,surveillance_records,0.55,ed3276a9-f584-49cf-81b2-430e73eff8e0,,Flagged as suspicious in graph_relationships (multi-source corroboration)
63ec743c-0eb0-4e51-9979-331394b4f60c,635e45b9-affe-4a6b-8d36-f3adf8ebf039,cdr_peripheral,9b8c97f6-e515-44fa-9b93-a3cbf7295baa,co_observed,surveillance_records,0.55,ed3276a9-f584-49cf-81b2-430e73eff8e0,,Flagged as suspicious in graph_relationships (multi-source corroboration)
500e1b9e-0a61-45d8-aae3-03c5b3edb1af,635e45b9-affe-4a6b-8d36-f3adf8ebf039,cdr_peripheral,a8e20f0c-a0dc-4b0b-8e64-0798129b4048,co_observed,surveillance_records,0.55,ed3276a9-f584-49cf-81b2-430e73eff8e0,,Flagged as suspicious in graph_relationships (multi-source corroboration)
38d9fda7-769d-4d1c-8558-c3a7d21e74d1,3c9c5911-b0c5-46cd-8e9f-f136e566c0be,financial_mule,6a1dcf18-6c4f-44c3-a14b-752c80221fe0,co_observed,surveillance_records,0.55,7d104ee8-3694-4a75-ae8d-165f02f3074f,,Flagged as suspicious in graph_relationships (multi-source corroboration)
2c333efa-5274-445b-ba82-e456a9649214,6a1dcf18-6c4f-44c3-a14b-752c80221fe0,cdr_operative,e1631865-a6e0-42ba-8241-0fb34d3cd2d5,co_observed,surveillance_records,0.55,7d104ee8-3694-4a75-ae8d-165f02f3074f,,Flagged as suspicious in graph_relationships (multi-source corroboration)
85578f80-e4ea-4c2d-90e2-baae1c1ff3da,1da61097-56d3-445b-8d48-61f56db9919c,cdr_operative,6a1dcf18-6c4f-44c3-a14b-752c80221fe0,co_observed,surveillance_records,0.55,7d104ee8-3694-4a75-ae8d-165f02f3074f,,Flagged as suspicious in graph_relationships (multi-source corroboration)
1f06bd9c-c527-4894-b77e-784713b296bb,3e42409b-e1ab-442a-9ffd-c75a3f7ddc96,financial_lieutenant,6a1dcf18-6c4f-44c3-a14b-752c80221fe0,co_observed,surveillance_records,0.55,7d104ee8-3694-4a75-ae8d-165f02f3074f,,Flagged as suspicious in graph_relationships (multi-source corroboration)
26462416-63b3-40c5-a938-bbc75daafa22,6a1dcf18-6c4f-44c3-a14b-752c80221fe0,cdr_operative,f41f457b-1975-41bc-97f0-d83efefcce31,co_observed,surveillance_records,0.55,7d104ee8-3694-4a75-ae8d-165f02f3074f,,Flagged as suspicious in graph_relationships (multi-source corroboration)
6fdc7bbf-38b3-4376-a0e4-b1897f46060c,6a1dcf18-6c4f-44c3-a14b-752c80221fe0,cdr_operative,a8e8d715-c685-4e6e-b7b6-770c44b19fa0,co_observed,surveillance_records,0.55,7d104ee8-3694-4a75-ae8d-165f02f3074f,,Flagged as suspicious in graph_relationships (multi-source corroboration)
1a23a475-0234-40a7-ba5c-47712f78912e,1da61097-56d3-445b-8d48-61f56db9919c,cdr_operative,3c9c5911-b0c5-46cd-8e9f-f136e566c0be,co_observed,surveillance_records,0.55,7d104ee8-3694-4a75-ae8d-165f02f3074f,,Flagged as suspicious in graph_relationships (multi-source corroboration)
da1a78fb-416b-454e-8ef0-d26bf94d0efa,3c9c5911-b0c5-46cd-8e9f-f136e566c0be,financial_mule,3e42409b-e1ab-442a-9ffd-c75a3f7ddc96,co_observed,surveillance_records,0.55,7d104ee8-3694-4a75-ae8d-165f02f3074f,,Flagged as suspicious in graph_relationships (multi-source corroboration)
93897c1c-5e0f-4cb9-ad4b-d325074fb54c,3c9c5911-b0c5-46cd-8e9f-f136e566c0be,financial_mule,f41f457b-1975-41bc-97f0-d83efefcce31,co_observed,surveillance_records,0.55,7d104ee8-3694-4a75-ae8d-165f02f3074f,,Flagged as suspicious in graph_relationships (multi-source corroboration)
081abd8f-6808-4883-9d2f-0397faf91200,3c9c5911-b0c5-46cd-8e9f-f136e566c0be,financial_mule,a8e8d715-c685-4e6e-b7b6-770c44b19fa0,co_observed,surveillance_records,0.55,7d104ee8-3694-4a75-ae8d-165f02f3074f,,Flagged as suspicious in graph_relationships (multi-source corroboration)
6b641a9d-4c58-4b06-8060-e94ec44a345c,1da61097-56d3-445b-8d48-61f56db9919c,cdr_operative,e1631865-a6e0-42ba-8241-0fb34d3cd2d5,co_observed,surveillance_records,0.55,7d104ee8-3694-4a75-ae8d-165f02f3074f,,Flagged as suspicious in graph_relationships (multi-source corroboration)
5dd8646b-7f2b-423f-b503-e748b1236557,3e42409b-e1ab-442a-9ffd-c75a3f7ddc96,financial_lieutenant,e1631865-a6e0-42ba-8241-0fb34d3cd2d5,co_observed,surveillance_records,0.55,7d104ee8-3694-4a75-ae8d-165f02f3074f,,Flagged as suspicious in graph_relationships (multi-source corroboration)
7a0cf612-9790-4d33-9144-c2dade563568,e1631865-a6e0-42ba-8241-0fb34d3cd2d5,financial_peripheral,f41f457b-1975-41bc-97f0-d83efefcce31,co_observed,surveillance_records,0.55,7d104ee8-3694-4a75-ae8d-165f02f3074f,,Flagged as suspicious in graph_relationships (multi-source corroboration)
17236f0a-5926-4a28-a49d-e0bd3cc9d3dc,a8e8d715-c685-4e6e-b7b6-770c44b19fa0,cdr_peripheral,e1631865-a6e0-42ba-8241-0fb34d3cd2d5,co_observed,surveillance_records,0.55,7d104ee8-3694-4a75-ae8d-165f02f3074f,,Flagged as suspicious in graph_relationships (multi-source corroboration)
095106fc-195c-4915-8717-b30adfad1d2f,1da61097-56d3-445b-8d48-61f56db9919c,cdr_operative,3e42409b-e1ab-442a-9ffd-c75a3f7ddc96,co_observed,surveillance_records,0.55,7d104ee8-3694-4a75-ae8d-165f02f3074f,,Flagged as suspicious in graph_relationships (multi-source corroboration)
c2277d22-e360-4f52-9f60-3b5de5a1fb03,3e42409b-e1ab-442a-9ffd-c75a3f7ddc96,financial_lieutenant,f41f457b-1975-41bc-97f0-d83efefcce31,co_observed,surveillance_records,0.55,7d104ee8-3694-4a75-ae8d-165f02f3074f,,Flagged as suspicious in graph_relationships (multi-source corroboration)
bb14b210-1455-46f0-a214-5fe464102adc,3e42409b-e1ab-442a-9ffd-c75a3f7ddc96,financial_lieutenant,a8e8d715-c685-4e6e-b7b6-770c44b19fa0,co_observed,surveillance_records,0.55,7d104ee8-3694-4a75-ae8d-165f02f3074f,,Flagged as suspicious in graph_relationships (multi-source corroboration)
d6a54ca2-c405-484f-bbc2-238d611b1fcd,527acfb6-d569-437a-93dd-9ffe15d94950,cdr_operative,a320ee3a-ba3e-40b3-b0e9-2d9266f355fc,mentioned_in_social_post,social_media_posts,0.4,,,Flagged as suspicious in graph_relationships (multi-source corroboration)
a1bfe02e-70cf-483f-81cc-51a467201c76,47635c92-ffa4-4fc8-b344-531214f40b95,cdr_peripheral,a320ee3a-ba3e-40b3-b0e9-2d9266f355fc,mentioned_in_social_post,social_media_posts,0.4,,,Flagged as suspicious in graph_relationships (multi-source corroboration)
e0303370-d5dc-4509-a12c-873517455df5,64c8c8c4-3eca-40a8-a280-fce21bb2974a,cdr_peripheral,94d607d7-3492-48ab-a373-f24cb1390211,mentioned_in_social_post,social_media_posts,0.4,,,Flagged as suspicious in graph_relationships (multi-source corroboration)
9bea285b-7d0e-473a-b59b-65b8e240a9bd,6180b099-5e5e-4247-9219-81bf4309f50f,financial_lieutenant,a249f1b5-82e1-4c5b-a594-3a1738f6cd01,mentioned_in_social_post,social_media_posts,0.4,,,Flagged as suspicious in graph_relationships (multi-source corroboration)
d1871afd-fa2f-497c-ad26-6db6de7c2f6e,38d66af9-6e50-457c-8c19-f962a9c6b435,cdr_lieutenant,8171e26b-7d4e-41ed-a931-f0414f85531a,mentioned_in_social_post,social_media_posts,0.4,,,Flagged as suspicious in graph_relationships (multi-source corroboration)
c7d4f1be-57f2-4178-b703-fbd53e836392,376f27e4-a6c9-48fb-be55-e53c25f6e965,cdr_peripheral,38d66af9-6e50-457c-8c19-f962a9c6b435,mentioned_in_social_post,social_media_posts,0.4,,,Flagged as suspicious in graph_relationships (multi-source corroboration)
2bcb6dc2-1c80-4f11-930d-75a536128a7b,73afdf7b-f403-4f68-a828-79d245d66657,financial_lieutenant,80d1a12f-12b3-4bd3-abd1-b154fc01378c,mentioned_in_social_post,social_media_posts,0.4,,,Flagged as suspicious in graph_relationships (multi-source corroboration)
30afc788-00c8-42e4-999f-df481e13d7df,4285df9b-9b16-4ccd-9844-3508c0d49fdc,cdr_lieutenant,735b7692-768a-477f-9084-61285d2d750f,mentioned_in_social_post,social_media_posts,0.4,,,Flagged as suspicious in graph_relationships (multi-source corroboration)
de531ed6-8851-42b2-9ab8-e8af0108e874,3e42409b-e1ab-442a-9ffd-c75a3f7ddc96,financial_lieutenant,54c82bdd-31ea-4ed6-9d88-87aa3fa602dd,mentioned_in_social_post,social_media_posts,0.4,,,Flagged as suspicious in graph_relationships (multi-source corroboration)
33809baf-156e-4c2e-ac91-0f367644a8b1,4de490be-92c2-4542-a982-4a674c43b835,social_discovered_associate,94d607d7-3492-48ab-a373-f24cb1390211,mentioned_in_social_post,social_media_posts,0.4,,,Flagged as suspicious in graph_relationships (multi-source corroboration)
d8bb2818-9748-477d-bbc3-348183f2892a,33824001-fe02-4217-b31a-d965654a2d66,social_discovered_associate,8171e26b-7d4e-41ed-a931-f0414f85531a,mentioned_in_social_post,social_media_posts,0.4,,,Flagged as suspicious in graph_relationships (multi-source corroboration)
d3acae5c-6a01-4c31-9cc1-d728abb8eba4,a320ee3a-ba3e-40b3-b0e9-2d9266f355fc,social_discovered_associate,f41f457b-1975-41bc-97f0-d83efefcce31,mentioned_in_social_post,social_media_posts,0.4,,,Flagged as suspicious in graph_relationships (multi-source corroboration)
3b0ad65d-2a1f-49db-b0a6-230d4a1b502c,3e42409b-e1ab-442a-9ffd-c75a3f7ddc96,financial_lieutenant,4de490be-92c2-4542-a982-4a674c43b835,direct_message,social_media_chats,0.5,,,Flagged as suspicious in graph_relationships (multi-source corroboration)
2776c24e-e938-4994-8887-3753404671f3,33824001-fe02-4217-b31a-d965654a2d66,social_discovered_associate,50873f12-f502-48f0-b7b9-1ca825fbb932,direct_message,social_media_chats,0.5,,,Flagged as suspicious in graph_relationships (multi-source corroboration)
fb6b9d2f-00c0-4635-822c-44e7407b98be,33824001-fe02-4217-b31a-d965654a2d66,social_discovered_associate,e1631865-a6e0-42ba-8241-0fb34d3cd2d5,direct_message,social_media_chats,0.5,,,Flagged as suspicious in graph_relationships (multi-source corroboration)
7588df9c-2dde-4c41-8a0d-27abf705bdd5,598b970f-3219-4a29-a843-eb1703d9bcc2,financial_kingpin,a320ee3a-ba3e-40b3-b0e9-2d9266f355fc,direct_message,social_media_chats,0.5,,,Flagged as suspicious in graph_relationships (multi-source corroboration)
b3361ce3-97d9-4a9f-aee7-5047d91e7825,a320ee3a-ba3e-40b3-b0e9-2d9266f355fc,social_discovered_associate,b56c9b82-0597-4e04-9c41-1272f478a5d2,direct_message,social_media_chats,0.5,,,Flagged as suspicious in graph_relationships (multi-source corroboration)
95be6337-d812-4d1d-aecc-a1766bc355ef,3e42409b-e1ab-442a-9ffd-c75a3f7ddc96,financial_lieutenant,88b8ce01-e7bf-427e-9595-c5bfcbabe267,direct_message,social_media_chats,0.5,,,Flagged as suspicious in graph_relationships (multi-source corroboration)
55a02261-e7dc-4fe3-bacc-df697417de52,64c8c8c4-3eca-40a8-a280-fce21bb2974a,cdr_peripheral,6a1dcf18-6c4f-44c3-a14b-752c80221fe0,direct_message,social_media_chats,0.5,,,Flagged as suspicious in graph_relationships (multi-source corroboration)
f41c3ed0-9ff8-4da1-b1f4-1fd91595d13c,66608c82-c95e-449d-8483-39e9876092a0,cdr_operative,b681e7e8-fb53-41e2-a5e0-137f14ae1cb4,direct_message,social_media_chats,0.5,,,Flagged as suspicious in graph_relationships (multi-source corroboration)
f0ade867-9123-4930-a390-a02b0e9ff404,4604c0fb-6f50-45d8-9c76-8c666a59a025,cdr_peripheral,63c218e5-a8d7-4156-916b-0ac94511fe49,direct_message,social_media_chats,0.5,,,Flagged as suspicious in graph_relationships (multi-source corroboration)
a7c4ad7d-7c93-4362-bc9c-108fd13e165e,4604c0fb-6f50-45d8-9c76-8c666a59a025,cdr_peripheral,4de490be-92c2-4542-a982-4a674c43b835,mentioned_in_chat,social_media_chats,0.4,,,Flagged as suspicious in graph_relationships (multi-source corroboration)
49633f1b-5a5f-4011-9f34-e5ad459fb003,33824001-fe02-4217-b31a-d965654a2d66,social_discovered_associate,64aa12fe-332b-426d-9e18-1960f6079b69,mentioned_in_chat,social_media_chats,0.4,,,Flagged as suspicious in graph_relationships (multi-source corroboration)
d6f452d7-85c8-4405-8627-440920c0e52c,33824001-fe02-4217-b31a-d965654a2d66,social_discovered_associate,c529d9ef-2cd1-45c2-9e04-a55827105e21,mentioned_in_chat,social_media_chats,0.4,,,Flagged as suspicious in graph_relationships (multi-source corroboration)
c501cb34-e685-40bf-b112-71a7329fcdd1,33824001-fe02-4217-b31a-d965654a2d66,social_discovered_associate,3fc017d2-08cb-4e64-8ac6-678a1612aa6b,mentioned_in_chat,social_media_chats,0.4,,,Flagged as suspicious in graph_relationships (multi-source corroboration)
6ea89fde-53a4-4edb-8f1d-48b379952d11,7a8dcb3d-2353-4f1c-8481-583a228493ce,cdr_operative,a320ee3a-ba3e-40b3-b0e9-2d9266f355fc,mentioned_in_chat,social_media_chats,0.4,,,Flagged as suspicious in graph_relationships (multi-source corroboration)
56fb6da1-3522-47ae-8cba-7bcd2f4e4cb4,3c7a665a-29ef-4c51-937c-9238747d8c3f,cdr_operative,a320ee3a-ba3e-40b3-b0e9-2d9266f355fc,mentioned_in_chat,social_media_chats,0.4,,,Flagged as suspicious in graph_relationships (multi-source corroboration)
ea48a391-45cb-4b57-a38a-9496e0b938ac,1f65d744-3aba-46f0-a383-91348dbc4a37,cdr_operative,3e42409b-e1ab-442a-9ffd-c75a3f7ddc96,mentioned_in_chat,social_media_chats,0.4,,,Flagged as suspicious in graph_relationships (multi-source corroboration)
99080991-8ad2-4312-8880-3b292c26c2ed,33824001-fe02-4217-b31a-d965654a2d66,social_discovered_associate,6a1dcf18-6c4f-44c3-a14b-752c80221fe0,mentioned_in_chat,social_media_chats,0.4,,,Flagged as suspicious in graph_relationships (multi-source corroboration)
d9965444-480f-42dd-9927-27313639ea44,50873f12-f502-48f0-b7b9-1ca825fbb932,cdr_lieutenant,66608c82-c95e-449d-8483-39e9876092a0,mentioned_in_chat,social_media_chats,0.4,,,Flagged as suspicious in graph_relationships (multi-source corroboration)
