person_id,aadhaar_id,full_name,first_name,last_name,gender,date_of_birth,age,city,state,occupation,email,marital_status,household_id,family_role,notes
aec12e43-108b-427a-aa5e-9172fc135ca3,AADHAAR-SYN-9299-5223-3466,Naman Mittal,Naman,Mittal,Male,1981-06-28,45,Sunoli,Uttarakhand,Delivery Executive,naman.mittal@gmail.com,widowed,d2be1577-61cb-47f8-bb33-4cf3db34d791,head,
cc1a9eaf-455e-4d5e-bd79-a5b244d64a1f,AADHAAR-SYN-3376-7253-9576,Omkar Mittal,Omkar,Mittal,Male,2006-08-10,20,Sunoli,Uttarakhand,College Student,omkar.rajagopalan32@gmail.com,single,d2be1577-61cb-47f8-bb33-4cf3db34d791,child,Address updated 2023
2fb9ccba-04e4-4ccc-96fd-eb1d1b3c35f7,AADHAAR-SYN-5466-5405-7311,Rakesh Dhillon,Rakesh,Dhillon,Male,1946-11-27,80,Sunoli,Uttarakhand,Journalist,rakesh.dhillon@gmail.com,married,5d5571fc-530d-4305-8c95-0a8eec2392ac,head,
5c967353-da8f-4dfc-9a6b-ecda50d103bb,AADHAAR-SYN-7799-4657-5013,Harsh Agrawal,Harsh,Agrawal,Male,1949-06-06,77,Sunoli,Uttarakhand,Insurance Agent,harsh.agrawal60@gmail.com,married,5d5571fc-530d-4305-8c95-0a8eec2392ac,spouse,
a6a6df1b-5f66-4c8b-b473-5a3ab770f17a,AADHAAR-SYN-1685-0247-9966,Vishal Desai,Vishal,Desai,Male,1999-02-04,27,Sunoli,Uttarakhand,Carpenter,vishal.desai@gmail.com,married,5d5571fc-530d-4305-8c95-0a8eec2392ac,child,
53240630-41a5-484a-b367-e3c8ea343e4c,AADHAAR-SYN-5904-8699-3457,Dhruv Basu,Dhruv,Basu,Male,2006-02-06,20,Sunoli,Uttarakhand,College Student,dhruv.basu41@yahoo.com,single,5d5571fc-530d-4305-8c95-0a8eec2392ac,child,
565e485b-93b0-4779-8562-889a76de5c1d,AADHAAR-SYN-1736-0436-8438,Yuvraj Raghavan,Yuvraj,Raghavan,Male,1969-10-13,57,Sunoli,Uttarakhand,Accountant,yuvraj.raghavan@icloud.com,married,3bd2f9b0-d68e-40aa-a8af-ed76e81821fa,head,Duplicate entry flagged for review
ad49bd53-d644-487a-8590-ae1d570c3454,AADHAAR-SYN-7943-8317-6578,Sandeep Raghavan,Sandeep,Raghavan,Male,2000-11-15,26,Sunoli,Uttarakhand,Weaver,sandeep.ali0@gmail.com,married,3bd2f9b0-d68e-40aa-a8af-ed76e81821fa,child,
5d306493-b101-41ff-8897-5fb63e8d853f,AADHAAR-SYN-5322-6772-6759,Preeti Verma,Preeti,Verma,Female,1955-03-13,71,Artiyan Kallan,Rajasthan,Security Guard,preeti.verma69@hotmail.com,widowed,c7a434da-5475-4d31-91ff-6f1c6da97057,head,Record migrated from legacy system
7a8dcb3d-2353-4f1c-8481-583a228493ce,AADHAAR-SYN-7601-3211-5458,Prashant Verma,Prashant,Verma,Male,1966-01-16,60,Artiyan Kallan,Rajasthan,Currency Exchange Clerk,prashant.suri@gmail.com,married,c7a434da-5475-4d31-91ff-6f1c6da97057,spouse,Aadhaar mobile number update pending
da22d3e9-8ebe-4152-94ca-c6259d859ad8,AADHAAR-SYN-0724-5192-9587,Pari Verma,Pari,Verma,Female,1993-03-26,33,Artiyan Kallan,Rajasthan,Insurance Agent,pari.venkatesh@gmail.com,married,c7a434da-5475-4d31-91ff-6f1c6da97057,child,Address updated 2023
6bfc4329-68a0-4317-9c16-a40b7be04ac2,AADHAAR-SYN-8344-2153-6042,Kartik Singhal,Kartik,Singhal,Male,1960-10-12,66,Masgaon,Uttar Pradesh,Plumber,kartik.singhal@gmail.com,married,284621e3-aa88-46f3-abf8-6c8e413154da,head,
0b96f7c8-c4cb-43cf-aba8-22d1638b549b,AADHAAR-SYN-5855-1270-3442,Hemant Singhal,Hemant,Singhal,Male,1964-05-22,62,Masgaon,Uttar Pradesh,Auto Rickshaw Driver,hemant.bhattacharya@yahoo.com,married,284621e3-aa88-46f3-abf8-6c8e413154da,spouse,Aadhaar mobile number update pending
16817167-1c76-444a-b3c0-c65e54712a2a,AADHAAR-SYN-0683-5921-2940,Tara Singhal,Tara,Singhal,Female,1974-03-26,52,Masgaon,Uttar Pradesh,Insurance Agent,tara.sodhi@microsoft.com,married,284621e3-aa88-46f3-abf8-6c8e413154da,sibling,
7d6f20e1-961e-46de-8504-3ea2f6d7692a,AADHAAR-SYN-9427-4113-6070,Leela Singhal,Leela,Singhal,Female,1987-06-21,39,Masgaon,Uttar Pradesh,Shopkeeper,leela.anantharaman@icloud.com,married,284621e3-aa88-46f3-abf8-6c8e413154da,child,PAN verification pending
bb92ad30-66e1-4be1-b2ff-cf53d52b6c13,AADHAAR-SYN-7941-2972-4689,Jagdish Chaturvedi,Jagdish,Chaturvedi,Male,1979-06-23,47,Masgaon,Uttar Pradesh,Chef,jagdish.chaturvedi34@hotmail.com,married,eec69bb6-9d33-4eb5-924e-5228b50a3877,head,
73afdf7b-f403-4f68-a828-79d245d66657,AADHAAR-SYN-9347-3019-8958,Aditya Jain,Aditya,Jain,Male,1983-04-17,43,Masgaon,Uttar Pradesh,Weaver,aditya.jain76@yahoo.com,married,efd10d1a-136e-4c92-965f-2dadf3c12ce7,head,Address updated 2023
3c9c5911-b0c5-46cd-8e9f-f136e566c0be,AADHAAR-SYN-4975-8181-3312,Rajiv Kamble,Rajiv,Kamble,Male,1981-02-09,45,Masgaon,Uttar Pradesh,Software Engineer,rajiv.kamble@gmail.com,married,63f1becc-ee80-4ec0-9a8e-d927e6ae154a,head,
836fb355-2c29-4670-84f7-d2bbc5a3a9f9,AADHAAR-SYN-9604-4787-8524,Asha Bhatia,Asha,Bhatia,Female,1958-07-05,68,Masgaon,Uttar Pradesh,Auto Rickshaw Driver,asha.bhatia@gmail.com,widowed,cc80099a-f0a6-4fdb-b40a-1d824577f7b3,head,
24abd191-d037-4855-b375-7a464e656ced,AADHAAR-SYN-9172-2910-6713,Sunita Bhatia,Sunita,Bhatia,Female,1963-03-09,63,Masgaon,Uttar Pradesh,Nurse,sunita.khanna@gmail.com,married,cc80099a-f0a6-4fdb-b40a-1d824577f7b3,spouse,
e8b38c53-06e8-4472-92b1-ba4b33753200,AADHAAR-SYN-8338-0772-5313,Abhijeet Bhatia,Abhijeet,Bhatia,Male,1976-11-20,50,Masgaon,Uttar Pradesh,Accountant,abhijeet.gill@outlook.com,married,cc80099a-f0a6-4fdb-b40a-1d824577f7b3,child,
f3cb50b6-edbb-44e2-987c-13cf7b2b22ef,AADHAAR-SYN-3920-1785-4321,Darsh Bhatia,Darsh,Bhatia,Male,1984-06-07,42,Masgaon,Uttar Pradesh,Chef,darsh.gupta0@gmail.com,married,cc80099a-f0a6-4fdb-b40a-1d824577f7b3,child,Duplicate entry flagged for review
e519fc8a-3b2e-4b65-abe6-bb0356808a54,AADHAAR-SYN-9490-5800-5917,Simran Bhatia,Simran,Bhatia,Female,1995-12-24,31,Masgaon,Uttar Pradesh,Doctor,simran.ramachandran@icloud.com,married,cc80099a-f0a6-4fdb-b40a-1d824577f7b3,child,
deae4823-68b5-44b6-964e-e48543f0c8e6,AADHAAR-SYN-4447-3844-0943,Hema Shankar,Hema,Shankar,Female,1972-09-14,54,Masgaon,Uttar Pradesh,Doctor,hema.shankar@gmail.com,married,233243e4-d89d-455f-9472-60a7533fbc32,head,
6641b356-0f73-4184-9190-a96424cd43c5,AADHAAR-SYN-0685-7068-8524,Aditya Shankar,Aditya,Shankar,Male,1990-09-01,36,Masgaon,Uttar Pradesh,Scrap Dealer,aditya.rathore76@gmail.com,married,233243e4-d89d-455f-9472-60a7533fbc32,child,
39967684-7922-4d5f-a5c0-c1f2a4d2eb10,AADHAAR-SYN-2450-9473-4656,Gopal Shankar,Gopal,Shankar,Male,2001-12-19,25,Masgaon,Uttar Pradesh,Graphic Designer,gopal.sodhi@gmail.com,married,233243e4-d89d-455f-9472-60a7533fbc32,child,Record migrated from legacy system
7d3c7594-2c8b-4e80-b2c0-0f5c9b86ec99,AADHAAR-SYN-7353-5550-4609,Gaurav Raina,Gaurav,Raina,Male,1968-09-14,58,Mutharasikuppam,Tamil Nadu,Doctor,gaurav.raina@outlook.com,married,7fd920b3-23a7-4121-8ffd-02a4ebc9c02b,head,Address updated 2023
f6a345fd-f373-45ae-897b-3a5e448f0a10,AADHAAR-SYN-6118-2664-8702,Vijay Gopalan,Vijay,Gopalan,Male,1997-08-20,29,Mutharasikuppam,Tamil Nadu,Delivery Executive,vijay.gopalan@icloud.com,single,e2922ad1-a344-4981-bfb1-74e8748cde36,head,
c453596c-6636-48eb-9b21-2a9aab157eab,AADHAAR-SYN-9864-3133-3757,Vishnu Gopalan,Vishnu,Gopalan,Male,1999-07-03,27,Mutharasikuppam,Tamil Nadu,Postal Worker,vishnu.sahoo@icloud.com,single,e2922ad1-a344-4981-bfb1-74e8748cde36,spouse,Record migrated from legacy system
54c82bdd-31ea-4ed6-9d88-87aa3fa602dd,AADHAAR-SYN-5040-0483-7080,Hriday Malhotra,Hriday,Malhotra,Male,1969-05-27,57,Mutharasikuppam,Tamil Nadu,Jewellery Dealer,hriday.malhotra@gmail.com,married,8f15f67e-a7bf-4691-9f23-faaaa2ebb33a,head,
a58cce80-7076-468f-94d2-5d9da15f955b,AADHAAR-SYN-0676-3225-3101,Sakshi Malhotra,Sakshi,Malhotra,Female,2006-10-13,20,Mutharasikuppam,Tamil Nadu,Tailor,sakshi.shukla@apple.com,single,8f15f67e-a7bf-4691-9f23-faaaa2ebb33a,child,
01a47444-734f-4ef7-a3a4-92fd4f5673d8,AADHAAR-SYN-8673-6829-6069,Katrina Dhillon,Katrina,Dhillon,Female,1986-01-02,40,Kachhwa,Uttar Pradesh,Civil Engineer,katrina.dhillon@icloud.com,single,90744551-2255-404d-9711-ff587cd91dae,head,Record migrated from legacy system
f41f457b-1975-41bc-97f0-d83efefcce31,AADHAAR-SYN-0675-3813-7096,Malini Dhillon,Malini,Dhillon,Female,1992-09-10,34,Kachhwa,Uttar Pradesh,Jewellery Dealer,malini.ganguly@yahoo.com,single,90744551-2255-404d-9711-ff587cd91dae,spouse,
67f57f97-1080-4f10-89a8-902ba86ece6f,AADHAAR-SYN-5854-2220-0971,Uma Dhillon,Uma,Dhillon,Female,1992-04-08,34,Kachhwa,Uttar Pradesh,Government Clerk,uma.sarkar@hotmail.com,married,90744551-2255-404d-9711-ff587cd91dae,sibling,
3c7a9e48-11c9-4597-a7d4-fc6136349c43,AADHAAR-SYN-8219-2311-5939,Yash Dhillon,Yash,Dhillon,Male,2000-04-19,26,Kachhwa,Uttar Pradesh,Hotel Staff,yash.talwar@icloud.com,married,90744551-2255-404d-9711-ff587cd91dae,sibling,Record migrated from legacy system
43fbb141-67d7-4de2-8f11-99a6591b1748,AADHAAR-SYN-1880-7521-8622,Vineet Natarajan,Vineet,Natarajan,Male,1971-07-24,55,Kachhwa,Uttar Pradesh,Salesperson,vineet.natarajan@gmail.com,divorced,095a5b5f-0abc-4723-b4cd-2f5d869a9a08,head,
a0eec687-e78f-40c8-b68d-013ff0f8149c,AADHAAR-SYN-6030-5392-0403,Tulsi Natarajan,Tulsi,Natarajan,Female,2005-03-06,21,Kachhwa,Uttar Pradesh,College Student,tulsi.jadhav@icloud.com,single,095a5b5f-0abc-4723-b4cd-2f5d869a9a08,child,
8970fbd6-6aef-45b0-9c43-bcb423be1445,AADHAAR-SYN-0352-3255-9759,Lalit Tripathi,Lalit,Tripathi,Male,1977-08-28,49,Kachhwa,Uttar Pradesh,Bank Employee,lalit.tripathi84@hotmail.com,married,aee8db63-6cbb-41df-88e7-130022b647de,head,
745b0fba-f5d3-40c3-9aa5-758b06aa1954,AADHAAR-SYN-6819-2625-4781,Rajan Sundaram,Rajan,Sundaram,Male,1979-01-17,47,Kachhwa,Uttar Pradesh,Government Clerk,rajan.sundaram@me.com,married,aee8db63-6cbb-41df-88e7-130022b647de,spouse,Record migrated from legacy system
712178c7-7e72-43da-a358-1a4770b8ddcf,AADHAAR-SYN-7125-6116-3464,Pranav Sinha,Pranav,Sinha,Male,1992-02-06,34,Kachhwa,Uttar Pradesh,School Teacher,pranav.sinha@icloud.com,married,aee8db63-6cbb-41df-88e7-130022b647de,sibling,
962061f8-7a5c-4543-b468-5740d2455ac9,AADHAAR-SYN-7823-8097-7792,Tanvi Rathore,Tanvi,Rathore,Male,1981-06-16,45,Kachhwa,Uttar Pradesh,Homemaker,tanvi.rathore1@microsoft.com,married,b312cfa8-3067-464b-b934-ada4a4e136b0,head,Address updated 2023
5bac2cac-75e9-4981-98e1-8b843874d8fd,AADHAAR-SYN-5326-5562-8378,Varun Rathore,Varun,Rathore,Male,1993-07-19,33,Kachhwa,Uttar Pradesh,School Teacher,varun.anand@hotmail.com,married,b312cfa8-3067-464b-b934-ada4a4e136b0,spouse,Record migrated from legacy system
8f894cdd-94c2-4c60-b0af-002ffeeb7d56,AADHAAR-SYN-3802-0920-7316,Kunti Khan,Kunti,Khan,Female,1990-05-14,36,Eja,Uttar Pradesh,Security Guard,kunti.khan@live.com,married,23fc950d-fc95-4331-a545-005be3b5763f,head,PAN verification pending
dd4f5e05-61d1-41cf-8117-8089f01c9c54,AADHAAR-SYN-3563-3292-3225,Hardik Khan,Hardik,Khan,Male,1993-09-16,33,Eja,Uttar Pradesh,Salesperson,hardik.kurup75@outlook.com,married,23fc950d-fc95-4331-a545-005be3b5763f,spouse,
7af59a83-c416-4442-9060-f4a577034180,AADHAAR-SYN-2473-9360-2932,Dhruv Khan,Dhruv,Khan,Male,1996-05-25,30,Eja,Uttar Pradesh,Librarian,dhruv.shankar7@gmail.com,married,23fc950d-fc95-4331-a545-005be3b5763f,sibling,Address updated 2023
9e93689b-011c-49bd-b38e-4270bcbb6dbe,AADHAAR-SYN-4992-5194-3840,Dinesh Khan,Dinesh,Khan,Male,1998-05-11,28,Eja,Uttar Pradesh,Doctor,dinesh.nambiar@gmail.com,single,23fc950d-fc95-4331-a545-005be3b5763f,sibling,
1625d745-435b-464f-8b41-7bb07e32d54f,AADHAAR-SYN-1251-9727-3800,Priyanka Khan,Priyanka,Khan,Female,2005-06-23,21,Eja,Uttar Pradesh,College Student,priyanka.pai@me.com,single,23fc950d-fc95-4331-a545-005be3b5763f,sibling,Voter ID linked
21b3d97c-017c-48d5-bb9d-45ec192822f3,AADHAAR-SYN-5001-6338-6616,Santosh Raghavan,Santosh,Raghavan,Male,1966-08-09,60,Yellamalai,Tamil Nadu,Auto Rickshaw Driver,,married,a5b4ded5-b173-4311-ba7f-c04bc952f111,head,
1566dfa7-583e-4869-b4e2-ec7267bbbf29,AADHAAR-SYN-4527-4937-2238,Nazia Raghavan,Nazia,Raghavan,Female,1983-05-21,43,Yellamalai,Tamil Nadu,Nurse,nazia.mohanty@gmail.com,married,a5b4ded5-b173-4311-ba7f-c04bc952f111,child,
376f27e4-a6c9-48fb-be55-e53c25f6e965,AADHAAR-SYN-4561-8817-3709,Karthik Saini,Karthik,Saini,Male,1965-04-28,61,Yellamalai,Tamil Nadu,Hotel Staff,karthik.saini@outlook.com,married,ffa0221c-1c9f-4705-8dd5-be1fae234911,head,
07723ba6-e0c7-4d35-944b-4ca10f7d77c8,AADHAAR-SYN-8261-8637-1189,Sanjay Saini,Sanjay,Saini,Male,1981-10-16,45,Yellamalai,Tamil Nadu,Mechanic,sanjay.pandit@gmail.com,widowed,ffa0221c-1c9f-4705-8dd5-be1fae234911,child,Voter ID linked
4c7e0c24-796c-4ac8-8674-03843b089a56,AADHAAR-SYN-0937-4549-5051,Tanish Roy,Tanish,Roy,Male,1971-03-08,55,Yellamalai,Tamil Nadu,Doctor,tanish.roy@gmail.com,widowed,52a883b9-3aca-456f-b3cf-901ccb0cb11e,head,Duplicate entry flagged for review
5316156b-196d-4335-8a2b-336865fd84ef,AADHAAR-SYN-4141-9227-9525,Lakshmi Qureshi,Lakshmi,Qureshi,Female,1987-03-18,39,Yellamalai,Tamil Nadu,Security Guard,lakshmi.qureshi42@yahoo.com,married,52a883b9-3aca-456f-b3cf-901ccb0cb11e,child,
38f3835d-dbc8-4d65-9ac7-7b55580d0924,AADHAAR-SYN-9967-8050-7145,Alia Sethi,Alia,Sethi,Female,1993-11-15,33,Yellamalai,Tamil Nadu,Police Constable,alia.sethi85@gmail.com,married,52a883b9-3aca-456f-b3cf-901ccb0cb11e,child,
a6e01bb6-e7d3-41a8-8e60-51bb1616d131,AADHAAR-SYN-4054-3311-1081,Ayaan Sinha,Ayaan,Sinha,Male,1988-05-07,38,Hadmatiya,Gujarat,Accountant,ayaan.sinha@gmail.com,married,23b798eb-c936-45ad-b2fc-bc951f57e253,head,
301d5ff0-c633-470a-991d-b434ba34b84c,AADHAAR-SYN-7975-6359-9158,Reyansh Hussain,Reyansh,Hussain,Male,1994-10-02,32,Hadmatiya,Gujarat,Graphic Designer,reyansh.hussain@icloud.com,married,23b798eb-c936-45ad-b2fc-bc951f57e253,spouse,
53cdddf2-09d4-4405-a72d-eed3c559550a,AADHAAR-SYN-5688-7278-8887,Sridevi Mohapatra,Sridevi,Mohapatra,Female,1998-07-05,28,Hadmatiya,Gujarat,Delivery Executive,sridevi.mohapatra70@icloud.com,married,23b798eb-c936-45ad-b2fc-bc951f57e253,sibling,
712d9149-66e4-4e37-87a3-98f91e39528b,AADHAAR-SYN-7781-5909-3976,Jagdish Kohli,Jagdish,Kohli,Male,1955-11-12,71,Hadmatiya,Gujarat,Postal Worker,jagdish.kohli15@gmail.com,married,2f76fbc3-3d19-4263-acdb-fcf914840b75,head,
c1d30be8-ee50-43a5-9786-cad8b0d2fec2,AADHAAR-SYN-0626-5736-6276,Naveen Kohli,Naveen,Kohli,Male,1974-08-05,52,Hadmatiya,Gujarat,Carpenter,naveen.grewal34@gmail.com,married,2f76fbc3-3d19-4263-acdb-fcf914840b75,child,Aadhaar mobile number update pending
a3ea767d-af72-417a-985f-a19a89b8725a,AADHAAR-SYN-2862-8320-5847,Arjun Kohli,Arjun,Kohli,Male,1980-10-28,46,Hadmatiya,Gujarat,Fisherman,arjun.warrier@hotmail.com,married,2f76fbc3-3d19-4263-acdb-fcf914840b75,child,
6663fe0b-b0ec-457f-8dea-1ab513b8f811,AADHAAR-SYN-0045-8284-9821,Pratibha Kohli,Pratibha,Kohli,Female,1992-02-07,34,Hadmatiya,Gujarat,Carpenter,,married,2f76fbc3-3d19-4263-acdb-fcf914840b75,child,
f71fa1e6-87cf-4997-9bc1-79e082224e7f,AADHAAR-SYN-2496-5236-3301,Saurabh Subramaniam,Saurabh,Subramaniam,Male,1989-06-14,37,Hadmatiya,Gujarat,Mechanic,,married,00641899-cb6e-4cb7-a06e-53e8e135da5e,head,Duplicate entry flagged for review
b97243d8-5458-4ae9-8928-9a34f805e531,AADHAAR-SYN-9565-7348-5718,Aarav Subramaniam,Aarav,Subramaniam,Male,1991-12-16,35,Hadmatiya,Gujarat,Doctor,aarav.dixit@tuta.com,married,00641899-cb6e-4cb7-a06e-53e8e135da5e,spouse,
b24af610-2d8d-4597-b400-5c224281b9ee,AADHAAR-SYN-1199-3896-8680,Satish Subramaniam,Satish,Subramaniam,Male,1995-08-12,31,Hadmatiya,Gujarat,Weaver,satish.ahmed@icloud.com,single,00641899-cb6e-4cb7-a06e-53e8e135da5e,sibling,
9a88128b-a11e-4719-90d9-57dd6d1507f6,AADHAAR-SYN-3035-2077-8255,Manoj Vaidyanathan,Manoj,Vaidyanathan,Male,1962-02-24,64,Hadmatiya,Gujarat,Weaver,manoj.vaidyanathan@icloud.com,single,ded85d5b-f313-4ffe-a261-6934d329f41b,head,
fecebe3d-821d-4461-8f73-50f40303c96c,AADHAAR-SYN-7785-4549-2610,Santosh Tiwari,Santosh,Tiwari,Male,1993-09-27,33,Sukalwadi,Maharashtra,Homemaker,santosh.tiwari@gmail.com,single,cde5195d-3bca-4a9c-b1f9-8bf777c90c02,head,Aadhaar mobile number update pending
7d9588a6-ed36-4e65-a049-b78ff1fed110,AADHAAR-SYN-0603-5715-8297,Parvati Swamy,Parvati,Swamy,Female,1959-02-21,67,Sukalwadi,Maharashtra,Insurance Agent,parvati.swamy@gmail.com,widowed,6cc2b918-bc16-4dbd-b010-3299467a425b,head,Aadhaar mobile number update pending
6e07c906-1153-49c1-9237-6453f147a589,AADHAAR-SYN-8442-3517-0189,Anjana Khanna,Anjana,Khanna,Female,1966-10-06,60,Sukalwadi,Maharashtra,Software Engineer,anjana.khanna@gmail.com,divorced,6cc2b918-bc16-4dbd-b010-3299467a425b,spouse,PAN verification pending
3b2df297-1cf6-4878-9cdd-a165757f4d13,AADHAAR-SYN-6311-0488-3629,Dinesh Sachdeva,Dinesh,Sachdeva,Male,1971-06-18,55,Sukalwadi,Maharashtra,Auto Rickshaw Driver,dinesh.sachdeva@vmware.com,married,6cc2b918-bc16-4dbd-b010-3299467a425b,sibling,
9b9968ed-f49c-4780-9212-f09b9ed9dd66,AADHAAR-SYN-9684-1260-9308,Tanvi Raghavan,Tanvi,Raghavan,Male,1994-04-28,32,Sukalwadi,Maharashtra,Government Clerk,tanvi.raghavan61@gmail.com,single,6cc2b918-bc16-4dbd-b010-3299467a425b,child,
074205e4-695a-49ad-8587-d67af4f735c7,AADHAAR-SYN-6706-3843-5878,Anuj Mukherjee,Anuj,Mukherjee,Male,1995-06-15,31,Sukalwadi,Maharashtra,Retired Government Employee,anuj.mukherjee34@sbcglobal.net,married,6cc2b918-bc16-4dbd-b010-3299467a425b,child,
f1a8d7c2-5601-4f24-9a1e-a4602b9fc452,AADHAAR-SYN-0008-6942-7812,Shashank Shukla,Shashank,Shukla,Male,1986-08-03,40,Sukalwadi,Maharashtra,Plumber,,married,ac4cf388-cc95-4190-affe-802b58defcb5,head,
95b21a34-896e-4a99-ab1f-18b495bd8672,AADHAAR-SYN-7693-1159-3057,Vandana Chauhan,Vandana,Chauhan,Female,1960-01-03,66,Sukalwadi,Maharashtra,Government Clerk,vandana.chauhan80@gmail.com,widowed,a6559cd8-35cb-43cf-95b0-a01cbad4e6e5,head,
f0b9c854-5c74-4e1d-9a3e-d98aad2eb796,AADHAAR-SYN-5731-9870-7460,Pramila Chauhan,Pramila,Chauhan,Female,1963-10-04,63,Sukalwadi,Maharashtra,Fisherman,pramila.shinde@gmail.com,married,a6559cd8-35cb-43cf-95b0-a01cbad4e6e5,spouse,Address updated 2023
a320ee3a-ba3e-40b3-b0e9-2d9266f355fc,AADHAAR-SYN-3591-6609-9771,Prem Chauhan,Prem,Chauhan,Male,1976-01-14,50,Sukalwadi,Maharashtra,Software Engineer,prem.bose@me.com,divorced,a6559cd8-35cb-43cf-95b0-a01cbad4e6e5,child,Address updated 2023
97c19247-87ac-486f-ac15-862d7a702684,AADHAAR-SYN-0157-8110-6447,Dev Chauhan,Dev,Chauhan,Male,1995-08-19,31,Sukalwadi,Maharashtra,Currency Exchange Clerk,dev.natarajan@icloud.com,single,a6559cd8-35cb-43cf-95b0-a01cbad4e6e5,child,
9140c2ff-ada7-4be4-bfc7-25b0945d4bea,AADHAAR-SYN-4449-9992-8657,Aadit Prakash,Aadit,Prakash,Male,1999-09-07,27,Saltighat Gujarpur,West Bengal,Journalist,aadit.prakash9@icloud.com,married,b755d85b-9b88-46b7-8b63-6ff9bffefebd,head,
699e5332-74a6-40da-a531-fc66bae1556e,AADHAAR-SYN-3781-3894-1900,Nilesh Prakash,Nilesh,Prakash,Male,2006-08-18,20,Saltighat Gujarpur,West Bengal,College Student,nilesh.bhandary@gmail.com,single,b755d85b-9b88-46b7-8b63-6ff9bffefebd,spouse,Duplicate entry flagged for review
ffb11dae-2aff-4e98-8384-6b2169e79785,AADHAAR-SYN-7776-5376-0921,Shanti Krishnamurthy,Shanti,Krishnamurthy,Female,1967-03-16,59,Saltighat Gujarpur,West Bengal,Mechanic,shanti.krishnamurthy@icloud.com,married,ab03fa5a-238f-4ffd-9817-a2c106d046f7,head,Duplicate entry flagged for review
d06d2263-8e37-4e7b-8d00-e8d5e0999b11,AADHAAR-SYN-8977-2991-8577,Ajay Krishnamurthy,Ajay,Krishnamurthy,Male,1990-06-20,36,Saltighat Gujarpur,West Bengal,Graphic Designer,,married,ab03fa5a-238f-4ffd-9817-a2c106d046f7,child,Voter ID linked
4f5ce979-ecb2-4e53-b0e3-6c1a025dc4a2,AADHAAR-SYN-3636-4759-9662,Milind Kumar,Milind,Kumar,Male,1965-10-15,61,Kalikrishnagar,Tripura,Delivery Executive,milind.kumar@icloud.com,divorced,1f071d1c-ea9d-4716-a9f8-4e77275a2e5e,head,
1c999a98-2351-4786-bf7d-c1a622ce58c6,AADHAAR-SYN-7837-9829-8608,Vidya Dasgupta,Vidya,Dasgupta,Female,1985-09-25,41,Kalikrishnagar,Tripura,Fisherman,vidya.dasgupta@gmail.com,married,1f071d1c-ea9d-4716-a9f8-4e77275a2e5e,child,Aadhaar mobile number update pending
1b6cec20-660f-4e8c-a927-c4b64d300ec3,AADHAAR-SYN-9077-2622-4936,Alok Saxena,Alok,Saxena,Male,2003-07-16,23,Kalikrishnagar,Tripura,Graphic Designer,alok.saxena78@gmail.com,single,1f071d1c-ea9d-4716-a9f8-4e77275a2e5e,child,Duplicate entry flagged for review
5d819959-67b8-47c8-9d65-bc44c7d4d99b,AADHAAR-SYN-4524-6242-3848,Sameer Pillai,Sameer,Pillai,Male,1947-01-21,79,Kalikrishnagar,Tripura,Postal Worker,sameer.pillai@gmail.com,widowed,148e8fe1-6efc-4f9e-84f9-31567f34a177,head,Aadhaar mobile number update pending
c8388749-8792-499f-8d2c-46c54adc4495,AADHAAR-SYN-9587-6652-6966,Ram Pillai,Ram,Pillai,Male,1960-05-25,66,Kalikrishnagar,Tripura,Police Constable,ram.biswal2@gmail.com,married,148e8fe1-6efc-4f9e-84f9-31567f34a177,spouse,PAN verification pending
e9888f39-cbf1-4770-824b-aa4262afc197,AADHAAR-SYN-4623-9492-9788,Chandan Pillai,Chandan,Pillai,Male,1979-04-25,47,Kalikrishnagar,Tripura,Mechanic,chandan.ganguly@gmail.com,married,148e8fe1-6efc-4f9e-84f9-31567f34a177,child,Address updated 2023
718c8dcc-4632-4831-aa1a-5706160a9a02,AADHAAR-SYN-3483-5311-3434,Dharmesh Pillai,Dharmesh,Pillai,Male,1980-08-05,46,Kalikrishnagar,Tripura,Farmer,,married,148e8fe1-6efc-4f9e-84f9-31567f34a177,child,PAN verification pending
760ca9ec-df70-4aa9-a799-c8069fb2dc29,AADHAAR-SYN-1667-0965-7530,Shobha Pillai,Shobha,Pillai,Female,2000-11-28,26,Kalikrishnagar,Tripura,Mechanic,shobha.upadhyay@sony.com,married,148e8fe1-6efc-4f9e-84f9-31567f34a177,child,Duplicate entry flagged for review
91cd6afb-4617-4190-8d3d-0b5d013a15ca,AADHAAR-SYN-7472-3442-7228,Harish Kaul,Harish,Kaul,Male,1982-11-01,44,Kalikrishnagar,Tripura,Chef,harish.kaul@gmail.com,married,8cf194a1-11e3-4265-ab7d-9b491f8eedf3,head,
ae38c930-a117-47db-80b6-e927f80e043e,AADHAAR-SYN-1658-7016-1675,Taapsee Kaul,Taapsee,Kaul,Female,1997-07-04,29,Kalikrishnagar,Tripura,Electrician,taapsee.swain@microsoft.com,married,8cf194a1-11e3-4265-ab7d-9b491f8eedf3,spouse,Duplicate entry flagged for review
07834000-fe76-48d2-80ce-6b74fc220c82,AADHAAR-SYN-9431-3458-3349,Kali Nair,Kali,Nair,Female,1992-11-12,34,Barbhita,Assam,School Teacher,kali.nair@gmail.com,married,17546e0f-d9b5-450e-9e56-4fe7a35b9206,head,
549aa514-5e8b-486c-b99a-ac0a449bc98e,AADHAAR-SYN-4993-9846-1078,Julianna Krishnan,Julianna,Krishnan,Female,1970-06-05,56,Barbhita,Assam,Tailor,julianna.krishnan@clevelandclinic.org,married,34c8fb1a-bdf6-4ae3-a60f-d3413b074b40,head,
3dcb8dd5-0888-428b-9965-b49080f53d22,AADHAAR-SYN-3690-3723-3874,Sourav Krishnan,Sourav,Krishnan,Male,1989-02-06,37,Barbhita,Assam,Homemaker,sourav.narayanan@microsoft.com,married,34c8fb1a-bdf6-4ae3-a60f-d3413b074b40,child,
43d397f3-6279-4e7b-b1e1-d2dd053d82d2,AADHAAR-SYN-4963-5092-3908,Pratham Krishnan,Pratham,Krishnan,Male,2004-07-10,22,Barbhita,Assam,Delivery Executive,pratham.nayak@gmail.com,single,34c8fb1a-bdf6-4ae3-a60f-d3413b074b40,child,Aadhaar mobile number update pending
5cfd4624-2057-46b8-8433-475f7f34adfd,AADHAAR-SYN-0515-7689-4097,Aarohi Shah,Aarohi,Shah,Female,1979-04-06,47,Barbhita,Assam,Journalist,,married,eede0bea-3611-40a2-bdbc-77a87eee874a,head,
ea862a2e-c6f9-4145-a0be-80792bd28d47,AADHAAR-SYN-9103-9715-0174,Sankalp Roy,Sankalp,Roy,Male,1975-07-22,51,Thammadapalle,Andhra Pradesh,Security Guard,sankalp.roy@icloud.com,married,9c65f281-052b-4c21-81b9-0462413d714a,head,
cf32ee4c-d024-4cb0-ad3d-343fd4281f72,AADHAAR-SYN-6113-9443-4946,Sharada Roy,Sharada,Roy,Female,1993-05-05,33,Thammadapalle,Andhra Pradesh,Electrician,sharada.naidu12@icloud.com,married,9c65f281-052b-4c21-81b9-0462413d714a,child,Aadhaar mobile number update pending
dc49f805-8eab-470f-bacd-57345748432f,AADHAAR-SYN-5830-9329-7468,Shankar Roy,Shankar,Roy,Male,2008-03-28,18,Thammadapalle,Andhra Pradesh,College Student,shankar.singhal@gmail.com,married,9c65f281-052b-4c21-81b9-0462413d714a,child,
702b93ee-f974-4574-9e24-99180e46c0fe,AADHAAR-SYN-4612-2848-2000,Sunita Basu,Sunita,Basu,Female,1956-10-15,70,Laugaon,Uttar Pradesh,Pharmacist,sunita.basu18@yahoo.com,widowed,52eb9caf-2dfc-499e-8e69-6a077a5401b6,head,
e67efc8b-b5d7-4752-ba74-2556fa0680a0,AADHAAR-SYN-9073-6172-9943,Sachin Basu,Sachin,Basu,Male,1962-12-17,64,Laugaon,Uttar Pradesh,Weaver,sachin.menon@gmail.com,married,52eb9caf-2dfc-499e-8e69-6a077a5401b6,spouse,
df8f9173-d8b6-46df-ad3c-2ebcbba09b2e,AADHAAR-SYN-2962-1058-1046,Vijay Basu,Vijay,Basu,Male,1985-03-02,41,Laugaon,Uttar Pradesh,Import-Export Consultant,vijay.acharya80@gmail.com,married,52eb9caf-2dfc-499e-8e69-6a077a5401b6,child,
6682d7a0-40b3-4146-9c36-1cf8a8ec6ee9,AADHAAR-SYN-2307-8300-9843,Utkarsh Bhandary,Utkarsh,Bhandary,Male,1951-05-03,75,Laugaon,Uttar Pradesh,Freight Forwarding Agent,utkarsh.bhandary@yahoo.com,widowed,a2f9a876-eec6-4f77-a4c8-dc9c10cdda53,head,
01ff5430-981d-4acc-b71b-e8eda2603794,AADHAAR-SYN-0868-3251-2408,Sudhir Bhandary,Sudhir,Bhandary,Male,1995-05-22,31,Laugaon,Uttar Pradesh,Fisherman,sudhir.unnikrishnan61@me.com,married,a2f9a876-eec6-4f77-a4c8-dc9c10cdda53,child,Record migrated from legacy system
b7cff819-060a-449b-852f-b6fa908f7602,AADHAAR-SYN-3358-8581-8832,Genelia Bhandary,Genelia,Bhandary,Female,1996-08-20,30,Laugaon,Uttar Pradesh,Auto Rickshaw Driver,genelia.ahmed@gmail.com,married,a2f9a876-eec6-4f77-a4c8-dc9c10cdda53,child,
df08f019-1a45-4556-8724-3339c8bbdda0,AADHAAR-SYN-2301-5773-3726,Aarush Bhandary,Aarush,Bhandary,Male,2003-09-22,23,Laugaon,Uttar Pradesh,Fisherman,aarush.bhandari95@gmail.com,single,a2f9a876-eec6-4f77-a4c8-dc9c10cdda53,child,Record migrated from legacy system
012daffe-1970-46c9-a13d-c4bacae01ef1,AADHAAR-SYN-2872-9717-2606,Darsh Shankar,Darsh,Shankar,Male,1985-09-12,41,Laugaon,Uttar Pradesh,Hotel Staff,darsh.shankar@vmware.com,single,1382d1c9-b09e-4e44-86f8-5a82006d0fcc,head,
cb8afa22-9dcc-4a1f-bff4-ecc5cc58751b,AADHAAR-SYN-8901-0770-7422,Sunil Deshmukh,Sunil,Deshmukh,Male,1992-06-01,34,Laugaon,Uttar Pradesh,Insurance Agent,sunil.deshmukh@outlook.com,married,9c8c7e10-8b00-45f7-87bf-f3a92a8df9bd,head,
f9082f71-b52c-4e51-b39a-abd8b62427ca,AADHAAR-SYN-5082-4922-1867,Jhanvi Alam,Jhanvi,Alam,Female,1993-12-08,33,Laugaon,Uttar Pradesh,Plumber,jhanvi.alam82@icloud.com,married,3013ec3f-f69a-4207-9024-9e6205681c0b,head,
75680bcc-ed61-4f6b-82cc-ee0ee0cc0418,AADHAAR-SYN-1342-4740-3913,Tejas Paul,Tejas,Paul,Male,1981-06-01,45,Netra,Rajasthan,Auto Rickshaw Driver,tejas.paul@gmail.com,married,bfc1cf8d-8fd3-4b53-a27b-07d44bb4d776,head,
e2d76151-3686-452b-b77e-22284bd5ee00,AADHAAR-SYN-1159-2301-2424,Sachin Paul,Sachin,Paul,Male,1984-02-13,42,Netra,Rajasthan,Software Engineer,sachin.ghosh@gmail.com,divorced,bfc1cf8d-8fd3-4b53-a27b-07d44bb4d776,spouse,
7d7a9547-367c-47ec-8c5c-05fb43f36340,AADHAAR-SYN-4170-0638-6192,Kavita Paul,Kavita,Paul,Female,1994-04-15,32,Netra,Rajasthan,Civil Engineer,kavita.prasad@gmail.com,married,bfc1cf8d-8fd3-4b53-a27b-07d44bb4d776,sibling,PAN verification pending
11f66c15-42c7-4d15-9e72-09f72d5ac4bf,AADHAAR-SYN-8186-5503-8605,Sandhya Paul,Sandhya,Paul,Female,2003-06-26,23,Netra,Rajasthan,Auto Rickshaw Driver,sandhya.khurana@gmail.com,single,bfc1cf8d-8fd3-4b53-a27b-07d44bb4d776,child,Voter ID linked
53d50e04-c90d-47d2-8f09-955a737af76e,AADHAAR-SYN-2160-7633-1769,Ashish Mehta,Ashish,Mehta,Male,1962-03-23,64,Ujirpur,West Bengal,Homemaker,ashish.mehta@gmail.com,married,2169d9d5-2540-4ade-8a41-8e33d8881dc9,head,Address updated 2023
2079b283-a7d9-4c89-9be5-31d74e456d99,AADHAAR-SYN-0456-8541-2168,Praful Mehta,Praful,Mehta,Male,1965-11-03,61,Ujirpur,West Bengal,Pharmacist,praful.ramachandran@gmail.com,married,2169d9d5-2540-4ade-8a41-8e33d8881dc9,spouse,Address updated 2023
9a4680dd-40f5-4b82-aa4c-99ee4feb8599,AADHAAR-SYN-7603-9604-4089,Nakul Mehta,Nakul,Mehta,Male,2000-12-25,26,Ujirpur,West Bengal,Graphic Designer,nakul.shukla37@gmail.com,single,2169d9d5-2540-4ade-8a41-8e33d8881dc9,child,
59b6287b-4b20-4b6f-a0b3-d60ecf53823d,AADHAAR-SYN-1102-3629-7516,Sandeep Mehta,Sandeep,Mehta,Male,2000-01-05,26,Ujirpur,West Bengal,Plumber,sandeep.vohra@gmail.com,single,2169d9d5-2540-4ade-8a41-8e33d8881dc9,child,PAN verification pending
8168a6dd-e43e-4aa9-a49c-8f2189f923be,AADHAAR-SYN-1289-8242-4180,Karan Mohapatra,Karan,Mohapatra,Male,1970-08-21,56,Ujirpur,West Bengal,College Student,karan.mohapatra26@verizon.net,married,e43b601e-c5b0-494e-b122-9b2353e02277,head,Duplicate entry flagged for review
50f7fbea-3d0f-4a6f-a225-c90d955b7604,AADHAAR-SYN-6205-7613-8719,Anil Rajput,Anil,Rajput,Male,1978-05-12,48,Ujirpur,West Bengal,Police Constable,anil.rajput@gmail.com,married,e43b601e-c5b0-494e-b122-9b2353e02277,spouse,
dcec1ec7-22d1-4f2e-84c3-77c259c5a64f,AADHAAR-SYN-1334-5344-3692,Ritesh Sen,Ritesh,Sen,Male,1981-08-14,45,Kathania,Punjab,Farmer,ritesh.sen@gmail.com,married,5ec280ff-2b70-4ef0-b639-a10e4c5d82b1,head,
40d2d75f-cb6f-4851-ac2b-5a944fd70a7b,AADHAAR-SYN-6330-9395-3955,Rakesh Sen,Rakesh,Sen,Male,1981-05-25,45,Kathania,Punjab,Auto Rickshaw Driver,rakesh.mohan@gmail.com,married,5ec280ff-2b70-4ef0-b639-a10e4c5d82b1,spouse,
8764b24f-ffe4-4fb6-96ca-c0d84cd2e537,AADHAAR-SYN-2323-9301-1520,Ashok Sen,Ashok,Sen,Male,1993-11-09,33,Kathania,Punjab,Electrician,ashok.dhar@gmail.com,married,5ec280ff-2b70-4ef0-b639-a10e4c5d82b1,sibling,Aadhaar mobile number update pending
6a04491d-36e6-45f3-a428-ed6c96715aab,AADHAAR-SYN-3960-2027-8577,Omkar Sen,Omkar,Sen,Male,1994-07-15,32,Kathania,Punjab,Security Guard,,married,5ec280ff-2b70-4ef0-b639-a10e4c5d82b1,sibling,Aadhaar mobile number update pending
bff07c3e-99b6-4e90-b956-a2a3d0d834be,AADHAAR-SYN-0710-0824-7104,Vikas Chawla,Vikas,Chawla,Male,1946-07-10,80,Kathania,Punjab,Nurse,vikas.chawla@gmail.com,married,5d6d3904-f43b-4e9a-8f94-0d6576775343,head,
7d9f96cb-4c17-4959-a040-fb670e93f618,AADHAAR-SYN-1687-2125-1495,Arjun Chawla,Arjun,Chawla,Male,1980-07-09,46,Kathania,Punjab,Chef,arjun.khurana@icloud.com,single,5d6d3904-f43b-4e9a-8f94-0d6576775343,child,
60ca7f45-5c8b-45bc-9118-f8b0b54b9cc3,AADHAAR-SYN-1964-4273-4687,Varsha Chawla,Varsha,Chawla,Female,1994-05-22,32,Kathania,Punjab,Journalist,,married,5d6d3904-f43b-4e9a-8f94-0d6576775343,child,Voter ID linked
d89d4677-b509-42a7-b8bf-f03bf9012399,AADHAAR-SYN-8049-8545-7900,Sourav Prasad,Sourav,Prasad,Male,1969-09-24,57,Nawad,Rajasthan,Farmer,sourav.prasad@yahoo.com,married,698735a1-6825-41bf-a00a-936d60b158ed,head,PAN verification pending
29736372-b9ba-485f-95b1-4315ada4ef1c,AADHAAR-SYN-8325-2853-6143,Rajesh Prasad,Rajesh,Prasad,Male,1972-05-14,54,Nawad,Rajasthan,Retired Government Employee,rajesh.pawar18@icloud.com,married,698735a1-6825-41bf-a00a-936d60b158ed,spouse,PAN verification pending
23b2c16e-a372-4057-94cd-b19071edd156,AADHAAR-SYN-1908-2370-5052,Shivam Prasad,Shivam,Prasad,Male,1992-11-09,34,Nawad,Rajasthan,Security Guard,shivam.naik27@gmail.com,married,698735a1-6825-41bf-a00a-936d60b158ed,child,Address updated 2023
a497cc0b-8883-41d6-99c6-3b5af50679c2,AADHAAR-SYN-9039-3509-2033,Navya Joshi,Navya,Joshi,Female,1953-10-11,73,Nawad,Rajasthan,Electrician,navya.joshi@outlook.com,widowed,281d16a7-1985-4657-a668-9dbd1f51e25b,head,
8bc8a00b-acca-4722-ae5d-3d35bdad668f,AADHAAR-SYN-0318-4488-6508,Neha Joshi,Neha,Joshi,Female,1968-07-11,58,Nawad,Rajasthan,Retired Government Employee,neha.bajaj69@gmail.com,married,281d16a7-1985-4657-a668-9dbd1f51e25b,spouse,Record migrated from legacy system
1173569c-c9f7-4111-adcd-efbdda71c32c,AADHAAR-SYN-5014-1808-0793,Abhay Joshi,Abhay,Joshi,Male,1981-11-02,45,Nawad,Rajasthan,Postal Worker,abhay.mitra96@gilead.com,married,281d16a7-1985-4657-a668-9dbd1f51e25b,child,Duplicate entry flagged for review
f29f2bb9-bc41-4751-856b-64748d5f640a,AADHAAR-SYN-0544-8234-9915,Yamini Joshi,Yamini,Joshi,Female,1984-09-11,42,Nawad,Rajasthan,Shopkeeper,yamini.choudhury98@cisco.com,single,281d16a7-1985-4657-a668-9dbd1f51e25b,child,PAN verification pending
5ce28779-6af5-400c-b3bb-0933d4c6adab,AADHAAR-SYN-0227-5074-5419,Priyanka Joshi,Priyanka,Joshi,Female,1996-04-08,30,Nawad,Rajasthan,Mechanic,priyanka.bhandary@outlook.com,married,281d16a7-1985-4657-a668-9dbd1f51e25b,child,Voter ID linked
ad8dfa60-1332-479b-8c85-4620bd0b02c0,AADHAAR-SYN-3192-5631-6987,Fatima Jaiswal,Fatima,Jaiswal,Female,1987-07-14,39,Nawad,Rajasthan,Auto Rickshaw Driver,fatima.jaiswal@gmail.com,married,23ed5c09-9de2-4fe7-913c-698508f5b59d,head,
94af256f-d5fd-4556-854e-8489e90e316e,AADHAAR-SYN-8240-6587-5451,Tarun Jaiswal,Tarun,Jaiswal,Male,1991-06-17,35,Nawad,Rajasthan,Auto Rickshaw Driver,tarun.mohanty@charter.net,married,23ed5c09-9de2-4fe7-913c-698508f5b59d,spouse,PAN verification pending
3861c7c1-b2d7-4ae5-b1e7-71c397e5785d,AADHAAR-SYN-1682-7505-1239,Umesh Chaturvedi,Umesh,Chaturvedi,Male,1956-03-18,70,Nawad,Rajasthan,Electrician,umesh.chaturvedi@ey.com,widowed,c2362002-ad7c-4c4f-a0f6-d0018d6be15e,head,Aadhaar mobile number update pending
5a6f730b-aff6-4672-843f-6f051b6ca392,AADHAAR-SYN-2689-2147-2952,Akash Chaturvedi,Akash,Chaturvedi,Male,1999-03-25,27,Nawad,Rajasthan,Pharmacist,akash.murthy61@gmail.com,married,c2362002-ad7c-4c4f-a0f6-d0018d6be15e,child,Duplicate entry flagged for review
fe0a1f87-8a54-42f8-a50e-e5c789c1efa2,AADHAAR-SYN-0088-9341-2477,Arnav Raina,Arnav,Raina,Male,1962-10-21,64,Chargola Bazar,Assam,Nurse,arnav.raina@icloud.com,married,7cf9daee-6d41-4cf9-a4a7-44db29cdad93,head,
950a52da-4854-412c-a6bf-4f7e6f93cbb4,AADHAAR-SYN-6267-0279-4818,Padmini Raina,Padmini,Raina,Female,1972-11-26,54,Chargola Bazar,Assam,Nurse,padmini.das@hotmail.com,married,7cf9daee-6d41-4cf9-a4a7-44db29cdad93,spouse,
4e23666b-e908-419c-8413-cc86957ec667,AADHAAR-SYN-6513-5256-7279,Rohan Raina,Rohan,Raina,Male,1979-12-02,47,Chargola Bazar,Assam,Import-Export Consultant,rohan.rao@intel.com,divorced,7cf9daee-6d41-4cf9-a4a7-44db29cdad93,child,
4556cc56-b8be-4b38-9780-75ecd506fb1d,AADHAAR-SYN-5834-4261-4585,Swapna Raina,Swapna,Raina,Female,1994-06-22,32,Chargola Bazar,Assam,Pharmacist,swapna.roy@pfizer.com,married,7cf9daee-6d41-4cf9-a4a7-44db29cdad93,child,Voter ID linked
0fb96ed8-041e-420b-b723-2793c20c2712,AADHAAR-SYN-6402-9132-6472,Mihir Subramaniam,Mihir,Subramaniam,Male,1986-03-16,40,Chargola Bazar,Assam,Mechanic,mihir.subramaniam@outlook.com,married,7f53c26e-0e61-4dd2-8588-70c05a93d3b5,head,Duplicate entry flagged for review
7b3edf2e-3833-4f2c-a96d-65888fac3ad7,AADHAAR-SYN-9920-8181-9101,Sahil Malik,Sahil,Malik,Male,1949-05-06,77,Panapakam,Andhra Pradesh,Fisherman,,married,169a8453-3a1e-44c7-a2bc-6ef34fe31129,head,
cdd4e8a5-2066-42db-b770-8791cd84a467,AADHAAR-SYN-5805-2372-7985,Vedant Malik,Vedant,Malik,Male,1992-09-11,34,Panapakam,Andhra Pradesh,Weaver,vedant.dutta@ibm.com,married,169a8453-3a1e-44c7-a2bc-6ef34fe31129,child,
fe175958-608d-4fbd-bf7a-2ad33064108c,AADHAAR-SYN-4082-3001-5888,Madhavi Malik,Madhavi,Malik,Female,1994-10-06,32,Panapakam,Andhra Pradesh,Hotel Staff,madhavi.randhawa76@intel.com,married,169a8453-3a1e-44c7-a2bc-6ef34fe31129,child,Duplicate entry flagged for review
9b8c97f6-e515-44fa-9b93-a3cbf7295baa,AADHAAR-SYN-8094-2865-4647,Himanshu Paul,Himanshu,Paul,Male,1992-05-09,34,Fatehpur Kalan,Uttar Pradesh,Currency Exchange Clerk,himanshu.paul@apple.com,single,2d0d1551-7f47-4164-a0f7-db883c399580,head,
a808b266-aab5-4467-9312-1ce4a3e3f472,AADHAAR-SYN-5618-2954-8736,Atharva Paul,Atharva,Paul,Male,2002-01-10,24,Fatehpur Kalan,Uttar Pradesh,Electrician,atharva.bhardwaj50@gmail.com,single,2d0d1551-7f47-4164-a0f7-db883c399580,spouse,Voter ID linked
37df37f9-0726-4b31-8b2f-f3089057ec43,AADHAAR-SYN-5464-3882-1566,Sai Talwar,Sai,Talwar,Male,1962-11-09,64,Fatehpur Kalan,Uttar Pradesh,Hotel Staff,sai.talwar@icloud.com,single,875d43a8-8bfa-4f5e-b612-b3e215efafe8,head,Address updated 2023
2b702d18-57c4-4b1f-b4de-1ad37174906f,AADHAAR-SYN-7308-4621-1767,Saanvi Gupta,Saanvi,Gupta,Female,1973-11-04,53,Fatehpur Kalan,Uttar Pradesh,School Teacher,saanvi.gupta50@gmail.com,married,875d43a8-8bfa-4f5e-b612-b3e215efafe8,spouse,
fd5a7700-0a57-4692-96f4-86d7a9d3db87,AADHAAR-SYN-1082-6457-8666,Shreyas Sandhu,Shreyas,Sandhu,Male,1986-01-05,40,Fatehpur Kalan,Uttar Pradesh,Police Constable,shreyas.sandhu@outlook.com,single,875d43a8-8bfa-4f5e-b612-b3e215efafe8,child,
02234f38-1200-4efc-b9b4-7b376cf9297e,AADHAAR-SYN-5877-7889-5707,Atul Bhardwaj,Atul,Bhardwaj,Male,1992-06-03,34,Fatehpur Kalan,Uttar Pradesh,Fisherman,atul.bhardwaj@icloud.com,divorced,998a1056-e03e-4e22-8d91-9bc93ee95e96,head,Duplicate entry flagged for review
fd95c0e5-c820-436b-9ac4-99d99d7cd0a7,AADHAAR-SYN-7632-6417-9927,Sonakshi Bhardwaj,Sonakshi,Bhardwaj,Female,1997-07-22,29,Fatehpur Kalan,Uttar Pradesh,Software Engineer,sonakshi.bhandari5@gmail.com,married,998a1056-e03e-4e22-8d91-9bc93ee95e96,spouse,
c4469d67-fbd1-4159-9266-09476e95b044,AADHAAR-SYN-8800-0979-0066,Nargis Tandon,Nargis,Tandon,Female,1969-05-25,57,Aurangpura,Madhya Pradesh,Farmer,,married,25b159bc-1aec-404d-9312-0090ac8f56c9,head,Address updated 2023
69f01ae0-4e7c-43d4-9b9b-24eda30ee101,AADHAAR-SYN-8755-3635-8381,Aadit Tandon,Aadit,Tandon,Male,1996-04-17,30,Aurangpura,Madhya Pradesh,College Student,aadit.mitra95@gmail.com,married,25b159bc-1aec-404d-9312-0090ac8f56c9,child,
83e0458e-c36a-4d91-b9f1-e3312ef15d30,AADHAAR-SYN-5400-0848-7565,Karthik Tandon,Karthik,Tandon,Male,1999-07-02,27,Aurangpura,Madhya Pradesh,Shopkeeper,karthik.hegde@gmail.com,married,25b159bc-1aec-404d-9312-0090ac8f56c9,child,
7a4ad5a7-fe36-4c24-8480-b0a389602a34,AADHAAR-SYN-4333-9320-9588,Umesh Tandon,Umesh,Tandon,Male,1999-01-24,27,Aurangpura,Madhya Pradesh,Doctor,,single,25b159bc-1aec-404d-9312-0090ac8f56c9,child,
c43f25b6-bdab-41df-af25-ba497e89655f,AADHAAR-SYN-7166-0217-4825,Ishita Narayanan,Ishita,Narayanan,Female,1987-11-09,39,Aurangpura,Madhya Pradesh,Bank Employee,ishita.narayanan49@gmail.com,married,59daf8fd-c3a6-4b46-82dc-74787e9f7e67,head,Record migrated from legacy system
9bd8bd45-f18b-416d-a9af-403a9142fe23,AADHAAR-SYN-0566-6818-5524,Mamta Dasgupta,Mamta,Dasgupta,Female,1981-06-06,45,Aurangpura,Madhya Pradesh,Plumber,mamta.dasgupta@gmail.com,married,99829c20-99bb-4fa8-b5ab-d4cc9187cf36,head,
abad1087-a032-425a-9096-268663fe4a9e,AADHAAR-SYN-3600-3595-8052,Hemant Mehra,Hemant,Mehra,Male,1997-01-17,29,Aurangpura,Madhya Pradesh,Tailor,hemant.mehra@gmail.com,single,c611887f-3c13-47f9-823c-7c49ffef01de,head,Aadhaar mobile number update pending
bccb7be1-58f6-40cb-b7e0-61d0ff399354,AADHAAR-SYN-0683-4303-7026,Jai Gaikwad,Jai,Gaikwad,Male,1998-10-01,28,Aurangpura,Madhya Pradesh,Plumber,jai.gaikwad@merck.com,single,c611887f-3c13-47f9-823c-7c49ffef01de,spouse,
f6148609-5bc6-4d6f-8433-6f6852dd892c,AADHAAR-SYN-9429-6003-9378,Uday Reddy,Uday,Reddy,Male,2004-12-19,22,Aurangpura,Madhya Pradesh,Farmer,uday.reddy@gmail.com,married,c611887f-3c13-47f9-823c-7c49ffef01de,sibling,Aadhaar mobile number update pending
94951e27-f598-42f7-a929-d76e9090a1a3,AADHAAR-SYN-7829-9687-6087,Sai Pandey,Sai,Pandey,Male,1994-02-17,32,Jalbera,Haryana,Retired Government Employee,sai.pandey@oracle.com,married,a1ea493a-222c-4049-979f-fa292d49e77d,head,PAN verification pending
bc03d0e3-7f88-4208-9567-e03c10bcbd4a,AADHAAR-SYN-6640-5635-9205,Ravi Pandey,Ravi,Pandey,Male,2003-08-15,23,Jalbera,Haryana,Librarian,ravi.varma@icloud.com,single,a1ea493a-222c-4049-979f-fa292d49e77d,spouse,Duplicate entry flagged for review
0846efa4-e94f-444b-be33-b56c4bacc2c7,AADHAAR-SYN-8549-0654-0525,Kishore Pandey,Kishore,Pandey,Male,2007-10-13,19,Jalbera,Haryana,Hotel Staff,kishore.agarwal@gmail.com,single,a1ea493a-222c-4049-979f-fa292d49e77d,sibling,Address updated 2023
70d0585c-9eb6-46d7-b039-8f15e36d4347,AADHAAR-SYN-8284-2816-9596,Aarush Prasad,Aarush,Prasad,Male,1985-04-10,41,Jalbera,Haryana,Software Engineer,aarush.prasad32@gmail.com,married,0289bfe8-2c8f-4dc1-acb6-ae5db02fbc04,head,Record migrated from legacy system
a6bc9d33-a88a-42e5-b1ff-e6f6cff335df,AADHAAR-SYN-3056-0861-7979,Anita Rajagopalan,Anita,Rajagopalan,Female,1995-09-05,31,Jalbera,Haryana,Security Guard,anita.rajagopalan@gmail.com,married,0289bfe8-2c8f-4dc1-acb6-ae5db02fbc04,spouse,Duplicate entry flagged for review
d56ff9fc-b5c9-4cad-86b3-1c36796080f5,AADHAAR-SYN-8092-0523-8669,Anish Yadav,Anish,Yadav,Male,2008-09-05,18,Jalbera,Haryana,Journalist,anish.yadav14@icloud.com,single,0289bfe8-2c8f-4dc1-acb6-ae5db02fbc04,child,
3643d4ea-27fb-4c10-8358-963c6f1a841f,AADHAAR-SYN-3046-4376-0159,Amol Unnikrishnan,Amol,Unnikrishnan,Male,1992-06-09,34,Jalbera,Haryana,Taxi Fleet Operator,amol.unnikrishnan@gmail.com,married,13784eef-8a7a-4b1f-9218-d51a942c26c1,head,Aadhaar mobile number update pending
c9190ae0-9ff8-4240-b559-64fbc4dc582f,AADHAAR-SYN-6409-9594-1359,Veer Sharma,Veer,Sharma,Male,1976-10-18,50,Mamidivalasa,Andhra Pradesh,Carpenter,veer.sharma@yahoo.com,married,8911a6d9-8f98-43e8-91fd-1c4de3819386,head,
132893f1-762c-4a52-928a-e8df96d31fcc,AADHAAR-SYN-0651-1897-9434,Aadvik Ghosh,Aadvik,Ghosh,Male,1987-06-06,39,Mamidivalasa,Andhra Pradesh,Postal Worker,aadvik.ghosh@gmail.com,single,8911a6d9-8f98-43e8-91fd-1c4de3819386,spouse,
f4c98c6e-0735-4f28-82ca-5c5eb9516504,AADHAAR-SYN-6327-9450-0326,Nikhil Behera,Nikhil,Behera,Male,1992-04-28,34,Mamidivalasa,Andhra Pradesh,Chef,nikhil.behera@gmail.com,married,8911a6d9-8f98-43e8-91fd-1c4de3819386,child,
85de23ea-794a-4511-8e5b-461cbfd3dd6d,AADHAAR-SYN-7852-1855-2657,Anil Joshi,Anil,Joshi,Male,1993-09-26,33,Mamidivalasa,Andhra Pradesh,Bank Employee,anil.joshi@icloud.com,married,8911a6d9-8f98-43e8-91fd-1c4de3819386,child,
03e1c7e9-aeb7-4886-9de0-910d76dd9af2,AADHAAR-SYN-8117-0673-4308,Kiaan Pillai,Kiaan,Pillai,Male,1955-09-14,71,Mamidivalasa,Andhra Pradesh,Government Clerk,,married,94f95cca-b504-4332-bb9d-bfe1592d7927,head,Address updated 2023
a0fd26b1-ebe8-444f-a370-1f69ceb12d7d,AADHAAR-SYN-8101-8903-1538,Atharva Pillai,Atharva,Pillai,Male,1958-03-09,68,Mamidivalasa,Andhra Pradesh,Journalist,atharva.kumar@icloud.com,married,94f95cca-b504-4332-bb9d-bfe1592d7927,spouse,
6ed2cb62-cc16-422f-83e0-7410332258ff,AADHAAR-SYN-4453-0502-7292,Dia Pillai,Dia,Pillai,Female,1982-06-07,44,Mamidivalasa,Andhra Pradesh,Retired Government Employee,dia.dhar@icloud.com,married,94f95cca-b504-4332-bb9d-bfe1592d7927,child,Duplicate entry flagged for review
75001b58-34fd-4018-ad7f-71f48d99167a,AADHAAR-SYN-6097-3113-4965,Santosh Grewal,Santosh,Grewal,Male,1987-08-03,39,Mamidivalasa,Andhra Pradesh,School Teacher,santosh.grewal@hotmail.com,divorced,29ba4a5f-5760-4b5a-a332-758513721312,head,Address updated 2023
6773d977-2dd7-41a8-9be0-e35d8170ae02,AADHAAR-SYN-3605-8533-4003,Rohit Tandon,Rohit,Tandon,Male,1975-09-21,51,Utari,Jharkhand,Shopkeeper,rohit.tandon@icloud.com,married,68c08a3f-6026-418f-b2ab-2f92e9fc287c,head,Address updated 2023
e7f7b135-9dbd-4ac7-81e3-8c3a8fd42da7,AADHAAR-SYN-5745-6223-1959,Kavita Tandon,Kavita,Tandon,Female,1977-07-27,49,Utari,Jharkhand,Software Engineer,,married,68c08a3f-6026-418f-b2ab-2f92e9fc287c,spouse,
34fcb887-d417-4641-9582-1ee1d030756f,AADHAAR-SYN-2234-9276-9762,Ankur Tandon,Ankur,Tandon,Male,1992-09-07,34,Utari,Jharkhand,Journalist,ankur.behera@aol.com,married,68c08a3f-6026-418f-b2ab-2f92e9fc287c,child,
b1b06975-6784-40a6-b574-73fe1adfdd0d,AADHAAR-SYN-3508-2018-9415,Ashok Tandon,Ashok,Tandon,Male,1999-09-06,27,Utari,Jharkhand,Salesperson,ashok.panicker67@gmail.com,married,68c08a3f-6026-418f-b2ab-2f92e9fc287c,child,Record migrated from legacy system
8bf5bca2-0eff-4aa6-8c12-075555eff9be,AADHAAR-SYN-7878-3955-7200,Vikram Kapur,Vikram,Kapur,Male,1996-11-15,30,Utari,Jharkhand,Government Clerk,vikram.kapur@icloud.com,single,06de8d28-3e08-43a1-bc1f-99c985fc7616,head,
25ceee92-f092-4f95-8aac-8cbe795eab76,AADHAAR-SYN-0119-0282-7169,Naman Kapur,Naman,Kapur,Male,2008-07-09,18,Utari,Jharkhand,College Student,naman.chakraborty41@gmail.com,single,06de8d28-3e08-43a1-bc1f-99c985fc7616,spouse,
27c380f2-fa41-483e-b931-a7a973ccb69a,AADHAAR-SYN-7944-9714-2271,Leela Ghosh,Leela,Ghosh,Female,1973-05-12,53,Utari,Jharkhand,Mechanic,leela.ghosh@hotmail.com,married,60ca1b5e-9129-4f91-a545-0113f5a4e570,head,
4285df9b-9b16-4ccd-9844-3508c0d49fdc,AADHAAR-SYN-8405-1552-3703,Prashant Ghosh,Prashant,Ghosh,Male,1985-10-06,41,Utari,Jharkhand,Wholesale Trader,prashant.saini42@cigna.com,divorced,60ca1b5e-9129-4f91-a545-0113f5a4e570,spouse,
c4805910-d6a1-4d0d-ac7a-da90aa8c9984,AADHAAR-SYN-3699-0336-1421,Santoshi Ghosh,Santoshi,Ghosh,Female,2008-12-05,18,Utari,Jharkhand,College Student,santoshi.krishnan@icloud.com,single,60ca1b5e-9129-4f91-a545-0113f5a4e570,child,Duplicate entry flagged for review
4e0e2455-3713-4bd7-8fe6-9d4a97da8dff,AADHAAR-SYN-3421-4029-1225,Dhanush Mohammad,Dhanush,Mohammad,Male,2004-07-02,22,Utari,Jharkhand,Farmer,dhanush.mohammad@hotmail.com,married,4d782eb7-7d36-4ea0-a0cb-7f6d5c4b94ff,head,Address updated 2023
25167041-bbab-4d49-bff5-412dfe233394,AADHAAR-SYN-7443-0572-5281,Lajwanti Pattnaik,Lajwanti,Pattnaik,Female,1973-07-15,53,Utari,Jharkhand,Software Engineer,lajwanti.pattnaik@icloud.com,married,d24d5ed2-22a7-4ce8-8467-281cfa9945af,head,Duplicate entry flagged for review
ce716c81-4f0d-40c8-8271-14bb24ddba94,AADHAAR-SYN-9582-4459-3176,Varun Rajaraman,Varun,Rajaraman,Male,1983-07-07,43,Silwala Kalan,Rajasthan,Retired Government Employee,varun.rajaraman@outlook.com,single,ec3ac97c-924c-4f76-8eed-47caf9a771cb,head,
97e7a266-16cc-4dad-adfa-180239b5ab7e,AADHAAR-SYN-7585-4801-1043,Pratik Iyer,Pratik,Iyer,Male,2003-06-16,23,Silwala Kalan,Rajasthan,Security Guard,pratik.iyer@gmail.com,single,ec3ac97c-924c-4f76-8eed-47caf9a771cb,child,
c980f87a-54f3-491d-863f-93b9a4d00882,AADHAAR-SYN-0758-2399-8711,Ameesha Alam,Ameesha,Alam,Female,1983-12-19,43,Silwala Kalan,Rajasthan,College Student,ameesha.alam@gmail.com,married,da6678e2-c74b-4efd-b0e4-bcbaf89159f2,head,
2378adc7-f645-4d69-829e-b8382e9bd302,AADHAAR-SYN-6052-2259-1698,Sharmila Alam,Sharmila,Alam,Female,1997-04-09,29,Silwala Kalan,Rajasthan,Chef,sharmila.tripathi13@gmail.com,single,da6678e2-c74b-4efd-b0e4-bcbaf89159f2,spouse,
daefd846-d698-49f2-8f42-818bce176bdc,AADHAAR-SYN-5422-4511-2340,Nakul Subramanian,Nakul,Subramanian,Male,1978-02-18,48,Silwala Kalan,Rajasthan,Weaver,nakul.subramanian17@gmail.com,married,70cbfc85-28d9-49cf-a5d2-5d47b2f8103e,head,
16279b5f-489c-4c08-842d-99d95e761f7a,AADHAAR-SYN-0137-4041-2156,Ayush Subramanian,Ayush,Subramanian,Male,2003-02-07,23,Silwala Kalan,Rajasthan,Carpenter,ayush.roy24@me.com,single,70cbfc85-28d9-49cf-a5d2-5d47b2f8103e,child,
2024e16f-89ab-4f4a-a9d3-d876bf5f0041,AADHAAR-SYN-4181-5195-0628,Kiran Shinde,Kiran,Shinde,Female,1977-11-20,49,Govandi,Maharashtra,Bank Employee,kiran.shinde@comcast.net,married,2d34d62c-a783-4198-81da-022c1ab204b4,head,Record migrated from legacy system
42b59130-e240-41d3-91dd-4198bd1608d1,AADHAAR-SYN-8837-0242-6392,Atul Shinde,Atul,Shinde,Male,1986-06-23,40,Govandi,Maharashtra,Journalist,atul.swain@gmail.com,married,2d34d62c-a783-4198-81da-022c1ab204b4,spouse,
bed5deb3-a425-4939-bce1-6b9beac6fa71,AADHAAR-SYN-2151-0418-6702,Taapsee Krishnan,Taapsee,Krishnan,Female,1990-12-27,36,Govandi,Maharashtra,Insurance Agent,taapsee.krishnan@gmail.com,single,a7408c3b-4498-4fce-885b-46e1243834d2,head,PAN verification pending
1fdabe6f-b1a8-400f-a55a-a40837310fe1,AADHAAR-SYN-4220-8532-7482,Sandeep Malik,Sandeep,Malik,Male,1959-08-25,67,Govandi,Maharashtra,College Student,sandeep.malik@outlook.com,widowed,756cd3d1-9e3c-4d89-81b0-ac1f042de8fe,head,
c45888a0-87c5-4928-bdb0-7387fec57a59,AADHAAR-SYN-0948-5594-2816,Ashwin Chauhan,Ashwin,Chauhan,Male,1956-05-06,70,Govandi,Maharashtra,Delivery Executive,ashwin.chauhan@gmail.com,married,cfa9093b-4f53-4fec-ab3e-8b8b367bb0e2,head,
0e422d66-6c61-420e-a0c0-3461054fc904,AADHAAR-SYN-0322-8691-4857,Nandini Deshpande,Nandini,Deshpande,Female,1967-06-13,59,Govandi,Maharashtra,Postal Worker,nandini.deshpande1@icloud.com,married,a94a249f-4c93-4789-9cb9-da87f0a09074,head,Record migrated from legacy system
9ff72ba4-6320-432d-ac05-d43b2b02279d,AADHAAR-SYN-7926-1806-0698,Rajesh Deshpande,Rajesh,Deshpande,Male,1977-05-01,49,Govandi,Maharashtra,Carpenter,rajesh.sandhu@gmail.com,single,a94a249f-4c93-4789-9cb9-da87f0a09074,spouse,
b02b7697-210d-41fa-b47e-669c17cda55e,AADHAAR-SYN-3480-4643-4049,Sarthak Sengupta,Sarthak,Sengupta,Male,1961-04-13,65,Kalchina,Uttar Pradesh,Tailor,sarthak.sengupta@icloud.com,married,bd7efd7c-adb3-47ea-8fb8-d90c87335d02,head,PAN verification pending
d13753dd-3346-4b84-ab78-25ec9d98f4ed,AADHAAR-SYN-0850-8987-4866,Shalini Parthasarathy,Shalini,Parthasarathy,Female,1956-02-22,70,Kalchina,Uttar Pradesh,Tailor,shalini.parthasarathy@gmail.com,married,c33715a6-fcbc-42f6-b21f-26ca413d6656,head,
5256247a-486e-42fe-bedb-811fee5e90d0,AADHAAR-SYN-1818-5914-2448,Aaradhya Parthasarathy,Aaradhya,Parthasarathy,Female,1958-04-12,68,Kalchina,Uttar Pradesh,Pharmacist,,widowed,c33715a6-fcbc-42f6-b21f-26ca413d6656,spouse,
ead4a103-d11b-4f80-bf0f-c4f293fe518a,AADHAAR-SYN-2909-2496-3841,Abhay Parthasarathy,Abhay,Parthasarathy,Male,1962-09-03,64,Kalchina,Uttar Pradesh,Librarian,abhay.kulkarni@gmail.com,widowed,c33715a6-fcbc-42f6-b21f-26ca413d6656,sibling,
217ac4d9-aa17-48ba-bf92-bcbfc6e6d54f,AADHAAR-SYN-6133-6542-0211,Sameer Parthasarathy,Sameer,Parthasarathy,Male,2000-02-18,26,Kalchina,Uttar Pradesh,Plumber,sameer.mohammad64@gmail.com,single,c33715a6-fcbc-42f6-b21f-26ca413d6656,child,Address updated 2023
a7a4e3d0-15ec-45e0-a71b-0d600552480e,AADHAAR-SYN-0567-9924-2140,Vikram Parthasarathy,Vikram,Parthasarathy,Male,2007-10-25,19,Kalchina,Uttar Pradesh,College Student,vikram.chawla@gmail.com,single,c33715a6-fcbc-42f6-b21f-26ca413d6656,child,Address updated 2023
e083e15f-9b47-4fd8-98ab-6971ee549401,AADHAAR-SYN-2172-1416-4858,Ajay Patil,Ajay,Patil,Male,1963-05-17,63,Kalchina,Uttar Pradesh,Doctor,ajay.patil60@gmail.com,married,32f1b09b-d4a0-4b2a-8be0-336a2916bd70,head,PAN verification pending
e09a94ed-6067-4778-b7ac-c1d10524a523,AADHAAR-SYN-3343-5877-2476,Chirag Patil,Chirag,Patil,Male,1990-11-26,36,Kalchina,Uttar Pradesh,Carpenter,chirag.grewal@gmail.com,married,32f1b09b-d4a0-4b2a-8be0-336a2916bd70,child,
380bc09c-44db-4706-b9a8-4e7fb9b3afae,AADHAAR-SYN-5060-3880-8300,Mayank Banerjee,Mayank,Banerjee,Male,2008-12-06,18,Kalchina,Uttar Pradesh,College Student,mayank.banerjee@outlook.com,single,b1f96e36-4463-4bd3-a2eb-9b9e3a098f87,head,Address updated 2023
bc223b5f-d9bc-4d63-a898-f1dc456051db,AADHAAR-SYN-6873-0721-6696,Lakshman Venkatesh,Lakshman,Venkatesh,Male,1969-05-19,57,Tithgam,Gujarat,Graphic Designer,lakshman.venkatesh@outlook.com,married,0556c161-0bdf-4abc-9265-f4b75929f372,head,
713e770c-aa4e-4050-bfe7-0cde8b3e81a9,AADHAAR-SYN-9810-5577-8279,Subhash Venkatesh,Subhash,Venkatesh,Male,1982-09-27,44,Tithgam,Gujarat,Farmer,subhash.mazumdar@gmail.com,single,0556c161-0bdf-4abc-9265-f4b75929f372,spouse,
97a0b647-6be9-4631-a813-31c57e12f6f4,AADHAAR-SYN-8867-6172-8620,Umesh Venkatesh,Umesh,Venkatesh,Male,1986-05-21,40,Tithgam,Gujarat,Librarian,umesh.jadhav62@gmail.com,married,0556c161-0bdf-4abc-9265-f4b75929f372,child,Voter ID linked
3699f0b3-dabc-477c-82a0-5d2c5b556d40,AADHAAR-SYN-5453-7255-2897,Abhijeet Venkatesh,Abhijeet,Venkatesh,Male,1994-03-16,32,Tithgam,Gujarat,Courier Service Operator,abhijeet.pai@gmail.com,married,0556c161-0bdf-4abc-9265-f4b75929f372,child,
a50df95b-b079-48dd-9f42-e7e789fa636a,AADHAAR-SYN-3019-2027-5688,Vimala Venkatesh,Vimala,Venkatesh,Female,2003-08-17,23,Tithgam,Gujarat,Pharmacist,vimala.lahiri62@gmail.com,single,0556c161-0bdf-4abc-9265-f4b75929f372,child,
779708a4-12b6-445e-8984-00fe98e489c8,AADHAAR-SYN-3145-4969-0656,Siddharth Mittal,Siddharth,Mittal,Male,1986-05-02,40,Tithgam,Gujarat,Salesperson,siddharth.mittal@hotmail.com,married,5a90c871-cad3-4274-a702-b19189616b96,head,
5df51b1e-d399-4c49-ba5a-7749cbc922bf,AADHAAR-SYN-0768-6080-6613,Manav Mittal,Manav,Mittal,Male,2005-12-21,21,Tithgam,Gujarat,College Student,manav.menon@gmail.com,married,5a90c871-cad3-4274-a702-b19189616b96,child,
b06e73ec-d0ef-4c22-b601-183f28712bc1,AADHAAR-SYN-2478-1760-3402,Sunil Reddy,Sunil,Reddy,Male,1968-10-15,58,Tithgam,Gujarat,Fisherman,sunil.reddy@gmail.com,married,c67ba8c7-06f1-4d26-b4cb-8203393c74c8,head,
2fe671bd-327f-4093-bb86-bca3ced20e65,AADHAAR-SYN-6788-4400-9945,Swati Dhillon,Swati,Dhillon,Female,1959-07-22,67,Davarpar,Uttar Pradesh,Carpenter,swati.dhillon@gmail.com,widowed,5d465ffb-09fb-4bdd-9f84-28522d655597,head,
1139fc2f-985e-4f50-8e45-0420dbca121a,AADHAAR-SYN-0677-3129-0944,Nisha More,Nisha,More,Female,1954-11-11,72,Davarpar,Uttar Pradesh,Tailor,,married,51514aba-b376-454f-b921-0737f8b67604,head,Aadhaar mobile number update pending
16e75300-34bb-41e4-8441-820a8a6dbaba,AADHAAR-SYN-3560-1616-8061,Yuvraj More,Yuvraj,More,Male,1981-06-10,45,Davarpar,Uttar Pradesh,Civil Engineer,yuvraj.rajput@me.com,married,51514aba-b376-454f-b921-0737f8b67604,child,PAN verification pending
ea675771-73dc-451e-9807-2c15df7a67e7,AADHAAR-SYN-5710-5667-9106,Sagarika More,Sagarika,More,Female,1995-07-26,31,Davarpar,Uttar Pradesh,Civil Engineer,sagarika.warrier97@gmail.com,married,51514aba-b376-454f-b921-0737f8b67604,child,PAN verification pending
a80dfb0e-0159-4ea9-8f7b-4baf7d7a1ea0,AADHAAR-SYN-5399-4190-4592,Madhav More,Madhav,More,Male,2005-07-11,21,Davarpar,Uttar Pradesh,College Student,madhav.jain@icloud.com,single,51514aba-b376-454f-b921-0737f8b67604,child,
22ab3170-a8ff-458b-9643-7da72b4583ac,AADHAAR-SYN-6295-5989-4651,Sameer Srinivasan,Sameer,Srinivasan,Male,1999-08-19,27,Davarpar,Uttar Pradesh,Retired Government Employee,sameer.srinivasan34@gmail.com,married,64a79965-2f13-4524-a122-8eb0968a4a7a,head,
a0b2e389-447f-4946-aaae-96dc8f928def,AADHAAR-SYN-2442-0659-1813,Aarav Vohra,Aarav,Vohra,Male,1983-01-05,43,Kanakore,Uttar Pradesh,Accountant,aarav.vohra@yahoo.com,married,114aeb7a-2e81-47ef-b3ab-8094a4ce0fbb,head,
d11fb4fe-9535-477c-9e64-bd42f780aee7,AADHAAR-SYN-2542-9653-3608,Satish Gokhale,Satish,Gokhale,Male,1989-12-11,37,Kanakore,Uttar Pradesh,Salesperson,satish.gokhale@gmail.com,single,114aeb7a-2e81-47ef-b3ab-8094a4ce0fbb,spouse,Duplicate entry flagged for review
02047f93-c067-466c-bfe4-86aa13159bb6,AADHAAR-SYN-5687-4200-7205,Sudarshan Sandhu,Sudarshan,Sandhu,Male,1962-01-11,64,Kanakore,Uttar Pradesh,Auto Rickshaw Driver,sudarshan.sandhu@gmail.com,married,c3a13323-80bd-4980-88fa-0640930c0f7b,head,
e4010384-07c4-4d81-949e-736705cb2d90,AADHAAR-SYN-7211-2359-0002,Vaibhav Sandhu,Vaibhav,Sandhu,Male,1995-11-27,31,Kanakore,Uttar Pradesh,Bank Employee,vaibhav.thakur19@gmail.com,single,c3a13323-80bd-4980-88fa-0640930c0f7b,child,Duplicate entry flagged for review
94516e6d-f485-41a5-894e-e76411f5cfd2,AADHAAR-SYN-5278-2675-6847,Krunal Sandhu,Krunal,Sandhu,Male,1995-09-19,31,Kanakore,Uttar Pradesh,Doctor,krunal.desai78@gmail.com,married,c3a13323-80bd-4980-88fa-0640930c0f7b,child,Record migrated from legacy system
0910e46c-ab9a-40dc-8582-da13d896490a,AADHAAR-SYN-2872-6598-7079,Anil Brar,Anil,Brar,Male,1998-02-04,28,Kanakore,Uttar Pradesh,Insurance Agent,anil.brar@gmail.com,divorced,10193559-cb13-4496-b38e-ce5bd874ab75,head,PAN verification pending
036484c0-7073-4f7d-96f0-9d0dda8c0830,AADHAAR-SYN-2303-2905-4011,Vishal Brar,Vishal,Brar,Male,1999-10-03,27,Kanakore,Uttar Pradesh,Scrap Dealer,vishal.sheikh2@icloud.com,married,10193559-cb13-4496-b38e-ce5bd874ab75,spouse,PAN verification pending
365d98c7-5be7-435e-bbae-6e9408ec99fc,AADHAAR-SYN-0279-8530-8642,Atharva Brar,Atharva,Brar,Male,2001-08-04,25,Kanakore,Uttar Pradesh,Fisherman,atharva.srinivasan@hotmail.com,single,10193559-cb13-4496-b38e-ce5bd874ab75,sibling,
e0b2c474-05fc-4a41-99d8-f9d2a4f59b15,AADHAAR-SYN-5965-3591-5747,Aarush Joshi,Aarush,Joshi,Male,1984-02-09,42,Kanakore,Uttar Pradesh,Journalist,,divorced,3be76c35-9c0f-4e52-aac0-32749d2d9f1a,head,
618ecf13-0dc8-4bda-b803-3541b141a1a8,AADHAAR-SYN-7015-8409-7079,Aryan Khatri,Aryan,Khatri,Male,1952-02-05,74,Hirethogaleri,Karnataka,Weaver,aryan.khatri@gmail.com,divorced,ca433659-afbe-4d2d-8bf0-78b912f5935c,head,Duplicate entry flagged for review
402083c8-4ed6-47fd-8bd5-1935ea2cf801,AADHAAR-SYN-3752-3634-7995,Kalyani Sanyal,Kalyani,Sanyal,Female,1959-03-14,67,Hirethogaleri,Karnataka,Tailor,kalyani.sanyal@gmail.com,married,ca433659-afbe-4d2d-8bf0-78b912f5935c,spouse,Voter ID linked
c2e906a2-8054-4d36-ae64-498a6d228acd,AADHAAR-SYN-2536-1375-8880,Lakshman Rao,Lakshman,Rao,Male,1980-03-20,46,Hirethogaleri,Karnataka,Accountant,lakshman.rao@gmail.com,married,ca433659-afbe-4d2d-8bf0-78b912f5935c,child,Duplicate entry flagged for review
f2695f78-c3b4-4285-937d-14c51fe2ecc0,AADHAAR-SYN-2577-1948-3822,Tarini Sharma,Tarini,Sharma,Female,1991-07-03,35,Hirethogaleri,Karnataka,Tailor,tarini.sharma@aol.com,married,ca433659-afbe-4d2d-8bf0-78b912f5935c,child,
bc53cc23-3113-4b36-91a0-845bb33e8f55,AADHAAR-SYN-8631-1550-1069,Vrinda Oberoi,Vrinda,Oberoi,Female,2003-10-17,23,Hirethogaleri,Karnataka,Delivery Executive,vrinda.oberoi63@comcast.net,single,ca433659-afbe-4d2d-8bf0-78b912f5935c,child,
387dd86b-e4bf-4078-8e6c-58b01a334de2,AADHAAR-SYN-7805-8351-8631,Nikunj Sheikh,Nikunj,Sheikh,Male,1996-10-08,30,Hirethogaleri,Karnataka,Journalist,nikunj.sheikh22@me.com,single,5f678a19-ad0e-43aa-bba2-4aabcc6a2b06,head,
a5ae5e74-58f0-41c4-a661-a7d6740a7ed4,AADHAAR-SYN-0139-3719-5550,Tanmay Sheikh,Tanmay,Sheikh,Male,2001-10-13,25,Hirethogaleri,Karnataka,Postal Worker,tanmay.kaul73@gmail.com,married,5f678a19-ad0e-43aa-bba2-4aabcc6a2b06,spouse,
2a0fc983-2196-4f12-8630-2ebaeeccb756,AADHAAR-SYN-9352-5317-5955,Ashish Oberoi,Ashish,Oberoi,Male,1979-12-26,47,Hirethogaleri,Karnataka,Mechanic,ashish.oberoi@gmail.com,married,e541661f-9acc-47d9-8578-6afac82d1334,head,
527acfb6-d569-437a-93dd-9ffe15d94950,AADHAAR-SYN-4261-1835-2365,Lakshman Sarkar,Lakshman,Sarkar,Male,1980-11-21,46,Hirethogaleri,Karnataka,Carpenter,lakshman.sarkar@icloud.com,married,e541661f-9acc-47d9-8578-6afac82d1334,spouse,Duplicate entry flagged for review
06514163-b3cc-4dc6-a43c-55f2ea34bc43,AADHAAR-SYN-3170-2243-5449,Praful Kamath,Praful,Kamath,Male,1963-06-04,63,Kotekere,Karnataka,Bank Employee,praful.kamath@gmail.com,married,9f502c49-0144-4cd6-899a-3bde0c6cfee9,head,
f838506b-3505-4556-8b85-9a857869ed03,AADHAAR-SYN-2766-9040-6412,Manjari Kamath,Manjari,Kamath,Female,1976-05-17,50,Kotekere,Karnataka,Postal Worker,manjari.pai@gmail.com,married,9f502c49-0144-4cd6-899a-3bde0c6cfee9,spouse,
42264fbd-e6e7-47a8-9897-1ac8b15c07f2,AADHAAR-SYN-9480-2525-0192,Chetan Kamath,Chetan,Kamath,Male,2002-02-14,24,Kotekere,Karnataka,Chef,chetan.more@gmail.com,single,9f502c49-0144-4cd6-899a-3bde0c6cfee9,child,Duplicate entry flagged for review
1c479091-d21c-46dd-b2c9-7d67d08ace60,AADHAAR-SYN-0321-0756-6774,Vineet Patil,Vineet,Patil,Male,1976-06-12,50,Kotekere,Karnataka,Hotel Staff,vineet.patil@gmail.com,married,51930cfd-7d26-4284-8ec1-20d8cc84c717,head,Duplicate entry flagged for review
66608c82-c95e-449d-8483-39e9876092a0,AADHAAR-SYN-7539-9644-6825,Pallav Patil,Pallav,Patil,Male,1992-10-17,34,Kotekere,Karnataka,Scrap Dealer,pallav.oberoi@usbank.com,married,51930cfd-7d26-4284-8ec1-20d8cc84c717,child,
4e7651fa-c02e-4975-bb70-adc930205277,AADHAAR-SYN-7178-8486-1278,Sonam Patil,Sonam,Patil,Female,2004-02-16,22,Kotekere,Karnataka,Salesperson,sonam.mazumdar31@gmail.com,single,51930cfd-7d26-4284-8ec1-20d8cc84c717,child,PAN verification pending
40cfbda6-b1c7-4b40-8fa3-77ace961ab24,AADHAAR-SYN-8409-6200-1451,Anaya Bansal,Anaya,Bansal,Female,1961-05-17,65,Ilanganathapuram,Tamil Nadu,Auto Rickshaw Driver,anaya.bansal92@gmail.com,widowed,b21769a0-ef15-4bdc-865d-ee012a7660d5,head,
7687600b-959e-4487-a3a7-959d6372507d,AADHAAR-SYN-3118-0922-5367,Monika Bansal,Monika,Bansal,Female,1969-09-15,57,Ilanganathapuram,Tamil Nadu,Government Clerk,monika.subramaniam@gmail.com,married,b21769a0-ef15-4bdc-865d-ee012a7660d5,spouse,
6180b099-5e5e-4247-9219-81bf4309f50f,AADHAAR-SYN-9424-9806-5781,Rishabh Bansal,Rishabh,Bansal,Male,1974-07-12,52,Ilanganathapuram,Tamil Nadu,Commission Agent,rishabh.mishra@gmail.com,married,b21769a0-ef15-4bdc-865d-ee012a7660d5,sibling,PAN verification pending
cdaf9c5b-f993-46eb-88fb-56494817caf5,AADHAAR-SYN-0550-1075-6136,Karan Sundaram,Karan,Sundaram,Male,1982-07-16,44,Ilanganathapuram,Tamil Nadu,Government Clerk,karan.sundaram@icloud.com,single,1e495ec4-8b5b-4b5b-89b8-7dd54e0bf740,head,Voter ID linked
20035217-804f-4244-938b-6dcdc1b2df96,AADHAAR-SYN-1449-3853-3405,Vidya More,Vidya,More,Female,1991-02-26,35,Ilanganathapuram,Tamil Nadu,Auto Rickshaw Driver,vidya.more@charter.net,married,7e607303-d57b-4a87-8bb5-ea37f7b80370,head,
b15ad228-a32d-473e-bae4-4b97bf0674fc,AADHAAR-SYN-8921-4355-8167,Tarun Senapati,Tarun,Senapati,Male,1978-09-02,48,Kavuru,Andhra Pradesh,Fisherman,tarun.senapati56@icloud.com,married,8ea6c476-199d-492f-ad1c-dbd0e4acecad,head,
9e91566e-547b-4a3e-bf4f-93b2009cf7a7,AADHAAR-SYN-6107-0775-9905,Dharmesh Senapati,Dharmesh,Senapati,Male,1991-11-15,35,Kavuru,Andhra Pradesh,School Teacher,dharmesh.mohapatra@gmail.com,married,8ea6c476-199d-492f-ad1c-dbd0e4acecad,spouse,
abc5ab19-c7e7-4c37-9d41-c45340e95ead,AADHAAR-SYN-7924-9322-9872,Naresh Senapati,Naresh,Senapati,Male,1994-02-09,32,Kavuru,Andhra Pradesh,Police Constable,naresh.srinivasan36@gmail.com,single,8ea6c476-199d-492f-ad1c-dbd0e4acecad,child,
ac1873db-e2c2-4464-8a87-8fe558f2f8af,AADHAAR-SYN-1683-9958-7955,Ashok Khatri,Ashok,Khatri,Male,1983-02-17,43,Kavuru,Andhra Pradesh,Shopkeeper,ashok.khatri@gmail.com,divorced,2558752c-f4d7-4675-91e5-4962d136342e,head,
0e74ec29-e190-4c6b-8017-3e9a3bcceae9,AADHAAR-SYN-8635-4816-6029,Vineet Khatri,Vineet,Khatri,Male,1990-07-05,36,Kavuru,Andhra Pradesh,Chef,vineet.nayak18@gmail.com,married,2558752c-f4d7-4675-91e5-4962d136342e,spouse,Voter ID linked
bbe223dd-54f5-4b81-bb1c-a1081fb54155,AADHAAR-SYN-7820-9365-0373,Vishnu Khatri,Vishnu,Khatri,Male,1998-05-22,28,Kavuru,Andhra Pradesh,Software Engineer,vishnu.agarwal@icloud.com,married,2558752c-f4d7-4675-91e5-4962d136342e,sibling,
6a1283af-84b5-4565-a0e7-97130cd549b6,AADHAAR-SYN-2264-1826-4901,Parth Dasgupta,Parth,Dasgupta,Male,2002-07-07,24,Kavuru,Andhra Pradesh,Doctor,,married,b6c8afa4-2892-4d85-b1c1-0ef683b507b2,head,
78a2e477-1305-49c2-8f50-8faf907b9166,AADHAAR-SYN-4770-6106-0850,Ayesha Pandit,Ayesha,Pandit,Female,1962-12-25,64,Barooki,Uttar Pradesh,Software Engineer,ayesha.pandit35@gmail.com,married,2fa94411-290b-4065-8de7-a61d72b98fb3,head,Voter ID linked
aaceacbf-d61d-4620-ab46-83087aaa29d8,AADHAAR-SYN-5894-4887-5628,Vikas Pandit,Vikas,Pandit,Male,1981-10-04,45,Barooki,Uttar Pradesh,Accountant,vikas.arora91@google.com,widowed,2fa94411-290b-4065-8de7-a61d72b98fb3,child,
161c6207-8a06-40d6-8b33-a89d9df56019,AADHAAR-SYN-9244-2695-0001,Dhruv Pandit,Dhruv,Pandit,Male,1987-11-14,39,Barooki,Uttar Pradesh,Salesperson,dhruv.arora@icloud.com,married,2fa94411-290b-4065-8de7-a61d72b98fb3,child,
02d32b3c-04cd-4db2-87d1-eaea9c739f75,AADHAAR-SYN-5060-7276-2826,Nilesh Rahman,Nilesh,Rahman,Male,1976-11-21,50,Barooki,Uttar Pradesh,Real Estate Broker,,married,cb894a0f-15db-4c18-9b56-5174162d9c30,head,
d131ae7c-bda2-4345-955c-d52d07ba9628,AADHAAR-SYN-9123-5064-3809,Rohit Rahman,Rohit,Rahman,Male,1988-02-23,38,Barooki,Uttar Pradesh,Postal Worker,rohit.saxena@icloud.com,married,cb894a0f-15db-4c18-9b56-5174162d9c30,spouse,Voter ID linked
29e44cfd-7d35-4a04-ae90-6fdf73acc416,AADHAAR-SYN-2302-3921-8743,Sourav Rahman,Sourav,Rahman,Male,1994-02-27,32,Barooki,Uttar Pradesh,Electronics Dealer,sourav.anand11@gmail.com,single,cb894a0f-15db-4c18-9b56-5174162d9c30,child,
523ea870-f694-4000-b6cb-3aa01ccf0256,AADHAAR-SYN-8575-3460-2682,Harish Bose,Harish,Bose,Male,1958-11-08,68,Kanheypur,Uttar Pradesh,Graphic Designer,harish.bose29@outlook.com,married,c2a10cc5-a198-4ca9-9d9c-bbe9c4d15687,head,
9e06fe90-cc0f-4d29-a333-71db6bb4e93b,AADHAAR-SYN-7224-7064-9214,Chandra Sidhu,Chandra,Sidhu,Female,1983-03-28,43,Kanheypur,Uttar Pradesh,Mechanic,chandra.sidhu@gmail.com,single,c2a10cc5-a198-4ca9-9d9c-bbe9c4d15687,child,
973cebb0-1042-4b79-b897-52b8f242fdd0,AADHAAR-SYN-9192-0222-2105,Satish Thapar,Satish,Thapar,Male,1984-08-06,42,Kanheypur,Uttar Pradesh,Tailor,satish.thapar@gmail.com,married,435a48dd-515e-48b7-8e18-6b10ac4e29b0,head,Address updated 2023
5bc60a72-9ca2-4286-abac-b1a53de9213b,AADHAAR-SYN-0853-6772-0831,Anuj Kelkar,Anuj,Kelkar,Male,1958-01-01,68,Kanheypur,Uttar Pradesh,Carpenter,anuj.kelkar@gmail.com,married,7728c8eb-c4fb-4a32-9200-43ac77f03bfc,head,Aadhaar mobile number update pending
529f1844-c431-4bc7-a8c3-5b0a51686cf6,AADHAAR-SYN-4346-3924-7225,Dhairya Kelkar,Dhairya,Kelkar,Male,1982-07-01,44,Kanheypur,Uttar Pradesh,Weaver,dhairya.dutta@icloud.com,married,7728c8eb-c4fb-4a32-9200-43ac77f03bfc,child,Voter ID linked
2b92dc90-26ff-4b25-bf43-9b155def5ad9,AADHAAR-SYN-3358-4507-4544,Meena Kelkar,Meena,Kelkar,Female,1995-02-13,31,Kanheypur,Uttar Pradesh,Graphic Designer,meena.pathan@yahoo.com,married,7728c8eb-c4fb-4a32-9200-43ac77f03bfc,child,Aadhaar mobile number update pending
825b63c0-8024-4b8e-ad8b-ddd86a46aade,AADHAAR-SYN-9673-1228-9223,Vinay Naidu,Vinay,Naidu,Male,1992-04-13,34,Kanheypur,Uttar Pradesh,Carpenter,vinay.naidu@icloud.com,married,4dd86b46-9d28-4188-bc86-a903f2d2be61,head,
8fd08e64-c063-499c-af5b-51269bcd43f7,AADHAAR-SYN-7665-4844-3309,Anirudh Parida,Anirudh,Parida,Male,1963-03-08,63,Jakhirpur,West Bengal,College Student,anirudh.parida@icloud.com,married,a3abfaf9-2d71-4c51-92f9-06f48f5cbb3c,head,
f5ccfff3-9b4a-4b30-95e5-a33fd35ae728,AADHAAR-SYN-3512-6865-0038,Celina Thakkar,Celina,Thakkar,Female,1972-07-02,54,Jakhirpur,West Bengal,Shopkeeper,celina.thakkar@gmail.com,married,a3abfaf9-2d71-4c51-92f9-06f48f5cbb3c,spouse,Address updated 2023
8b757dbf-7f08-45b8-ab5a-9e0756ca323b,AADHAAR-SYN-7537-4703-6193,Surekha Sheikh,Surekha,Sheikh,Female,1973-12-23,53,Jakhirpur,West Bengal,Civil Engineer,surekha.sheikh29@outlook.com,married,a3abfaf9-2d71-4c51-92f9-06f48f5cbb3c,sibling,
b2529da0-eb36-46da-af28-d4fa4be0d1fa,AADHAAR-SYN-9117-2874-8269,Narmada Behera,Narmada,Behera,Female,1984-02-01,42,Jakhirpur,West Bengal,Graphic Designer,narmada.behera@gmail.com,married,a3abfaf9-2d71-4c51-92f9-06f48f5cbb3c,child,
555b36f8-b3e3-4f2f-8561-ef408b0dfefd,AADHAAR-SYN-6385-1660-8413,Arpita Reddy,Arpita,Reddy,Female,1996-03-10,30,Jakhirpur,West Bengal,Weaver,arpita.reddy@gmail.com,married,a3abfaf9-2d71-4c51-92f9-06f48f5cbb3c,child,Record migrated from legacy system
4e79d6b2-10e4-43fd-a909-29c3ca1979d9,AADHAAR-SYN-9654-3512-9819,Ravi Naik,Ravi,Naik,Male,1951-06-01,75,Jakhirpur,West Bengal,Accountant,ravi.naik68@icloud.com,married,bd17bb6d-bd03-4309-83d6-15b08b25e0a2,head,
b18f2195-fcf3-41ca-8018-a6fdb26f816e,AADHAAR-SYN-1574-9759-2854,Anjana Nair,Anjana,Nair,Female,1992-07-09,34,Jakhirpur,West Bengal,Plumber,,married,bd17bb6d-bd03-4309-83d6-15b08b25e0a2,child,Address updated 2023
fa00070c-1deb-4b17-9387-7bd434ff75af,AADHAAR-SYN-3474-0293-6380,Uday Jaiswal,Uday,Jaiswal,Male,2003-09-02,23,Jakhirpur,West Bengal,Security Guard,uday.jaiswal@icloud.com,single,bd17bb6d-bd03-4309-83d6-15b08b25e0a2,child,PAN verification pending
4e9ea036-b400-4a88-abbe-22e87b375b0e,AADHAAR-SYN-1795-7712-5273,Sarthak Sen,Sarthak,Sen,Male,1950-06-28,76,Enamakkal,Kerala,Bank Employee,sarthak.sen@gmail.com,married,e63f1293-255b-4bd2-afd9-04b3e1cfedc8,head,
8c882969-3001-466c-af7c-b7b2591a2d92,AADHAAR-SYN-2341-8358-9459,Rohan Naik,Rohan,Naik,Male,1952-07-16,74,Enamakkal,Kerala,Mechanic,rohan.naik15@gmail.com,married,e63f1293-255b-4bd2-afd9-04b3e1cfedc8,spouse,
525dc8ea-7f8b-4a01-bae5-dae70b6a2251,AADHAAR-SYN-0812-3514-6680,Veer Kapoor,Veer,Kapoor,Male,1962-04-02,64,Enamakkal,Kerala,Fisherman,veer.kapoor74@icloud.com,married,e63f1293-255b-4bd2-afd9-04b3e1cfedc8,sibling,Aadhaar mobile number update pending
62315156-5532-40e8-b8ee-9779414a9ef3,AADHAAR-SYN-0714-5077-1413,Ajit Verma,Ajit,Verma,Male,2006-06-06,20,Enamakkal,Kerala,Plumber,ajit.verma@icloud.com,single,e63f1293-255b-4bd2-afd9-04b3e1cfedc8,child,
ba5cc659-476a-47fb-82eb-b6c627de48b3,AADHAAR-SYN-2914-0816-4603,Jagdish Gaikwad,Jagdish,Gaikwad,Male,1965-08-04,61,Sarati,Maharashtra,Librarian,jagdish.gaikwad52@gmail.com,married,bd9e404e-38e1-4dc4-8bae-f9a1df114a25,head,
adf16393-c7a6-4f42-8b5e-3db642c8a568,AADHAAR-SYN-1210-2490-3015,Uday Gaikwad,Uday,Gaikwad,Male,1984-12-09,42,Sarati,Maharashtra,Carpenter,,divorced,bd9e404e-38e1-4dc4-8bae-f9a1df114a25,child,
56d83d91-02ed-4428-a8d4-eac94031d5b7,AADHAAR-SYN-5204-1817-9591,Vinay Gaikwad,Vinay,Gaikwad,Male,1995-07-11,31,Sarati,Maharashtra,Insurance Agent,vinay.deshmukh@gmail.com,single,bd9e404e-38e1-4dc4-8bae-f9a1df114a25,child,
9bfb83ac-4338-41a1-b26f-687bdfee0cf9,AADHAAR-SYN-2782-8393-6195,Vikas Gokhale,Vikas,Gokhale,Male,1984-10-20,42,Sarati,Maharashtra,Nurse,vikas.gokhale11@gmail.com,married,5c9c191b-cd74-4570-b44d-e1edc74d5af6,head,
b1b779b4-5091-4564-805b-d31ec6cfe9f5,AADHAAR-SYN-0172-0342-4731,Bipasha Gokhale,Bipasha,Gokhale,Female,2003-09-16,23,Sarati,Maharashtra,Accountant,,married,5c9c191b-cd74-4570-b44d-e1edc74d5af6,child,Voter ID linked
8e7036d8-068e-45e6-85e7-b69f35576102,AADHAAR-SYN-0401-2745-9877,Yogesh Sachdeva,Yogesh,Sachdeva,Male,1983-12-14,43,Sarati,Maharashtra,Homemaker,yogesh.sachdeva@icloud.com,married,e59d513a-f10e-4b22-95ba-a8ad18aadf15,head,
a03b73ff-9a95-4bea-a36a-497f37f39d37,AADHAAR-SYN-8453-2390-4649,Arjun Panicker,Arjun,Panicker,Male,1987-03-14,39,Nandol,Odisha,Plumber,arjun.panicker@microsoft.com,divorced,c7a27d10-8075-45f0-a820-c66bc304bfb2,head,
a4ad408f-0973-4f17-9bd6-5f598a9c5a41,AADHAAR-SYN-2600-8350-3289,Rajiv Panicker,Rajiv,Panicker,Male,2003-08-24,23,Nandol,Odisha,Accountant,,single,c7a27d10-8075-45f0-a820-c66bc304bfb2,child,Voter ID linked
55c7e73b-4bbd-4d2d-a932-913744d8a3ea,AADHAAR-SYN-5742-2474-9564,Jyoti Parthasarathy,Jyoti,Parthasarathy,Female,1962-12-24,64,Nandol,Odisha,Shopkeeper,jyoti.parthasarathy@chubb.com,married,ab3e2113-6627-4a74-8dad-cb959631d8b4,head,
cb7a749b-fa92-4836-9041-667db6a80d37,AADHAAR-SYN-4798-8926-5369,Shankar Parthasarathy,Shankar,Parthasarathy,Male,1964-01-18,62,Nandol,Odisha,Journalist,shankar.siddiqui@hotmail.com,married,ab3e2113-6627-4a74-8dad-cb959631d8b4,spouse,Voter ID linked
3e19e0f0-414a-478b-9bf2-fb43ae18a350,AADHAAR-SYN-7003-4155-5239,Shreyas Parthasarathy,Shreyas,Parthasarathy,Male,1969-11-22,57,Nandol,Odisha,Government Clerk,shreyas.shaikh@outlook.com,widowed,ab3e2113-6627-4a74-8dad-cb959631d8b4,sibling,Aadhaar mobile number update pending
206e62b7-2142-494b-81be-c598b86ae658,AADHAAR-SYN-0944-9241-2801,Mahesh Parthasarathy,Mahesh,Parthasarathy,Male,1982-12-02,44,Nandol,Odisha,Delivery Executive,mahesh.sachdeva@gmail.com,married,ab3e2113-6627-4a74-8dad-cb959631d8b4,child,
e228f70b-f4ba-49b3-b3b9-7c2d9105f2cc,AADHAAR-SYN-2681-5930-0860,Yash Parthasarathy,Yash,Parthasarathy,Male,1988-09-03,38,Nandol,Odisha,Mechanic,yash.agarwal@gmail.com,single,ab3e2113-6627-4a74-8dad-cb959631d8b4,child,Aadhaar mobile number update pending
19538c5b-abb6-4310-934d-acd94ad76432,AADHAAR-SYN-7324-6238-9769,Ajay Pandey,Ajay,Pandey,Male,1985-08-20,41,Nandol,Odisha,Journalist,ajay.pandey67@gmail.com,married,c6c84f6b-5036-4247-8e51-4fd332881a0d,head,Record migrated from legacy system
3824d6e6-6a09-494c-b598-b43f0acedc19,AADHAAR-SYN-2411-4198-4845,Ravi Narayanan,Ravi,Narayanan,Male,1972-06-23,54,Alas,Maharashtra,Pharmacist,ravi.narayanan@icloud.com,married,20f896d0-7dd2-433d-b2bc-e1404243281d,head,PAN verification pending
d6f3793a-5b8e-45ed-b2ce-b01f0ceffea3,AADHAAR-SYN-6626-1282-0088,Aadi Narayanan,Aadi,Narayanan,Male,1988-02-07,38,Alas,Maharashtra,Plumber,aadi.gupta12@gmail.com,single,20f896d0-7dd2-433d-b2bc-e1404243281d,child,Aadhaar mobile number update pending
4a2c443a-ac5b-475a-8418-5e2f8033b25e,AADHAAR-SYN-0893-9142-3998,Amit Narayanan,Amit,Narayanan,Male,2005-08-25,21,Alas,Maharashtra,College Student,amit.menon@gmail.com,single,20f896d0-7dd2-433d-b2bc-e1404243281d,child,Voter ID linked
ba17b826-5d57-4eaf-9f44-6207f6f5c104,AADHAAR-SYN-1506-5331-8403,Shailesh Narayanan,Shailesh,Narayanan,Male,2008-07-06,18,Alas,Maharashtra,College Student,shailesh.kelkar@icloud.com,single,20f896d0-7dd2-433d-b2bc-e1404243281d,child,
d38b4c7b-07f2-4d42-b1c9-2ce4aa58d814,AADHAAR-SYN-9781-4932-6626,Indu More,Indu,More,Female,1977-03-04,49,Alas,Maharashtra,Delivery Executive,indu.more@gmail.com,married,de859c39-036e-49c6-9ab5-e288207276ea,head,PAN verification pending
dd685174-79f5-41c4-aae0-359e85ce3bf4,AADHAAR-SYN-7166-7824-8955,Yogesh Bhardwaj,Yogesh,Bhardwaj,Male,1991-02-24,35,Alas,Maharashtra,Pharmacist,yogesh.bhardwaj82@icloud.com,married,de859c39-036e-49c6-9ab5-e288207276ea,spouse,
350bb542-e27a-4b06-8d0d-59a89b7aee0d,AADHAAR-SYN-7751-2285-5583,Reyansh Dubey,Reyansh,Dubey,Male,2008-05-18,18,Alas,Maharashtra,College Student,reyansh.dubey@google.com,single,de859c39-036e-49c6-9ab5-e288207276ea,child,Duplicate entry flagged for review
d24a0454-0ea7-4723-a04e-8a885e6806fd,AADHAAR-SYN-6075-2769-0505,Rohini Goyal,Rohini,Goyal,Female,1980-05-07,46,Ramnagar Shibpur,West Bengal,Accountant,,married,0b6af571-1703-4e74-9f36-a2c2f1ccca75,head,
064b6d4b-a2f0-4c7b-ab20-06ef150cdd64,AADHAAR-SYN-6483-3147-0186,Amar Goyal,Amar,Goyal,Male,1983-10-05,43,Ramnagar Shibpur,West Bengal,Delivery Executive,amar.kapoor@outlook.com,married,0b6af571-1703-4e74-9f36-a2c2f1ccca75,spouse,Record migrated from legacy system
cf865f6e-eb7f-4aa2-8d15-965cca44e970,AADHAAR-SYN-6018-6268-6235,Karuna Goyal,Karuna,Goyal,Female,1999-09-19,27,Ramnagar Shibpur,West Bengal,Tailor,karuna.deshpande@gmail.com,married,0b6af571-1703-4e74-9f36-a2c2f1ccca75,child,
80da745f-cc99-4767-9335-74f9ecd36697,AADHAAR-SYN-0789-5728-5815,Vihaan Sethi,Vihaan,Sethi,Male,1961-09-11,65,Ramnagar Shibpur,West Bengal,Auto Rickshaw Driver,vihaan.sethi59@gmail.com,widowed,e2046eab-9ed6-475f-b209-00abda64676d,head,
6d26f19a-9981-40fc-93ed-1e1dc7c3524f,AADHAAR-SYN-1214-8038-5327,Yashoda Sethi,Yashoda,Sethi,Female,1969-05-14,57,Ramnagar Shibpur,West Bengal,Fisherman,yashoda.shankar@gmail.com,married,e2046eab-9ed6-475f-b209-00abda64676d,spouse,Address updated 2023
32b159f3-f478-46d6-aa6a-03021686627b,AADHAAR-SYN-0396-7195-7849,Omkar Sethi,Omkar,Sethi,Male,1991-08-20,35,Ramnagar Shibpur,West Bengal,Farmer,omkar.gupta97@icloud.com,married,e2046eab-9ed6-475f-b209-00abda64676d,child,
130735e0-f344-47b9-8b46-af6035701d4f,AADHAAR-SYN-4061-2284-9354,Arun Sethi,Arun,Sethi,Male,1995-12-10,31,Ramnagar Shibpur,West Bengal,Journalist,arun.tiwari@oracle.com,single,e2046eab-9ed6-475f-b209-00abda64676d,child,
5bcb225e-4890-467c-bc95-b8356508649d,AADHAAR-SYN-6145-0425-5921,Kartik Sethi,Kartik,Sethi,Male,2006-03-04,20,Ramnagar Shibpur,West Bengal,College Student,kartik.bhardwaj@outlook.com,single,e2046eab-9ed6-475f-b209-00abda64676d,child,
45fde464-2062-4c6b-8c6d-947c4580b94d,AADHAAR-SYN-0259-7759-9220,Nikunj Srivastava,Nikunj,Srivastava,Male,1947-11-26,79,Ramnagar Shibpur,West Bengal,Librarian,nikunj.srivastava@gmail.com,divorced,20381016-705f-42be-89de-d4284dfc9055,head,
3e42409b-e1ab-442a-9ffd-c75a3f7ddc96,AADHAAR-SYN-7578-3657-0071,Anand Rao,Anand,Rao,Male,1990-06-17,36,Ramnagar Shibpur,West Bengal,Import-Export Consultant,anand.rao@icloud.com,single,d6b74902-1089-4c3e-b1c4-57c8663001c0,head,Duplicate entry flagged for review
86f3c9eb-4912-4dd6-af68-1e929bab1262,AADHAAR-SYN-3308-3703-7476,Deepti Rao,Deepti,Rao,Female,2008-09-23,18,Ramnagar Shibpur,West Bengal,College Student,deepti.talwar@gmail.com,married,d6b74902-1089-4c3e-b1c4-57c8663001c0,child,
cb433ab6-34f5-420f-a27e-434b33e830ea,AADHAAR-SYN-5750-4577-6583,Suresh Rathore,Suresh,Rathore,Male,1970-01-15,56,Sandhu,Himachal Pradesh,School Teacher,suresh.rathore66@gmail.com,divorced,5e628a4a-e5ed-427e-84eb-d67347b3627d,head,Aadhaar mobile number update pending
f5e98cfc-0637-4ac1-b4b7-7865fb87f581,AADHAAR-SYN-4950-8407-4484,Sandeep Rathore,Sandeep,Rathore,Male,1995-08-20,31,Sandhu,Himachal Pradesh,Carpenter,sandeep.mohan23@icloud.com,married,5e628a4a-e5ed-427e-84eb-d67347b3627d,child,Duplicate entry flagged for review
7366e568-4398-4b37-9f30-29a30e0ca7ae,AADHAAR-SYN-8543-6883-8433,Aadvik Rathore,Aadvik,Rathore,Male,2000-07-21,26,Sandhu,Himachal Pradesh,Doctor,aadvik.shankar74@hotmail.com,single,5e628a4a-e5ed-427e-84eb-d67347b3627d,child,Aadhaar mobile number update pending
1edcdcff-eff3-4399-b490-6ece1fd0a750,AADHAAR-SYN-6786-8787-0487,Devesh Rathore,Devesh,Rathore,Male,2004-05-08,22,Sandhu,Himachal Pradesh,Currency Exchange Clerk,devesh.subramaniam@intel.com,single,5e628a4a-e5ed-427e-84eb-d67347b3627d,child,Duplicate entry flagged for review
1003087b-b26b-4a3d-a21d-ee5565b8c384,AADHAAR-SYN-0835-2865-4947,Vinod Chowdhury,Vinod,Chowdhury,Male,1978-04-22,48,Sandhu,Himachal Pradesh,Farmer,vinod.chowdhury@yahoo.com,single,71b722ae-f860-4872-b51c-712f6a2f55ac,head,
ea5f533b-5ef0-4f60-ae0d-7e745db84883,AADHAAR-SYN-7750-2873-6623,Milind Chowdhury,Milind,Chowdhury,Male,1997-01-20,29,Sandhu,Himachal Pradesh,Plumber,milind.panicker@icloud.com,single,71b722ae-f860-4872-b51c-712f6a2f55ac,child,Record migrated from legacy system
a793e939-08ab-48db-80ae-c1ce525cdf6d,AADHAAR-SYN-4059-3176-8697,Meera Chowdhury,Meera,Chowdhury,Female,2005-01-07,21,Sandhu,Himachal Pradesh,Software Engineer,meera.bhattacharya@gmail.com,single,71b722ae-f860-4872-b51c-712f6a2f55ac,child,
ce37271e-43b4-4208-871f-681683f7114e,AADHAAR-SYN-2548-0375-9774,Tanuja Mohammad,Tanuja,Mohammad,Female,1995-06-26,31,Arugonda,Andhra Pradesh,Electrician,tanuja.mohammad@yahoo.com,single,abc9e66c-6d37-47cf-89b5-12babd3e299a,head,PAN verification pending
6c07003f-9a1a-4dd9-b4f2-a697db1c9e5d,AADHAAR-SYN-0691-0154-3221,Darsh Mohammad,Darsh,Mohammad,Male,2008-08-20,18,Arugonda,Andhra Pradesh,Journalist,darsh.desai50@icloud.com,single,abc9e66c-6d37-47cf-89b5-12babd3e299a,spouse,
5d38e714-e184-4b5a-b57d-65a17038a1ea,AADHAAR-SYN-2115-4501-9126,Sudhir Jaiswal,Sudhir,Jaiswal,Male,1993-02-12,33,Arugonda,Andhra Pradesh,Retired Government Employee,sudhir.jaiswal@icloud.com,married,34d5951b-3581-4a49-b984-d2ac1caf9011,head,
926b4e17-acbc-4e43-94dc-d944ded67120,AADHAAR-SYN-1516-9566-6444,Vivaan Jaiswal,Vivaan,Jaiswal,Male,1997-08-23,29,Arugonda,Andhra Pradesh,Delivery Executive,vivaan.begum57@gmail.com,divorced,34d5951b-3581-4a49-b984-d2ac1caf9011,spouse,PAN verification pending
1f65d744-3aba-46f0-a383-91348dbc4a37,AADHAAR-SYN-7601-0386-9324,Myra Jaiswal,Myra,Jaiswal,Female,2005-01-10,21,Arugonda,Andhra Pradesh,Security Guard,myra.gopalakrishnan@gmail.com,single,34d5951b-3581-4a49-b984-d2ac1caf9011,sibling,Voter ID linked
b694101c-eb3f-4ad1-b5b3-7ffe83696247,AADHAAR-SYN-4595-6264-1514,Aditya Unnikrishnan,Aditya,Unnikrishnan,Male,1963-06-21,63,Arugonda,Andhra Pradesh,Salesperson,,married,b67f8671-1c62-44a9-bc09-6fc2ed25ace8,head,Address updated 2023
012bd782-f3ea-4ed4-8482-37d110afbbdf,AADHAAR-SYN-4925-1487-6395,Pravin Unnikrishnan,Pravin,Unnikrishnan,Male,1968-02-06,58,Arugonda,Andhra Pradesh,Bank Employee,pravin.more@hotmail.com,married,b67f8671-1c62-44a9-bc09-6fc2ed25ace8,spouse,
37772833-f9b3-473f-afdb-dcde86603a27,AADHAAR-SYN-7237-6392-2146,Prakash Unnikrishnan,Prakash,Unnikrishnan,Male,1987-05-15,39,Arugonda,Andhra Pradesh,Doctor,prakash.mohan@gmail.com,married,b67f8671-1c62-44a9-bc09-6fc2ed25ace8,child,Record migrated from legacy system
0538e12f-c097-48aa-a915-cbce58c24001,AADHAAR-SYN-7493-6426-1433,Jaya Unnikrishnan,Jaya,Unnikrishnan,Female,1991-01-25,35,Arugonda,Andhra Pradesh,Hotel Staff,jaya.rahman@yahoo.com,married,b67f8671-1c62-44a9-bc09-6fc2ed25ace8,child,Record migrated from legacy system
e3777799-64be-43f5-9308-ccb2cafd2ab2,AADHAAR-SYN-6301-6426-4255,Naresh Unnikrishnan,Naresh,Unnikrishnan,Male,2007-03-04,19,Arugonda,Andhra Pradesh,College Student,naresh.subramanian22@dell.com,married,b67f8671-1c62-44a9-bc09-6fc2ed25ace8,child,Record migrated from legacy system
feca4f5c-c32a-4157-8300-3e7af6681044,AADHAAR-SYN-1901-2493-7616,Krunal Pawar,Krunal,Pawar,Male,1980-02-14,46,Arugonda,Andhra Pradesh,Auto Rickshaw Driver,krunal.pawar97@outlook.com,married,280da939-8867-4546-9c44-54e83e915443,head,
83658ddb-5f16-41a0-bacb-acf75d9f4d10,AADHAAR-SYN-7932-5534-7144,Shradha Joshi,Shradha,Joshi,Female,1979-05-15,47,Kutenchuan,Odisha,Bank Employee,shradha.joshi@gmail.com,married,84366b0d-1da4-4f7f-ae16-bf4a093aff84,head,PAN verification pending
d129c457-7ae1-4869-85c5-bcca98aca9d6,AADHAAR-SYN-5132-1975-1200,Suresh Suri,Suresh,Suri,Male,1987-11-15,39,Kutenchuan,Odisha,Librarian,suresh.suri@gmail.com,married,84366b0d-1da4-4f7f-ae16-bf4a093aff84,spouse,
44646725-4093-4fa4-b7bc-4732feea8507,AADHAAR-SYN-1196-7771-6631,Prashant Goyal,Prashant,Goyal,Male,1993-03-13,33,Kutenchuan,Odisha,Carpenter,prashant.goyal@hotmail.com,single,84366b0d-1da4-4f7f-ae16-bf4a093aff84,sibling,
81d6d00c-25cb-41fe-95f5-b9b2e0a2945f,AADHAAR-SYN-9885-6475-4660,Ananya Gopalan,Ananya,Gopalan,Female,2004-09-08,22,Kutenchuan,Odisha,Accountant,ananya.gopalan13@gmail.com,single,84366b0d-1da4-4f7f-ae16-bf4a093aff84,child,
254a9a8a-adde-4146-baea-32d3df313e14,AADHAAR-SYN-6882-9367-0066,Mukesh Tiwari,Mukesh,Tiwari,Male,1963-06-14,63,Kutenchuan,Odisha,Postal Worker,mukesh.tiwari@icloud.com,married,1d581e5a-1b8e-4d57-8fbb-5ee2feba86c8,head,
9e5d6672-3c18-41cc-85eb-a6f80e562b31,AADHAAR-SYN-6461-6543-6340,Rajan Tiwari,Rajan,Tiwari,Male,1975-09-04,51,Kutenchuan,Odisha,Auto Rickshaw Driver,rajan.kelkar7@live.com,divorced,1d581e5a-1b8e-4d57-8fbb-5ee2feba86c8,spouse,PAN verification pending
51892fa5-d23b-482f-98aa-5dc3e3dda075,AADHAAR-SYN-4523-1358-4623,Amol Tiwari,Amol,Tiwari,Male,1991-09-17,35,Kutenchuan,Odisha,Postal Worker,amol.khatri@icloud.com,married,1d581e5a-1b8e-4d57-8fbb-5ee2feba86c8,child,Aadhaar mobile number update pending
1129e843-7fc0-4872-8a26-186679b4dc1b,AADHAAR-SYN-5953-1733-4228,Pranav Tiwari,Pranav,Tiwari,Male,2004-07-11,22,Kutenchuan,Odisha,Doctor,pranav.pandit@icloud.com,single,1d581e5a-1b8e-4d57-8fbb-5ee2feba86c8,child,Aadhaar mobile number update pending
184369ba-14c4-4842-97e7-e68969aedc29,AADHAAR-SYN-0022-0277-6707,Ayaan Goyal,Ayaan,Goyal,Male,1953-12-28,73,Kutenchuan,Odisha,Plumber,,divorced,638df038-265c-4074-b000-da1ba100e23f,head,
90647d39-acf2-4630-ae9b-3e38886b3d7b,AADHAAR-SYN-6533-0490-1785,Piyush Goyal,Piyush,Goyal,Male,2001-10-09,25,Kutenchuan,Odisha,Postal Worker,,single,638df038-265c-4074-b000-da1ba100e23f,child,
6f0fd9d3-8825-4c20-bc6a-0c8ec811ea91,AADHAAR-SYN-2237-4880-6280,Manoj Sundaram,Manoj,Sundaram,Male,1993-11-13,33,Thummalapalle,Andhra Pradesh,Homemaker,manoj.sundaram92@icloud.com,married,d39ae9f7-74bb-4b50-92e3-06e961847540,head,Aadhaar mobile number update pending
ca81d781-f33e-4218-ab1a-0ac17331b3d3,AADHAAR-SYN-0609-7487-3536,Rajani Sheikh,Rajani,Sheikh,Female,1963-06-18,63,Thummalapalle,Andhra Pradesh,Software Engineer,rajani.sheikh@gmail.com,married,b224976d-e691-4bc0-a22d-28823b27abb4,head,
aab5c2e2-b556-4c00-9b8c-f2c20a703c96,AADHAAR-SYN-8775-9317-4980,Krunal Shah,Krunal,Shah,Male,1982-07-09,44,Thummalapalle,Andhra Pradesh,Postal Worker,krunal.shah@apple.com,married,b224976d-e691-4bc0-a22d-28823b27abb4,child,Duplicate entry flagged for review
0b8dd6d3-22bb-47a0-808c-b63a0a1aa0ae,AADHAAR-SYN-6006-7850-0511,Mohan Sinha,Mohan,Sinha,Male,1987-08-16,39,Thummalapalle,Andhra Pradesh,Salesperson,mohan.sinha@gmail.com,married,b224976d-e691-4bc0-a22d-28823b27abb4,child,PAN verification pending
1326a38b-40ff-41e5-87a2-6ab98d48730a,AADHAAR-SYN-4589-7416-2161,Shivansh Prakash,Shivansh,Prakash,Male,2004-09-23,22,Thummalapalle,Andhra Pradesh,School Teacher,,single,b224976d-e691-4bc0-a22d-28823b27abb4,child,Voter ID linked
63c218e5-a8d7-4156-916b-0ac94511fe49,AADHAAR-SYN-7830-6470-9518,Ayush Sidhu,Ayush,Sidhu,Male,1948-11-24,78,Thummalapalle,Andhra Pradesh,Transport Contractor,ayush.sidhu90@gmail.com,widowed,9626ec68-5a8a-48be-9181-1772ab4c8ec4,head,PAN verification pending
5ba08d6e-e1e8-4696-8c4d-167371d9037f,AADHAAR-SYN-3000-8317-4395,Akash Sidhu,Akash,Sidhu,Male,1957-06-12,69,Thummalapalle,Andhra Pradesh,Carpenter,akash.shah@gmail.com,married,9626ec68-5a8a-48be-9181-1772ab4c8ec4,spouse,
fe20282c-04fe-43f8-9caf-228fa637943a,AADHAAR-SYN-2840-8207-2593,Arjun Sidhu,Arjun,Sidhu,Male,1983-07-18,43,Thummalapalle,Andhra Pradesh,Weaver,arjun.parida@gmail.com,married,9626ec68-5a8a-48be-9181-1772ab4c8ec4,child,
832a7f11-2e9d-4a38-91a7-9df94f288eff,AADHAAR-SYN-9874-9903-6615,Ravi Bhandary,Ravi,Bhandary,Male,1997-02-01,29,Thummalapalle,Andhra Pradesh,Shopkeeper,ravi.bhandary@gmail.com,single,9da61174-a357-4b28-9244-5288154f81f2,head,
8674dce0-2971-4326-afc6-37a9c0dc4be5,AADHAAR-SYN-8400-3473-6005,Avni Bhandary,Avni,Bhandary,Female,2000-07-16,26,Thummalapalle,Andhra Pradesh,Nurse,avni.basu51@gmail.com,married,9da61174-a357-4b28-9244-5288154f81f2,spouse,
0b49380e-ef82-4cac-a02c-86c38e38c513,AADHAAR-SYN-7239-2986-0095,Mayank Rajput,Mayank,Rajput,Male,1999-08-04,27,Lokra,Assam,Weaver,mayank.rajput@gmail.com,married,71c8aab1-397e-441c-89da-360dd2eb544f,head,Record migrated from legacy system
5dedbd6a-af3a-4512-a09b-cff557027e89,AADHAAR-SYN-2493-7810-6356,Pallav Kulkarni,Pallav,Kulkarni,Male,1979-01-01,47,Lokra,Assam,Salesperson,,divorced,c0b549b1-6051-40d3-b134-fa1fd5066772,head,Record migrated from legacy system
e4508071-65b2-4f09-95d2-71fc5df1b967,AADHAAR-SYN-4783-7106-3229,Rishi Kulkarni,Rishi,Kulkarni,Male,2001-09-11,25,Lokra,Assam,Homemaker,rishi.lahiri41@hotmail.com,married,c0b549b1-6051-40d3-b134-fa1fd5066772,child,
33824001-fe02-4217-b31a-d965654a2d66,AADHAAR-SYN-6476-2189-9103,Ritu Garg,Ritu,Garg,Female,1980-08-12,46,Lokra,Assam,College Student,ritu.garg@icloud.com,divorced,0d88711c-06df-4930-9d68-76a2f54bfe4d,head,Record migrated from legacy system
fe23bf1a-8c7f-4ce5-bf1d-7b53804dd17d,AADHAAR-SYN-5217-6593-5734,Surabhi Garg,Surabhi,Garg,Female,2004-06-10,22,Lokra,Assam,Currency Exchange Clerk,surabhi.reddy12@gmail.com,single,0d88711c-06df-4930-9d68-76a2f54bfe4d,child,PAN verification pending
02131cae-05b6-48f4-91ac-13a2087cf17b,AADHAAR-SYN-1260-2618-0000,Aanya Mukherjee,Aanya,Mukherjee,Female,1988-04-13,38,Lokra,Assam,Librarian,aanya.mukherjee1@yahoo.com,married,5ea1d12b-03c4-4316-95c0-966af31a29b5,head,
bc84909a-49d0-4807-a336-6267a3bfcd8e,AADHAAR-SYN-9930-8484-6828,Vivaan Sanyal,Vivaan,Sanyal,Male,1989-10-14,37,Lokra,Assam,Tailor,vivaan.sanyal@yahoo.com,married,5ea1d12b-03c4-4316-95c0-966af31a29b5,spouse,
20181e3c-45af-4430-8cf1-491c0abeb0d0,AADHAAR-SYN-6176-7288-0513,Prem Upadhyay,Prem,Upadhyay,Male,1972-07-17,54,Muninagar,West Bengal,Graphic Designer,,single,3f9d21aa-a0b2-47a8-8286-cdd92edb210b,head,Address updated 2023
62d68a1e-0050-40e7-a697-f5b341add54f,AADHAAR-SYN-4272-3988-0440,Vihaan Singh,Vihaan,Singh,Male,1991-09-23,35,Muninagar,West Bengal,Police Constable,vihaan.singh72@icloud.com,single,3f9d21aa-a0b2-47a8-8286-cdd92edb210b,child,
a7447f5d-f761-482e-9b77-431ca42cc713,AADHAAR-SYN-0867-6240-3623,Viraj Prakash,Viraj,Prakash,Male,1955-12-05,71,Muninagar,West Bengal,Hotel Staff,viraj.prakash@gmail.com,married,d575ed80-77ca-480c-a982-936dd7346f7d,head,
08ca7342-3588-4493-8a0a-1696c9a0615a,AADHAAR-SYN-8023-6170-2803,Kalki Prakash,Kalki,Prakash,Female,1964-01-17,62,Muninagar,West Bengal,Postal Worker,kalki.dhawan@gmail.com,married,d575ed80-77ca-480c-a982-936dd7346f7d,spouse,Address updated 2023
ab128c37-62b3-4a8d-8c3b-029145f00505,AADHAAR-SYN-2959-2896-7069,Neetu Prakash,Neetu,Prakash,Female,1991-06-24,35,Muninagar,West Bengal,Accountant,neetu.kamath@icloud.com,married,d575ed80-77ca-480c-a982-936dd7346f7d,child,Address updated 2023
4fa35cef-6f98-4ed5-b763-3eb779c41507,AADHAAR-SYN-1712-2204-3163,Ajay Prakash,Ajay,Prakash,Male,2003-04-16,23,Muninagar,West Bengal,Retired Government Employee,ajay.chopra@gmail.com,married,d575ed80-77ca-480c-a982-936dd7346f7d,child,
9b4e88b4-77b3-4882-8c33-0051f58d3ce4,AADHAAR-SYN-9026-2914-1173,Chirag Rahman,Chirag,Rahman,Male,2007-10-19,19,Rajapur,Karnataka,College Student,chirag.rahman@gmail.com,single,4f547bcb-8ef2-49cd-abd3-aa16c9578ad8,head,Duplicate entry flagged for review
d6383fd3-0acf-447c-be7b-ee24b42d1193,AADHAAR-SYN-6356-1722-9645,Lata Thakur,Lata,Thakur,Female,1960-11-21,66,Rajapur,Karnataka,Accountant,lata.thakur16@gmail.com,widowed,d47c59bc-f92b-4c4f-b3a8-2732fb10d309,head,Address updated 2023
0a9885f7-d5d7-41b3-9203-7fdad11eac77,AADHAAR-SYN-7994-4946-8324,Rohan Thakur,Rohan,Thakur,Male,1982-02-22,44,Rajapur,Karnataka,Insurance Agent,rohan.banerjee@gmail.com,married,d47c59bc-f92b-4c4f-b3a8-2732fb10d309,child,
735b7692-768a-477f-9084-61285d2d750f,AADHAAR-SYN-7733-2042-3929,Madhuri Thakur,Madhuri,Thakur,Female,1997-09-16,29,Rajapur,Karnataka,Freight Forwarding Agent,madhuri.dhillon@gmail.com,single,d47c59bc-f92b-4c4f-b3a8-2732fb10d309,child,
c27e7bcf-6fa8-4742-b4fc-43211110a189,AADHAAR-SYN-5344-9588-5793,Dhairya Chakraborty,Dhairya,Chakraborty,Male,1952-09-07,74,Metwada,Madhya Pradesh,Pharmacist,dhairya.chakraborty@outlook.com,divorced,ffe0fb9d-1307-44ec-9238-6180d450f3c7,head,
f9fb179d-4f08-4110-b38b-4dc16749cd59,AADHAAR-SYN-8211-6243-8434,Dhanush Rao,Dhanush,Rao,Male,1980-11-24,46,Metwada,Madhya Pradesh,Pharmacist,,married,ffe0fb9d-1307-44ec-9238-6180d450f3c7,child,
0490d0b6-06a4-4b35-8eef-b0980c4826b5,AADHAAR-SYN-9864-5656-3711,Pratham Agarwal,Pratham,Agarwal,Male,1978-11-10,48,Metwada,Madhya Pradesh,Bank Employee,pratham.agarwal78@gmail.com,married,22558deb-3a7a-4c8e-8468-3fa9b254b5f3,head,
e3391adb-1634-42ca-9257-1368fbf3fdab,AADHAAR-SYN-6612-9038-0804,Ira Agarwal,Ira,Agarwal,Female,2005-10-11,21,Metwada,Madhya Pradesh,College Student,ira.bansal@gmail.com,single,22558deb-3a7a-4c8e-8468-3fa9b254b5f3,child,Duplicate entry flagged for review
3d8a7250-d534-434f-ae00-6055e418cad8,AADHAAR-SYN-8082-0861-9845,Poonam Bose,Poonam,Bose,Female,1980-06-12,46,Metwada,Madhya Pradesh,Hotel Staff,poonam.bose@gmail.com,married,9c1a6053-c5dd-49f7-b00e-88f08f91de39,head,Voter ID linked
82065349-ff08-4486-89fe-632d2c2fdb48,AADHAAR-SYN-6924-3698-8021,Ashish Bose,Ashish,Bose,Male,1993-12-24,33,Metwada,Madhya Pradesh,Librarian,,married,9c1a6053-c5dd-49f7-b00e-88f08f91de39,spouse,Duplicate entry flagged for review
468c8851-3dba-499f-9a9f-879fcbd097f3,AADHAAR-SYN-6970-2961-4234,Huma Dasgupta,Huma,Dasgupta,Female,1965-09-08,61,Metwada,Madhya Pradesh,Government Clerk,huma.dasgupta@gmail.com,single,4a7438aa-0e9c-4eec-9fed-f2ee7e8616cc,head,
364b2ffc-1f61-4f75-b2a9-e62bff4dde82,AADHAAR-SYN-3593-7594-9333,Waheeda Chopra,Waheeda,Chopra,Female,2006-04-21,20,Marma,Odisha,College Student,waheeda.chopra79@yahoo.com,single,500c1913-d61b-4704-adb3-5680239b34c1,head,
8e67f739-b948-4323-87be-fbb43c956d26,AADHAAR-SYN-7430-8079-9398,Smita Warrier,Smita,Warrier,Female,2007-08-04,19,Marma,Odisha,School Teacher,smita.warrier@gmail.com,married,500c1913-d61b-4704-adb3-5680239b34c1,spouse,Duplicate entry flagged for review
88b8ce01-e7bf-427e-9595-c5bfcbabe267,AADHAAR-SYN-1991-2274-7803,Queenie Verma,Queenie,Verma,Female,1953-06-03,73,Marma,Odisha,Pharmacist,queenie.verma@gmail.com,widowed,a77ae144-5dc4-41b9-a334-b386af51d095,head,Voter ID linked
6a1dcf18-6c4f-44c3-a14b-752c80221fe0,AADHAAR-SYN-2810-9112-0431,Shraddha Choudhury,Shraddha,Choudhury,Female,1993-03-17,33,Marma,Odisha,Pharmacist,shraddha.choudhury@icloud.com,single,a77ae144-5dc4-41b9-a334-b386af51d095,child,
7d962261-13f4-41e9-ae30-d1c184907186,AADHAAR-SYN-4300-6079-0589,Vinod Vaidyanathan,Vinod,Vaidyanathan,Male,1997-10-05,29,Marma,Odisha,Civil Engineer,vinod.vaidyanathan@gmail.com,married,a77ae144-5dc4-41b9-a334-b386af51d095,child,
7b825ae9-8156-43f6-80de-f64ec7ebaadc,AADHAAR-SYN-8447-0002-4214,Parth Nambiar,Parth,Nambiar,Male,1960-06-12,66,Malav,Uttar Pradesh,Chef,parth.nambiar@gmail.com,widowed,739f3fb6-8ccc-4f99-8ec7-d1895a02a357,head,Aadhaar mobile number update pending
05561b10-d7a9-48d8-92d5-ae14c0ecf618,AADHAAR-SYN-7321-6864-0401,Riya Nambiar,Riya,Nambiar,Female,1997-11-02,29,Malav,Uttar Pradesh,Auto Rickshaw Driver,riya.dixit@gmail.com,married,739f3fb6-8ccc-4f99-8ec7-d1895a02a357,child,
dc8e1559-6099-4865-95e5-9e9953d32d75,AADHAAR-SYN-8136-5408-2873,Abhijeet Raghavan,Abhijeet,Raghavan,Male,1975-09-23,51,Malav,Uttar Pradesh,Bank Employee,,married,d8d397d8-4d59-48ab-aa9f-c475f37ad85e,head,Address updated 2023
1c055253-9ac9-419b-8d37-0734dec8e811,AADHAAR-SYN-4023-9869-9203,Shivansh Raghavan,Shivansh,Raghavan,Male,1987-11-27,39,Malav,Uttar Pradesh,Plumber,shivansh.rajaraman@gmail.com,single,d8d397d8-4d59-48ab-aa9f-c475f37ad85e,spouse,
f4f2fbf2-54c4-4f86-ba7f-90cbb66f6c7b,AADHAAR-SYN-7679-6767-2919,Usha Bhatt,Usha,Bhatt,Female,1970-03-03,56,Charan Nikol,Gujarat,Delivery Executive,usha.bhatt@ibm.com,married,22c4b1e0-2679-4d05-8389-c5882aae0535,head,
780380a3-fe83-4fb6-980c-cab0208c14fb,AADHAAR-SYN-3786-0516-8072,Mandakini Kaul,Mandakini,Kaul,Female,2003-01-07,23,Charan Nikol,Gujarat,Commission Agent,mandakini.kaul@gmail.com,single,22c4b1e0-2679-4d05-8389-c5882aae0535,child,
dbc22767-0785-4297-b272-1aa7aa9f3528,AADHAAR-SYN-5066-3142-0461,Sai Dixit,Sai,Dixit,Male,1969-08-24,57,Charan Nikol,Gujarat,Journalist,sai.dixit10@gmail.com,divorced,cff92b41-0f4f-44e0-8870-16d0ac313e09,head,PAN verification pending
877e4601-9661-482e-a4b7-9164a85e4d3d,AADHAAR-SYN-9964-1869-6785,Varun Bansal,Varun,Bansal,Male,1983-08-19,43,Charan Nikol,Gujarat,Librarian,varun.bansal@gmail.com,married,cff92b41-0f4f-44e0-8870-16d0ac313e09,spouse,
43d6d5e5-4069-49b1-adf2-92508b4c5713,AADHAAR-SYN-3476-6993-6298,Shivam Tagore,Shivam,Tagore,Male,1991-03-27,35,Charan Nikol,Gujarat,Software Engineer,,married,cff92b41-0f4f-44e0-8870-16d0ac313e09,child,Duplicate entry flagged for review
6f3dbfb7-c824-4f39-ac28-8e4af871f805,AADHAAR-SYN-4345-9305-8907,Aarav Ghosh,Aarav,Ghosh,Male,1946-01-25,80,Charan Nikol,Gujarat,Tailor,aarav.ghosh@gmail.com,widowed,f8390ebe-d4bf-43d5-bfcd-cf1dd0d14131,head,Address updated 2023
dfed3cd5-d037-4835-bf2e-36f5e37ef72a,AADHAAR-SYN-5915-9929-4195,Pratik Rajaraman,Pratik,Rajaraman,Male,1961-03-21,65,Charan Nikol,Gujarat,Carpenter,pratik.rajaraman@gmail.com,married,f8390ebe-d4bf-43d5-bfcd-cf1dd0d14131,spouse,PAN verification pending
fe931aa5-1a5c-4359-ae2b-b2d6f4914767,AADHAAR-SYN-3050-7590-0672,Rajat Gopalakrishnan,Rajat,Gopalakrishnan,Male,1962-06-11,64,Charan Nikol,Gujarat,Postal Worker,rajat.gopalakrishnan@yahoo.com,divorced,f8390ebe-d4bf-43d5-bfcd-cf1dd0d14131,child,
0668ef6a-28bd-4c45-8e6b-0890d1ed2b93,AADHAAR-SYN-4421-0060-8008,Hema Shetty,Hema,Shetty,Female,1991-05-24,35,Charan Nikol,Gujarat,Mechanic,hema.shetty@icloud.com,married,f8390ebe-d4bf-43d5-bfcd-cf1dd0d14131,child,
3d4dd561-8d8a-4ded-a61e-137e9412470e,AADHAAR-SYN-2111-1640-6459,Shankar Thakkar,Shankar,Thakkar,Male,1993-11-27,33,Charan Nikol,Gujarat,Shopkeeper,,married,f8390ebe-d4bf-43d5-bfcd-cf1dd0d14131,child,Address updated 2023
ca5d8203-3763-4283-bd67-6c3f4f69d288,AADHAAR-SYN-5617-4736-8305,Kamala Qureshi,Kamala,Qureshi,Female,2008-12-01,18,Charan Nikol,Gujarat,Shopkeeper,kamala.qureshi@icloud.com,single,95b25497-5f2d-4dd2-afdb-710933b8881c,head,Record migrated from legacy system
1bbda7bf-3c51-4ec5-82a1-13f67ec57469,AADHAAR-SYN-1710-5294-5523,Rahul Rao,Rahul,Rao,Male,1969-02-21,57,Kakarla,Andhra Pradesh,Electrician,rahul.rao@gmail.com,married,a5110dd1-b213-4677-8ea0-1f66c02e5e2d,head,Voter ID linked
81fef9a3-a9d4-43b7-a0b7-190e8957e8c2,AADHAAR-SYN-3090-5529-7018,Sneha Upadhyay,Sneha,Upadhyay,Female,1984-10-14,42,Kakarla,Andhra Pradesh,Hotel Staff,sneha.upadhyay65@icloud.com,married,a5110dd1-b213-4677-8ea0-1f66c02e5e2d,spouse,Record migrated from legacy system
1751164a-e3a8-471d-b3e1-860803509288,AADHAAR-SYN-2011-1603-7809,Anil Mohanty,Anil,Mohanty,Male,1996-12-06,30,Kakarla,Andhra Pradesh,Government Clerk,anil.mohanty@icloud.com,married,a5110dd1-b213-4677-8ea0-1f66c02e5e2d,child,
0cffbdda-8ad4-40a2-bf52-cd5ad9625ade,AADHAAR-SYN-3051-5378-2620,Vinod Subramaniam,Vinod,Subramaniam,Male,2000-09-27,26,Kakarla,Andhra Pradesh,Civil Engineer,vinod.subramaniam@icloud.com,single,a5110dd1-b213-4677-8ea0-1f66c02e5e2d,child,
6d576452-5918-47f3-b968-60c3ce66a347,AADHAAR-SYN-9207-7662-4277,Veena Bhattacharya,Veena,Bhattacharya,Female,2008-10-28,18,Kakarla,Andhra Pradesh,College Student,veena.bhattacharya76@me.com,single,a5110dd1-b213-4677-8ea0-1f66c02e5e2d,child,Duplicate entry flagged for review
900a275e-78e3-4da0-92b6-405e6baf54d4,AADHAAR-SYN-1461-8441-4416,Aadvik Sen,Aadvik,Sen,Male,1990-11-24,36,Kakarla,Andhra Pradesh,Retired Government Employee,aadvik.sen@microsoft.com,married,257259a4-f001-4931-b537-3bf4e3d33fe6,head,Aadhaar mobile number update pending
56c6e716-d5cf-457c-838f-8597efcf6574,AADHAAR-SYN-4750-9771-5283,Bhaskar Rahman,Bhaskar,Rahman,Male,1999-08-04,27,Kakarla,Andhra Pradesh,Government Clerk,bhaskar.rahman@gmail.com,married,053cb2ff-0b38-4cdf-8e7f-8691265a5307,head,
7212d59b-94e1-4b68-8be1-1f432481708c,AADHAAR-SYN-8265-7075-3324,Karthik Rahman,Karthik,Rahman,Male,2000-12-15,26,Kakarla,Andhra Pradesh,Weaver,karthik.warrier@gmail.com,married,053cb2ff-0b38-4cdf-8e7f-8691265a5307,spouse,
4d1574c5-c004-4e49-b228-0e4b2c2300cf,AADHAAR-SYN-6652-6741-8992,Praful Mittal,Praful,Mittal,Male,1984-03-12,42,Shampur,Telangana,Nurse,praful.mittal@gmail.com,married,38afcc74-18bf-4baf-993f-7293020ff2c6,head,Aadhaar mobile number update pending
a711e9a3-67ca-4ec5-9140-7a792b88a7f3,AADHAAR-SYN-0493-9553-1404,Deepti Mehta,Deepti,Mehta,Female,1988-08-19,38,Shampur,Telangana,Librarian,deepti.mehta@gmail.com,single,38afcc74-18bf-4baf-993f-7293020ff2c6,spouse,
1137e07f-71ca-42ab-b209-d56326ad6892,AADHAAR-SYN-0512-9982-1537,Manav Lahiri,Manav,Lahiri,Male,2002-01-23,24,Shampur,Telangana,Plumber,manav.lahiri@gmail.com,married,38afcc74-18bf-4baf-993f-7293020ff2c6,child,
ee367ab8-0b32-4840-a9ef-89b096d85127,AADHAAR-SYN-4005-4241-2950,Gopal Ramachandran,Gopal,Ramachandran,Male,2008-03-26,18,Shampur,Telangana,Fisherman,gopal.ramachandran@gmail.com,single,38afcc74-18bf-4baf-993f-7293020ff2c6,child,
f8bdf84c-3962-4029-8e72-77dcf524ef77,AADHAAR-SYN-8142-3559-5978,Saurabh Ahmed,Saurabh,Ahmed,Male,1947-08-14,79,Bedkihal,Karnataka,Civil Engineer,saurabh.ahmed32@gmail.com,married,b2f97d0f-4892-4ce8-9918-9d1399ec7256,head,Voter ID linked
de9374f9-f552-4fea-885f-b2e152b8fd66,AADHAAR-SYN-1740-5748-4071,Shreyas Ahmed,Shreyas,Ahmed,Male,1999-11-09,27,Bedkihal,Karnataka,Weaver,shreyas.tagore@gmail.com,single,b2f97d0f-4892-4ce8-9918-9d1399ec7256,child,
47cd2876-45e7-4a27-a41b-9058186bf9e6,AADHAAR-SYN-4419-2673-3532,Damini Viswanathan,Damini,Viswanathan,Female,1980-09-13,46,Bedkihal,Karnataka,Chef,damini.viswanathan@gmail.com,married,196095e2-85a3-41a3-98c4-b10c0a628d8f,head,Address updated 2023
49711e74-7614-4ca4-9934-31759b0e790a,AADHAAR-SYN-7777-0010-8596,Pravin Murthy,Pravin,Murthy,Male,1996-04-14,30,Bedkihal,Karnataka,Police Constable,pravin.murthy@icloud.com,single,425a2645-5b7b-4c03-84fc-6ba23b5d48e6,head,Address updated 2023
40fc1aa4-08f6-4a52-b89d-07bb0dc1428a,AADHAAR-SYN-1862-7070-7814,Tanmay Naik,Tanmay,Naik,Male,1983-08-08,43,Bedkihal,Karnataka,Security Guard,,married,8e658348-4dc2-4fdd-9d30-860fff09d642,head,
49807938-41b4-409c-a30f-97dee538b9c0,AADHAAR-SYN-6932-8802-4000,Vihaan Naik,Vihaan,Naik,Male,1997-05-21,29,Bedkihal,Karnataka,School Teacher,,married,8e658348-4dc2-4fdd-9d30-860fff09d642,spouse,
0bea0b02-f959-4d59-9ba9-7126b8402c3a,AADHAAR-SYN-2500-1788-0081,Vaibhav Naik,Vaibhav,Naik,Male,2008-09-11,18,Bedkihal,Karnataka,College Student,vaibhav.upadhyay54@gmail.com,single,8e658348-4dc2-4fdd-9d30-860fff09d642,child,
0139f6c3-ea26-4a2f-a382-088470d13e1a,AADHAAR-SYN-3104-7662-7878,Sumit Thakkar,Sumit,Thakkar,Male,1984-12-20,42,Bedkihal,Karnataka,Librarian,,married,8434118d-c9f3-4361-ae61-2adc8081affb,head,Duplicate entry flagged for review
38bc1d79-71df-47db-82fe-43dd4ee1c367,AADHAAR-SYN-5651-3150-2612,Priya Arora,Priya,Arora,Female,1948-06-17,78,Syoli Talli,Uttarakhand,Police Constable,priya.arora97@icloud.com,married,de4aa0c1-77ca-4f94-a8cf-b1243dbb1b6f,head,
a0cd17ed-a200-49a7-8fbf-3ae6e0a3402a,AADHAAR-SYN-3083-7949-7629,Girish Arora,Girish,Arora,Male,1976-03-06,50,Syoli Talli,Uttarakhand,Journalist,girish.sethi@gmail.com,married,de4aa0c1-77ca-4f94-a8cf-b1243dbb1b6f,child,PAN verification pending
b405272f-893d-4df1-8b26-7eb055351000,AADHAAR-SYN-9490-3174-1624,Rajat Arora,Rajat,Arora,Male,1990-08-19,36,Syoli Talli,Uttarakhand,Auto Rickshaw Driver,rajat.bhattacharya66@hotmail.com,married,de4aa0c1-77ca-4f94-a8cf-b1243dbb1b6f,child,
21edad88-9510-4e28-b048-b85a9fa20cee,AADHAAR-SYN-4301-1085-4105,Aishwarya Viswanathan,Aishwarya,Viswanathan,Female,1969-03-16,57,Syoli Talli,Uttarakhand,Auto Rickshaw Driver,aishwarya.viswanathan@icloud.com,married,505d082b-fde1-4993-b543-7bd48c6f0def,head,
c698a253-26b5-469f-b190-c1ac7b72764a,AADHAAR-SYN-1570-8612-0803,Rakesh Patel,Rakesh,Patel,Male,1980-02-10,46,Kannur Railway Station,Kerala,Electrician,rakesh.patel9@gmail.com,married,def7c032-f5a7-4e52-946d-682ba4b559a6,head,Duplicate entry flagged for review
5d993f23-cce4-4c50-9298-d356aa098d79,AADHAAR-SYN-6835-1708-5972,Soham Unnikrishnan,Soham,Unnikrishnan,Male,2002-06-16,24,Kannur Railway Station,Kerala,Civil Engineer,soham.unnikrishnan@gmail.com,single,def7c032-f5a7-4e52-946d-682ba4b559a6,child,
10945ec6-e78e-4201-904b-77dafb0b0d81,AADHAAR-SYN-3329-0881-9327,Yukta Joshi,Yukta,Joshi,Female,2007-04-06,19,Kannur Railway Station,Kerala,Software Engineer,yukta.joshi@gmail.com,single,def7c032-f5a7-4e52-946d-682ba4b559a6,child,
458167b1-5667-478d-a6bf-4f1e39407e0e,AADHAAR-SYN-4347-7165-7894,Hemant Bhat,Hemant,Bhat,Male,1992-03-27,34,Kannur Railway Station,Kerala,Hotel Staff,hemant.bhat@samsung.com,married,8400dd11-f8cf-4310-a079-0a85f6ec5057,head,
1868b78f-e043-471f-a667-0d0ed4849e30,AADHAAR-SYN-8040-4676-5939,Abhishek Deshmukh,Abhishek,Deshmukh,Male,1961-06-04,65,Kannur Railway Station,Kerala,Nurse,abhishek.deshmukh@icloud.com,married,8375f897-5064-41a8-a988-9d010fa7f93f,head,Record migrated from legacy system
028c0133-fdb0-428a-9169-ec84ac2dbac5,AADHAAR-SYN-4019-2759-9996,Mohan Saini,Mohan,Saini,Male,1988-11-11,38,Kannur Railway Station,Kerala,Salesperson,mohan.saini@icloud.com,single,8375f897-5064-41a8-a988-9d010fa7f93f,child,Voter ID linked
804ffd7e-c368-49c4-b85e-d55a04aae4a8,AADHAAR-SYN-7474-0012-3865,Anand Rao,Anand,Rao,Male,1996-02-16,30,Kannur Railway Station,Kerala,Mechanic,,married,8375f897-5064-41a8-a988-9d010fa7f93f,child,Voter ID linked
cfda4258-bc47-4c3a-86ab-f83d8cf5d706,AADHAAR-SYN-2897-4254-9220,Arun Trivedi,Arun,Trivedi,Male,1981-05-22,45,Kannur Railway Station,Kerala,Retired Government Employee,arun.trivedi13@hotmail.com,married,6c9a0f4c-ee2e-4311-a18a-f1bae66f0d21,head,
7ed3b0c0-5f7f-4da6-a8fb-e0a4925b051d,AADHAAR-SYN-9467-1708-9372,Durga Mehra,Durga,Mehra,Female,1991-06-24,35,Kannur Railway Station,Kerala,Weaver,durga.mehra@gmail.com,married,6c9a0f4c-ee2e-4311-a18a-f1bae66f0d21,spouse,Voter ID linked
2ffa9396-ece3-4954-8c41-84dc6a1a76b2,AADHAAR-SYN-8256-8805-8909,Tarun Malhotra,Tarun,Malhotra,Male,1981-02-22,45,Kannur Railway Station,Kerala,Mechanic,tarun.malhotra33@hotmail.com,married,0b8bee56-889d-472b-9826-e4fcea2601cc,head,
f4061799-830f-4ecf-a262-8c8fb411409d,AADHAAR-SYN-2917-1247-0540,Dhruv Malhotra,Dhruv,Malhotra,Male,1988-08-24,38,Kannur Railway Station,Kerala,Electrician,dhruv.shankar@gmail.com,married,0b8bee56-889d-472b-9826-e4fcea2601cc,spouse,
01ab5fce-8a23-44a9-97a4-7a2ec28875b0,AADHAAR-SYN-6239-4343-3847,Ratna Trivedi,Ratna,Trivedi,Female,1976-06-08,50,Panga,Kerala,Insurance Agent,ratna.trivedi@microsoft.com,single,e46abe13-bb6e-4966-9c99-94cc72859bdc,head,
b0fb70c1-4e38-4b7e-b853-2fa141291205,AADHAAR-SYN-2866-4478-3358,Anish Subramanian,Anish,Subramanian,Male,1980-01-18,46,Panga,Kerala,Plumber,,married,e46abe13-bb6e-4966-9c99-94cc72859bdc,spouse,PAN verification pending
24cdb6fd-17fb-45ff-96cf-6fe82528534b,AADHAAR-SYN-6709-6864-5712,Zeenat Dutta,Zeenat,Dutta,Female,2002-05-04,24,Panga,Kerala,Doctor,zeenat.dutta88@gmail.com,single,e46abe13-bb6e-4966-9c99-94cc72859bdc,child,
e00f17dc-bce4-4dcb-8982-0fa8a8456620,AADHAAR-SYN-7721-6923-2413,Persis Patil,Persis,Patil,Female,2006-05-22,20,Panga,Kerala,College Student,persis.patil@gmail.com,single,e46abe13-bb6e-4966-9c99-94cc72859bdc,child,Record migrated from legacy system
818f6e31-6438-457c-aacd-d9b1673a1c33,AADHAAR-SYN-7190-2631-3986,Kaustubh Kamble,Kaustubh,Kamble,Male,1953-04-15,73,Panga,Kerala,Graphic Designer,kaustubh.kamble@gmail.com,married,b827f6d9-124c-48ed-b97e-edbc27fa61ac,head,
2f1766cf-94dc-4fb8-bab4-2ac89ff707ed,AADHAAR-SYN-6253-9271-2973,Raj Kamble,Raj,Kamble,Male,1969-03-06,57,Panga,Kerala,Police Constable,raj.shetty@gmail.com,married,b827f6d9-124c-48ed-b97e-edbc27fa61ac,child,
af7b264d-5f42-4f03-aaea-0f28942f984f,AADHAAR-SYN-0960-7003-8070,Mahima Kamble,Mahima,Kamble,Female,1987-06-28,39,Panga,Kerala,Electrician,mahima.pillai@gmail.com,married,b827f6d9-124c-48ed-b97e-edbc27fa61ac,child,
0337a9aa-5b4f-47e5-8f62-6328af20b19b,AADHAAR-SYN-5498-0171-6661,Prem Kamble,Prem,Kamble,Male,2000-10-19,26,Panga,Kerala,Transport Contractor,prem.chowdhury@gmail.com,single,b827f6d9-124c-48ed-b97e-edbc27fa61ac,child,Voter ID linked
925087dd-0aef-42ee-ab86-76f6b5571160,AADHAAR-SYN-4325-9309-2213,Ayush Arora,Ayush,Arora,Male,1961-09-08,65,Kurani Buzawade,Maharashtra,Retired Government Employee,ayush.arora52@icloud.com,married,ab3ceceb-3f1b-49d6-9512-502e9bc1450b,head,Duplicate entry flagged for review
ab01ecf7-9163-414b-b504-e68fc5259192,AADHAAR-SYN-6000-1600-9320,Mahesh Dutta,Mahesh,Dutta,Male,2001-08-26,25,Kurani Buzawade,Maharashtra,Doctor,mahesh.dutta@hotmail.com,married,eca5872f-ed76-4fce-a2b1-5044505195a8,head,
3b46d09f-30c7-4c9b-99e4-26c95b3fa25e,AADHAAR-SYN-3629-5880-8561,Aishwarya Vohra,Aishwarya,Vohra,Female,2005-05-11,21,Kurani Buzawade,Maharashtra,Pharmacist,aishwarya.vohra@gmail.com,married,eca5872f-ed76-4fce-a2b1-5044505195a8,spouse,
0b8e726d-b53b-477b-9168-3302c551b6fb,AADHAAR-SYN-4178-3186-2680,Roshni Trivedi,Roshni,Trivedi,Female,1979-11-06,47,Kurani Buzawade,Maharashtra,Homemaker,,divorced,3132272e-5981-46b4-9dd1-f88c1c9db7fd,head,Address updated 2023
8550c4b9-49f5-4c2d-a73d-cce2517f8fbd,AADHAAR-SYN-5463-0054-8199,Sanjit Trivedi,Sanjit,Trivedi,Male,1992-03-26,34,Kurani Buzawade,Maharashtra,Electrician,sanjit.gill89@prudential.com,married,3132272e-5981-46b4-9dd1-f88c1c9db7fd,spouse,
5d7a49cc-e00c-423c-8632-17d333e61075,AADHAAR-SYN-6069-1973-2178,Abhay Garg,Abhay,Garg,Male,1976-04-18,50,Kurani Buzawade,Maharashtra,Retired Government Employee,,married,c3d8922e-0bc5-4504-8be8-0dfe8e2e62f8,head,Address updated 2023
1da61097-56d3-445b-8d48-61f56db9919c,AADHAAR-SYN-1787-5512-3379,Girish Garg,Girish,Garg,Male,1987-11-08,39,Kurani Buzawade,Maharashtra,Software Engineer,girish.hegde@gmail.com,single,c3d8922e-0bc5-4504-8be8-0dfe8e2e62f8,spouse,
ea50060f-e198-4a05-a709-d029bb377831,AADHAAR-SYN-5159-8785-2284,Gaurav Garg,Gaurav,Garg,Male,1996-07-05,30,Kurani Buzawade,Maharashtra,Software Engineer,gaurav.rajaraman@icloud.com,married,c3d8922e-0bc5-4504-8be8-0dfe8e2e62f8,child,
b3e2dabb-54e4-4cdb-9c2a-0c35250aa2b5,AADHAAR-SYN-0478-8447-9611,Sushila Kohli,Sushila,Kohli,Female,1985-04-05,41,Kotaseetharampuram,Andhra Pradesh,Doctor,sushila.kohli@icloud.com,single,e7e4c45e-851b-4fdc-951d-77a6a9cc609f,head,
4f296a56-1fa0-4210-bf26-794861875d6f,AADHAAR-SYN-0447-9159-7258,Chandan Shetty,Chandan,Shetty,Male,1977-01-03,49,Kotaseetharampuram,Andhra Pradesh,Homemaker,chandan.shetty@icloud.com,married,5e0e05b0-6e5b-477b-ba06-9eb9569dacbc,head,Aadhaar mobile number update pending
b4d9fca8-035d-4f22-a67d-6a7aa337fdff,AADHAAR-SYN-7148-4935-0322,Mihir Shetty,Mihir,Shetty,Male,1985-08-02,41,Kotaseetharampuram,Andhra Pradesh,Accountant,mihir.subramanian@amgen.com,single,5e0e05b0-6e5b-477b-ba06-9eb9569dacbc,spouse,Duplicate entry flagged for review
3b9570e4-5e66-4ae6-a9fa-d6da77abe7c3,AADHAAR-SYN-9856-9590-9054,Lokesh Shetty,Lokesh,Shetty,Male,1998-09-16,28,Kotaseetharampuram,Andhra Pradesh,Journalist,lokesh.sahoo@outlook.com,married,5e0e05b0-6e5b-477b-ba06-9eb9569dacbc,child,Aadhaar mobile number update pending
79ab7392-8c6a-4acd-8344-84ea92d6fee3,AADHAAR-SYN-2255-7833-6473,Geeta Shetty,Geeta,Shetty,Female,2000-12-25,26,Kotaseetharampuram,Andhra Pradesh,Fisherman,geeta.pattnaik20@icloud.com,married,5e0e05b0-6e5b-477b-ba06-9eb9569dacbc,child,
7082cec9-293d-4983-87dc-bd34e543485c,AADHAAR-SYN-4817-9205-1052,Aniket Shetty,Aniket,Shetty,Male,2002-05-20,24,Kotaseetharampuram,Andhra Pradesh,Salesperson,aniket.gupta@hotmail.com,single,5e0e05b0-6e5b-477b-ba06-9eb9569dacbc,child,
61bb3299-d676-4a30-b116-2dff61424c18,AADHAAR-SYN-8655-3368-1985,Prem Nair,Prem,Nair,Male,1976-12-21,50,Kotaseetharampuram,Andhra Pradesh,Graphic Designer,prem.nair@gmail.com,widowed,8de78b48-cc1b-4458-8d47-694ba9f71173,head,Aadhaar mobile number update pending
13e6c2ab-5fd2-41ba-acc5-6113b9b3c0b8,AADHAAR-SYN-0563-0258-2964,Uday Chawla,Uday,Chawla,Male,1992-08-17,34,Kotaseetharampuram,Andhra Pradesh,Postal Worker,uday.chawla@yahoo.com,married,8de78b48-cc1b-4458-8d47-694ba9f71173,child,
195188b6-490a-4f89-932f-0a1f50aba928,AADHAAR-SYN-0860-9100-1838,Ram Sheikh,Ram,Sheikh,Male,1993-04-13,33,Kotaseetharampuram,Andhra Pradesh,Retired Government Employee,ram.sheikh@icloud.com,single,8de78b48-cc1b-4458-8d47-694ba9f71173,child,
1d81b4ed-c0fc-463d-ac33-b790781668cd,AADHAAR-SYN-9267-2811-6433,Kunal Rajput,Kunal,Rajput,Male,1999-08-09,27,Kotaseetharampuram,Andhra Pradesh,Courier Service Operator,kunal.rajput77@volkswagen.com,married,8de78b48-cc1b-4458-8d47-694ba9f71173,child,
ffcb4fbd-e697-46ce-93fe-1e8ab330c056,AADHAAR-SYN-5279-9112-6542,Bharati Sengupta,Bharati,Sengupta,Female,2003-11-10,23,Kotaseetharampuram,Andhra Pradesh,Police Constable,bharati.sengupta93@yahoo.com,married,8de78b48-cc1b-4458-8d47-694ba9f71173,child,
5629d060-1b25-465e-a809-ac44e2184e36,AADHAAR-SYN-2960-4563-2857,Aniket Bhat,Aniket,Bhat,Male,1971-11-16,55,Kotaseetharampuram,Andhra Pradesh,Government Clerk,aniket.bhat@gmail.com,married,93c2eeb5-09ac-4c68-822c-50cbd18378b1,head,Voter ID linked
c84075c7-278d-44dc-9a08-6a1d2ae63c22,AADHAAR-SYN-0463-7354-7549,Shreyas Bhat,Shreyas,Bhat,Male,1984-05-18,42,Kotaseetharampuram,Andhra Pradesh,Retired Government Employee,shreyas.pattnaik@gmail.com,married,93c2eeb5-09ac-4c68-822c-50cbd18378b1,spouse,Aadhaar mobile number update pending
aa3633ce-4cc8-4523-b090-611e09ceafe9,AADHAAR-SYN-0344-6191-6709,Yuvraj Naidu,Yuvraj,Naidu,Male,1993-05-24,33,N C Line,Uttar Pradesh,Librarian,yuvraj.naidu@gmail.com,married,ceaa24b1-ee5a-4deb-92e3-376151706dc7,head,Voter ID linked
a52232f9-b886-4f36-ba3b-36c86b38c255,AADHAAR-SYN-9752-4332-9652,Soham Deshmukh,Soham,Deshmukh,Male,2002-04-14,24,N C Line,Uttar Pradesh,Auto Rickshaw Driver,soham.deshmukh16@hotmail.com,single,ceaa24b1-ee5a-4deb-92e3-376151706dc7,spouse,Address updated 2023
dcb5fa28-849b-4f4c-b099-f2c540a9bdbc,AADHAAR-SYN-4555-8173-7995,Deepak Jain,Deepak,Jain,Male,2008-06-14,18,N C Line,Uttar Pradesh,College Student,deepak.jain@gmail.com,single,ceaa24b1-ee5a-4deb-92e3-376151706dc7,sibling,
79918039-a111-4ec8-ba6f-8afd77e6e1b4,AADHAAR-SYN-1266-2567-4493,Gopal Viswanathan,Gopal,Viswanathan,Male,1979-12-04,47,N C Line,Uttar Pradesh,Fisherman,gopal.viswanathan@aol.com,widowed,5daf487d-3b80-48e1-94fc-a9e5f7bd3d19,head,Voter ID linked
6da2a43c-3bff-4bc9-b9d0-5d6b9b496b89,AADHAAR-SYN-7938-0581-6281,Vinita Viswanathan,Vinita,Viswanathan,Female,1986-01-10,40,N C Line,Uttar Pradesh,Postal Worker,vinita.prasad16@icloud.com,married,5daf487d-3b80-48e1-94fc-a9e5f7bd3d19,spouse,Duplicate entry flagged for review
8ae14692-e39d-4e45-9064-5c87a0ddb8ee,AADHAAR-SYN-0133-5984-2499,Veer Krishnan,Veer,Krishnan,Male,2000-01-26,26,N C Line,Uttar Pradesh,Homemaker,veer.krishnan@gmail.com,single,27647f28-5043-477a-93ee-ceee2d6fc7c4,head,Address updated 2023
6d430053-72a4-4dec-afd7-5fb11617c796,AADHAAR-SYN-8599-2247-5631,Mohan Menon,Mohan,Menon,Male,1979-10-10,47,N C Line,Uttar Pradesh,Insurance Agent,mohan.menon@icloud.com,widowed,530b3841-7726-4f30-a9c8-aa41f86ae696,head,
6fe85358-07af-44e3-b39c-17cdbeff45dc,AADHAAR-SYN-4416-2334-4708,Pratham Panicker,Pratham,Panicker,Male,1998-05-21,28,N C Line,Uttar Pradesh,School Teacher,pratham.panicker@gmail.com,divorced,09a13579-8b51-4168-9677-94b10e8621bc,head,Voter ID linked
635e45b9-affe-4a6b-8d36-f3adf8ebf039,AADHAAR-SYN-3492-4872-4555,Sonal Kaul,Sonal,Kaul,Female,1951-10-20,75,Kadammanitta,Kerala,Librarian,sonal.kaul@icloud.com,married,338bc9ac-8c02-41c0-9cda-613aea560a36,head,
e790daca-4fdf-4fe2-8a2d-69f15274c7b4,AADHAAR-SYN-2217-9009-0946,Sanjay Shinde,Sanjay,Shinde,Male,1964-06-17,62,Kadammanitta,Kerala,Shopkeeper,,divorced,338bc9ac-8c02-41c0-9cda-613aea560a36,spouse,
c9fa96c9-d104-434d-98fd-5b31768aee4b,AADHAAR-SYN-6464-8389-2677,Renuka Grewal,Renuka,Grewal,Female,1978-12-03,48,Kadammanitta,Kerala,Graphic Designer,renuka.grewal@gmail.com,widowed,338bc9ac-8c02-41c0-9cda-613aea560a36,child,
6b9373c9-b1fb-429a-ae3b-9bfbdb8989a9,AADHAAR-SYN-8610-2071-7742,Pramila Gill,Pramila,Gill,Female,1997-08-24,29,Kadammanitta,Kerala,Chef,pramila.gill74@nvidia.com,married,338bc9ac-8c02-41c0-9cda-613aea560a36,child,
43d7c3eb-4572-4804-9122-1309bdfe0958,AADHAAR-SYN-9162-6656-5887,Mahesh Senapati,Mahesh,Senapati,Male,1965-11-25,61,Kadammanitta,Kerala,College Student,mahesh.senapati@gmail.com,married,78df5fc0-9e16-4f1c-91d7-fdd81eeb1e44,head,Address updated 2023
393b9876-1252-4a13-8f84-31bef9ca291f,AADHAAR-SYN-1209-6365-9236,Piyush Senapati,Piyush,Senapati,Male,1986-10-05,40,Kadammanitta,Kerala,Mechanic,piyush.gaikwad@icloud.com,married,78df5fc0-9e16-4f1c-91d7-fdd81eeb1e44,child,
d0dfa5ab-bb60-4695-ac8f-6e342e9ff019,AADHAAR-SYN-1318-9686-5792,Aadi Singhal,Aadi,Singhal,Male,1989-07-16,37,Kadammanitta,Kerala,Delivery Executive,aadi.singhal38@gmail.com,single,62fd8e46-e13b-429e-9090-7a2e0a102cf5,head,Aadhaar mobile number update pending
15a13b90-ff12-4df7-b12d-72386c6c91a0,AADHAAR-SYN-7405-0583-0875,Rajiv Singhal,Rajiv,Singhal,Male,1997-05-15,29,Kadammanitta,Kerala,Chef,rajiv.nayak@icloud.com,married,62fd8e46-e13b-429e-9090-7a2e0a102cf5,spouse,
c30f93fc-7588-4e08-8137-c727286b8da5,AADHAAR-SYN-4698-0934-6072,Pallav Singh,Pallav,Singh,Male,1962-08-07,64,Lasiyari,Uttarakhand,Fisherman,pallav.singh@verizon.net,married,6e15e896-2165-415b-b689-23ef627d202d,head,Voter ID linked
f4c2cbd3-ce94-4cba-a2c7-c87b4afc0fd0,AADHAAR-SYN-2004-8102-2984,Vandana Singh,Vandana,Singh,Female,1974-08-04,52,Lasiyari,Uttarakhand,Chef,vandana.ali@gmail.com,married,6e15e896-2165-415b-b689-23ef627d202d,spouse,
1fb07f3b-fccd-4edf-81e9-49e79dba6cf5,AADHAAR-SYN-4202-8172-7632,Hardik Singh,Hardik,Singh,Male,1992-04-24,34,Lasiyari,Uttarakhand,Homemaker,hardik.natarajan@yahoo.com,single,6e15e896-2165-415b-b689-23ef627d202d,child,
36d82d1c-4709-432a-b4e9-836febf9b4f6,AADHAAR-SYN-3895-0721-7002,Kartik Tiwari,Kartik,Tiwari,Male,1974-12-13,52,Lasiyari,Uttarakhand,Tailor,kartik.tiwari34@icloud.com,married,2b6e9f36-1e8b-49fc-8607-4176b8d95776,head,
88b49a08-d024-4406-a524-28d30cbe124f,AADHAAR-SYN-0259-6220-1361,Manav Acharya,Manav,Acharya,Male,1946-01-19,80,Angbrashu,Manipur,Hotel Staff,manav.acharya@icloud.com,widowed,c8be157f-444c-44bb-a24b-b000d66b3372,head,
10dcf325-ae8c-493c-b9fd-8c8bf9f919e2,AADHAAR-SYN-8732-2653-2712,Shashank Qureshi,Shashank,Qureshi,Male,1963-10-15,63,Angbrashu,Manipur,Security Guard,shashank.qureshi96@gmail.com,married,c8be157f-444c-44bb-a24b-b000d66b3372,child,
a95727d1-f69f-4a69-b79a-ab2d1a0b3b62,AADHAAR-SYN-3840-1195-5028,Akash Aggarwal,Akash,Aggarwal,Male,1992-07-27,34,Angbrashu,Manipur,Government Clerk,akash.aggarwal@gmail.com,married,c8be157f-444c-44bb-a24b-b000d66b3372,child,
73a9bb5d-c90f-4d0c-ace7-dd625d908332,AADHAAR-SYN-3334-4964-4169,Aadi Brar,Aadi,Brar,Male,1998-06-04,28,Angbrashu,Manipur,Nurse,aadi.brar@gmail.com,divorced,900eabc9-25bd-4737-a051-0f23171889bc,head,
9b7d09ba-06fb-424f-9219-ebb5caabeb7e,AADHAAR-SYN-0520-1927-9413,Sanjit Gokhale,Sanjit,Gokhale,Male,1956-11-05,70,Angbrashu,Manipur,Journalist,sanjit.gokhale@icloud.com,married,e60587a9-22d1-4baf-97b6-e090a82106ff,head,
95d0131b-b6e1-4aea-9a27-b55c3d7e1723,AADHAAR-SYN-0182-9222-1108,Vivaan Gokhale,Vivaan,Gokhale,Male,1976-09-09,50,Angbrashu,Manipur,Homemaker,vivaan.ahmed@gmail.com,married,e60587a9-22d1-4baf-97b6-e090a82106ff,child,
a415cb19-e850-4cff-805f-519a29d5c8c6,AADHAAR-SYN-5512-5599-6129,Ankur Gokhale,Ankur,Gokhale,Male,1991-11-07,35,Angbrashu,Manipur,Civil Engineer,ankur.ali@google.com,married,e60587a9-22d1-4baf-97b6-e090a82106ff,child,
17af9a5e-69fe-4bf4-ab33-d573933a7e3e,AADHAAR-SYN-0856-5489-3690,Shweta Gokhale,Shweta,Gokhale,Female,1998-07-23,28,Angbrashu,Manipur,Salesperson,shweta.qureshi@gmail.com,married,e60587a9-22d1-4baf-97b6-e090a82106ff,child,
6069a417-b0de-4142-9ec0-9fe18b842dff,AADHAAR-SYN-0052-8599-4057,Rishi Gokhale,Rishi,Gokhale,Male,2004-06-23,22,Angbrashu,Manipur,College Student,rishi.kamath@gmail.com,single,e60587a9-22d1-4baf-97b6-e090a82106ff,child,Duplicate entry flagged for review
64682cf5-fea8-41a1-bdcd-7f338397ecb2,AADHAAR-SYN-7552-6784-3539,Akhil Shukla,Akhil,Shukla,Male,1993-11-28,33,Angbrashu,Manipur,Accountant,akhil.shukla62@gmail.com,single,facc5c67-0924-4e3e-b3ea-9980acfe6459,head,Record migrated from legacy system
b974a4fe-d224-49b8-98a4-c692f3c90e8c,AADHAAR-SYN-9501-9522-6533,Vivek Bhatt,Vivek,Bhatt,Male,1965-03-12,61,Angbrashu,Manipur,Doctor,vivek.bhatt@gmail.com,married,7687a7d8-2dcf-4d50-9516-536a6e4173cc,head,Aadhaar mobile number update pending
ffbfe67c-24fc-436d-a893-47bc3ed86707,AADHAAR-SYN-2286-5542-2701,Kunal Bhatt,Kunal,Bhatt,Male,1986-05-19,40,Angbrashu,Manipur,Chef,kunal.ahmed64@gmail.com,single,7687a7d8-2dcf-4d50-9516-536a6e4173cc,child,
7fb4a98d-a109-42d4-9b57-dbd65a0fc22d,AADHAAR-SYN-9675-3063-4347,Roopa Mitra,Roopa,Mitra,Female,1968-04-01,58,Dhamrancha,Maharashtra,Police Constable,roopa.mitra@icloud.com,married,2725a334-3208-4a03-98ea-2900e8c47de1,head,
cd9206f8-f434-4678-89e0-e46d105709b8,AADHAAR-SYN-5813-8476-4422,Rahul Mitra,Rahul,Mitra,Male,1979-04-26,47,Dhamrancha,Maharashtra,Pharmacist,rahul.thakur@gmail.com,married,2725a334-3208-4a03-98ea-2900e8c47de1,spouse,
6e63d851-6891-42e9-8a11-762fad901515,AADHAAR-SYN-2690-4416-7369,Krishna Parthasarathy,Krishna,Parthasarathy,Male,1992-09-15,34,Dhamrancha,Maharashtra,Weaver,krishna.parthasarathy27@gmail.com,married,fb1e8399-7409-475d-a0d6-3b1ea1bcb449,head,
debded6d-56fd-432d-8a01-c7c6ebb6f138,AADHAAR-SYN-4194-4606-8567,Ram Raina,Ram,Raina,Male,1961-01-27,65,Dhamrancha,Maharashtra,Doctor,ram.raina@gmail.com,married,41ab8655-1a84-46b4-96ae-97730b8e35f7,head,
d1c907c9-fb52-4580-839c-d2a01396ca59,AADHAAR-SYN-3642-5594-3740,Vishnu Pattnaik,Vishnu,Pattnaik,Male,1946-03-25,80,Salma,West Bengal,Librarian,vishnu.pattnaik@gmail.com,married,58c34792-773a-4c25-8e0d-314fa6b49dad,head,
aaa7cbd2-9052-4d14-883d-36f3725edd12,AADHAAR-SYN-2364-8850-0468,Parveen Pattnaik,Parveen,Pattnaik,Female,1956-11-25,70,Salma,West Bengal,Homemaker,parveen.saxena71@gmail.com,married,58c34792-773a-4c25-8e0d-314fa6b49dad,spouse,
8171e26b-7d4e-41ed-a931-f0414f85531a,AADHAAR-SYN-0439-6699-4768,Padma Pattnaik,Padma,Pattnaik,Female,1980-05-27,46,Salma,West Bengal,Scrap Dealer,padma.nayak@icloud.com,married,58c34792-773a-4c25-8e0d-314fa6b49dad,child,
bee57f7c-4a33-4cbd-b063-d6c977085918,AADHAAR-SYN-1249-8466-5198,Mahima Sarkar,Mahima,Sarkar,Female,1966-02-14,60,Salma,West Bengal,Auto Rickshaw Driver,mahima.sarkar@sony.com,married,6a5ffc46-bb13-4f03-80e2-4a5f1402bd19,head,
2bb1e476-dc2e-4d44-8fc3-0d9281e7e8d9,AADHAAR-SYN-0048-3853-2908,Nilesh Alam,Nilesh,Alam,Male,1977-09-18,49,Salma,West Bengal,Retired Government Employee,nilesh.alam45@gmail.com,married,6a5ffc46-bb13-4f03-80e2-4a5f1402bd19,spouse,
3774b46b-1d20-48e2-a3b0-681118382340,AADHAAR-SYN-5596-8220-6468,Amit Aggarwal,Amit,Aggarwal,Male,1978-07-06,48,Salma,West Bengal,Bank Employee,amit.aggarwal@aol.com,divorced,25486dd6-651f-41b1-96a2-22a283b36e36,head,
d5240b93-2763-4776-8ea0-a46c20cb55cb,AADHAAR-SYN-5807-8169-0865,Rishabh Aggarwal,Rishabh,Aggarwal,Male,2005-12-23,21,Salma,West Bengal,College Student,rishabh.sahoo@yahoo.com,single,25486dd6-651f-41b1-96a2-22a283b36e36,child,PAN verification pending
9741982e-8ae7-4bc1-a9be-edd46ea29cd4,AADHAAR-SYN-2785-1839-3873,Harini Rathore,Harini,Rathore,Female,1980-02-06,46,Jangle Agahi,Uttar Pradesh,Bank Employee,harini.rathore@microsoft.com,married,750e3c79-23f0-4ce5-9c58-eb2d05a8884e,head,Address updated 2023
555723f9-c3e6-4db2-98c6-ba3af8dbdce9,AADHAAR-SYN-7988-6491-9368,Arun Subramanian,Arun,Subramanian,Male,1965-11-02,61,Jangle Agahi,Uttar Pradesh,Chef,arun.subramanian@gmail.com,married,82430dc8-111e-4a4e-b4d0-2d333b2a6090,head,Record migrated from legacy system
0a66a65e-11f1-4a7f-81a0-4ec040ff15a1,AADHAAR-SYN-4447-5739-1836,Sanjit Subramanian,Sanjit,Subramanian,Male,1967-02-16,59,Jangle Agahi,Uttar Pradesh,Pharmacist,sanjit.mehra93@outlook.com,married,82430dc8-111e-4a4e-b4d0-2d333b2a6090,spouse,
ba0c948a-1521-4f6c-b9cd-fb28b66ce88c,AADHAAR-SYN-8484-9901-2514,Manisha Subramanian,Manisha,Subramanian,Female,1981-03-05,45,Jangle Agahi,Uttar Pradesh,Graphic Designer,manisha.kulkarni58@gmail.com,married,82430dc8-111e-4a4e-b4d0-2d333b2a6090,child,Aadhaar mobile number update pending
ee3228c7-411e-409d-ac4a-86e968696940,AADHAAR-SYN-0066-4415-9287,Devesh Subramanian,Devesh,Subramanian,Male,1996-03-24,30,Jangle Agahi,Uttar Pradesh,Carpenter,devesh.chauhan@gmail.com,married,82430dc8-111e-4a4e-b4d0-2d333b2a6090,child,Record migrated from legacy system
eea666fb-5087-4272-ad58-2be04273e478,AADHAAR-SYN-7765-4535-6331,Anirudh Ansari,Anirudh,Ansari,Male,1994-06-10,32,Jangle Agahi,Uttar Pradesh,Security Guard,,married,0961607d-8e3d-4750-9ec0-2646db85e8e4,head,PAN verification pending
02ce7ca0-238f-4f13-b290-6d2806fe66fe,AADHAAR-SYN-3696-0553-6227,Pooja Chowdhury,Pooja,Chowdhury,Female,1972-07-19,54,Jangle Agahi,Uttar Pradesh,Farmer,pooja.chowdhury@gmail.com,single,c9a52917-00ab-4b66-a779-d2db45616808,head,
71ca9b1d-db04-4eaf-8500-9080bd12ad54,AADHAAR-SYN-0416-5549-1247,Nishant Chowdhury,Nishant,Chowdhury,Male,1974-03-05,52,Jangle Agahi,Uttar Pradesh,Security Guard,nishant.mohammad46@gmail.com,married,c9a52917-00ab-4b66-a779-d2db45616808,spouse,PAN verification pending
398ff9cf-77e3-4b69-94ee-5b1f00e22bc8,AADHAAR-SYN-3688-9655-7249,Ashwin Viswanathan,Ashwin,Viswanathan,Male,1949-04-07,77,Anara RS,West Bengal,Postal Worker,ashwin.viswanathan@gmail.com,married,67b54ae3-3076-42e7-b097-a7038df4c070,head,
311d40d3-f8d3-44a7-8847-d0dda57dbbd7,AADHAAR-SYN-7583-1189-4629,Bharat Pillai,Bharat,Pillai,Male,1979-06-08,47,Anara RS,West Bengal,Bank Employee,bharat.pillai@gmail.com,married,67b54ae3-3076-42e7-b097-a7038df4c070,child,
a5bb41e9-6404-4dab-8deb-90cac16ad12f,AADHAAR-SYN-7973-1120-5076,Umesh Bhatia,Umesh,Bhatia,Male,2008-06-08,18,Anara RS,West Bengal,College Student,umesh.bhatia@gmail.com,married,67b54ae3-3076-42e7-b097-a7038df4c070,child,
6ee5e10f-11c3-4977-b838-b18b179ad40b,AADHAAR-SYN-8355-4569-9109,Raj Thakur,Raj,Thakur,Male,1984-06-18,42,Anara RS,West Bengal,Software Engineer,raj.thakur@icloud.com,married,fd3f3324-02a9-447f-8d3c-8558c7ee2212,head,
11e28d1e-dbbf-4e4b-9b26-d2a554c297d4,AADHAAR-SYN-2280-9334-2599,Tanmay Thakur,Tanmay,Thakur,Male,2000-03-01,26,Anara RS,West Bengal,Shopkeeper,tanmay.kulkarni@aol.com,single,fd3f3324-02a9-447f-8d3c-8558c7ee2212,child,
33784a07-27e3-4c57-ad99-8faa9bd82524,AADHAAR-SYN-0302-2427-2164,Krunal Thakur,Krunal,Thakur,Male,2005-08-10,21,Anara RS,West Bengal,Journalist,krunal.khan91@yahoo.com,single,fd3f3324-02a9-447f-8d3c-8558c7ee2212,child,
74a759be-4a3e-4e5e-bffe-5a23d121b7bf,AADHAAR-SYN-8996-6100-5231,Milind Parida,Milind,Parida,Male,1990-02-04,36,Mailam,Tamil Nadu,Graphic Designer,milind.parida@gmail.com,married,b71c591d-48ed-482d-886f-c1a64b3a8b8d,head,
9f318cbd-4f5a-4c2a-910f-f13988bd05c2,AADHAAR-SYN-9756-7778-8985,Abhishek Parida,Abhishek,Parida,Male,1993-10-09,33,Mailam,Tamil Nadu,Electrician,abhishek.dubey60@gmail.com,married,b71c591d-48ed-482d-886f-c1a64b3a8b8d,spouse,
4f32a90d-b8f6-4eab-afcb-c297541f4b4d,AADHAAR-SYN-5717-0708-0212,Rajeshwari Parida,Rajeshwari,Parida,Female,1994-04-22,32,Mailam,Tamil Nadu,Software Engineer,rajeshwari.mukherjee@aol.com,married,b71c591d-48ed-482d-886f-c1a64b3a8b8d,sibling,Aadhaar mobile number update pending
a4df7d87-34bc-47a4-b7ee-ea24387b8f86,AADHAAR-SYN-0270-5460-4693,Gul Parida,Gul,Parida,Female,1998-11-16,28,Mailam,Tamil Nadu,Civil Engineer,gul.sengupta@gmail.com,single,b71c591d-48ed-482d-886f-c1a64b3a8b8d,sibling,
7ac77217-ccc7-4bf3-9fe3-29adfcaef911,AADHAAR-SYN-3764-3164-7026,Aniket Mohammad,Aniket,Mohammad,Male,1983-04-22,43,Mailam,Tamil Nadu,Postal Worker,aniket.mohammad38@icloud.com,married,4774acc0-f9f8-485d-a93a-ceaed4423c86,head,
dea7aff2-2903-4051-879d-6aff74a4450b,AADHAAR-SYN-0983-6765-3302,Bharat Mohammad,Bharat,Mohammad,Male,1996-06-03,30,Mailam,Tamil Nadu,Plumber,bharat.iyer@gmail.com,divorced,4774acc0-f9f8-485d-a93a-ceaed4423c86,spouse,
ae4417d6-a16d-4a5f-b6c5-84f935be6807,AADHAAR-SYN-3010-2335-3009,Kareena Dutta,Kareena,Dutta,Female,1965-04-22,61,Korai,Uttar Pradesh,Nurse,kareena.dutta30@yahoo.com,married,68493565-3904-4959-9cae-96ae7422e866,head,Record migrated from legacy system
0d32c1fc-9e18-4cba-9143-602dc60bacec,AADHAAR-SYN-7817-1910-0644,Vinay Mehta,Vinay,Mehta,Male,2004-08-18,22,Korai,Uttar Pradesh,Carpenter,vinay.mehta@gmail.com,single,68493565-3904-4959-9cae-96ae7422e866,child,Aadhaar mobile number update pending
9b0bf260-d207-4388-b0e4-09b7d8afbc22,AADHAAR-SYN-0275-5396-4724,Tarun Patel,Tarun,Patel,Male,1951-03-07,75,Korai,Uttar Pradesh,Farmer,,married,0e36f276-0893-4bb4-96be-dfaa5c813a58,head,
a9ce7ac9-d42d-4e11-8a1b-7c946bb0ffe6,AADHAAR-SYN-4773-6907-2651,Yashodhara Patel,Yashodhara,Patel,Female,1971-07-16,55,Korai,Uttar Pradesh,Postal Worker,yashodhara.kelkar@hotmail.com,widowed,0e36f276-0893-4bb4-96be-dfaa5c813a58,child,
abc1eaa7-7c98-4b48-9e64-3b8bad8ac949,AADHAAR-SYN-1183-9200-7762,Nakul Patel,Nakul,Patel,Male,1984-12-05,42,Korai,Uttar Pradesh,School Teacher,nakul.mishra@oracle.com,married,0e36f276-0893-4bb4-96be-dfaa5c813a58,child,
425019a5-fb8a-4d51-85c7-18e30f34092f,AADHAAR-SYN-8783-0941-6992,Krishna Joshi,Krishna,Joshi,Male,1966-06-10,60,Korai,Uttar Pradesh,Nurse,krishna.joshi@icloud.com,married,a4ff5c7c-c69b-45c8-b149-cb9a909481e5,head,
5b93f167-8bd7-422b-8fad-e9d2e135b082,AADHAAR-SYN-3995-5273-1195,Swapna Chauhan,Swapna,Chauhan,Female,1966-02-11,60,Shenbagapudur,Tamil Nadu,Nurse,swapna.chauhan@gmail.com,married,4ed035c2-5d7a-4f9d-bbbb-70855d6cb7cc,head,Duplicate entry flagged for review
94188fcb-b502-4aee-8cc5-2bc99075b9d6,AADHAAR-SYN-4869-1291-7273,Neetu Sawant,Neetu,Sawant,Female,1971-11-15,55,Shenbagapudur,Tamil Nadu,Journalist,neetu.sawant@icloud.com,married,4ed035c2-5d7a-4f9d-bbbb-70855d6cb7cc,spouse,Voter ID linked
77342270-dc3d-4670-b49f-2d37bb1658ca,AADHAAR-SYN-3295-9402-2809,Kamini Patil,Kamini,Patil,Female,1989-08-01,37,Shenbagapudur,Tamil Nadu,Software Engineer,kamini.patil@t-mobile.com,married,4ed035c2-5d7a-4f9d-bbbb-70855d6cb7cc,child,
d3dc77bf-eafe-4ae5-8807-a924215509bb,AADHAAR-SYN-0414-7450-1451,Mohini Biswal,Mohini,Biswal,Female,1977-05-12,49,Shenbagapudur,Tamil Nadu,Government Clerk,mohini.biswal@gmail.com,married,51f74ad2-03fd-45aa-ac12-af89dd230f77,head,
3054a13e-230e-4bca-9767-5d49cc8efd92,AADHAAR-SYN-2642-5817-0917,Amina Srivastava,Amina,Srivastava,Female,1983-09-26,43,Shenbagapudur,Tamil Nadu,Nurse,amina.srivastava@gmail.com,married,51f74ad2-03fd-45aa-ac12-af89dd230f77,spouse,
f3c570fb-107c-4277-b0bd-17ecf963f4cf,AADHAAR-SYN-3128-0966-3556,Aryan Swamy,Aryan,Swamy,Male,1987-08-14,39,Shenbagapudur,Tamil Nadu,Mechanic,aryan.swamy@gmail.com,single,51f74ad2-03fd-45aa-ac12-af89dd230f77,sibling,PAN verification pending
4d77e74b-737e-47f3-8665-1c9e9e9dd5e3,AADHAAR-SYN-2132-8307-6234,Rahul Sawant,Rahul,Sawant,Male,1971-05-24,55,Shenbagapudur,Tamil Nadu,Police Constable,rahul.sawant84@hotmail.com,married,69c75fa7-e20f-41e5-b489-def872ee5624,head,Duplicate entry flagged for review
35167326-b12b-4e96-975c-62801885a181,AADHAAR-SYN-6873-0051-1692,Lalit Pathan,Lalit,Pathan,Male,2002-06-04,24,Ramanathapuram,Tamil Nadu,Tailor,lalit.pathan@hotmail.com,single,ed6d94d8-9e18-44d0-bdfa-fe180c79e326,head,
f1c254f8-6d94-4a8b-ad09-cbf23ec26df1,AADHAAR-SYN-3490-3663-0666,Mukesh Acharya,Mukesh,Acharya,Male,1952-02-18,74,Ramanathapuram,Tamil Nadu,Police Constable,mukesh.acharya60@outlook.com,married,22bfa827-75eb-4d8a-9e0e-0b39af886052,head,Record migrated from legacy system
0163f435-0730-42c5-b9c8-33cdbcfa29a1,AADHAAR-SYN-6252-3008-5569,Ishaan Acharya,Ishaan,Acharya,Male,1977-06-06,49,Ramanathapuram,Tamil Nadu,Delivery Executive,ishaan.mazumdar@microsoft.com,married,22bfa827-75eb-4d8a-9e0e-0b39af886052,child,
774732db-ca95-40b5-b0b6-2a0b0fd5b157,AADHAAR-SYN-2938-3346-5176,Raj Acharya,Raj,Acharya,Male,1982-11-20,44,Ramanathapuram,Tamil Nadu,Farmer,raj.bhat@gmail.com,married,22bfa827-75eb-4d8a-9e0e-0b39af886052,child,
09cf52b2-35c8-430d-a161-2fad77014993,AADHAAR-SYN-4752-6220-9000,Kajal Acharya,Kajal,Acharya,Female,1985-07-27,41,Ramanathapuram,Tamil Nadu,Graphic Designer,kajal.menon73@vmware.com,married,22bfa827-75eb-4d8a-9e0e-0b39af886052,child,
2155aaf5-ee51-4357-9110-9dcfd2eb3383,AADHAAR-SYN-0378-5973-2932,Siddharth Acharya,Siddharth,Acharya,Male,1995-12-15,31,Ramanathapuram,Tamil Nadu,Fisherman,siddharth.natarajan@twc.com,married,22bfa827-75eb-4d8a-9e0e-0b39af886052,child,
9205a069-02cf-4ea2-b52e-ccdfca8acc6c,AADHAAR-SYN-7446-4121-5371,Chetan Hussain,Chetan,Hussain,Male,1997-01-19,29,Ramanathapuram,Tamil Nadu,Plumber,chetan.hussain@gmail.com,married,d7f9d768-e260-42a4-8158-9fb22a4b4567,head,
c9af5b97-6a34-4698-9959-3bd8e698d1cf,AADHAAR-SYN-7073-9216-2812,Sahil Agrawal,Sahil,Agrawal,Male,1969-06-28,57,Kamandanga,Assam,Carpenter,sahil.agrawal@microsoft.com,married,007f7549-c285-4dbb-9ada-b0149d52aa9e,head,
708eaa95-5b85-426f-8863-b3de9c6b425b,AADHAAR-SYN-7972-3844-3603,Chetan Garg,Chetan,Garg,Male,1980-12-08,46,Kamandanga,Assam,Mechanic,chetan.garg@gmail.com,married,007f7549-c285-4dbb-9ada-b0149d52aa9e,spouse,Aadhaar mobile number update pending
4de427a7-4934-4361-903c-b9bd78b2b638,AADHAAR-SYN-5660-2123-0677,Ashok Kurup,Ashok,Kurup,Male,1981-11-16,45,Kamandanga,Assam,College Student,ashok.kurup@yahoo.com,married,007f7549-c285-4dbb-9ada-b0149d52aa9e,sibling,
fb3911ba-8769-45a5-ad03-55563c7de121,AADHAAR-SYN-6856-1963-7087,Sana Desai,Sana,Desai,Female,1998-04-19,28,Kamandanga,Assam,Commission Agent,sana.desai@gmail.com,married,a14d2ae0-541f-4c36-b646-88bb21ced804,head,
1cc4a8cd-43f4-4668-bff7-0e8e1d57eeed,AADHAAR-SYN-6581-9453-1444,Shankar Rajput,Shankar,Rajput,Male,2007-08-07,19,Kamandanga,Assam,College Student,shankar.rajput49@gmail.com,single,a14d2ae0-541f-4c36-b646-88bb21ced804,spouse,Voter ID linked
240d269c-b9ac-495a-b384-d6b037da25a3,AADHAAR-SYN-4229-4879-6940,Aryan Rajaraman,Aryan,Rajaraman,Male,1950-11-28,76,Kamandanga,Assam,Electrician,aryan.rajaraman95@intuit.com,married,b3617561-b342-431b-8444-d5272d06d5be,head,Duplicate entry flagged for review
a1dd834e-8c7a-4ebe-ad51-17fc6bf2744c,AADHAAR-SYN-9800-5167-2861,Nakul Rajaraman,Nakul,Rajaraman,Male,2008-10-20,18,Kamandanga,Assam,College Student,nakul.lahiri@icloud.com,married,b3617561-b342-431b-8444-d5272d06d5be,child,
96433711-d892-4c53-a812-a0abd49bc5e1,AADHAAR-SYN-6512-2675-2694,Harish Venkatesh,Harish,Venkatesh,Male,1963-03-16,63,Nabedhi,Odisha,Salesperson,harish.venkatesh@icloud.com,married,5e486082-7c83-4924-95f3-d319260a46e3,head,
d647bf48-13e7-400e-badb-aec596c14491,AADHAAR-SYN-6162-8542-0011,Samar Kapoor,Samar,Kapoor,Male,1964-07-11,62,Nabedhi,Odisha,Nurse,,married,5e486082-7c83-4924-95f3-d319260a46e3,spouse,
c17a2eb9-7725-4658-901f-20508f07291e,AADHAAR-SYN-1290-2443-0491,Sangeeta Chatterjee,Sangeeta,Chatterjee,Female,1976-08-13,50,Nabedhi,Odisha,School Teacher,sangeeta.chatterjee73@sap.com,divorced,5e486082-7c83-4924-95f3-d319260a46e3,sibling,
bdc6f998-e61c-4eed-94e0-376163fc1ab6,AADHAAR-SYN-2783-5929-0769,Ishaan Srivastava,Ishaan,Srivastava,Male,1987-12-17,39,Nabedhi,Odisha,Nurse,ishaan.srivastava@microsoft.com,married,5e486082-7c83-4924-95f3-d319260a46e3,child,Aadhaar mobile number update pending
bcb2ab90-e44e-4c20-947c-ffcd8a0b3997,AADHAAR-SYN-9954-5101-3705,Bharat Tagore,Bharat,Tagore,Male,2004-10-19,22,Nabedhi,Odisha,Tailor,bharat.tagore10@morganstanley.com,single,5b8a8002-79e6-4c8d-8a97-bcee34d70232,head,Record migrated from legacy system
206f0ab9-49f7-456e-9b19-4e7e0aae328b,AADHAAR-SYN-0768-1950-2794,Hriday Naidu,Hriday,Naidu,Male,1973-05-26,53,Shimoga Ambedkarnagar,Karnataka,Salesperson,hriday.naidu43@microsoft.com,married,cb2c952e-81ce-4951-a5e9-0feae708dd2f,head,
28ba0686-eb45-4409-a401-3486d8b4212a,AADHAAR-SYN-3978-7867-9004,Suraj Naidu,Suraj,Naidu,Male,1999-10-26,27,Shimoga Ambedkarnagar,Karnataka,Nurse,suraj.ansari16@gmail.com,married,cb2c952e-81ce-4951-a5e9-0feae708dd2f,child,
a182ac02-ce97-42b4-b64b-6459916295bb,AADHAAR-SYN-3645-2898-7998,Pranita Naidu,Pranita,Naidu,Female,2000-10-01,26,Shimoga Ambedkarnagar,Karnataka,Insurance Agent,pranita.malik85@icloud.com,married,cb2c952e-81ce-4951-a5e9-0feae708dd2f,child,Record migrated from legacy system
ec7dbb73-57e6-4994-b459-b1aa27f2da75,AADHAAR-SYN-1377-0424-5898,Tabu Naidu,Tabu,Naidu,Female,2007-11-16,19,Shimoga Ambedkarnagar,Karnataka,College Student,tabu.bhatia@gmail.com,single,cb2c952e-81ce-4951-a5e9-0feae708dd2f,child,Record migrated from legacy system
04d36625-b5aa-4286-a543-bf880a885eb0,AADHAAR-SYN-0721-9009-2818,Jai Chatterjee,Jai,Chatterjee,Male,1946-03-22,80,Shimoga Ambedkarnagar,Karnataka,Plumber,jai.chatterjee@icloud.com,widowed,dc7da27b-fed6-4eb8-a532-d6e7165d8c58,head,Record migrated from legacy system
2de7545a-c883-4937-9b06-57b353ee1bb4,AADHAAR-SYN-6053-4166-1235,Tulsi Chatterjee,Tulsi,Chatterjee,Female,1957-07-09,69,Shimoga Ambedkarnagar,Karnataka,Salesperson,tulsi.mishra72@icloud.com,married,dc7da27b-fed6-4eb8-a532-d6e7165d8c58,spouse,
acd25cbb-36f7-421c-b26e-f6d029411c71,AADHAAR-SYN-7523-3775-6940,Vasudha Chatterjee,Vasudha,Chatterjee,Female,1968-08-15,58,Shimoga Ambedkarnagar,Karnataka,Taxi Fleet Operator,vasudha.tagore@yahoo.com,married,dc7da27b-fed6-4eb8-a532-d6e7165d8c58,child,
b681e7e8-fb53-41e2-a5e0-137f14ae1cb4,AADHAAR-SYN-3900-8637-7312,Sudarshan Chatterjee,Sudarshan,Chatterjee,Male,2005-01-13,21,Shimoga Ambedkarnagar,Karnataka,Farmer,sudarshan.sidhu@gmail.com,single,dc7da27b-fed6-4eb8-a532-d6e7165d8c58,child,
42ba9b51-bca3-4eaa-a450-6079793c82ca,AADHAAR-SYN-2903-5427-0312,Radha Chatterjee,Radha,Chatterjee,Female,2007-03-01,19,Shimoga Ambedkarnagar,Karnataka,College Student,radha.kumar4@gmail.com,single,dc7da27b-fed6-4eb8-a532-d6e7165d8c58,child,Record migrated from legacy system
50873f12-f502-48f0-b7b9-1ca825fbb932,AADHAAR-SYN-1839-5517-3614,Pooja Chowdhury,Pooja,Chowdhury,Female,1951-10-03,75,Silitia,Odisha,Warehouse Supervisor,pooja.chowdhury97@jpmorgan.com,married,91e095b7-df54-47f6-9240-03fc62886600,head,Aadhaar mobile number update pending
bbdbb00f-8603-4c5a-b39f-9d8fa76534a6,AADHAAR-SYN-2288-7235-4257,Kartik Sharma,Kartik,Sharma,Male,1980-10-26,46,Silitia,Odisha,Pharmacist,kartik.sharma@outlook.com,married,e94478be-2062-43c6-af70-48472057de39,head,Voter ID linked
c5e16f2f-973d-40a6-8c8d-3ac71445e741,AADHAAR-SYN-3237-4436-2009,Shakti Pillai,Shakti,Pillai,Female,1977-10-27,49,Silitia,Odisha,Plumber,shakti.pillai88@yahoo.com,single,457e0b05-1c40-4df3-85be-41e810425b46,head,Aadhaar mobile number update pending
0dac34c9-87da-4f5d-84ae-d23c900dd240,AADHAAR-SYN-6025-6825-7867,Sachin Pillai,Sachin,Pillai,Male,1992-10-08,34,Silitia,Odisha,Civil Engineer,sachin.rao@gmail.com,married,457e0b05-1c40-4df3-85be-41e810425b46,spouse,Aadhaar mobile number update pending
e87757cf-e125-441d-a50b-d22f844cfa63,AADHAAR-SYN-3529-6534-1179,Anuj Pillai,Anuj,Pillai,Male,1999-01-09,27,Silitia,Odisha,Fisherman,anuj.kelkar@icloud.com,married,457e0b05-1c40-4df3-85be-41e810425b46,child,Address updated 2023
0855016e-a106-452b-a8ca-a9d63447502c,AADHAAR-SYN-3571-5293-5599,Vedant Kurup,Vedant,Kurup,Male,1948-01-02,78,Chharwada,Gujarat,School Teacher,vedant.kurup@gmail.com,married,22293e72-8310-40ed-a804-76f9f20ebf37,head,PAN verification pending
bd7e8acb-ed1e-49f6-99d8-0fcaf6383dea,AADHAAR-SYN-9766-2601-0907,Ganesh Kurup,Ganesh,Kurup,Male,1957-02-08,69,Chharwada,Gujarat,Salesperson,ganesh.yadav0@icloud.com,divorced,22293e72-8310-40ed-a804-76f9f20ebf37,spouse,Duplicate entry flagged for review
fc229bfb-d5f2-489c-8d2a-a62decd6913c,AADHAAR-SYN-9709-3240-2189,Mandakini Paul,Mandakini,Paul,Female,1991-02-18,35,Chharwada,Gujarat,Delivery Executive,mandakini.paul@hotmail.com,married,d13090ec-c4b6-42fa-ae02-4e4775292de0,head,
81d2d5db-5957-4f5f-926a-3bb90c2cfe5c,AADHAAR-SYN-7432-3568-8355,Shanti Mishra,Shanti,Mishra,Female,1999-09-13,27,Chharwada,Gujarat,Government Clerk,shanti.mishra62@gmail.com,single,d13090ec-c4b6-42fa-ae02-4e4775292de0,spouse,Address updated 2023
10c0a1fa-8b7e-420f-84c8-e35f578baec7,AADHAAR-SYN-3636-5098-4796,Neerja Gupta,Neerja,Gupta,Female,1987-10-10,39,Rakshasbhuvan,Maharashtra,Homemaker,,single,fe48a157-be24-454a-9538-c57bd70d70cb,head,Address updated 2023
3640b2ff-fc90-46ba-975d-3f6695758af7,AADHAAR-SYN-9544-4515-8598,Nandita Gupta,Nandita,Gupta,Female,1993-10-03,33,Rakshasbhuvan,Maharashtra,Doctor,nandita.bhattacharya@live.com,single,fe48a157-be24-454a-9538-c57bd70d70cb,spouse,Voter ID linked
d08c737d-f512-4019-9979-7ced7a3f2392,AADHAAR-SYN-2390-7353-3755,Dharmesh Gupta,Dharmesh,Gupta,Male,2005-10-28,21,Rakshasbhuvan,Maharashtra,College Student,dharmesh.vaidyanathan@aol.com,single,fe48a157-be24-454a-9538-c57bd70d70cb,child,
027ac3f5-ce4c-40b1-a498-29e5b9c751f8,AADHAAR-SYN-7453-8114-1080,Shashank Gopalan,Shashank,Gopalan,Male,1954-09-10,72,Rakshasbhuvan,Maharashtra,Accountant,shashank.gopalan@gmail.com,married,23e2c6da-1b3a-4607-84e5-82d7d73bc6ad,head,
7f9bb7cb-192c-4ff8-a423-6f75fdc0eab7,AADHAAR-SYN-8140-7986-0572,Suraj Gopalan,Suraj,Gopalan,Male,1957-01-06,69,Rakshasbhuvan,Maharashtra,College Student,,widowed,23e2c6da-1b3a-4607-84e5-82d7d73bc6ad,spouse,
f5ba6c00-e9d8-4fc9-94cf-422aa76e8592,AADHAAR-SYN-8900-1447-1538,Bhavna Bajaj,Bhavna,Bajaj,Female,1967-01-20,59,Kallipalli,Odisha,Accountant,bhavna.bajaj@gmail.com,married,40a36082-f640-4f0e-bf2f-39d9dad02e78,head,
14ce1950-af94-4fa4-8751-01c5790a1ec0,AADHAAR-SYN-4221-0355-8113,Aditya Bajaj,Aditya,Bajaj,Male,1992-11-05,34,Kallipalli,Odisha,Mechanic,,single,40a36082-f640-4f0e-bf2f-39d9dad02e78,child,Address updated 2023
8f343577-22f0-439b-a3b7-0e293163e47d,AADHAAR-SYN-7328-6992-7997,Shruti Sethi,Shruti,Sethi,Female,1996-09-20,30,Kallipalli,Odisha,Postal Worker,shruti.sethi77@gmail.com,married,c28d8ebd-5b14-4a7b-ba08-82f6c01fae89,head,Voter ID linked
00a12545-922e-4c12-8979-fcd4ce73b8ab,AADHAAR-SYN-3307-7258-3679,Trisha Sethi,Trisha,Sethi,Female,2005-10-14,21,Kallipalli,Odisha,College Student,trisha.kamble@icloud.com,married,c28d8ebd-5b14-4a7b-ba08-82f6c01fae89,spouse,
81369865-d4b6-4ce3-9529-3524be156216,AADHAAR-SYN-8119-3672-4348,Mayank Bhandari,Mayank,Bhandari,Male,2001-04-14,25,Kallipalli,Odisha,Salesperson,mayank.bhandari92@hotmail.com,married,fdd18ae1-34fe-4aea-b8ea-377eecd3c76b,head,
e3a9b35d-db3b-40d5-9391-cb9ddde691c0,AADHAAR-SYN-8134-4949-2773,Ramesh Bhandari,Ramesh,Bhandari,Male,2003-08-20,23,Kallipalli,Odisha,Delivery Executive,ramesh.suri@icloud.com,single,fdd18ae1-34fe-4aea-b8ea-377eecd3c76b,spouse,PAN verification pending
2d5f91d7-1441-4c57-b04b-41b5094d0ebd,AADHAAR-SYN-3759-2400-3115,Radha Malik,Radha,Malik,Female,1981-05-23,45,Kallipalli,Odisha,Tailor,radha.malik@gmail.com,married,f68f4b55-ce95-4d28-aad8-f2c8d84e4f3f,head,
c19499fd-d9ad-4d81-9fdc-ff1b207207ca,AADHAAR-SYN-8702-7855-1378,Nikunj Thapar,Nikunj,Thapar,Male,1956-02-13,70,Rampur Kalan,Uttar Pradesh,Weaver,nikunj.thapar@icloud.com,married,248091c0-5c25-471c-be91-b29e7649ac32,head,
6b45ee17-682a-45bd-96fc-1bcfb16de6c5,AADHAAR-SYN-2494-7850-0902,Suraj Thapar,Suraj,Thapar,Male,1994-10-20,32,Rampur Kalan,Uttar Pradesh,Librarian,suraj.bhat@yahoo.com,married,248091c0-5c25-471c-be91-b29e7649ac32,child,
c83827a6-de1d-4e19-96c3-d88e7b117ea4,AADHAAR-SYN-8221-7503-1226,Saurabh Thapar,Saurabh,Thapar,Male,1998-02-03,28,Rampur Kalan,Uttar Pradesh,Pharmacist,,married,248091c0-5c25-471c-be91-b29e7649ac32,child,Voter ID linked
b0a9f0f9-e017-4c30-a7df-1b9fa32ae419,AADHAAR-SYN-9935-0466-1127,Yash Roy,Yash,Roy,Male,1966-11-11,60,Rampur Kalan,Uttar Pradesh,Bank Employee,,married,3316004d-c716-46dd-a4c8-2b1358ce431d,head,
6280dc11-0124-4ef9-9586-d6b5e87ee08d,AADHAAR-SYN-3358-4770-8103,Ameesha Wani,Ameesha,Wani,Female,1980-06-11,46,Rampur Kalan,Uttar Pradesh,Chef,ameesha.wani25@yahoo.com,married,13117409-dc98-42e6-ba75-5e857d52eb56,head,
bdde0bb8-25c2-4bdb-a621-9e4c72c3390e,AADHAAR-SYN-7901-6093-4637,Amar Banerjee,Amar,Banerjee,Male,1997-10-16,29,Rampur Kalan,Uttar Pradesh,Librarian,amar.banerjee@icloud.com,married,13117409-dc98-42e6-ba75-5e857d52eb56,child,
17a7b4f1-47ac-4aba-829e-e8a0bae23537,AADHAAR-SYN-2733-2000-1206,Dhanush Shah,Dhanush,Shah,Male,1961-03-11,65,Neendar,Rajasthan,Security Guard,dhanush.shah@gmail.com,widowed,29b25ae9-e0f8-4e8a-9936-190eb5165316,head,
8d150b62-500a-4202-94ff-3d2ac3874acf,AADHAAR-SYN-6062-6616-7837,Sumit Shah,Sumit,Shah,Male,2006-05-19,20,Neendar,Rajasthan,Journalist,sumit.kamble@yahoo.com,married,29b25ae9-e0f8-4e8a-9936-190eb5165316,child,PAN verification pending
bb956a47-9cf5-422c-a026-57d32d6cf18e,AADHAAR-SYN-6205-1073-1825,Lakshman Rajagopalan,Lakshman,Rajagopalan,Male,1949-01-27,77,Neendar,Rajasthan,Doctor,lakshman.rajagopalan@icloud.com,married,87c641e7-3fd6-4a86-a7ef-f2b86ae08e55,head,
816154e5-590a-48a5-abd3-149e1b81576a,AADHAAR-SYN-3905-6264-9425,Shanti Rajagopalan,Shanti,Rajagopalan,Female,1970-06-21,56,Neendar,Rajasthan,Retired Government Employee,shanti.shinde@kaiserpermanente.org,married,87c641e7-3fd6-4a86-a7ef-f2b86ae08e55,child,
9dc6df1b-a991-4362-a258-e2819f7650e1,AADHAAR-SYN-8205-3355-5753,Ayaan Rajagopalan,Ayaan,Rajagopalan,Male,1997-06-22,29,Neendar,Rajasthan,Chef,,married,87c641e7-3fd6-4a86-a7ef-f2b86ae08e55,child,
3234d100-76e6-4163-9027-3fe1fd2377c3,AADHAAR-SYN-3178-2216-8780,Rajesh Rajagopalan,Rajesh,Rajagopalan,Male,2000-11-05,26,Neendar,Rajasthan,Graphic Designer,,married,87c641e7-3fd6-4a86-a7ef-f2b86ae08e55,child,
81078dc3-988f-4ce9-a8e6-a019c0f9340c,AADHAAR-SYN-5296-9115-9943,Subhash Rajagopalan,Subhash,Rajagopalan,Male,2001-12-28,25,Neendar,Rajasthan,Bank Employee,subhash.mishra77@gmail.com,married,87c641e7-3fd6-4a86-a7ef-f2b86ae08e55,child,
77aad506-ed85-4020-b1ad-088e8176cfcb,AADHAAR-SYN-2312-4070-9418,Manjula Anand,Manjula,Anand,Female,1983-07-05,43,Lundra,Chattisgarh,Government Clerk,manjula.anand@gmail.com,married,f82dc40b-f68b-42aa-85f1-648f97a40427,head,
2eb8c7d9-3c1f-46ff-948d-f3c71d400539,AADHAAR-SYN-4379-9257-0768,Anand Sandhu,Anand,Sandhu,Male,2008-08-11,18,Lundra,Chattisgarh,College Student,anand.sandhu@gmail.com,married,f82dc40b-f68b-42aa-85f1-648f97a40427,child,Record migrated from legacy system
46ce2273-01b7-442a-8a39-866b9a7b8caf,AADHAAR-SYN-9993-6246-8428,Amar Biswal,Amar,Biswal,Male,1978-08-07,48,Lundra,Chattisgarh,Plumber,amar.biswal@gmail.com,married,e348edbe-a462-4f5e-ad60-3b980c2feca2,head,Aadhaar mobile number update pending
61b9583e-76ea-4e1a-8d56-3607a6c65dbe,AADHAAR-SYN-8497-7955-9758,Vinay Biswal,Vinay,Biswal,Male,2000-01-08,26,Lundra,Chattisgarh,Farmer,vinay.kumar@hotmail.com,single,e348edbe-a462-4f5e-ad60-3b980c2feca2,child,
cb1e308b-e18a-493e-afa8-a7f5841f970c,AADHAAR-SYN-7819-3848-0112,Shivam Biswal,Shivam,Biswal,Male,2002-12-10,24,Lundra,Chattisgarh,Plumber,,single,e348edbe-a462-4f5e-ad60-3b980c2feca2,child,Address updated 2023
4bacb239-386c-43cb-80c3-104d0d8efd44,AADHAAR-SYN-4907-6244-6186,Vimala Gokhale,Vimala,Gokhale,Female,1967-09-24,59,Lundra,Chattisgarh,Postal Worker,vimala.gokhale54@gmail.com,married,36fd7185-fed1-4f96-b05f-de4738b2dbc2,head,Duplicate entry flagged for review
7028e7b0-a201-475f-9291-2588f234230d,AADHAAR-SYN-2881-1014-1520,Nikhil Gokhale,Nikhil,Gokhale,Male,1980-09-08,46,Lundra,Chattisgarh,Hotel Staff,nikhil.kapur@icloud.com,married,36fd7185-fed1-4f96-b05f-de4738b2dbc2,spouse,
1c65f241-23ff-434a-9d9f-987bbe697486,AADHAAR-SYN-8356-6116-9329,Sudarshan Gokhale,Sudarshan,Gokhale,Male,1988-10-27,38,Lundra,Chattisgarh,Plumber,sudarshan.tagore@gmail.com,married,36fd7185-fed1-4f96-b05f-de4738b2dbc2,child,
3767cc13-5f29-4701-a4dd-f4478bc93a91,AADHAAR-SYN-3493-2419-7371,Naresh Balakrishnan,Naresh,Balakrishnan,Male,2006-08-01,20,Maldan,Maharashtra,College Student,naresh.balakrishnan@gmail.com,single,08b27986-4a55-4971-ad7c-fd0177c08e80,head,Duplicate entry flagged for review
c4f62b70-61d1-4499-80f7-5a45304209cd,AADHAAR-SYN-0937-6322-4699,Kishore Aggarwal,Kishore,Aggarwal,Male,1988-05-11,38,Maldan,Maharashtra,Pharmacist,kishore.aggarwal@blackrock.com,single,161ed93a-fafe-44e1-8c04-831a54780fe0,head,
6f3e1d73-0748-4698-a90b-4338854b6da6,AADHAAR-SYN-5348-4399-0390,Abhijeet Aggarwal,Abhijeet,Aggarwal,Male,1997-05-22,29,Maldan,Maharashtra,Salesperson,abhijeet.srivastava@gmail.com,married,161ed93a-fafe-44e1-8c04-831a54780fe0,spouse,Record migrated from legacy system
07dc70ae-37b8-4702-9e16-b911816d6890,AADHAAR-SYN-6261-7730-8913,Pravin Goyal,Pravin,Goyal,Male,1981-06-02,45,Maldan,Maharashtra,Delivery Executive,pravin.goyal@gmail.com,single,f3bd0a7b-52de-4e9e-940c-c4a2da6b0e09,head,Duplicate entry flagged for review
6d11ea59-c9d2-446d-9add-738de9387a76,AADHAAR-SYN-8727-3651-9305,Sudarshan Warrier,Sudarshan,Warrier,Male,1981-07-22,45,Mahuawa,Bihar,Bank Employee,sudarshan.warrier@gmail.com,married,c7e305b3-1ba0-421a-ab80-4d99524d1b33,head,
1f49bc14-1cf3-481e-b071-6ba97b1c6291,AADHAAR-SYN-5283-9924-0823,Vikas Wani,Vikas,Wani,Male,2001-09-07,25,Mahuawa,Bihar,Mechanic,,single,c7e305b3-1ba0-421a-ab80-4d99524d1b33,child,
e5d7e647-7769-4d63-9e43-10667b8be6c3,AADHAAR-SYN-5916-3897-0057,Abhishek Behera,Abhishek,Behera,Male,1971-02-23,55,Mahuawa,Bihar,Shopkeeper,abhishek.behera@gmail.com,married,774532db-8c5e-4a30-b92c-422ff56ce195,head,
c6e7d060-0b2e-4f99-9754-7003565b33b9,AADHAAR-SYN-7555-6841-1370,Jacqueline Behera,Jacqueline,Behera,Female,1971-04-10,55,Mahuawa,Bihar,Shopkeeper,jacqueline.swain@gmail.com,married,774532db-8c5e-4a30-b92c-422ff56ce195,spouse,PAN verification pending
13898725-5e78-40b7-ae71-3df0246acf1a,AADHAAR-SYN-7342-2141-0006,Zoya Behera,Zoya,Behera,Female,1972-12-16,54,Mahuawa,Bihar,Weaver,zoya.kapur@gmail.com,single,774532db-8c5e-4a30-b92c-422ff56ce195,sibling,
30ab5192-7cd4-480c-82c9-14b92065b21e,AADHAAR-SYN-5290-2266-3220,Akhil Anantharaman,Akhil,Anantharaman,Male,1974-10-08,52,Mahuawa,Bihar,Salesperson,akhil.anantharaman18@gmail.com,single,ac195f01-183b-4bb0-98aa-c11ecf559d92,head,Address updated 2023
9c6f80f9-911e-4a04-a029-cb0dc2d490ee,AADHAAR-SYN-7966-9206-5140,Rashi Parthasarathy,Rashi,Parthasarathy,Female,1977-04-25,49,Mahuawa,Bihar,School Teacher,,married,ac195f01-183b-4bb0-98aa-c11ecf559d92,spouse,Record migrated from legacy system
1b111e25-53c0-40af-865e-3aa37a4c2c86,AADHAAR-SYN-8586-0674-2268,Divyansh Rao,Divyansh,Rao,Male,1957-04-10,69,Mohd. Sadikpur,Uttar Pradesh,Doctor,divyansh.rao@booking.com,married,a1f01fe4-b741-4065-a248-19fd8ae19c99,head,
b161c0fb-0147-4963-a69e-348e783cd87a,AADHAAR-SYN-3570-3148-3946,Anuj Rao,Anuj,Rao,Male,1979-02-27,47,Mohd. Sadikpur,Uttar Pradesh,Delivery Executive,anuj.sachdeva@icloud.com,married,a1f01fe4-b741-4065-a248-19fd8ae19c99,child,Address updated 2023
ceae3760-1f46-428a-9f5a-67494e83ad84,AADHAAR-SYN-5509-7221-3258,Sushmita Rao,Sushmita,Rao,Female,2007-04-03,19,Mohd. Sadikpur,Uttar Pradesh,Salesperson,sushmita.varma@att.net,married,a1f01fe4-b741-4065-a248-19fd8ae19c99,child,
2215f220-01c0-496d-9826-8c8c9f1b5faf,AADHAAR-SYN-7150-9503-0878,Saurabh Rathore,Saurabh,Rathore,Male,1992-06-07,34,Mohd. Sadikpur,Uttar Pradesh,Carpenter,saurabh.rathore@icloud.com,married,d1b33d0f-6164-45f6-b481-613c0e54994d,head,
a92c4c08-4d7f-41bc-b3ba-130b5d776111,AADHAAR-SYN-2239-0750-9869,Tanvi Dasgupta,Tanvi,Dasgupta,Female,1999-03-27,27,Mohd. Sadikpur,Uttar Pradesh,Shopkeeper,tanvi.dasgupta@yahoo.com,married,d1b33d0f-6164-45f6-b481-613c0e54994d,spouse,
fd989a10-f458-4c0b-b4de-8816b6ffefdc,AADHAAR-SYN-6915-1859-5389,Subhash Singhal,Subhash,Singhal,Male,1966-02-26,60,Mohd. Sadikpur,Uttar Pradesh,Wholesale Trader,subhash.singhal69@cox.net,married,bc788bdf-04b3-4fe0-92b1-9c2c2ad5e70a,head,Duplicate entry flagged for review
67b9c6be-4bc4-4094-894b-f3e402e3dd30,AADHAAR-SYN-8578-5456-2719,Manjari Singhal,Manjari,Singhal,Female,1971-04-03,55,Mohd. Sadikpur,Uttar Pradesh,Pharmacist,,single,bc788bdf-04b3-4fe0-92b1-9c2c2ad5e70a,spouse,Record migrated from legacy system
2408f8fa-40e1-4898-8c25-6002bc585ef9,AADHAAR-SYN-9932-4707-4806,Rajan Modi,Rajan,Modi,Male,1982-05-27,44,Ichak,Jharkhand,Carpenter,rajan.modi@icloud.com,single,8492bfac-af4a-4029-90a7-5c751ea31c08,head,
28480630-a38b-4d39-b5d8-34d1a8e49e67,AADHAAR-SYN-6454-0854-1497,Shabana Banerjee,Shabana,Banerjee,Female,1973-04-26,53,Ichak,Jharkhand,Security Guard,shabana.banerjee@icloud.com,married,5216831c-8510-4e8f-b168-2f226e5ad983,head,
aaa7c8a2-3cd8-4ee5-bdc0-254cfc409dff,AADHAAR-SYN-8680-0239-3055,Utkarsh Banerjee,Utkarsh,Banerjee,Male,1995-01-07,31,Ichak,Jharkhand,Tailor,utkarsh.parida82@icloud.com,married,5216831c-8510-4e8f-b168-2f226e5ad983,child,
49711703-a162-45ea-8484-e600d2fc60b9,AADHAAR-SYN-7133-1894-2977,Keshav Banerjee,Keshav,Banerjee,Male,1997-02-16,29,Ichak,Jharkhand,Government Clerk,keshav.sundaram@gmail.com,married,5216831c-8510-4e8f-b168-2f226e5ad983,child,
55cfdf10-a1a9-4735-ae66-8aae4018cb6a,AADHAAR-SYN-2089-2245-6776,Abhay Banerjee,Abhay,Banerjee,Male,2000-06-19,26,Ichak,Jharkhand,Government Clerk,abhay.anand@icloud.com,married,5216831c-8510-4e8f-b168-2f226e5ad983,child,Voter ID linked
9af5d87a-709a-418a-a8c7-5479eadf4856,AADHAAR-SYN-9723-2838-1417,Jhanvi Tandon,Jhanvi,Tandon,Female,1994-08-26,32,Murikunte,Karnataka,College Student,jhanvi.tandon@me.com,single,a4db8256-d455-4824-8553-1d93eff56469,head,
f1963d7c-f4dd-4c7c-bdfc-61f7cc4fc59c,AADHAAR-SYN-2326-7285-3022,Tanish Singhal,Tanish,Singhal,Male,1996-03-27,30,Murikunte,Karnataka,Security Guard,tanish.singhal@gmail.com,single,a4db8256-d455-4824-8553-1d93eff56469,spouse,Address updated 2023
e3bada65-8b55-4a30-85a2-dc6fe9ee3558,AADHAAR-SYN-1387-0945-5109,Savitri Gaikwad,Savitri,Gaikwad,Female,2004-11-18,22,Murikunte,Karnataka,Bank Employee,savitri.gaikwad@icloud.com,single,3c1d3f1b-f7ed-4e2d-a022-3e2f05a233a8,head,PAN verification pending
4be433a6-e91f-404d-b1bd-7d3d856145d8,AADHAAR-SYN-8351-0249-7844,Pranav Sanyal,Pranav,Sanyal,Male,2006-01-08,20,Murikunte,Karnataka,Delivery Executive,pranav.sanyal@hotmail.com,single,3c1d3f1b-f7ed-4e2d-a022-3e2f05a233a8,spouse,Record migrated from legacy system
90e91d4a-6d20-43f5-bad9-f9e8f45e9b4b,AADHAAR-SYN-4239-4973-1367,Rakesh Dhawan,Rakesh,Dhawan,Male,2005-09-08,21,Murikunte,Karnataka,College Student,rakesh.dhawan@gmail.com,single,de5d157d-5d2b-4c80-8f53-040169754b78,head,
d81dd9b4-01f6-4b41-a588-11c313a7f603,AADHAAR-SYN-5597-0290-0581,Naman Dhawan,Naman,Dhawan,Male,2007-02-20,19,Murikunte,Karnataka,College Student,naman.mohan@gmail.com,single,de5d157d-5d2b-4c80-8f53-040169754b78,spouse,
9119d264-6ce9-426b-8473-79dae3e5d951,AADHAAR-SYN-1228-4378-8223,Varun Rao,Varun,Rao,Male,1963-10-25,63,Murikunte,Karnataka,Security Guard,varun.rao@yahoo.com,married,9be00a42-cd60-47db-8534-b93bffdfeee7,head,
cc4728ab-2afa-401b-874b-af4aa791bfb6,AADHAAR-SYN-5330-5419-8029,Viraj Rao,Viraj,Rao,Male,1973-04-28,53,Murikunte,Karnataka,Salesperson,viraj.kumar75@microsoft.com,married,9be00a42-cd60-47db-8534-b93bffdfeee7,spouse,Record migrated from legacy system
e36a9754-ef73-4a25-8ab5-46a5f4044043,AADHAAR-SYN-3553-5707-4682,Samar Rao,Samar,Rao,Male,1995-03-18,31,Murikunte,Karnataka,Electrician,samar.singhal@gmail.com,single,9be00a42-cd60-47db-8534-b93bffdfeee7,child,
3c33163e-b499-4c82-ad32-d522eebc5a38,AADHAAR-SYN-1682-4894-5680,Parth Rao,Parth,Rao,Male,1999-06-28,27,Murikunte,Karnataka,School Teacher,parth.krishnamurthy@gmail.com,married,9be00a42-cd60-47db-8534-b93bffdfeee7,child,
e099b89d-0741-4ccf-bb64-912da7ff8f29,AADHAAR-SYN-3285-1037-7476,Mohit Rao,Mohit,Rao,Male,2001-02-25,25,Murikunte,Karnataka,Weaver,mohit.chowdhury@icloud.com,married,9be00a42-cd60-47db-8534-b93bffdfeee7,child,Address updated 2023
9576f189-e8dd-425e-837c-dec57e83ab2b,AADHAAR-SYN-9714-4869-5461,Samar Alam,Samar,Alam,Male,1991-08-19,35,Katgar,Karnataka,Pharmacist,samar.alam93@gmail.com,married,3d8692e9-cf13-4976-acb6-d08df91fefa5,head,
3ec0987d-1f36-41b6-8469-531a4ad5ba36,AADHAAR-SYN-6381-4675-3840,Dev Begum,Dev,Begum,Male,2001-06-08,25,Katgar,Karnataka,Weaver,dev.begum@gmail.com,married,3d8692e9-cf13-4976-acb6-d08df91fefa5,spouse,
e9dbf652-9e91-4691-a262-f5e116ae4de3,AADHAAR-SYN-1091-9462-7918,Megha Srinivasan,Megha,Srinivasan,Female,1969-10-08,57,Katgar,Karnataka,Police Constable,megha.srinivasan72@gmail.com,married,cd7a5d91-9cd4-4289-82ed-9ea6d6d90546,head,
d4b70242-74e7-4c29-a388-f21115d4ae94,AADHAAR-SYN-0561-8065-1437,Chhaya Iyer,Chhaya,Iyer,Female,1991-10-24,35,Katgar,Karnataka,Postal Worker,chhaya.iyer@icloud.com,married,cd7a5d91-9cd4-4289-82ed-9ea6d6d90546,child,
f2169a2d-7826-4230-b322-911bda1e8f1e,AADHAAR-SYN-4027-2387-6815,Sudhir Gopalan,Sudhir,Gopalan,Male,1977-02-06,49,Katgar,Karnataka,Farmer,sudhir.gopalan@gmail.com,divorced,cdda3fb1-9a5c-47a7-a11b-27d3d66d5790,head,
e033ed9c-276a-4196-aea3-3ad281701a93,AADHAAR-SYN-0005-8718-0324,Naman Dubey,Naman,Dubey,Male,1961-04-21,65,Katgar,Karnataka,Pharmacist,naman.dubey35@gmail.com,married,7506b5c6-4139-42f3-a8d3-87eaf947a041,head,PAN verification pending
9cc249eb-6adb-47e7-8088-f8d519633f9a,AADHAAR-SYN-7841-5323-0291,Ashwin Dubey,Ashwin,Dubey,Male,1965-04-16,61,Katgar,Karnataka,Civil Engineer,ashwin.varma57@gmail.com,married,7506b5c6-4139-42f3-a8d3-87eaf947a041,spouse,
fda48128-2192-4b25-b3ea-16e344d9bf64,AADHAAR-SYN-2495-6236-6839,Yuvraj Dubey,Yuvraj,Dubey,Male,1996-04-12,30,Katgar,Karnataka,Small Business Owner,yuvraj.raina@yahoo.com,married,7506b5c6-4139-42f3-a8d3-87eaf947a041,child,
892a42fd-cddc-4e23-9c41-062359b2a611,AADHAAR-SYN-9988-6695-3684,Sonakshi Dubey,Sonakshi,Dubey,Female,1998-01-18,28,Katgar,Karnataka,Shopkeeper,sonakshi.kurup@outlook.com,single,7506b5c6-4139-42f3-a8d3-87eaf947a041,child,Record migrated from legacy system
94d607d7-3492-48ab-a373-f24cb1390211,AADHAAR-SYN-3262-9445-6422,Raj Jadhav,Raj,Jadhav,Male,1978-01-21,48,Naranpura Kampa,Gujarat,Scrap Dealer,raj.jadhav@icloud.com,widowed,2c70566f-3f0e-4470-9fcb-e468dd9393b8,head,Duplicate entry flagged for review
8e380961-9536-4b53-8459-cfda50a2d762,AADHAAR-SYN-2976-2555-0820,Harsh Jadhav,Harsh,Jadhav,Male,1981-10-06,45,Naranpura Kampa,Gujarat,Doctor,harsh.pandey@icloud.com,widowed,2c70566f-3f0e-4470-9fcb-e468dd9393b8,spouse,
0ef197ab-a352-4edc-a76c-2165981326af,AADHAAR-SYN-0822-9858-6103,Tejasvi Jadhav,Tejasvi,Jadhav,Female,1993-03-23,33,Naranpura Kampa,Gujarat,Graphic Designer,tejasvi.shah@icloud.com,married,2c70566f-3f0e-4470-9fcb-e468dd9393b8,sibling,Aadhaar mobile number update pending
396f5d8e-cd43-468f-9ea0-bec450e6db71,AADHAAR-SYN-1682-7641-7033,Shashank Jadhav,Shashank,Jadhav,Male,2001-12-05,25,Naranpura Kampa,Gujarat,Government Clerk,shashank.kamath@gmail.com,married,2c70566f-3f0e-4470-9fcb-e468dd9393b8,child,
4b31fe9e-51b2-4287-911f-2e21b982d0de,AADHAAR-SYN-6133-3934-1333,Mira Jadhav,Mira,Jadhav,Female,2007-01-23,19,Naranpura Kampa,Gujarat,Retired Government Employee,mira.swain68@novartis.com,single,2c70566f-3f0e-4470-9fcb-e468dd9393b8,child,
16d747d1-ae70-47ff-855b-dad7f0c560f3,AADHAAR-SYN-0134-4593-5305,Sangita Pathan,Sangita,Pathan,Female,1961-09-24,65,Naranpura Kampa,Gujarat,Accountant,sangita.pathan@gmail.com,widowed,848683fb-c924-43f4-bcd4-5aa76cb41de6,head,
4bd924a0-4163-4b8e-8fe2-47caadf44a76,AADHAAR-SYN-9310-8405-6824,Rajiv Verma,Rajiv,Verma,Male,1962-05-20,64,Naranpura Kampa,Gujarat,Chef,rajiv.verma@icloud.com,married,848683fb-c924-43f4-bcd4-5aa76cb41de6,spouse,
00389333-eb97-4b4e-9a86-50eecff7d14d,AADHAAR-SYN-3036-0669-9902,Rekha Murthy,Rekha,Murthy,Female,1953-11-02,73,Ramnagar,West Bengal,Chef,rekha.murthy34@gmail.com,married,b8b485a6-69e2-4915-8a8e-87cafe66bcb1,head,
d460b2f9-3aa4-40c7-8a4a-77edadccf897,AADHAAR-SYN-0547-1350-5508,Vasanti Sethi,Vasanti,Sethi,Female,1978-09-22,48,Ramnagar,West Bengal,Delivery Executive,vasanti.sethi@gmail.com,widowed,b8b485a6-69e2-4915-8a8e-87cafe66bcb1,child,
af6f4a57-5b33-4b88-9395-f4b3c7e035af,AADHAAR-SYN-4207-5903-4949,Nikhil Vaidyanathan,Nikhil,Vaidyanathan,Male,1995-08-15,31,Ramnagar,West Bengal,Postal Worker,nikhil.vaidyanathan@hotmail.com,married,b8b485a6-69e2-4915-8a8e-87cafe66bcb1,child,
dcb380f4-9879-4bcb-ac59-4ac3e201bf26,AADHAAR-SYN-8525-8962-2606,Rani Choudhury,Rani,Choudhury,Female,2000-03-22,26,Ramnagar,West Bengal,Doctor,rani.choudhury49@gmail.com,married,b8b485a6-69e2-4915-8a8e-87cafe66bcb1,child,Voter ID linked
fadc20a4-a5ff-4ca0-a3e7-8c5cb974aefb,AADHAAR-SYN-1969-4139-3289,Siddharth Khanna,Siddharth,Khanna,Male,1951-07-03,75,Chippada,Andhra Pradesh,Courier Service Operator,siddharth.khanna@gmail.com,widowed,adbf595a-73f0-4ab8-b1f2-11bdab50fa10,head,
470bc6dc-44e7-4c45-bf4a-da28c0844bdf,AADHAAR-SYN-2283-8192-4943,Naveen Khanna,Naveen,Khanna,Male,1997-06-05,29,Chippada,Andhra Pradesh,Transport Contractor,naveen.chawla53@amazon.com,single,adbf595a-73f0-4ab8-b1f2-11bdab50fa10,child,
d479e58d-abde-45c3-8833-d3842d694137,AADHAAR-SYN-0317-3089-8233,Ishaan Khanna,Ishaan,Khanna,Male,2002-01-26,24,Chippada,Andhra Pradesh,College Student,ishaan.mohapatra@gmail.com,married,adbf595a-73f0-4ab8-b1f2-11bdab50fa10,child,Address updated 2023
972cf4b5-7b82-4e50-9307-1100e89a4b37,AADHAAR-SYN-8736-4790-9604,Amar Khanna,Amar,Khanna,Male,2005-12-23,21,Chippada,Andhra Pradesh,Salesperson,amar.malhotra@icloud.com,married,adbf595a-73f0-4ab8-b1f2-11bdab50fa10,child,
598b970f-3219-4a29-a843-eb1703d9bcc2,AADHAAR-SYN-5363-1264-5109,Mohit Gill,Mohit,Gill,Male,1951-05-05,75,Dubara,Uttar Pradesh,Freight Forwarding Agent,mohit.gill@hp.com,widowed,97a7b4f7-4fa1-4045-bbd1-299fbeaa4928,head,
4e518ad5-4f1d-4e0b-b8db-35008e94ce9d,AADHAAR-SYN-0427-4568-6727,Harsh Gill,Harsh,Gill,Male,1974-06-19,52,Dubara,Uttar Pradesh,Nurse,harsh.suri58@gmail.com,married,97a7b4f7-4fa1-4045-bbd1-299fbeaa4928,child,Record migrated from legacy system
4bd43488-6f51-4578-b4ad-c91a1dd69c70,AADHAAR-SYN-2928-1139-1054,Akash Gill,Akash,Gill,Male,1994-02-07,32,Dubara,Uttar Pradesh,Electrician,akash.anantharaman49@gmail.com,married,97a7b4f7-4fa1-4045-bbd1-299fbeaa4928,child,
0114128c-ec6e-4071-bdc3-f5c5664b0ed6,AADHAAR-SYN-0435-1172-4345,Ajit Gill,Ajit,Gill,Male,2007-10-07,19,Dubara,Uttar Pradesh,College Student,ajit.krishnamurthy@gmail.com,married,97a7b4f7-4fa1-4045-bbd1-299fbeaa4928,child,
6997d075-6579-4f24-b658-f9be47da879d,AADHAAR-SYN-4949-5540-6933,Ramesh Iyer,Ramesh,Iyer,Male,1959-02-13,67,Dubara,Uttar Pradesh,Government Clerk,ramesh.iyer@norfolksouthern.com,married,9b3068b0-9f3f-4689-950b-e2ac8034ad74,head,Duplicate entry flagged for review
c8e62b5b-6b2b-486a-a7a9-e56ec10d8171,AADHAAR-SYN-0635-0983-6715,Shakti Raina,Shakti,Raina,Female,1986-05-03,40,Dubara,Uttar Pradesh,Bank Employee,shakti.raina@gmail.com,single,9b3068b0-9f3f-4689-950b-e2ac8034ad74,child,Aadhaar mobile number update pending
75c66359-73bd-47e8-9307-32bf17d34380,AADHAAR-SYN-4955-5865-6101,Kunal Ansari,Kunal,Ansari,Male,1996-11-23,30,Dubara,Uttar Pradesh,Carpenter,kunal.ansari@aol.com,married,9b3068b0-9f3f-4689-950b-e2ac8034ad74,child,PAN verification pending
4b0d1224-32a5-4d82-b3f1-921f0bcc6126,AADHAAR-SYN-4516-8874-7218,Mukesh Gopalakrishnan,Mukesh,Gopalakrishnan,Male,2005-07-13,21,Dubara,Uttar Pradesh,Homemaker,,single,9b3068b0-9f3f-4689-950b-e2ac8034ad74,child,
b8dc5d1c-515a-40ec-852a-49313495b343,AADHAAR-SYN-6802-5064-6047,Ram Dhawan,Ram,Dhawan,Male,1966-06-19,60,Kedlanagar,Jharkhand,Plumber,ram.dhawan@icloud.com,married,39791e60-b6ea-47a3-a10a-661a79c543fe,head,
50c8268c-ecde-4b23-a43b-c7f580efecd5,AADHAAR-SYN-6035-2268-6211,Karan Krishnamurthy,Karan,Krishnamurthy,Male,2008-02-11,18,Kedlanagar,Jharkhand,College Student,karan.krishnamurthy@icloud.com,married,39791e60-b6ea-47a3-a10a-661a79c543fe,child,Address updated 2023
dcc01f74-9068-4489-adf0-d296d8ee67de,AADHAAR-SYN-3831-5932-9524,Atharva Gupta,Atharva,Gupta,Male,1956-02-06,70,Kedlanagar,Jharkhand,Homemaker,atharva.gupta@gmail.com,married,27fb0ca8-af63-49d8-aa31-bc370af75876,head,Record migrated from legacy system
8abe4a9e-edca-411d-8c8e-8a9bde4fcbbf,AADHAAR-SYN-9839-7788-6480,Radhika Gupta,Radhika,Gupta,Female,1963-09-25,63,Kedlanagar,Jharkhand,Librarian,radhika.sawant74@icloud.com,married,27fb0ca8-af63-49d8-aa31-bc370af75876,spouse,Voter ID linked
ec4e0bf5-4e90-487e-8aef-6b6637489f86,AADHAAR-SYN-9478-4231-7875,Kanchan Gupta,Kanchan,Gupta,Female,1977-04-21,49,Kedlanagar,Jharkhand,Police Constable,kanchan.dhillon@me.com,married,27fb0ca8-af63-49d8-aa31-bc370af75876,child,
38d66af9-6e50-457c-8c19-f962a9c6b435,AADHAAR-SYN-9054-8599-8566,Lalit Gupta,Lalit,Gupta,Male,1985-06-27,41,Kedlanagar,Jharkhand,Courier Service Operator,lalit.qureshi@icloud.com,married,27fb0ca8-af63-49d8-aa31-bc370af75876,child,Address updated 2023
df5f0caa-f14d-4a23-a5ab-f47b4e66487c,AADHAAR-SYN-2936-6004-6272,Chitrangada Gupta,Chitrangada,Gupta,Female,2002-07-12,24,Kedlanagar,Jharkhand,Insurance Agent,chitrangada.pawar@gmail.com,single,27fb0ca8-af63-49d8-aa31-bc370af75876,child,
62253e8d-5335-4f19-9e28-3aee9bd855d5,AADHAAR-SYN-5089-4971-7483,Mahesh Bansal,Mahesh,Bansal,Male,1958-12-26,68,Kedlanagar,Jharkhand,School Teacher,mahesh.bansal@gmail.com,married,83a04a9e-4470-49f9-bb70-1969fc8026eb,head,Aadhaar mobile number update pending
bae44582-518e-4cc6-8864-9a68de64fa2e,AADHAAR-SYN-9465-5907-6258,Aaradhya Chopra,Aaradhya,Chopra,Female,1989-09-26,37,Kedlanagar,Jharkhand,Auto Rickshaw Driver,aaradhya.chopra@gmail.com,married,83a04a9e-4470-49f9-bb70-1969fc8026eb,child,Voter ID linked
97fa6d8f-8f8c-4e66-9600-c13228fb8b6a,AADHAAR-SYN-1902-4085-6214,Dev Bhat,Dev,Bhat,Male,1996-11-22,30,Narewadi,Maharashtra,School Teacher,dev.bhat8@gmail.com,single,473b7b8a-e95d-4b80-83f2-2bfab0477467,head,Record migrated from legacy system
61471165-3f7a-400f-8a83-b0804b56ec92,AADHAAR-SYN-0240-1548-5547,Parth Ghosh,Parth,Ghosh,Male,2001-04-02,25,Narewadi,Maharashtra,Plumber,,married,473b7b8a-e95d-4b80-83f2-2bfab0477467,spouse,Aadhaar mobile number update pending
ecf8560d-074d-4616-bfe1-5ab4cab60fdc,AADHAAR-SYN-4495-7262-0328,Yogesh Venkatesh,Yogesh,Venkatesh,Male,1955-12-21,71,Narewadi,Maharashtra,Security Guard,yogesh.venkatesh3@gmail.com,widowed,ec30b6ad-a0ea-4ed6-8af8-95c8270f0aab,head,
6c911130-6b8d-4dc8-8a79-6ba55a3c9494,AADHAAR-SYN-1241-5579-7302,Pratham Nambiar,Pratham,Nambiar,Male,1992-10-15,34,Narewadi,Maharashtra,Chef,pratham.nambiar73@microsoft.com,single,ec30b6ad-a0ea-4ed6-8af8-95c8270f0aab,child,Address updated 2023
e89be745-8297-48e4-97d3-281a91d72627,AADHAAR-SYN-5322-0886-9431,Dhairya Pawar,Dhairya,Pawar,Male,1993-12-02,33,Narewadi,Maharashtra,Chef,dhairya.pawar36@gmail.com,married,ec30b6ad-a0ea-4ed6-8af8-95c8270f0aab,child,Address updated 2023
fe019cc4-ad27-4a9e-8ce5-6f24d484e798,AADHAAR-SYN-6731-5778-3432,Divyansh Menon,Divyansh,Menon,Male,2002-05-15,24,Narewadi,Maharashtra,Bank Employee,divyansh.menon@gmail.com,single,ec30b6ad-a0ea-4ed6-8af8-95c8270f0aab,child,
7ed22d51-e52a-419c-9378-c3e008062e31,AADHAAR-SYN-4198-1546-7534,Shilpa Sanyal,Shilpa,Sanyal,Female,2000-01-07,26,Narewadi,Maharashtra,Insurance Agent,shilpa.sanyal@gmail.com,married,fdb812b5-2f74-44a6-9de6-8c026e761606,head,Address updated 2023
fe56cd72-0ab6-4f4f-a1bc-459955f68bc3,AADHAAR-SYN-1754-6907-0066,Megha Jadhav,Megha,Jadhav,Female,1986-06-12,40,Narewadi,Maharashtra,Librarian,megha.jadhav@icloud.com,single,2f1849e8-c59d-4b39-b32c-024eb4de4e98,head,
8081825f-0e48-4990-a7ed-bf1ddd6c7e0a,AADHAAR-SYN-5577-3730-0508,Dhairya Mazumdar,Dhairya,Mazumdar,Male,1995-02-03,31,Narewadi,Maharashtra,Bank Employee,dhairya.mazumdar@gmail.com,married,2f1849e8-c59d-4b39-b32c-024eb4de4e98,spouse,
63978636-6654-4695-ae29-7aa73b410900,AADHAAR-SYN-5938-9433-6344,Amol Thakkar,Amol,Thakkar,Male,1968-07-05,58,Badapal,Odisha,Accountant,amol.thakkar61@gmail.com,married,64bf942d-f24a-4b9b-9c61-1a9d4bcf2f94,head,
1ec06fb2-834c-4afb-8254-5f294f9bd0da,AADHAAR-SYN-5011-2628-3210,Indira Srinivasan,Indira,Srinivasan,Female,1973-05-01,53,Badapal,Odisha,Journalist,indira.srinivasan83@gmail.com,married,64bf942d-f24a-4b9b-9c61-1a9d4bcf2f94,spouse,Duplicate entry flagged for review
c8cb9ae6-8908-4470-83f4-d28bc48bc1bc,AADHAAR-SYN-0359-5012-8301,Hemant Deshpande,Hemant,Deshpande,Male,1979-04-10,47,Badapal,Odisha,Salesperson,hemant.deshpande@amazon.com,married,64bf942d-f24a-4b9b-9c61-1a9d4bcf2f94,sibling,
4d9faa69-718a-4c13-93e8-acaea8c22f67,AADHAAR-SYN-8283-9264-4629,Sanjit Gopalakrishnan,Sanjit,Gopalakrishnan,Male,1987-11-15,39,Badapal,Odisha,Government Clerk,sanjit.gopalakrishnan@gmail.com,married,64bf942d-f24a-4b9b-9c61-1a9d4bcf2f94,child,
c4e80afb-b1ed-4eea-a3c7-45d925f546fb,AADHAAR-SYN-8246-7420-1345,Atul Pandey,Atul,Pandey,Male,1993-02-13,33,Badapal,Odisha,School Teacher,atul.pandey@gmail.com,married,64bf942d-f24a-4b9b-9c61-1a9d4bcf2f94,child,
ee9f26ed-c3e0-429e-adb6-1f32bb1bb4df,AADHAAR-SYN-5683-1880-7914,Rohit Natarajan,Rohit,Natarajan,Male,1984-12-18,42,Badapal,Odisha,College Student,rohit.natarajan@gmail.com,married,f7b734de-734e-4423-9fbe-7d015be5862a,head,
79932aa7-caa0-4666-a1ca-0242427646a8,AADHAAR-SYN-8436-4791-7428,Nishant Shaikh,Nishant,Shaikh,Male,1948-10-07,78,Dungri Pindarpar,Uttarakhand,College Student,,widowed,7a894fe7-7d5b-4931-b2b7-1776a85b0447,head,
5b63a163-678d-4720-bfd7-64891aad851e,AADHAAR-SYN-2455-0593-6103,Dharmesh Sidhu,Dharmesh,Sidhu,Male,1963-03-07,63,Dungri Pindarpar,Uttarakhand,Government Clerk,dharmesh.sidhu73@icloud.com,married,7a894fe7-7d5b-4931-b2b7-1776a85b0447,spouse,
80d1a12f-12b3-4bd3-abd1-b154fc01378c,AADHAAR-SYN-6375-4376-6019,Deepika Chauhan,Deepika,Chauhan,Female,1965-02-20,61,Dungri Pindarpar,Uttarakhand,Freight Forwarding Agent,deepika.chauhan96@icloud.com,married,7a894fe7-7d5b-4931-b2b7-1776a85b0447,child,
4682e1e3-d14e-4a06-b425-c1b44c3bdf54,AADHAAR-SYN-4899-7462-9108,Sushma Mukherjee,Sushma,Mukherjee,Female,1970-02-13,56,Dungri Pindarpar,Uttarakhand,Retired Government Employee,,married,7a894fe7-7d5b-4931-b2b7-1776a85b0447,child,
be6e9734-d7c4-405f-bbb0-06104918e898,AADHAAR-SYN-1343-3997-5740,Pushpa Modi,Pushpa,Modi,Female,1998-04-06,28,Dungri Pindarpar,Uttarakhand,Carpenter,pushpa.modi@icloud.com,single,7a894fe7-7d5b-4931-b2b7-1776a85b0447,child,
04461a6c-fc3e-43fe-8bae-51cea1308184,AADHAAR-SYN-2851-4060-1123,Sanjay Viswanathan,Sanjay,Viswanathan,Male,1972-03-26,54,Dungri Pindarpar,Uttarakhand,Auto Rickshaw Driver,sanjay.viswanathan@gmail.com,married,6cdb0154-b7ae-4635-a032-a9d9d0237721,head,Address updated 2023
2ca64574-556a-4e5c-a21d-820a82e4bcb5,AADHAAR-SYN-7468-0461-0454,Pallav Viswanathan,Pallav,Viswanathan,Male,1984-06-12,42,Dungri Pindarpar,Uttarakhand,Homemaker,pallav.lahiri@gmail.com,married,6cdb0154-b7ae-4635-a032-a9d9d0237721,spouse,PAN verification pending
65493cfb-8afe-4ebd-9df2-faa763b8f310,AADHAAR-SYN-1299-1022-2205,Akhil Chawla,Akhil,Chawla,Male,1968-04-10,58,Dungri Pindarpar,Uttarakhand,Farmer,akhil.chawla@icloud.com,married,d5d75313-ee05-4a9c-a88b-a32473338e7b,head,
89becb17-81b8-459b-ae0b-96b155f34386,AADHAAR-SYN-3749-6139-1819,Siddharth Chawla,Siddharth,Chawla,Male,1992-10-25,34,Dungri Pindarpar,Uttarakhand,Chef,siddharth.dhawan@icloud.com,married,d5d75313-ee05-4a9c-a88b-a32473338e7b,child,Aadhaar mobile number update pending
c529d9ef-2cd1-45c2-9e04-a55827105e21,AADHAAR-SYN-5983-4037-9504,Ritesh Hussain,Ritesh,Hussain,Male,1987-07-15,39,Dungri Pindarpar,Uttarakhand,Fisherman,ritesh.hussain16@gmail.com,married,20b18d39-7b0e-4f89-9623-07a2ed797b8e,head,
6b8b8023-d580-47b1-ae20-b1b16bdeb80a,AADHAAR-SYN-7368-4745-1466,Ramesh Malhotra,Ramesh,Malhotra,Male,2007-02-20,19,Dungri Pindarpar,Uttarakhand,College Student,ramesh.malhotra79@hotmail.com,single,20b18d39-7b0e-4f89-9623-07a2ed797b8e,child,Voter ID linked
454733be-201b-4f37-bdc8-fabcf42fcd20,AADHAAR-SYN-6031-6597-8597,Sameer Swamy,Sameer,Swamy,Male,1949-12-26,77,E.Kottapatty,Tamil Nadu,Scrap Dealer,sameer.swamy@adobe.com,divorced,1b69f288-2140-4e93-9ea8-00d59257d5da,head,
2462c2eb-1f1b-47a8-8162-d3130384be69,AADHAAR-SYN-7160-7541-4153,Archana Paul,Archana,Paul,Female,1981-07-21,45,E.Kottapatty,Tamil Nadu,Pharmacist,,divorced,1b69f288-2140-4e93-9ea8-00d59257d5da,child,
0f584911-ae09-456d-9bb6-9a94205254f8,AADHAAR-SYN-5194-6299-5998,Esha Chaturvedi,Esha,Chaturvedi,Female,1949-08-16,77,E.Kottapatty,Tamil Nadu,Mechanic,esha.chaturvedi@icloud.com,married,73b93944-7290-4eca-ae85-0db764a92299,head,Record migrated from legacy system
07606132-cd61-453a-a9d6-78d3a2f8c0cb,AADHAAR-SYN-3979-1921-6203,Rajat Chaturvedi,Rajat,Chaturvedi,Male,1998-05-13,28,E.Kottapatty,Tamil Nadu,Pharmacist,rajat.brar@gmail.com,married,73b93944-7290-4eca-ae85-0db764a92299,child,Duplicate entry flagged for review
0ead0884-55ed-4e0c-931f-0414d70f5921,AADHAAR-SYN-8239-8620-1551,Lara Sahoo,Lara,Sahoo,Female,1981-10-28,45,Moran,Assam,Jewellery Dealer,lara.sahoo30@gmail.com,widowed,72e8a827-1692-458d-b180-3e3331a4cd20,head,
93e02608-b62a-4037-bd6b-eba77022c2fb,AADHAAR-SYN-4403-4771-9005,Krishna Sahoo,Krishna,Sahoo,Male,1986-10-17,40,Moran,Assam,Delivery Executive,krishna.shukla@outlook.com,married,72e8a827-1692-458d-b180-3e3331a4cd20,spouse,Voter ID linked
b23b2c87-f81a-415d-ab99-0e23263c43de,AADHAAR-SYN-5514-2007-3967,Rupali Sahoo,Rupali,Sahoo,Female,1994-11-25,32,Moran,Assam,Doctor,,married,72e8a827-1692-458d-b180-3e3331a4cd20,sibling,
65f2e462-20b2-40dc-aa8d-5e7ced3545a6,AADHAAR-SYN-4191-0070-0415,Mihir Sachdeva,Mihir,Sachdeva,Male,1980-05-10,46,Moran,Assam,Hotel Staff,mihir.sachdeva90@gmail.com,widowed,b154e47c-7d6a-40c4-851f-44f2201545e7,head,Voter ID linked
29266a84-f9ab-4a29-9079-4cc1dad9b121,AADHAAR-SYN-6433-9929-3260,Himanshu Sachdeva,Himanshu,Sachdeva,Male,1987-02-07,39,Moran,Assam,Plumber,himanshu.malik@google.com,married,b154e47c-7d6a-40c4-851f-44f2201545e7,spouse,
9ecdbdb9-b55e-4e0e-bd9d-ceaafd90bddb,AADHAAR-SYN-6096-8643-8443,Ranjana Sachdeva,Ranjana,Sachdeva,Female,1999-08-04,27,Moran,Assam,Graphic Designer,ranjana.das29@gmail.com,married,b154e47c-7d6a-40c4-851f-44f2201545e7,child,Aadhaar mobile number update pending
b130424e-a079-43fc-ae7b-9de36b066ebb,AADHAAR-SYN-4599-8109-0316,Indu Sachdeva,Indu,Sachdeva,Female,2004-02-07,22,Moran,Assam,Pharmacist,indu.gupta93@gmail.com,single,b154e47c-7d6a-40c4-851f-44f2201545e7,child,
ca14571e-73bb-4ea3-b5f9-39dbddf8b2b6,AADHAAR-SYN-8740-2255-1274,Shreya Chopra,Shreya,Chopra,Female,1963-02-27,63,Kota Kutchery,Rajasthan,Government Clerk,shreya.chopra42@salesforce.com,single,083a73b4-696d-4165-ada2-d007030daf4e,head,Aadhaar mobile number update pending
59fbdf87-28e7-404c-97a5-0d0f217b39f6,AADHAAR-SYN-4885-4707-7008,Aniket Siddiqui,Aniket,Siddiqui,Male,1994-06-20,32,Kota Kutchery,Rajasthan,Security Guard,aniket.siddiqui@gmail.com,single,083a73b4-696d-4165-ada2-d007030daf4e,child,
bc572c42-a45c-4a2f-956f-240a09cdabc2,AADHAAR-SYN-5311-8800-6584,Diya Brar,Diya,Brar,Female,1996-08-24,30,Kota Kutchery,Rajasthan,Accountant,diya.brar@gmail.com,single,083a73b4-696d-4165-ada2-d007030daf4e,child,Aadhaar mobile number update pending
a9de9f02-11c2-4c92-8daa-b23b3e87d736,AADHAAR-SYN-0371-0318-6323,Sunil Chaturvedi,Sunil,Chaturvedi,Male,2000-04-18,26,Kota Kutchery,Rajasthan,Nurse,sunil.chaturvedi96@icloud.com,married,083a73b4-696d-4165-ada2-d007030daf4e,child,
b27ed7f3-0309-4705-a823-94c19d69f184,AADHAAR-SYN-7675-4518-3209,Mala Shaikh,Mala,Shaikh,Female,2003-08-27,23,Kota Kutchery,Rajasthan,Plumber,mala.shaikh@icloud.com,single,083a73b4-696d-4165-ada2-d007030daf4e,child,
32516016-95e1-42c5-b6ee-6d1c59de73ee,AADHAAR-SYN-5661-8445-3233,Yogesh Thapar,Yogesh,Thapar,Male,1986-03-25,40,Kota Kutchery,Rajasthan,School Teacher,yogesh.thapar@gmail.com,married,70108029-4f0b-4b2e-aa3f-581d9490ae47,head,Aadhaar mobile number update pending
e60e7f71-b98d-4804-88ae-9e14b7878720,AADHAAR-SYN-9517-9830-9714,Harsh Thapar,Harsh,Thapar,Male,2002-06-21,24,Kota Kutchery,Rajasthan,Retired Government Employee,harsh.sawant@hotmail.com,single,70108029-4f0b-4b2e-aa3f-581d9490ae47,child,
fc2ffc05-29cf-4be2-ab8c-dcfe4f85038e,AADHAAR-SYN-9938-4108-6529,Nikunj Khurana,Nikunj,Khurana,Male,1985-02-03,41,Melarasambattu,Tamil Nadu,Software Engineer,nikunj.khurana69@outlook.com,single,2f062056-3a50-4783-9682-33607048ed10,head,Aadhaar mobile number update pending
186b6432-d7b9-4397-ae8e-c7b49b2868bc,AADHAAR-SYN-3024-4634-9724,Sapna Khurana,Sapna,Khurana,Female,1993-06-14,33,Melarasambattu,Tamil Nadu,Electrician,sapna.rahman@icloud.com,married,2f062056-3a50-4783-9682-33607048ed10,spouse,
c01ed628-489a-4805-9c4f-5a34da05d3f8,AADHAAR-SYN-8130-0340-0244,Sadhana Khurana,Sadhana,Khurana,Female,1996-07-10,30,Melarasambattu,Tamil Nadu,Electrician,sadhana.kapur@icloud.com,single,2f062056-3a50-4783-9682-33607048ed10,sibling,
a9af8e6a-6122-49ba-92d6-a7fe993d3370,AADHAAR-SYN-6939-5206-9296,Ramesh Khurana,Ramesh,Khurana,Male,2006-06-02,20,Melarasambattu,Tamil Nadu,College Student,ramesh.saini@americanexpress.com,single,2f062056-3a50-4783-9682-33607048ed10,child,
0e452102-4aa9-4290-9b86-577e41a8b3d4,AADHAAR-SYN-6895-7984-5735,Anirudh Anantharaman,Anirudh,Anantharaman,Male,1948-03-13,78,Melarasambattu,Tamil Nadu,Jewellery Dealer,anirudh.anantharaman12@icloud.com,widowed,88bf3daf-f07d-478d-a1c9-d1437e5ca0d6,head,PAN verification pending
b61a0df4-78dd-48f5-bead-9b82a80aebc0,AADHAAR-SYN-3439-3128-2877,Naveen Anantharaman,Naveen,Anantharaman,Male,1966-01-12,60,Melarasambattu,Tamil Nadu,Auto Rickshaw Driver,naveen.parthasarathy@parker.com,married,88bf3daf-f07d-478d-a1c9-d1437e5ca0d6,child,Voter ID linked
2aafa2df-69ad-4082-9781-01270ad8caad,AADHAAR-SYN-0478-2509-5653,Mohan Modi,Mohan,Modi,Male,1969-10-08,57,Melarasambattu,Tamil Nadu,Government Clerk,mohan.modi@icloud.com,married,4c1de525-8f43-4ead-bf02-d6cc870b00eb,head,
1aead6bb-e517-4ad3-80d5-4673db5c0db8,AADHAAR-SYN-8378-0792-4173,Madhav Modi,Madhav,Modi,Male,1994-06-02,32,Melarasambattu,Tamil Nadu,Librarian,madhav.thapar@gmail.com,married,4c1de525-8f43-4ead-bf02-d6cc870b00eb,child,
ddd0a2c1-7498-46cb-aefe-0864000f394c,AADHAAR-SYN-0547-1233-2829,Divyansh Modi,Divyansh,Modi,Male,2005-01-10,21,Melarasambattu,Tamil Nadu,College Student,divyansh.murthy@gmail.com,single,4c1de525-8f43-4ead-bf02-d6cc870b00eb,child,
08a53a16-20c4-4c50-ba6e-3c40ef621f5f,AADHAAR-SYN-9765-9657-0498,Payal Siddiqui,Payal,Siddiqui,Female,1991-04-28,35,Melarasambattu,Tamil Nadu,Mechanic,payal.siddiqui@gmail.com,single,c17b2d48-e4e1-42d8-a95c-6dac32020b91,head,
58403a85-3bb2-4384-b35a-06d05951268a,AADHAAR-SYN-3792-7248-7859,Chirag Bajaj,Chirag,Bajaj,Male,1947-10-08,79,Melarasambattu,Tamil Nadu,Jewellery Dealer,chirag.bajaj@apple.com,widowed,5f1a0163-c635-4e15-a934-3e357aca6c2f,head,
d345fe0e-42c2-4e44-83b2-723320815e68,AADHAAR-SYN-3058-9735-2304,Anushka Senapati,Anushka,Senapati,Female,1958-09-09,68,Rayam,Gujarat,Weaver,anushka.senapati67@outlook.com,married,ba638ccf-0102-4163-9328-fdbaa9b0b5be,head,Address updated 2023
2cd1f3be-6824-4a52-8086-4de729d9aaca,AADHAAR-SYN-1646-6710-3844,Rohit Senapati,Rohit,Senapati,Male,1982-03-18,44,Rayam,Gujarat,Security Guard,rohit.dhar@icloud.com,married,ba638ccf-0102-4163-9328-fdbaa9b0b5be,child,
366ebb5e-4205-4993-a2f2-64e5d67ce167,AADHAAR-SYN-8039-0950-4182,Utkarsh Senapati,Utkarsh,Senapati,Male,1997-03-27,29,Rayam,Gujarat,Software Engineer,utkarsh.prakash@gmail.com,married,ba638ccf-0102-4163-9328-fdbaa9b0b5be,child,
d038f78a-ac24-4255-9b01-1d1541ce8012,AADHAAR-SYN-9014-8054-1045,Arnav Senapati,Arnav,Senapati,Male,2000-01-01,26,Rayam,Gujarat,Hotel Staff,arnav.pai@qualcomm.com,single,ba638ccf-0102-4163-9328-fdbaa9b0b5be,child,
8f36170a-27bf-4b8e-b9eb-13a11e0a58cf,AADHAAR-SYN-3870-5601-5666,Tejas Pattnaik,Tejas,Pattnaik,Male,1963-12-04,63,Rayam,Gujarat,Mechanic,,married,4730e5c6-76dc-45eb-b89b-f0ff6b6bb4b9,head,
46cf126c-dd3b-4a9a-b58a-14ba3169de56,AADHAAR-SYN-8489-4247-6427,Chandan Pattnaik,Chandan,Pattnaik,Male,1983-12-04,43,Rayam,Gujarat,Fisherman,chandan.singh@icloud.com,married,4730e5c6-76dc-45eb-b89b-f0ff6b6bb4b9,child,Voter ID linked
1aae9d8c-d6c4-4531-89f0-6293efdbac7d,AADHAAR-SYN-0779-0644-6334,Ragini Sawant,Ragini,Sawant,Female,1981-05-09,45,Chormar,Haryana,Accountant,ragini.sawant49@icloud.com,married,e5739fc0-87e0-4d5f-8218-031fb2151577,head,Address updated 2023
823343ef-211c-4a81-9536-e47ca7353e8d,AADHAAR-SYN-3177-2411-2573,Vineet Sawant,Vineet,Sawant,Male,2003-07-16,23,Chormar,Haryana,Retired Government Employee,vineet.chatterjee@gmail.com,single,e5739fc0-87e0-4d5f-8218-031fb2151577,child,
003cbc5f-6bd1-45c8-802a-83208f9052bf,AADHAAR-SYN-6622-8720-3062,Sourav Bose,Sourav,Bose,Male,1961-11-27,65,Chormar,Haryana,Mechanic,sourav.bose@yahoo.com,married,061259f1-8ee4-4150-98be-76841d64783e,head,Address updated 2023
2d13b972-2fa9-4533-978c-8761ce45a7d1,AADHAAR-SYN-5294-3719-4531,Prakash Gupta,Prakash,Gupta,Male,1967-07-19,59,Chormar,Haryana,College Student,prakash.gupta15@gmail.com,married,061259f1-8ee4-4150-98be-76841d64783e,spouse,Aadhaar mobile number update pending
8bc0df36-e3d8-4a4a-8c8e-accca462e3ee,AADHAAR-SYN-5325-7300-9251,Karishma Balakrishnan,Karishma,Balakrishnan,Female,1987-11-08,39,Chormar,Haryana,Shopkeeper,karishma.balakrishnan47@outlook.com,married,061259f1-8ee4-4150-98be-76841d64783e,child,
4f36b764-70d4-498c-8d72-dc72edac4efb,AADHAAR-SYN-0151-8379-3275,Satish Acharya,Satish,Acharya,Male,1994-03-12,32,Chormar,Haryana,School Teacher,satish.acharya@icloud.com,single,bd0bf024-7c84-4955-8075-40fb38561562,head,
ac981fbf-5c23-4f68-9de4-18399d8c9fda,AADHAAR-SYN-8059-1582-8166,Kunal Kurup,Kunal,Kurup,Male,1946-05-02,80,Pudumavilangai,Tamil Nadu,Insurance Agent,kunal.kurup@outlook.com,widowed,9035783a-2c36-4284-b1bb-c75f1ff56e82,head,Voter ID linked
39727b42-2e34-4761-86de-934b90995f38,AADHAAR-SYN-5041-1470-5059,Dev Kurup,Dev,Kurup,Male,1990-07-25,36,Pudumavilangai,Tamil Nadu,Plumber,dev.reddy71@gmail.com,married,9035783a-2c36-4284-b1bb-c75f1ff56e82,child,
9f31b990-568f-4027-88d9-dd412317a8d2,AADHAAR-SYN-9449-6679-4100,Vijay Kamath,Vijay,Kamath,Male,1975-05-01,51,Pudumavilangai,Tamil Nadu,Doctor,vijay.kamath@gmail.com,married,aa789207-f76b-4554-98b1-7d8403b20b4f,head,
02710545-5cb2-49e4-ace2-ef4ff578b158,AADHAAR-SYN-7188-0371-8017,Swati Senapati,Swati,Senapati,Female,1998-01-23,28,Pudumavilangai,Tamil Nadu,Police Constable,,married,aa789207-f76b-4554-98b1-7d8403b20b4f,child,
6fbe7cd9-f340-4136-a2ac-76aa489d39bb,AADHAAR-SYN-7478-4471-1136,Soham Saini,Soham,Saini,Male,2008-11-24,18,Pudumavilangai,Tamil Nadu,Delivery Executive,soham.saini11@yahoo.com,married,0a557fd3-b293-469e-8025-5d3310b7c676,head,
84453905-4d46-46bb-8dc5-36c4df23d3dd,AADHAAR-SYN-7737-3813-2400,Garima Dubey,Garima,Dubey,Female,1950-02-10,76,Majhihara,Odisha,Insurance Agent,garima.dubey@gmail.com,married,380f67d0-a49b-4830-9d48-6d42b7771374,head,
670dbf69-ea2a-485a-b461-c479cc3b7340,AADHAAR-SYN-2233-2183-7908,Vikram Dubey,Vikram,Dubey,Male,1965-09-01,61,Majhihara,Odisha,Software Engineer,vikram.biswal47@gmail.com,widowed,380f67d0-a49b-4830-9d48-6d42b7771374,spouse,PAN verification pending
ea5053b5-6ea8-4a50-9d34-3c1b00d569d8,AADHAAR-SYN-4434-7608-5070,Shivansh Dubey,Shivansh,Dubey,Male,1977-10-16,49,Majhihara,Odisha,Accountant,shivansh.subramaniam@outlook.com,married,380f67d0-a49b-4830-9d48-6d42b7771374,child,
b21086e5-e0c7-4581-b389-8d45ce5ed6e9,AADHAAR-SYN-5923-6993-1767,Shivansh Ansari,Shivansh,Ansari,Male,1981-01-23,45,Majhihara,Odisha,Delivery Executive,shivansh.ansari45@gmail.com,married,4f83486d-cf90-4065-bfe3-22c011bb1338,head,
491f1427-759d-4897-9869-66d835714bbb,AADHAAR-SYN-8406-3260-3175,Devesh Ansari,Devesh,Ansari,Male,1997-03-14,29,Majhihara,Odisha,Software Engineer,devesh.ali73@gmail.com,single,4f83486d-cf90-4065-bfe3-22c011bb1338,child,Address updated 2023
06f3d146-8c0e-4189-91e0-d3c04da2745e,AADHAAR-SYN-1305-6639-9423,Praful Tripathi,Praful,Tripathi,Male,1985-09-07,41,Mathana Bichala,Uttarakhand,Farmer,praful.tripathi@icloud.com,married,693890f2-3386-4cad-875c-cbd19c1e1c83,head,Record migrated from legacy system
b7008cf0-f52c-4878-a4ac-b18aa43bef76,AADHAAR-SYN-3307-9906-9428,Sara Gupta,Sara,Gupta,Female,1991-02-06,35,Mathana Bichala,Uttarakhand,Postal Worker,sara.gupta@gmail.com,divorced,693890f2-3386-4cad-875c-cbd19c1e1c83,spouse,
9e122242-a545-409d-9760-69ce5326889c,AADHAAR-SYN-7696-7172-6531,Sonali Garg,Sonali,Garg,Female,1993-05-01,33,Mathana Bichala,Uttarakhand,Tailor,sonali.garg@gmail.com,single,693890f2-3386-4cad-875c-cbd19c1e1c83,sibling,
e29829bc-7268-4b21-a6c5-c6b2a350bf89,AADHAAR-SYN-4930-9000-1511,Vikram Shaikh,Vikram,Shaikh,Male,1996-02-21,30,Mathana Bichala,Uttarakhand,Bank Employee,vikram.shaikh@fastmail.com,married,693890f2-3386-4cad-875c-cbd19c1e1c83,sibling,PAN verification pending
75a58431-c355-472e-853e-b22584057fd8,AADHAAR-SYN-7162-9498-8465,Pravin Kulkarni,Pravin,Kulkarni,Male,1998-04-22,28,Mathana Bichala,Uttarakhand,Hotel Staff,pravin.kulkarni@gmail.com,married,693890f2-3386-4cad-875c-cbd19c1e1c83,sibling,
b9694041-e93a-409d-b62f-cc9b6907919e,AADHAAR-SYN-8289-7536-1239,Sachin Jain,Sachin,Jain,Male,1949-01-03,77,Joura Khurd,Madhya Pradesh,Postal Worker,sachin.jain@icloud.com,widowed,396b1540-2482-48e9-b40a-df98f11d08f7,head,Address updated 2023
66e0d2a8-0425-451b-80a1-c99c31a292bd,AADHAAR-SYN-9787-6777-0661,Ganesh Jain,Ganesh,Jain,Male,1971-01-10,55,Joura Khurd,Madhya Pradesh,Tailor,ganesh.kapur@outlook.com,married,396b1540-2482-48e9-b40a-df98f11d08f7,child,
37be16a8-d495-4e8a-981c-702ad9ed23d4,AADHAAR-SYN-0674-6757-3060,Rani Jain,Rani,Jain,Female,1990-04-19,36,Joura Khurd,Madhya Pradesh,Pharmacist,rani.pawar@icloud.com,married,396b1540-2482-48e9-b40a-df98f11d08f7,child,
64c8c8c4-3eca-40a8-a280-fce21bb2974a,AADHAAR-SYN-7618-0201-6467,Kaustubh Jain,Kaustubh,Jain,Male,1996-02-25,30,Joura Khurd,Madhya Pradesh,Plumber,kaustubh.sharma@hp.com,married,396b1540-2482-48e9-b40a-df98f11d08f7,child,
51e1dc18-3ead-425c-b637-9a7c7fd8b9a2,AADHAAR-SYN-7759-6464-5995,Sankalp Basu,Sankalp,Basu,Male,1959-07-18,67,Devenampalayam,Tamil Nadu,College Student,sankalp.basu@gmail.com,widowed,381d8e50-71d6-4943-acbb-1079b93affb9,head,
1293721b-341b-4a42-b83f-933a1a392012,AADHAAR-SYN-1167-3306-4658,Prakash Pathan,Prakash,Pathan,Male,1981-06-04,45,Devenampalayam,Tamil Nadu,Government Clerk,prakash.pathan@gmail.com,married,381d8e50-71d6-4943-acbb-1079b93affb9,child,Voter ID linked
0a1b99f1-1274-43bf-ad88-64f2887c6641,AADHAAR-SYN-1143-4448-3055,Mohit Chopra,Mohit,Chopra,Male,1990-08-22,36,Devenampalayam,Tamil Nadu,Homemaker,mohit.chopra@hotmail.com,single,381d8e50-71d6-4943-acbb-1079b93affb9,child,PAN verification pending
cbfaf171-dce6-4569-a432-ce256a1385c8,AADHAAR-SYN-9764-1343-4487,Konkana Bhandari,Konkana,Bhandari,Female,1994-11-09,32,Devenampalayam,Tamil Nadu,Civil Engineer,konkana.bhandari@apple.com,married,381d8e50-71d6-4943-acbb-1079b93affb9,child,
f847626c-a1c8-45d6-8bc4-a9a0f2fa2b66,AADHAAR-SYN-1610-1141-2948,Karthik Anantharaman,Karthik,Anantharaman,Male,2005-05-05,21,Devenampalayam,Tamil Nadu,College Student,karthik.anantharaman@icloud.com,single,381d8e50-71d6-4943-acbb-1079b93affb9,child,
3880d8b4-ea8d-455d-aa9c-977ad401abd3,AADHAAR-SYN-5963-5156-3820,Aadvik Dutta,Aadvik,Dutta,Male,1949-10-13,77,Devenampalayam,Tamil Nadu,Software Engineer,aadvik.dutta@gmail.com,divorced,120bd220-52f4-46b5-997f-55b25864faea,head,Address updated 2023
79c5f089-ebe7-496b-8aee-e7e215734d02,AADHAAR-SYN-5970-1854-9837,Nikhil Ganguly,Nikhil,Ganguly,Male,1994-09-10,32,Janawad,Rajasthan,Librarian,nikhil.ganguly9@hotmail.com,single,6914ddb6-9868-4d5d-9745-8c779da67872,head,Record migrated from legacy system
866ee0b9-296f-4f1a-a5e4-00facbb2f2f1,AADHAAR-SYN-2123-5321-6152,Kiaan Ganguly,Kiaan,Ganguly,Male,2003-10-23,23,Janawad,Rajasthan,Mechanic,kiaan.bhatt@microsoft.com,married,6914ddb6-9868-4d5d-9745-8c779da67872,spouse,
a8e8d715-c685-4e6e-b7b6-770c44b19fa0,AADHAAR-SYN-0371-9399-2654,Kiaan Gupta,Kiaan,Gupta,Male,1980-02-15,46,Janawad,Rajasthan,Taxi Fleet Operator,kiaan.gupta@gmail.com,married,7217ff95-9b48-4e1c-81b1-75069694be6c,head,
a340f970-d761-46df-ae50-904a5c84f1df,AADHAAR-SYN-2916-1047-2319,Sumit Gupta,Sumit,Gupta,Male,1992-01-19,34,Janawad,Rajasthan,Salesperson,sumit.jain@icloud.com,married,7217ff95-9b48-4e1c-81b1-75069694be6c,spouse,Voter ID linked
a5044e96-2226-49e3-ac23-33ab4e89632e,AADHAAR-SYN-7795-0458-9272,Vinod Gupta,Vinod,Gupta,Male,2004-06-28,22,Janawad,Rajasthan,Librarian,vinod.ali42@gmail.com,single,7217ff95-9b48-4e1c-81b1-75069694be6c,child,Aadhaar mobile number update pending
227cf141-3ec6-4425-bb88-489f21119a4b,AADHAAR-SYN-5635-5083-0899,Pratibha Kapoor,Pratibha,Kapoor,Female,1960-11-19,66,Janawad,Rajasthan,Salesperson,pratibha.kapoor@gmail.com,widowed,b534cbfb-afe7-4216-8c4d-da148c63635e,head,
5d4e95f6-a5b7-458f-bb96-16b83c313283,AADHAAR-SYN-3881-2442-1283,Sai Kapoor,Sai,Kapoor,Male,1983-04-25,43,Janawad,Rajasthan,Jewellery Dealer,sai.bhandary84@gmail.com,single,b534cbfb-afe7-4216-8c4d-da148c63635e,child,
b6afdec7-c3df-4244-89ef-b20f7599b04c,AADHAAR-SYN-1872-8211-4417,Rishabh Kohli,Rishabh,Kohli,Male,2000-03-26,26,Tamulichiga,Assam,Retired Government Employee,rishabh.kohli@progressive.com,married,90a9745d-1a94-4e99-8816-4eb97bc5ff94,head,Address updated 2023
381edcea-393a-4563-9fea-dfc8d626a408,AADHAAR-SYN-5747-2456-3896,Ritesh Tiwari,Ritesh,Tiwari,Male,1993-03-01,33,Tamulichiga,Assam,Farmer,ritesh.tiwari@icloud.com,married,42eb6ca0-b520-40ef-829e-31e5ccb1a242,head,
1a958dca-63c0-4934-905a-10e51c3d04ca,AADHAAR-SYN-3818-0237-1153,Tabu Tiwari,Tabu,Tiwari,Female,1999-05-20,27,Tamulichiga,Assam,Doctor,tabu.agrawal@yahoo.com,single,42eb6ca0-b520-40ef-829e-31e5ccb1a242,spouse,PAN verification pending
64aa12fe-332b-426d-9e18-1960f6079b69,AADHAAR-SYN-7767-5975-5335,Deepak Deshpande,Deepak,Deshpande,Male,1963-09-10,63,Chinnur,Telangana,School Teacher,deepak.deshpande54@gmail.com,married,87fa2641-e620-4269-95ee-2c9e71655427,head,
a5be789e-f728-4c59-a462-1883b471932d,AADHAAR-SYN-7568-9431-8405,Rajat Vohra,Rajat,Vohra,Male,1994-08-15,32,Chinnur,Telangana,Pharmacist,rajat.vohra83@gmail.com,married,87fa2641-e620-4269-95ee-2c9e71655427,child,
3fc017d2-08cb-4e64-8ac6-678a1612aa6b,AADHAAR-SYN-2250-9462-5321,Hriday Saini,Hriday,Saini,Male,1970-12-18,56,Chinnur,Telangana,Police Constable,hriday.saini63@gmail.com,widowed,69243d8e-e763-4b80-9406-a7917b30d4e5,head,
fc6bab47-ed84-4a99-98d8-2bcb5b3f8374,AADHAAR-SYN-1611-3555-4794,Gopal Saini,Gopal,Saini,Male,1983-12-17,43,Chinnur,Telangana,Insurance Agent,gopal.alam@icloud.com,married,69243d8e-e763-4b80-9406-a7917b30d4e5,spouse,PAN verification pending
a863fe66-6b5f-4161-a08e-b86004e3f38e,AADHAAR-SYN-1313-8304-2510,Lokesh Saini,Lokesh,Saini,Male,1999-08-20,27,Chinnur,Telangana,Chef,lokesh.choudhury@gmail.com,married,69243d8e-e763-4b80-9406-a7917b30d4e5,child,Address updated 2023
0a5b766f-e003-4e09-91ac-8749993fd2c7,AADHAAR-SYN-6071-7991-2889,Reyansh Saini,Reyansh,Saini,Male,2005-01-07,21,Chinnur,Telangana,College Student,reyansh.varma@yahoo.com,married,69243d8e-e763-4b80-9406-a7917b30d4e5,child,
19fddd5d-fe03-495e-9dfc-a0cd6d93d52d,AADHAAR-SYN-4125-1380-9869,Aarav Mohapatra,Aarav,Mohapatra,Male,1991-05-08,35,Panar,Gujarat,Pharmacist,aarav.mohapatra@gmail.com,single,923c1f4a-844b-47a6-b039-f6e64881a4a5,head,Aadhaar mobile number update pending
5a14c393-ced5-4851-a7b1-b3ac69a36268,AADHAAR-SYN-8726-6450-9634,Jai Randhawa,Jai,Randhawa,Male,2006-04-25,20,Panar,Gujarat,Civil Engineer,,single,923c1f4a-844b-47a6-b039-f6e64881a4a5,spouse,PAN verification pending
d4bdc227-5886-47f4-ac4a-8e51fe760643,AADHAAR-SYN-0639-3416-2029,Jagdish Dhar,Jagdish,Dhar,Male,1963-06-20,63,Panar,Gujarat,Salesperson,jagdish.dhar58@hotmail.com,married,5549a872-c6c1-4229-9db9-3cc15607c628,head,Address updated 2023
f227f6b2-166f-413b-8e2a-82ff5d243d54,AADHAAR-SYN-2232-9591-6132,Arnav Dhar,Arnav,Dhar,Male,1974-12-18,52,Panar,Gujarat,Fisherman,arnav.ramachandran@gmail.com,married,5549a872-c6c1-4229-9db9-3cc15607c628,spouse,
e053942e-1959-4939-8542-d169679c7a17,AADHAAR-SYN-8912-9442-7810,Tanish Ansari,Tanish,Ansari,Male,1974-06-06,52,Satara,Maharashtra,Homemaker,tanish.ansari@gmail.com,married,888f1694-dbbf-4a49-aaca-d959b3d8fdf6,head,Address updated 2023
be4a4267-c7c9-4a3e-baac-0d8b884310af,AADHAAR-SYN-0698-1735-6251,Vivek Banerjee,Vivek,Banerjee,Male,1975-03-14,51,Satara,Maharashtra,Government Clerk,vivek.banerjee70@intel.com,married,888f1694-dbbf-4a49-aaca-d959b3d8fdf6,spouse,
65d05ad4-0721-4fb3-9bd8-1fd0beb5cd57,AADHAAR-SYN-7171-1713-3009,Anish Mohanty,Anish,Mohanty,Male,1975-06-27,51,Satara,Maharashtra,Journalist,anish.mohanty@qualcomm.com,married,888f1694-dbbf-4a49-aaca-d959b3d8fdf6,sibling,
f2896a26-de93-4c37-b6d2-18eddc10de9a,AADHAAR-SYN-9501-3620-7216,Menaka Upadhyay,Menaka,Upadhyay,Female,1997-04-14,29,Satara,Maharashtra,Insurance Agent,menaka.upadhyay76@icloud.com,married,0f487580-fa60-419a-b1be-f6bb4c9fdd13,head,
d6d0eceb-8f01-42d5-a6a6-19431cf2251b,AADHAAR-SYN-0314-1971-1161,Yashoda Upadhyay,Yashoda,Upadhyay,Female,1999-02-08,27,Satara,Maharashtra,Carpenter,yashoda.arora@gmail.com,married,0f487580-fa60-419a-b1be-f6bb4c9fdd13,spouse,
91db5532-1569-4fd6-9b68-ea6d0864625e,AADHAAR-SYN-8870-1821-7072,Tanmay Hussain,Tanmay,Hussain,Male,1959-10-15,67,Sour,Uttarakhand,Graphic Designer,tanmay.hussain@abbott.com,widowed,d36033cd-53fc-4b25-ac47-28eede5e053e,head,
7b52549d-ed07-4e02-8e14-0645be9bb1ab,AADHAAR-SYN-0030-5214-5190,Madhav Hussain,Madhav,Hussain,Male,1989-06-25,37,Sour,Uttarakhand,School Teacher,madhav.vaidyanathan59@outlook.com,single,d36033cd-53fc-4b25-ac47-28eede5e053e,child,
ef191e70-a249-4c58-8a2b-2cde71885056,AADHAAR-SYN-9718-9318-4372,Rupali Hussain,Rupali,Hussain,Female,1994-07-08,32,Sour,Uttarakhand,Fisherman,rupali.mohan@gmail.com,married,d36033cd-53fc-4b25-ac47-28eede5e053e,child,Aadhaar mobile number update pending
47635c92-ffa4-4fc8-b344-531214f40b95,AADHAAR-SYN-5855-0355-6628,Keshav Garg,Keshav,Garg,Male,1949-01-23,77,Sour,Uttarakhand,Hotel Staff,keshav.garg@icloud.com,married,0aad3296-bbe4-4622-8db9-90c3b8d20376,head,
ffed9e70-f0a4-4834-8f50-4bc97419656a,AADHAAR-SYN-0572-8480-2678,Atul Begum,Atul,Begum,Male,1967-06-27,59,Sour,Uttarakhand,Police Constable,atul.begum@gmail.com,married,0aad3296-bbe4-4622-8db9-90c3b8d20376,child,Record migrated from legacy system
f7baa479-4b50-4bc4-b605-993f40b1ec07,AADHAAR-SYN-3770-8488-4854,Vihaan Mittal,Vihaan,Mittal,Male,1977-12-07,49,Sour,Uttarakhand,School Teacher,vihaan.mittal@gmail.com,married,0aad3296-bbe4-4622-8db9-90c3b8d20376,child,PAN verification pending
58ecf8c3-7cbd-4272-94cf-71943dc33e96,AADHAAR-SYN-4562-0865-4627,Girish Dutta,Girish,Dutta,Male,1991-04-10,35,Sour,Uttarakhand,Graphic Designer,girish.dutta@icloud.com,married,0aad3296-bbe4-4622-8db9-90c3b8d20376,child,Duplicate entry flagged for review
5126cc62-b59f-41b6-8efd-c67a432b7a2c,AADHAAR-SYN-5738-7151-6684,Shivam Patel,Shivam,Patel,Male,1979-01-12,47,Sour,Uttarakhand,Homemaker,shivam.patel@mastercard.com,married,13b11d65-796e-41c1-b051-9f80d1599601,head,
da42248e-bb7b-4a97-9912-fd9aac5842f0,AADHAAR-SYN-8624-9579-3488,Aanya Naik,Aanya,Naik,Female,1992-02-13,34,Sour,Uttarakhand,Salesperson,aanya.naik@gmail.com,married,13b11d65-796e-41c1-b051-9f80d1599601,spouse,Voter ID linked
630a2f6d-64cf-49b4-9586-6413e6b9de84,AADHAAR-SYN-3984-2671-3344,Nisha Deshpande,Nisha,Deshpande,Female,1999-06-16,27,Singibahar,Chattisgarh,Delivery Executive,nisha.deshpande@icloud.com,married,aebb5ce8-c01c-4f50-9b68-9a817011f99b,head,Address updated 2023
02662da0-19a4-460a-b3b0-25f9e65e4e33,AADHAAR-SYN-7030-2457-6816,Viraj Deshpande,Viraj,Deshpande,Male,2000-02-24,26,Singibahar,Chattisgarh,Farmer,viraj.singh@gmail.com,single,aebb5ce8-c01c-4f50-9b68-9a817011f99b,spouse,
2640fd97-8388-4336-ab6b-1e046723ec25,AADHAAR-SYN-5358-8984-3512,Raveena Menon,Raveena,Menon,Female,1991-01-02,35,Singibahar,Chattisgarh,Security Guard,,married,0c011bfa-ac2e-4832-b97c-a88660e6151b,head,
54f4377b-6cb0-4784-8b09-f6a94285a289,AADHAAR-SYN-6220-9278-4490,Ramya Acharya,Ramya,Acharya,Female,2004-11-19,22,Singibahar,Chattisgarh,Journalist,,single,0c011bfa-ac2e-4832-b97c-a88660e6151b,spouse,
6481c463-ebb9-4640-8c39-9dc17ae5678d,AADHAAR-SYN-5452-9964-2982,Laxmi Yadav,Laxmi,Yadav,Female,1968-03-17,58,Devanur,Karnataka,Farmer,laxmi.yadav96@gmail.com,divorced,8346724f-70a5-4217-8ee6-f0cc3414ee15,head,
2e71c4a0-ae70-4010-a211-112e4f70c8b4,AADHAAR-SYN-9571-1360-2898,Rohan Yadav,Rohan,Yadav,Male,1995-07-02,31,Devanur,Karnataka,Electrician,rohan.dutta@hotmail.com,single,8346724f-70a5-4217-8ee6-f0cc3414ee15,child,Voter ID linked
a607336d-9b99-4117-a56f-57962cd30dfc,AADHAAR-SYN-8702-0359-0162,Raghav Sanyal,Raghav,Sanyal,Male,1962-11-08,64,Devanur,Karnataka,Salesperson,raghav.sanyal52@icloud.com,widowed,beb5bc7c-a7a3-4f9c-b432-cc0665c0f419,head,Address updated 2023
58796a3b-821d-4185-8914-303664d5ccba,AADHAAR-SYN-0986-0289-4693,Ganesh Brar,Ganesh,Brar,Male,2003-09-13,23,Devanur,Karnataka,Government Clerk,ganesh.brar@hotmail.com,single,beb5bc7c-a7a3-4f9c-b432-cc0665c0f419,child,
5016d06f-c3eb-4c9b-affc-a070c293842a,AADHAAR-SYN-0166-4163-4823,Girish Khan,Girish,Khan,Male,2008-03-14,18,Devanur,Karnataka,Homemaker,girish.khan@icloud.com,married,5328d607-6ea3-4c8c-a04f-8b4d1eac0872,head,
c0ccc50e-59e2-4ce9-98d3-5b931dd2ae0f,AADHAAR-SYN-4603-9850-4418,Hardik Balakrishnan,Hardik,Balakrishnan,Male,1980-12-22,46,Bhiri,Uttarakhand,College Student,hardik.balakrishnan87@icloud.com,single,269c3377-1ff5-40b8-8778-bc1ea4845ea2,head,Record migrated from legacy system
30abb3ed-b819-4ace-ba46-8d69c0259e85,AADHAAR-SYN-3534-0397-2969,Rachna Balakrishnan,Rachna,Balakrishnan,Female,1999-08-20,27,Bhiri,Uttarakhand,Shopkeeper,,married,269c3377-1ff5-40b8-8778-bc1ea4845ea2,child,Aadhaar mobile number update pending
2a9bb79a-96df-4fb0-8957-dab00b74168a,AADHAAR-SYN-7811-1633-0423,Vedant Balakrishnan,Vedant,Balakrishnan,Male,2008-11-24,18,Bhiri,Uttarakhand,College Student,vedant.siddiqui@gmail.com,single,269c3377-1ff5-40b8-8778-bc1ea4845ea2,child,Duplicate entry flagged for review
71657e68-c8cb-4e8b-ac22-c0db54039f70,AADHAAR-SYN-8351-0025-2093,Ritesh Balakrishnan,Ritesh,Balakrishnan,Male,2008-07-18,18,Bhiri,Uttarakhand,Homemaker,ritesh.prakash@gmail.com,single,269c3377-1ff5-40b8-8778-bc1ea4845ea2,child,
16602d3f-f368-4b15-a638-1e646f05263a,AADHAAR-SYN-1147-4149-6090,Milind Sarkar,Milind,Sarkar,Male,1979-01-14,47,Bhiri,Uttarakhand,Graphic Designer,,divorced,45e32a68-2971-4221-81bf-12f38f6d71ea,head,
36f5f7c4-f4f3-4c9d-b004-c52cccb57d0e,AADHAAR-SYN-7946-7437-5305,Chandan Sarkar,Chandan,Sarkar,Male,1981-07-16,45,Bhiri,Uttarakhand,Librarian,chandan.grewal38@icloud.com,married,45e32a68-2971-4221-81bf-12f38f6d71ea,spouse,
5905b992-6426-4110-8654-01108126af18,AADHAAR-SYN-2523-3048-3178,Nalini Sarkar,Nalini,Sarkar,Female,1994-06-10,32,Bhiri,Uttarakhand,Government Clerk,nalini.nambiar@icloud.com,married,45e32a68-2971-4221-81bf-12f38f6d71ea,sibling,
f2115e40-063f-47d4-b56c-82c06cb911ef,AADHAAR-SYN-1483-5395-7492,Tanvi Sarkar,Tanvi,Sarkar,Male,1994-04-13,32,Bhiri,Uttarakhand,Hotel Staff,tanvi.tripathi@gmail.com,married,45e32a68-2971-4221-81bf-12f38f6d71ea,sibling,Duplicate entry flagged for review
ce0f7998-6e71-4f65-a70d-da5916d42ad9,AADHAAR-SYN-7473-8873-9104,Vishal Sarkar,Vishal,Sarkar,Male,2004-01-05,22,Bhiri,Uttarakhand,Security Guard,vishal.dhillon54@apple.com,single,45e32a68-2971-4221-81bf-12f38f6d71ea,child,
d719e8f8-6480-46af-9992-feb3c71c8c5f,AADHAAR-SYN-7101-4104-7165,Durga Mehta,Durga,Mehta,Female,1959-05-26,67,Bhiri,Uttarakhand,Pharmacist,durga.mehta14@me.com,widowed,431f8688-b343-4ace-9b60-fbd5c8cd83e6,head,
c8e9bb94-854c-450d-81a6-2a665ec642c5,AADHAAR-SYN-8743-3911-6599,Vedant Mehta,Vedant,Mehta,Male,1963-05-23,63,Bhiri,Uttarakhand,Shopkeeper,vedant.sen6@gmail.com,divorced,431f8688-b343-4ace-9b60-fbd5c8cd83e6,spouse,
2090861b-d686-40ef-bb36-c556e162d4dc,AADHAAR-SYN-0989-7335-9950,Saraswati Bajaj,Saraswati,Bajaj,Female,1973-12-01,53,South Soorankudy,Tamil Nadu,Plumber,saraswati.bajaj@gmail.com,married,14c5c33c-158d-47bb-89fa-cfa6a3f454c5,head,
5c97634a-2f6c-49bb-8e4e-acc58e31a2ad,AADHAAR-SYN-6869-1067-2885,Sarthak Bajaj,Sarthak,Bajaj,Male,2002-03-08,24,South Soorankudy,Tamil Nadu,Retired Government Employee,sarthak.pai@gmail.com,single,14c5c33c-158d-47bb-89fa-cfa6a3f454c5,child,Record migrated from legacy system
cd56c319-1ab9-4f7f-a508-a811475fcdb7,AADHAAR-SYN-7976-4530-9629,Konkana Bhatia,Konkana,Bhatia,Female,1977-01-20,49,South Soorankudy,Tamil Nadu,Police Constable,konkana.bhatia@icloud.com,married,6b7330ac-b73b-4f25-b7fd-5f99ad6eef25,head,
a255d4b8-bfce-4ea5-a193-2d6faa2f7ea9,AADHAAR-SYN-9764-3115-3588,Tanvi Bhatia,Tanvi,Bhatia,Male,1980-09-22,46,South Soorankudy,Tamil Nadu,Accountant,tanvi.dubey@gmail.com,married,6b7330ac-b73b-4f25-b7fd-5f99ad6eef25,spouse,
77831842-6ff5-4991-b1df-2d3fd95f465f,AADHAAR-SYN-5939-6552-3018,Ayesha Bhatia,Ayesha,Bhatia,Female,1981-12-28,45,South Soorankudy,Tamil Nadu,Postal Worker,ayesha.unnikrishnan@gmail.com,married,6b7330ac-b73b-4f25-b7fd-5f99ad6eef25,sibling,
76e72e71-49dd-489b-b711-bbf6c410f9a1,AADHAAR-SYN-2819-2436-1315,Yash Bhatia,Yash,Bhatia,Male,1985-12-20,41,South Soorankudy,Tamil Nadu,Nurse,yash.senapati75@sony.com,single,6b7330ac-b73b-4f25-b7fd-5f99ad6eef25,sibling,
8081c6e4-7b97-4e85-8fcf-93c2cfca8309,AADHAAR-SYN-3607-3074-1969,Lalit Bhatia,Lalit,Bhatia,Male,2001-06-08,25,South Soorankudy,Tamil Nadu,Homemaker,lalit.ganguly@icloud.com,married,6b7330ac-b73b-4f25-b7fd-5f99ad6eef25,child,
fdf74b33-ac83-405d-b15c-5fda48745b98,AADHAAR-SYN-9506-5469-5039,Ashwin Iyer,Ashwin,Iyer,Male,1984-11-17,42,Mannam Nagar,Kerala,Pharmacist,ashwin.iyer75@hotmail.com,married,13d19953-5705-4812-a4dc-29a244b2dd07,head,
d1f8d02e-22bd-47c9-af5f-de128d51a78f,AADHAAR-SYN-1748-0096-4303,Vaishali Iyer,Vaishali,Iyer,Female,1985-06-02,41,Mannam Nagar,Kerala,Homemaker,vaishali.tripathi74@icloud.com,married,13d19953-5705-4812-a4dc-29a244b2dd07,spouse,Voter ID linked
47584d4b-524c-4696-b0a4-4445638f24a6,AADHAAR-SYN-5304-8492-7210,Rishi Iyer,Rishi,Iyer,Male,1993-05-03,33,Mannam Nagar,Kerala,Shopkeeper,rishi.sodhi@me.com,divorced,13d19953-5705-4812-a4dc-29a244b2dd07,sibling,
8a8f094a-665b-42ee-bf78-9ec998b8cf84,AADHAAR-SYN-8163-6038-9789,Rahul Tandon,Rahul,Tandon,Male,1990-12-03,36,Mannam Nagar,Kerala,Farmer,rahul.tandon@hotmail.com,married,07fb8e47-9da1-46c1-88f9-397ca870fad0,head,
d36f8888-13c7-4666-88cd-f15ba4ba1d3b,AADHAAR-SYN-1998-6887-1268,Yashodhara Tandon,Yashodhara,Tandon,Female,1995-06-12,31,Mannam Nagar,Kerala,Doctor,,married,07fb8e47-9da1-46c1-88f9-397ca870fad0,spouse,Voter ID linked
4f374856-e16a-4b10-b313-a19b1139a497,AADHAAR-SYN-7424-0180-1424,Piyush Sharma,Piyush,Sharma,Male,2006-05-13,20,Mannam Nagar,Kerala,College Student,piyush.sharma@gmail.com,single,6c490658-e6eb-40bc-9e67-0e3e3062df0e,head,Voter ID linked
c34466cd-a07d-4875-8c89-0129dcaa6671,AADHAAR-SYN-4794-8375-6558,Hriday Das,Hriday,Das,Male,1962-04-04,64,Dudhad,Maharashtra,Doctor,hriday.das39@gmail.com,married,caa351c5-d676-4991-83dc-ecbbb69b21a6,head,
27d5070b-c246-48cc-8b84-baaaf02ab95b,AADHAAR-SYN-6746-6706-1969,Anish Das,Anish,Das,Male,1992-04-02,34,Dudhad,Maharashtra,Postal Worker,,single,caa351c5-d676-4991-83dc-ecbbb69b21a6,child,
e1beaf71-9083-44d6-bf40-81271b755321,AADHAAR-SYN-5539-9614-2495,Subhash Das,Subhash,Das,Male,1998-08-26,28,Dudhad,Maharashtra,Auto Rickshaw Driver,subhash.choudhury@icloud.com,married,caa351c5-d676-4991-83dc-ecbbb69b21a6,child,Duplicate entry flagged for review
be0305d1-112c-45b7-a4d9-b115e8316072,AADHAAR-SYN-2844-7273-9488,Raghav Bhandari,Raghav,Bhandari,Male,1992-03-07,34,Dudhad,Maharashtra,School Teacher,raghav.bhandari@gmail.com,married,f033e106-ca0f-4b66-a071-577b4d1e487b,head,
7102f23c-c699-4f95-b4a6-9db5be0c099d,AADHAAR-SYN-2853-2644-9805,Amrita Jaiswal,Amrita,Jaiswal,Female,1964-10-09,62,Dial Pura Mirja,Punjab,Auto Rickshaw Driver,amrita.jaiswal@apple.com,married,a819f798-f964-4855-8654-f68be1e4b7e5,head,Record migrated from legacy system
a1986a86-ee18-4b99-bde2-9f10ab7ccd8e,AADHAAR-SYN-5465-9953-9300,Kishore Jaiswal,Kishore,Jaiswal,Male,2000-02-02,26,Dial Pura Mirja,Punjab,Homemaker,kishore.gokhale@gilead.com,divorced,a819f798-f964-4855-8654-f68be1e4b7e5,child,PAN verification pending
ed45de29-9f52-464b-950c-eb50907cd9af,AADHAAR-SYN-7270-4383-3924,Vivaan Unnikrishnan,Vivaan,Unnikrishnan,Male,1967-08-17,59,Dial Pura Mirja,Punjab,Pharmacist,vivaan.unnikrishnan@gmail.com,divorced,204cf3f8-e001-432e-b2ca-9606383e1cb2,head,
aee39c3c-0664-4ddf-8059-5d6b8c866488,AADHAAR-SYN-7607-1502-8853,Vishal Unnikrishnan,Vishal,Unnikrishnan,Male,1971-07-04,55,Dial Pura Mirja,Punjab,School Teacher,vishal.naik9@gmail.com,married,204cf3f8-e001-432e-b2ca-9606383e1cb2,spouse,
8f5207a1-9993-400e-a9a1-c2d24371528e,AADHAAR-SYN-7960-7784-9090,Shabana Unnikrishnan,Shabana,Unnikrishnan,Female,1973-04-24,53,Dial Pura Mirja,Punjab,Bank Employee,shabana.bose25@gmail.com,married,204cf3f8-e001-432e-b2ca-9606383e1cb2,sibling,Voter ID linked
5059d8a2-ca3c-4207-826a-857b223b974b,AADHAAR-SYN-7814-9264-4620,Ayaan Unnikrishnan,Ayaan,Unnikrishnan,Male,1985-02-05,41,Dial Pura Mirja,Punjab,Auto Rickshaw Driver,ayaan.malhotra@icloud.com,divorced,204cf3f8-e001-432e-b2ca-9606383e1cb2,child,Voter ID linked
3fd9f5ee-c92b-48b1-8787-d661bb3b9a77,AADHAAR-SYN-4050-7519-5379,Viraj Agrawal,Viraj,Agrawal,Male,1965-11-10,61,Dial Pura Mirja,Punjab,Police Constable,viraj.agrawal42@icloud.com,divorced,a5653d24-d213-41e9-8d6d-b668c6e7a364,head,PAN verification pending
3825ab70-12aa-4106-a930-22299c410992,AADHAAR-SYN-0354-9505-8030,Manisha Mitra,Manisha,Mitra,Female,1955-04-05,71,Dial Pura Mirja,Punjab,Civil Engineer,manisha.mitra@icloud.com,married,c10c7a77-dabd-40c7-855a-236d244e78e1,head,Voter ID linked
00f7fb61-8bdc-4b32-9a3d-a6798f67c868,AADHAAR-SYN-6827-5089-0262,Savitri Mitra,Savitri,Mitra,Female,1995-12-03,31,Dial Pura Mirja,Punjab,Security Guard,savitri.bansal@gmail.com,single,c10c7a77-dabd-40c7-855a-236d244e78e1,child,
e1a9fc92-0f4f-49d6-9e84-07fcd7de5739,AADHAAR-SYN-9896-5043-5886,Devesh Mitra,Devesh,Mitra,Male,2001-07-17,25,Dial Pura Mirja,Punjab,Software Engineer,devesh.khurana@gmail.com,married,c10c7a77-dabd-40c7-855a-236d244e78e1,child,PAN verification pending
f0bcd42b-d612-4875-bcb6-e10a30a4d836,AADHAAR-SYN-7977-9009-8324,Raghav Kamble,Raghav,Kamble,Male,1968-05-22,58,Kothali,Maharashtra,Electrician,raghav.kamble@gmail.com,married,e17d966d-8b5c-4838-a5a8-a8ec16fa5d06,head,
4e4f0a11-0920-4167-8ace-540ebd0984a6,AADHAAR-SYN-2678-4676-2969,Sudhir Kamble,Sudhir,Kamble,Male,1992-08-15,34,Kothali,Maharashtra,Postal Worker,sudhir.swamy@outlook.com,single,e17d966d-8b5c-4838-a5a8-a8ec16fa5d06,child,
4b1b80a2-a615-4beb-b4c0-6ef7f532013f,AADHAAR-SYN-1805-3541-5179,Deepak Nair,Deepak,Nair,Male,1982-09-12,44,Harna,Bihar,Nurse,deepak.nair@gmail.com,married,0c33fbec-ad4f-4080-8189-74d92bf7f526,head,
170f0efe-f3de-4674-8f23-189dfed839c7,AADHAAR-SYN-6956-8654-8174,Konkona Nair,Konkona,Nair,Female,1998-06-13,28,Harna,Bihar,Doctor,konkona.ramachandran@gmail.com,married,0c33fbec-ad4f-4080-8189-74d92bf7f526,child,
836d05d6-7c5e-43f3-96b3-0929d1cf2f56,AADHAAR-SYN-2082-3373-9888,Heena Nair,Heena,Nair,Female,2004-07-12,22,Harna,Bihar,Software Engineer,heena.kohli55@gmail.com,married,0c33fbec-ad4f-4080-8189-74d92bf7f526,child,
ea4550e1-8bef-4ff3-be42-f32ecbec2b0c,AADHAAR-SYN-0052-0720-0327,Ajit Jaiswal,Ajit,Jaiswal,Male,1990-04-07,36,Harna,Bihar,Tailor,ajit.jaiswal16@gmail.com,single,238913ee-fd74-4448-8e62-2ec08f4175d6,head,Address updated 2023
af7af608-3f36-41a7-88fa-bebf4c210878,AADHAAR-SYN-3691-6856-6973,Surekha Pathan,Surekha,Pathan,Female,1993-12-16,33,Harna,Bihar,Retired Government Employee,surekha.pathan@gmail.com,married,238913ee-fd74-4448-8e62-2ec08f4175d6,spouse,
774b6008-ffa9-46c7-983b-1ac08d16b528,AADHAAR-SYN-9489-1721-4327,Sankalp Bhandary,Sankalp,Bhandary,Male,1996-05-24,30,Harna,Bihar,Electrician,sankalp.bhandary22@hotmail.com,married,238913ee-fd74-4448-8e62-2ec08f4175d6,sibling,
dab4dd42-4d7b-4b2f-a4bd-488c1ae33343,AADHAAR-SYN-7611-4513-0549,Deepak Rajagopalan,Deepak,Rajagopalan,Male,1964-01-22,62,Harna,Bihar,Electrician,deepak.rajagopalan95@att.net,married,7bb27b3d-3003-43a0-bccf-da94cde2810c,head,
046b0dca-a56e-44b7-b312-40858a9575d0,AADHAAR-SYN-4728-2918-0547,Alok Rajagopalan,Alok,Rajagopalan,Male,2001-10-13,25,Harna,Bihar,Auto Rickshaw Driver,alok.nambiar@microsoft.com,married,7bb27b3d-3003-43a0-bccf-da94cde2810c,child,
a30e127a-6a24-462f-a270-525e76f6b9f6,AADHAAR-SYN-6584-5804-5991,Piyush Bhardwaj,Piyush,Bhardwaj,Male,1984-05-01,42,Garentha,Madhya Pradesh,Fisherman,piyush.bhardwaj49@gmail.com,married,ee9828a5-4818-4203-86b7-d3cbab72d2f9,head,PAN verification pending
d1ffb102-bd9f-4402-83a6-25026d500874,AADHAAR-SYN-1492-6952-1398,Sahil Khatri,Sahil,Khatri,Male,1964-11-12,62,Garentha,Madhya Pradesh,Bank Employee,sahil.khatri@icloud.com,married,7d7ba999-867c-4604-853e-640d5ec21308,head,
2f49ae34-73a4-4c90-a2a9-e39ffa43004b,AADHAAR-SYN-2800-3101-5123,Amit Khatri,Amit,Khatri,Male,1983-05-13,43,Garentha,Madhya Pradesh,Accountant,amit.pandey23@gmail.com,married,7d7ba999-867c-4604-853e-640d5ec21308,child,
2a6a7b70-25d8-4046-880f-94511bf7af3e,AADHAAR-SYN-4344-1849-7266,Namita Khatri,Namita,Khatri,Female,1994-02-22,32,Garentha,Madhya Pradesh,Pharmacist,namita.chowdhury@hotmail.com,married,7d7ba999-867c-4604-853e-640d5ec21308,child,Aadhaar mobile number update pending
8e9cc757-8e08-430a-8332-8253a7e50e4a,AADHAAR-SYN-6387-4916-6556,Aadit Patel,Aadit,Patel,Male,1971-10-15,55,Garentha,Madhya Pradesh,Plumber,aadit.patel@gmail.com,married,37b9db52-18f3-4ebe-9861-a459def703b6,head,
8fb227ca-b508-4fab-b012-878eb6ec84a7,AADHAAR-SYN-4444-4273-6989,Bhaskar Pawar,Bhaskar,Pawar,Male,1955-09-21,71,Nayashi,Maharashtra,Government Clerk,,widowed,d8419abb-1c22-46dd-beee-82270f88a182,head,
bd0bce2f-3d10-4367-80e8-0d9d92adb7eb,AADHAAR-SYN-8151-8929-4340,Amol Pawar,Amol,Pawar,Male,1963-06-26,63,Nayashi,Maharashtra,Journalist,amol.hegde42@live.com,married,d8419abb-1c22-46dd-beee-82270f88a182,spouse,Aadhaar mobile number update pending
e9dadbbf-744c-47a3-8a6f-16d89937730c,AADHAAR-SYN-5456-7152-8847,Krishna Pawar,Krishna,Pawar,Male,1991-08-04,35,Nayashi,Maharashtra,Carpenter,krishna.yadav@icloud.com,single,d8419abb-1c22-46dd-beee-82270f88a182,child,Aadhaar mobile number update pending
a4823bd8-b1dc-482b-a4b1-462ed23adf10,AADHAAR-SYN-0596-3779-0621,Lokesh Pawar,Lokesh,Pawar,Male,1997-07-25,29,Nayashi,Maharashtra,School Teacher,lokesh.swain@icloud.com,single,d8419abb-1c22-46dd-beee-82270f88a182,child,
e25c417f-8e46-45a7-b095-90916b77c8d2,AADHAAR-SYN-3198-0540-4560,Ajit Pawar,Ajit,Pawar,Male,2001-08-02,25,Nayashi,Maharashtra,Nurse,ajit.swamy69@icloud.com,married,d8419abb-1c22-46dd-beee-82270f88a182,child,
f5269fb6-a687-4a46-b14a-395d3d76d88e,AADHAAR-SYN-0602-7508-7662,Ratna Rao,Ratna,Rao,Female,2001-08-08,25,Nayashi,Maharashtra,Mechanic,ratna.rao46@gmail.com,married,1dda20ce-c16f-48ff-ae22-0ed1ed1bff64,head,Voter ID linked
9d959c82-2eb6-4168-be1b-ea50a75d69ff,AADHAAR-SYN-0521-4032-6251,Meena Desai,Meena,Desai,Female,1973-01-09,53,Nayashi,Maharashtra,Mechanic,meena.desai@amazon.com,widowed,6426e8d7-7bcb-45e6-9e3f-b2bd9a73dca3,head,Aadhaar mobile number update pending
26bf84c5-8e0f-45cd-8b7c-bb0ab1e26619,AADHAAR-SYN-2137-6679-5910,Jai Desai,Jai,Desai,Male,1982-07-09,44,Nayashi,Maharashtra,Security Guard,jai.begum2@att.net,married,6426e8d7-7bcb-45e6-9e3f-b2bd9a73dca3,spouse,
63e9eff7-eefe-4b87-bc8e-97bea5e61638,AADHAAR-SYN-8299-3619-8507,Kaustubh Desai,Kaustubh,Desai,Male,1994-01-19,32,Nayashi,Maharashtra,Farmer,kaustubh.joshi79@gmail.com,married,6426e8d7-7bcb-45e6-9e3f-b2bd9a73dca3,child,
271393a8-aef4-41f7-8029-d87be170704b,AADHAAR-SYN-3751-6252-3070,Sumit Randhawa,Sumit,Randhawa,Male,1972-04-25,54,Varadoor,Kerala,Graphic Designer,sumit.randhawa@icloud.com,single,efa41ba2-b3c6-417a-a15a-5be4e7aa368b,head,
c23cbb4a-73f7-4e5c-bd92-26576675c2e2,AADHAAR-SYN-5417-2417-3054,Himanshu Randhawa,Himanshu,Randhawa,Male,1985-02-09,41,Varadoor,Kerala,Delivery Executive,himanshu.mehra@colgate.com,married,efa41ba2-b3c6-417a-a15a-5be4e7aa368b,spouse,Aadhaar mobile number update pending
e877940c-30c3-4ae4-a2b5-f9b014064bf3,AADHAAR-SYN-0285-2821-1129,Gauri Randhawa,Gauri,Randhawa,Female,1997-11-13,29,Varadoor,Kerala,Chef,,married,efa41ba2-b3c6-417a-a15a-5be4e7aa368b,child,Voter ID linked
680e1ca2-6ef9-42fb-b8e8-7d767fdf2fac,AADHAAR-SYN-2405-7497-1769,Akhil Randhawa,Akhil,Randhawa,Male,2000-05-05,26,Varadoor,Kerala,Hotel Staff,akhil.agrawal@icloud.com,single,efa41ba2-b3c6-417a-a15a-5be4e7aa368b,child,
10076921-f861-41b0-8118-7047c3900b85,AADHAAR-SYN-9757-8582-6150,Mukesh Gopalakrishnan,Mukesh,Gopalakrishnan,Male,1991-05-03,35,Parbatipur,Odisha,School Teacher,mukesh.gopalakrishnan@gmail.com,single,6a026a8c-6613-465d-9771-7b45b8be0404,head,
4a7efbc8-be33-4c54-b292-68a92964acdf,AADHAAR-SYN-7030-1246-9686,Prakash Modi,Prakash,Modi,Male,1993-09-23,33,Parbatipur,Odisha,Salesperson,prakash.modi@me.com,single,5cb2a962-69e7-494b-8cff-1bc1afef1c89,head,Aadhaar mobile number update pending
b1613474-f684-4e0e-af19-fa4db221ba98,AADHAAR-SYN-5621-2005-9019,Anand Modi,Anand,Modi,Male,2001-12-08,25,Parbatipur,Odisha,Pharmacist,anand.pattnaik@gmail.com,married,5cb2a962-69e7-494b-8cff-1bc1afef1c89,spouse,
beb95eea-1b12-4cf4-86af-5c17c41e6c34,AADHAAR-SYN-9421-6043-4165,Smriti Dixit,Smriti,Dixit,Female,2002-08-07,24,Parbatipur,Odisha,Insurance Agent,smriti.dixit@gmail.com,single,4f3f776a-c6a1-4ea5-808c-96053ba66a25,head,Duplicate entry flagged for review
f5172255-7e16-4f6c-a655-1b48ab1bc661,AADHAAR-SYN-3926-5051-3225,Komal Mukherjee,Komal,Mukherjee,Female,1983-06-10,43,Parbatipur,Odisha,Plumber,komal.mukherjee@icloud.com,married,1628dc72-c6ad-4a28-ad4a-8da5df3002cb,head,Duplicate entry flagged for review
881a9f8f-2777-41e0-b7d9-fa76c329ab65,AADHAAR-SYN-6227-5817-8939,Parineeti Krishnan,Parineeti,Krishnan,Female,1960-09-23,66,Rahaniyaganj,Odisha,Librarian,parineeti.krishnan@mayoclinic.org,divorced,64048d92-a756-4e70-ae22-d70a232adec9,head,
2d93c2b0-c63d-41da-8fe4-ded93ff7ffbe,AADHAAR-SYN-6616-2728-1788,Gaurav Rajagopalan,Gaurav,Rajagopalan,Male,1979-08-02,47,Rahaniyaganj,Odisha,Plumber,gaurav.rajagopalan@icloud.com,married,64048d92-a756-4e70-ae22-d70a232adec9,child,Duplicate entry flagged for review
8cab76dc-2ec9-4d0f-9aca-8e0e66b20e4b,AADHAAR-SYN-8760-2551-8146,Mayank Sarkar,Mayank,Sarkar,Male,1999-09-27,27,Rahaniyaganj,Odisha,Freight Forwarding Agent,mayank.sarkar@icloud.com,married,64048d92-a756-4e70-ae22-d70a232adec9,child,
b56c9b82-0597-4e04-9c41-1272f478a5d2,AADHAAR-SYN-9230-8325-3209,Juhi Khan,Juhi,Khan,Female,1999-12-19,27,Rahaniyaganj,Odisha,Taxi Fleet Operator,juhi.khan45@gmail.com,married,64048d92-a756-4e70-ae22-d70a232adec9,child,
a9c21c0f-a8ef-47ad-864c-087fea52c40f,AADHAAR-SYN-9141-8899-0719,Soham Varma,Soham,Varma,Male,1968-04-01,58,Rahaniyaganj,Odisha,Weaver,soham.varma@icloud.com,divorced,f202ac18-9668-482a-9d9a-c8ed1793b24f,head,
8a66e949-f04a-4051-bef1-eb1728025de4,AADHAAR-SYN-1338-9673-8081,Sunil Varma,Sunil,Varma,Male,1999-02-14,27,Rahaniyaganj,Odisha,Librarian,sunil.shaikh@outlook.com,married,f202ac18-9668-482a-9d9a-c8ed1793b24f,child,
68037b0e-185a-4ae0-b909-c61ef0e2e649,AADHAAR-SYN-1609-5124-6797,Abhishek Hussain,Abhishek,Hussain,Male,1960-06-28,66,Rahaniyaganj,Odisha,Salesperson,abhishek.hussain@icloud.com,widowed,25e353f9-4f4b-4117-be42-25922f49ccb6,head,
96de2066-e81f-45d7-a4b1-3eee06a078b3,AADHAAR-SYN-8853-5328-5934,Ashish Bajaj,Ashish,Bajaj,Male,1967-08-16,59,Rahaniyaganj,Odisha,Journalist,ashish.bajaj@gmail.com,married,25e353f9-4f4b-4117-be42-25922f49ccb6,spouse,Duplicate entry flagged for review
0a82b417-f65d-4f58-9d5d-967195f16e46,AADHAAR-SYN-2660-2146-7166,Kavya Wani,Kavya,Wani,Female,1971-03-22,55,Kesramal,Odisha,Salesperson,kavya.wani@icloud.com,married,536933fe-c4b2-4414-8a57-10323c001976,head,PAN verification pending
c1882c3a-d0c4-4557-a273-50459c8281d4,AADHAAR-SYN-0979-6355-7376,Pallavi Chaturvedi,Pallavi,Chaturvedi,Female,1983-11-17,43,Kesramal,Odisha,Shopkeeper,pallavi.chaturvedi@gmail.com,married,536933fe-c4b2-4414-8a57-10323c001976,spouse,
6f2445fc-93fc-4b40-b406-c3b90a4a3eb1,AADHAAR-SYN-3320-7871-9106,Suraj Rathore,Suraj,Rathore,Male,1994-05-01,32,Kesramal,Odisha,Mechanic,suraj.rathore@gmail.com,married,536933fe-c4b2-4414-8a57-10323c001976,child,Address updated 2023
179cfee0-746e-4c99-b25c-35408c16ed81,AADHAAR-SYN-9512-5677-5520,Naina Patil,Naina,Patil,Female,2000-05-18,26,Kesramal,Odisha,Plumber,naina.patil@gmail.com,married,536933fe-c4b2-4414-8a57-10323c001976,child,Record migrated from legacy system
ed2fa728-cf2c-45cd-aed1-dcbc934ef633,AADHAAR-SYN-7998-5842-5956,Aadi Vohra,Aadi,Vohra,Male,1995-02-24,31,Kesramal,Odisha,Doctor,aadi.vohra@apple.com,married,531a0d95-7bf6-482d-b9d0-75867c9c9d6a,head,Record migrated from legacy system
04dd7a79-adee-4d84-af06-e4f5d5d65a65,AADHAAR-SYN-4383-3230-4748,Jyoti Wani,Jyoti,Wani,Female,2008-12-18,18,Kesramal,Odisha,Government Clerk,jyoti.wani@gmail.com,married,531a0d95-7bf6-482d-b9d0-75867c9c9d6a,spouse,Voter ID linked
68b5f557-0e71-4db7-9e1d-1752bc421e6a,AADHAAR-SYN-0240-1683-9404,Keshav Bhatia,Keshav,Bhatia,Male,1954-11-13,72,Padumbasan,West Bengal,Doctor,keshav.bhatia@icloud.com,married,3cc065b5-5b40-4536-a6eb-0ee9993efce3,head,
6b74afbd-79cf-4683-b6f5-e31b054f4a0f,AADHAAR-SYN-1994-1190-0179,Samar Bhatia,Samar,Bhatia,Male,1984-11-02,42,Padumbasan,West Bengal,Farmer,samar.talwar90@gmail.com,married,3cc065b5-5b40-4536-a6eb-0ee9993efce3,child,
4de490be-92c2-4542-a982-4a674c43b835,AADHAAR-SYN-4584-5290-4663,Vivek Trivedi,Vivek,Trivedi,Male,1983-01-17,43,Dadyal,Punjab,Mechanic,vivek.trivedi@gmail.com,married,a406697b-b4cb-4431-af4b-0a142d6613d0,head,
e01e5ae5-b41b-493a-9fc3-e28de2fe5345,AADHAAR-SYN-4185-0711-6786,Bharat Nair,Bharat,Nair,Male,1989-06-17,37,Dadyal,Punjab,Pharmacist,bharat.nair@icloud.com,married,ebcbbb78-1886-4d91-b30b-53a9d206a987,head,
7abbe8df-4341-4149-93ee-779a01320e76,AADHAAR-SYN-2395-8418-8125,Aryan Sen,Aryan,Sen,Male,1993-11-04,33,Dadyal,Punjab,Weaver,aryan.sen@gmail.com,married,ebcbbb78-1886-4d91-b30b-53a9d206a987,spouse,Address updated 2023
b2ea8930-4616-4900-af3b-efbcaefd3c7a,AADHAAR-SYN-8908-1302-3813,Pratik Trivedi,Pratik,Trivedi,Male,1968-08-05,58,Dadyal,Punjab,Tailor,pratik.trivedi@outlook.com,divorced,c04fb17e-621a-464c-98be-c18a2a44bd3e,head,
2e28250f-59fb-46d3-a8b9-94f301e02a0a,AADHAAR-SYN-6179-3911-3603,Himanshu Trivedi,Himanshu,Trivedi,Male,2002-07-20,24,Dadyal,Punjab,Weaver,himanshu.chatterjee34@yahoo.com,single,c04fb17e-621a-464c-98be-c18a2a44bd3e,child,
16757341-7413-4caa-a82d-50e53ac5a3c5,AADHAAR-SYN-1984-3025-9605,Rukmini Chakraborty,Rukmini,Chakraborty,Female,1957-07-22,69,Mandar Kalan,Punjab,Taxi Fleet Operator,rukmini.chakraborty@gmail.com,widowed,526cc5d7-8a51-4550-bea2-36bd5360e70f,head,
dd5c8670-0842-47f7-81c9-aa2f942d5531,AADHAAR-SYN-2431-6631-3067,Suresh Chakraborty,Suresh,Chakraborty,Male,1990-06-26,36,Mandar Kalan,Punjab,Nurse,,married,526cc5d7-8a51-4550-bea2-36bd5360e70f,child,Voter ID linked
61689509-1140-433d-9390-7d1f7e7b5151,AADHAAR-SYN-7932-0819-4616,Ankur Chakraborty,Ankur,Chakraborty,Male,1993-10-14,33,Mandar Kalan,Punjab,Pharmacist,,single,526cc5d7-8a51-4550-bea2-36bd5360e70f,child,Duplicate entry flagged for review
e1631865-a6e0-42ba-8241-0fb34d3cd2d5,AADHAAR-SYN-5509-8831-4397,Ananya Upadhyay,Ananya,Upadhyay,Female,1962-08-05,64,Mandar Kalan,Punjab,Librarian,ananya.upadhyay@apple.com,married,83cbc519-6a76-4e4d-ade3-4359e703823f,head,
0e99eff5-4786-4f65-ace2-2202eb2047ac,AADHAAR-SYN-6469-1662-7903,Kamini Upadhyay,Kamini,Upadhyay,Female,1976-09-19,50,Mandar Kalan,Punjab,School Teacher,kamini.sundaram21@gmail.com,married,83cbc519-6a76-4e4d-ade3-4359e703823f,spouse,
bd8f8771-5183-4e45-bdc2-47769d743b6d,AADHAAR-SYN-9302-8754-8497,Aadit Upadhyay,Aadit,Upadhyay,Male,1983-02-14,43,Mandar Kalan,Punjab,Journalist,aadit.parida90@amazon.com,single,83cbc519-6a76-4e4d-ade3-4359e703823f,child,
ffc518cd-9ef1-420a-a8b8-4036843332cb,AADHAAR-SYN-6378-6153-4783,Chirag Oberoi,Chirag,Oberoi,Male,1958-07-27,68,Chandametta,Madhya Pradesh,Pharmacist,chirag.oberoi@hotmail.com,widowed,ea9fe4c8-3d5e-480c-8f76-4ef3d0a0ef3a,head,PAN verification pending
3c7a665a-29ef-4c51-937c-9238747d8c3f,AADHAAR-SYN-5642-8858-4777,Kaustubh Wani,Kaustubh,Wani,Male,1973-03-26,53,Chandametta,Madhya Pradesh,Electronics Dealer,kaustubh.wani@microsoft.com,married,ea9fe4c8-3d5e-480c-8f76-4ef3d0a0ef3a,spouse,
5d2ae276-3079-4637-a6ae-1a9d24650025,AADHAAR-SYN-4475-2743-4851,Madhuri Mitra,Madhuri,Mitra,Female,1978-08-17,48,Chandametta,Madhya Pradesh,Government Clerk,madhuri.mitra@icloud.com,married,ea9fe4c8-3d5e-480c-8f76-4ef3d0a0ef3a,child,
bd8ffb91-4a85-4375-a354-b703ce6db5df,AADHAAR-SYN-3447-9299-4504,Nidhi Panicker,Nidhi,Panicker,Female,2008-12-06,18,Chandametta,Madhya Pradesh,Government Clerk,nidhi.panicker@icloud.com,single,ea9fe4c8-3d5e-480c-8f76-4ef3d0a0ef3a,child,
b02f1385-c313-4d11-9483-30beaaf05bfb,AADHAAR-SYN-6604-4122-9780,Rachna Pai,Rachna,Pai,Female,1966-12-22,60,Chandametta,Madhya Pradesh,Police Constable,rachna.pai@gmail.com,married,ad96179a-5705-45fc-91ad-a339ab5feead,head,
95b5b15e-2803-49b7-9e72-e8e8d08bdd0a,AADHAAR-SYN-0043-5555-5434,Tanish Pai,Tanish,Pai,Male,2000-03-14,26,Chandametta,Madhya Pradesh,Delivery Executive,tanish.vohra@gmail.com,married,ad96179a-5705-45fc-91ad-a339ab5feead,child,
0758aded-6a7c-4c2b-81e5-e48a19402e29,AADHAAR-SYN-7642-9705-1764,Nikita Kaul,Nikita,Kaul,Female,1965-05-05,61,Laxmipur Pokhariya,Bihar,Farmer,nikita.kaul37@yahoo.com,divorced,ad46ce0c-30cb-44c5-8267-533833ee1115,head,
c8a98e9c-5f25-496f-8f1d-ae5563ccd6bd,AADHAAR-SYN-7495-0926-8305,Shailesh Kaul,Shailesh,Kaul,Male,1994-10-18,32,Laxmipur Pokhariya,Bihar,Homemaker,shailesh.hegde46@gmail.com,single,ad46ce0c-30cb-44c5-8267-533833ee1115,child,
a4a3d39c-2a6c-45d1-ab3c-c8263a36425a,AADHAAR-SYN-5509-2905-6678,Lokesh Kaul,Lokesh,Kaul,Male,1998-05-10,28,Laxmipur Pokhariya,Bihar,Software Engineer,lokesh.mehra35@gmail.com,single,ad46ce0c-30cb-44c5-8267-533833ee1115,child,Record migrated from legacy system
fae9c748-d675-4368-bd10-d0e9f1845f36,AADHAAR-SYN-6357-5930-5332,Divya Dutta,Divya,Dutta,Female,1965-12-27,61,Laxmipur Pokhariya,Bihar,Shopkeeper,divya.dutta95@gmail.com,widowed,43cc7ce9-c83e-4048-b21f-ad8019661a43,head,
5568179f-2824-4760-bdc9-aafb5c1a172a,AADHAAR-SYN-8708-8360-4143,Amit Dutta,Amit,Dutta,Male,1995-12-03,31,Laxmipur Pokhariya,Bihar,Insurance Agent,amit.krishnamurthy@icloud.com,married,43cc7ce9-c83e-4048-b21f-ad8019661a43,child,Record migrated from legacy system
3edddde4-8f52-4191-bb68-4ca5c0937f0c,AADHAAR-SYN-5818-1373-5131,Ramya Dutta,Ramya,Dutta,Female,1995-06-14,31,Laxmipur Pokhariya,Bihar,Graphic Designer,ramya.tandon@gmail.com,married,43cc7ce9-c83e-4048-b21f-ad8019661a43,child,Voter ID linked
1196c6bf-a0a8-4988-8f8e-eaef96125045,AADHAAR-SYN-4226-0286-4939,Karan Kapoor,Karan,Kapoor,Male,1975-12-28,51,Yedehalli,Karnataka,Police Constable,karan.kapoor22@gmail.com,married,05884c93-00b1-4288-8473-82b2a7577c0e,head,
24cdea93-60d7-43d6-9004-896d9f1a271a,AADHAAR-SYN-5547-5784-9504,Mihir Chakraborty,Mihir,Chakraborty,Male,1976-11-26,50,Yedehalli,Karnataka,Logistics Manager,mihir.chakraborty@gmail.com,divorced,05884c93-00b1-4288-8473-82b2a7577c0e,spouse,
390152b8-b9d9-4ed2-b694-1f5c77fd664d,AADHAAR-SYN-6542-8703-8489,Anika Sinha,Anika,Sinha,Female,1986-08-27,40,Yedehalli,Karnataka,Auto Rickshaw Driver,,married,05884c93-00b1-4288-8473-82b2a7577c0e,sibling,
99c46036-7fd4-467c-8426-42200de737d6,AADHAAR-SYN-4787-7284-9580,Gitanjali Kohli,Gitanjali,Kohli,Female,1999-10-05,27,Yedehalli,Karnataka,Government Clerk,gitanjali.kohli3@gmail.com,married,05884c93-00b1-4288-8473-82b2a7577c0e,child,Aadhaar mobile number update pending
05be3b25-60a1-4e05-8af4-71635a0260fa,AADHAAR-SYN-9623-7878-3297,Kiara Dhawan,Kiara,Dhawan,Female,2008-01-18,18,Yedehalli,Karnataka,College Student,kiara.dhawan@gmail.com,single,05884c93-00b1-4288-8473-82b2a7577c0e,child,Voter ID linked
a7c687f5-f0ea-42ec-bca4-144cdb922960,AADHAAR-SYN-0633-8763-5575,Pratik Dutta,Pratik,Dutta,Male,1956-07-12,70,Wangbal,Manipur,Fisherman,pratik.dutta78@gmail.com,married,1877a2e7-0084-467b-8d43-dc4bb84c9356,head,Voter ID linked
f32895d6-bf17-40c9-b004-efe5bcb1e58b,AADHAAR-SYN-5849-5902-2343,Darsh Dutta,Darsh,Dutta,Male,1961-08-07,65,Wangbal,Manipur,School Teacher,darsh.aggarwal@icloud.com,married,1877a2e7-0084-467b-8d43-dc4bb84c9356,spouse,
82cf393e-99ba-4826-84f4-92e41b8f73fc,AADHAAR-SYN-7624-0305-5357,Naresh Dutta,Naresh,Dutta,Male,1990-09-11,36,Wangbal,Manipur,Software Engineer,naresh.ganguly@gmail.com,married,1877a2e7-0084-467b-8d43-dc4bb84c9356,child,Duplicate entry flagged for review
4c46d71b-f1f2-4b0b-bada-337b239ff089,AADHAAR-SYN-7489-5680-4303,Madhav Randhawa,Madhav,Randhawa,Male,1997-05-17,29,Wangbal,Manipur,Software Engineer,madhav.randhawa43@icloud.com,married,378dd5c8-0bde-4ed0-b3fa-ec5d5733dbed,head,Duplicate entry flagged for review
2cab61da-ab35-4b04-b36b-5d7b50c40fad,AADHAAR-SYN-5442-2425-8159,Konkona Randhawa,Konkona,Randhawa,Female,2003-02-10,23,Wangbal,Manipur,Doctor,konkona.pandit@gmail.com,single,378dd5c8-0bde-4ed0-b3fa-ec5d5733dbed,spouse,PAN verification pending
26bec8dc-41f4-45b0-bfd2-250867e12e1d,AADHAAR-SYN-8433-4428-2904,Manoj Menon,Manoj,Menon,Male,1993-05-21,33,Lamakhera,Uttarakhand,Mechanic,manoj.menon@gmail.com,single,662e53bf-e72a-4f91-982e-1400e8cfd2f6,head,Address updated 2023
82035ef9-663e-4b3a-860e-9e7b32bd7c4c,AADHAAR-SYN-3448-4364-4092,Aditi Joshi,Aditi,Joshi,Female,1994-09-24,32,Lamakhera,Uttarakhand,Hotel Staff,,single,662e53bf-e72a-4f91-982e-1400e8cfd2f6,spouse,
a06c1b06-916c-4e2a-b081-dc998e9bc1a8,AADHAAR-SYN-6943-2484-5465,Santosh Agarwal,Santosh,Agarwal,Male,1982-12-06,44,Lamakhera,Uttarakhand,Government Clerk,santosh.agarwal@me.com,married,e41ceb91-e67b-4a1e-ac0f-acfd45006911,head,Duplicate entry flagged for review
f1c3e1a5-ac4e-47d2-a4b3-4137b1e4711f,AADHAAR-SYN-4136-7290-1288,Nishant Agarwal,Nishant,Agarwal,Male,1995-05-21,31,Lamakhera,Uttarakhand,Delivery Executive,nishant.khanna@amazon.com,married,e41ceb91-e67b-4a1e-ac0f-acfd45006911,spouse,
a083d2d1-63c1-40ec-b094-1e9b1c2c67df,AADHAAR-SYN-2939-3339-7376,Vivek Agarwal,Vivek,Agarwal,Male,1999-08-07,27,Lamakhera,Uttarakhand,Software Engineer,vivek.thakkar@roche.com,married,e41ceb91-e67b-4a1e-ac0f-acfd45006911,child,
36ec4d9a-f43e-4b30-b8c1-aadfca1fd7da,AADHAAR-SYN-9384-9584-6888,Aarohi Agarwal,Aarohi,Agarwal,Female,2000-05-26,26,Lamakhera,Uttarakhand,Bank Employee,aarohi.gaikwad@gmail.com,married,e41ceb91-e67b-4a1e-ac0f-acfd45006911,child,Record migrated from legacy system
d809d4bc-614c-43bd-a7b0-d5abe76e36e6,AADHAAR-SYN-2888-3284-9127,Heena Saxena,Heena,Saxena,Female,1952-03-03,74,Lamakhera,Uttarakhand,Auto Rickshaw Driver,heena.saxena66@microsoft.com,widowed,fb2ed472-ddfa-48c9-88f8-8e5d51d9d016,head,
0802925b-2aa8-4638-abd4-2bfabd1e99f5,AADHAAR-SYN-3431-7056-0265,Anirudh Saxena,Anirudh,Saxena,Male,1998-08-18,28,Lamakhera,Uttarakhand,Pharmacist,anirudh.mohanty@gmail.com,married,fb2ed472-ddfa-48c9-88f8-8e5d51d9d016,child,
a8e20f0c-a0dc-4b0b-8e64-0798129b4048,AADHAAR-SYN-2393-6341-5997,Hardik Malhotra,Hardik,Malhotra,Male,1980-09-22,46,Naurangpura,Rajasthan,Plumber,hardik.malhotra21@icloud.com,married,ad586663-aa5c-4957-b5bd-2eeb7fda2964,head,PAN verification pending
4ee42562-ddd0-478a-b378-3e762196bca3,AADHAAR-SYN-2129-6181-1840,Dhanush Malhotra,Dhanush,Malhotra,Male,1999-01-18,27,Naurangpura,Rajasthan,Bank Employee,dhanush.srivastava55@icloud.com,divorced,ad586663-aa5c-4957-b5bd-2eeb7fda2964,child,
f8ccc9c3-6c66-4038-b5a1-8974d12447d8,AADHAAR-SYN-7851-5725-3713,Ishaan Modi,Ishaan,Modi,Male,1947-10-27,79,Jaisindh,Rajasthan,Librarian,ishaan.modi12@mondelezinternational.com,widowed,2e5a8cc3-75fa-440c-918b-41312b6e0abb,head,
20f29982-b995-44d0-82e8-99340b11d2cb,AADHAAR-SYN-0003-0895-4361,Gitanjali Modi,Gitanjali,Modi,Female,1977-12-04,49,Jaisindh,Rajasthan,Bank Employee,gitanjali.sengupta53@gmail.com,married,2e5a8cc3-75fa-440c-918b-41312b6e0abb,child,Record migrated from legacy system
fbdb7c44-cd81-4e38-a5df-bc688cdf7ac2,AADHAAR-SYN-5029-5273-8434,Alok Modi,Alok,Modi,Male,1979-01-02,47,Jaisindh,Rajasthan,Homemaker,alok.dhar8@microsoft.com,married,2e5a8cc3-75fa-440c-918b-41312b6e0abb,child,Duplicate entry flagged for review
a11e1b94-6df1-4025-a227-175826035578,AADHAAR-SYN-8629-9890-8127,Vishnu Modi,Vishnu,Modi,Male,1979-10-16,47,Jaisindh,Rajasthan,Nurse,vishnu.chatterjee@gmail.com,married,2e5a8cc3-75fa-440c-918b-41312b6e0abb,child,PAN verification pending
adcafda7-b4e8-4c35-bf25-fb7e17860d2d,AADHAAR-SYN-9406-5345-8945,Urmila Anand,Urmila,Anand,Female,1994-03-19,32,Deva,Andhra Pradesh,Hotel Staff,urmila.anand50@gmail.com,married,103154e7-a82a-485f-bb2f-aea5ee3e421e,head,Duplicate entry flagged for review
76ddd2c4-6416-4262-8454-da80e992be7f,AADHAAR-SYN-1276-7005-9063,Harish Mittal,Harish,Mittal,Male,1994-03-17,32,Deva,Andhra Pradesh,Electrician,,single,ac6567f5-aa5c-4bff-a4b5-e3ee6ab68b75,head,
80fac8c4-a054-4920-8609-46fb211bc666,AADHAAR-SYN-9311-4885-4570,Vaibhav Sidhu,Vaibhav,Sidhu,Male,2008-10-03,18,Deva,Andhra Pradesh,Graphic Designer,vaibhav.sidhu@gmail.com,single,ac6567f5-aa5c-4bff-a4b5-e3ee6ab68b75,spouse,
f3d2335d-16c2-4a88-9fee-f8f8a012a33a,AADHAAR-SYN-2246-5963-2212,Manoj Raghavan,Manoj,Raghavan,Male,1972-09-27,54,Deva,Andhra Pradesh,Delivery Executive,manoj.raghavan67@comcast.net,widowed,d497deac-dd15-48c4-a3ad-45d27066b6d0,head,PAN verification pending
9a8109f2-f379-4bba-8f49-c2a8215f755c,AADHAAR-SYN-8824-9670-0685,Kaushalya Raghavan,Kaushalya,Raghavan,Female,1985-04-07,41,Deva,Andhra Pradesh,School Teacher,kaushalya.singh@gmail.com,married,d497deac-dd15-48c4-a3ad-45d27066b6d0,spouse,PAN verification pending
925d4338-d82c-4039-818a-efeac87ba8a7,AADHAAR-SYN-4533-2284-6177,Chetan Raghavan,Chetan,Raghavan,Male,1997-07-15,29,Deva,Andhra Pradesh,Nurse,,married,d497deac-dd15-48c4-a3ad-45d27066b6d0,child,PAN verification pending
452c5488-894f-4a35-b45a-a5f845ccbdfa,AADHAAR-SYN-2506-0484-3299,Navya Das,Navya,Das,Female,1999-12-01,27,Deva,Andhra Pradesh,Plumber,navya.das90@hotmail.com,single,cc9537d1-7fc8-4d9d-bb7f-8b338a4c49f7,head,
6b9439e5-dfe9-437e-b058-ee67c5b1919e,AADHAAR-SYN-6365-8384-8770,Seema Natarajan,Seema,Natarajan,Female,1966-01-25,60,Hundapalasapal,Odisha,Graphic Designer,seema.natarajan69@gmail.com,married,a07012c4-358f-4ef1-893f-7d99b5c1c731,head,
cf234948-423c-4b33-bd58-1b05838dc429,AADHAAR-SYN-2499-4114-2376,Omkar Natarajan,Omkar,Natarajan,Male,1984-08-22,42,Hundapalasapal,Odisha,Auto Rickshaw Driver,omkar.thakur@gmail.com,married,a07012c4-358f-4ef1-893f-7d99b5c1c731,child,Record migrated from legacy system
f178c96d-e84f-4853-8d86-c9cf4ceccd22,AADHAAR-SYN-2913-6258-5108,Prashant Natarajan,Prashant,Natarajan,Male,1992-03-22,34,Hundapalasapal,Odisha,Auto Rickshaw Driver,prashant.oberoi@gmail.com,married,a07012c4-358f-4ef1-893f-7d99b5c1c731,child,
b354d3c3-ca9d-45b6-8bc9-71cc5a10e7b3,AADHAAR-SYN-8363-8863-8923,Alok Natarajan,Alok,Natarajan,Male,2005-09-17,21,Hundapalasapal,Odisha,Salesperson,alok.pandit@yahoo.com,single,a07012c4-358f-4ef1-893f-7d99b5c1c731,child,
bf91005a-2d11-4be2-899c-ebf23c8cf907,AADHAAR-SYN-0000-6029-2870,Anjali Hegde,Anjali,Hegde,Female,2004-12-04,22,Hundapalasapal,Odisha,Retired Government Employee,anjali.hegde6@gmail.com,married,1b197071-a8f4-48bd-b2a4-8bac8fd1789c,head,
6a344449-4a23-435d-8f36-deb6496e7ac9,AADHAAR-SYN-6839-6659-6284,Bhaskar Sodhi,Bhaskar,Sodhi,Male,1977-05-03,49,Kondaguttapalli,Andhra Pradesh,Accountant,bhaskar.sodhi@icloud.com,married,43f1388d-9157-4b6b-a8c6-b37c14920875,head,
24c3bc57-33d6-4b69-9ced-8aeb7e3f40f0,AADHAAR-SYN-1983-2597-3921,Dinesh Sodhi,Dinesh,Sodhi,Male,1983-12-24,43,Kondaguttapalli,Andhra Pradesh,Insurance Agent,dinesh.deshmukh75@intel.com,married,43f1388d-9157-4b6b-a8c6-b37c14920875,spouse,Voter ID linked
9aedc370-6cd0-459d-87ce-016e96ea1dca,AADHAAR-SYN-3246-4117-7574,Sita Sodhi,Sita,Sodhi,Female,1995-09-25,31,Kondaguttapalli,Andhra Pradesh,Doctor,sita.basu77@icloud.com,married,43f1388d-9157-4b6b-a8c6-b37c14920875,child,Record migrated from legacy system
487eadcf-df87-4b50-be25-42fc60d236cb,AADHAAR-SYN-6508-8488-0329,Divyansh Balakrishnan,Divyansh,Balakrishnan,Male,1995-08-22,31,Kondaguttapalli,Andhra Pradesh,Journalist,divyansh.balakrishnan@icloud.com,married,94f2eebf-31de-4b02-8e53-1b10f10584e0,head,
7bba6b74-825f-48c0-b55a-c3a91468325e,AADHAAR-SYN-8128-4604-3174,Shailesh Begum,Shailesh,Begum,Male,1973-09-26,53,Kondaguttapalli,Andhra Pradesh,Hotel Staff,shailesh.begum@outlook.com,married,364de625-3c15-4291-864d-e3e883f0c761,head,
ed7911e6-3465-4f1d-b781-e1f0f3b04c18,AADHAAR-SYN-3162-5371-4389,Tanya Goyal,Tanya,Goyal,Female,1947-09-22,79,Tanur,Kerala,Shopkeeper,tanya.goyal@comcast.net,widowed,1b624178-5515-4beb-b234-f29c0525289b,head,
6cc68cbc-ee89-479a-8735-d06a467d799f,AADHAAR-SYN-7319-5337-8870,Rajesh Saxena,Rajesh,Saxena,Male,1969-01-23,57,Tanur,Kerala,Carpenter,rajesh.saxena@gmail.com,married,1b624178-5515-4beb-b234-f29c0525289b,child,Record migrated from legacy system
4604c0fb-6f50-45d8-9c76-8c666a59a025,AADHAAR-SYN-3088-6477-2912,Shailesh Khatri,Shailesh,Khatri,Male,1976-07-12,50,Tanur,Kerala,Wholesale Trader,,single,1b624178-5515-4beb-b234-f29c0525289b,child,
9e769a94-ff05-4ddd-b68a-bb6038f253f8,AADHAAR-SYN-2956-6383-9651,Sagarika Sahoo,Sagarika,Sahoo,Female,1988-02-02,38,Tanur,Kerala,Civil Engineer,sagarika.sahoo@gmail.com,divorced,1b624178-5515-4beb-b234-f29c0525289b,child,
7305de97-f04e-431b-8ecc-680ffd80cd1b,AADHAAR-SYN-6726-6439-0203,Aadhya Wani,Aadhya,Wani,Female,2005-06-01,21,Tanur,Kerala,Insurance Agent,aadhya.wani@outlook.com,single,1b624178-5515-4beb-b234-f29c0525289b,child,PAN verification pending
ce944e98-e028-4321-bda6-93e3feef6c71,AADHAAR-SYN-1090-8599-2879,Vijay Menon,Vijay,Menon,Male,1954-04-20,72,Tanur,Kerala,Retired Government Employee,vijay.menon@icloud.com,widowed,8a3aaeeb-97c7-4a41-9e0e-49ab214255f7,head,
9d974a3c-f8cf-4f4a-a64d-eef3238900a7,AADHAAR-SYN-1467-3842-4909,Manav Menon,Manav,Menon,Male,1990-05-04,36,Tanur,Kerala,Homemaker,manav.chakraborty41@gmail.com,married,8a3aaeeb-97c7-4a41-9e0e-49ab214255f7,child,
be8508f1-4cab-4d2d-9bfa-9e2a180f4927,AADHAAR-SYN-8787-9686-3005,Aarush Prasad,Aarush,Prasad,Male,1998-12-01,28,Barhyachowk,Uttar Pradesh,School Teacher,aarush.prasad@volkswagen.com,married,03afd149-1d9d-4d48-ad40-1c3c453732e0,head,
abd41776-523c-4918-9516-5079a3db4a3b,AADHAAR-SYN-1577-8960-1024,Sahil Prasad,Sahil,Prasad,Male,2005-06-06,21,Barhyachowk,Uttar Pradesh,College Student,sahil.randhawa73@gmail.com,single,03afd149-1d9d-4d48-ad40-1c3c453732e0,spouse,
e5c6872c-a94b-4b96-a0a8-5b20251e6c05,AADHAAR-SYN-6308-9526-6470,Mandira Khurana,Mandira,Khurana,Female,1958-09-10,68,Khushalpura,Gujarat,Fisherman,mandira.khurana4@icloud.com,married,f4cc1240-33f8-4175-9a96-cce93bbd1992,head,
ff4518c5-e310-4762-be13-f02796a2f94b,AADHAAR-SYN-6588-5783-2139,Lisa Khurana,Lisa,Khurana,Female,1964-05-20,62,Khushalpura,Gujarat,Mechanic,,married,f4cc1240-33f8-4175-9a96-cce93bbd1992,spouse,
158293d1-09d2-4f29-a3ae-6dceb41d2431,AADHAAR-SYN-2679-4449-1320,Tejas Khurana,Tejas,Khurana,Male,1998-10-17,28,Khushalpura,Gujarat,Software Engineer,tejas.shinde@yahoo.com,married,f4cc1240-33f8-4175-9a96-cce93bbd1992,child,Address updated 2023
a249f1b5-82e1-4c5b-a594-3a1738f6cd01,AADHAAR-SYN-8976-1798-6563,Tejas Khurana,Tejas,Khurana,Male,2002-11-25,24,Khushalpura,Gujarat,Hotel Staff,tejas.murthy19@bosch.com,single,f4cc1240-33f8-4175-9a96-cce93bbd1992,child,Duplicate entry flagged for review
690282fc-0187-40c6-8c96-4002338057e2,AADHAAR-SYN-2882-1574-4741,Ganesh Venkatesh,Ganesh,Venkatesh,Male,1946-11-15,80,Khushalpura,Gujarat,Librarian,ganesh.venkatesh@ibm.com,married,4b91f494-3a39-4e39-a765-eaacd16dfa2e,head,
bea49cbe-6edb-4979-b1ac-da82e624fe34,AADHAAR-SYN-7952-6664-2026,Ayush Venkatesh,Ayush,Venkatesh,Male,1971-02-28,55,Khushalpura,Gujarat,Bank Employee,ayush.chatterjee@gmail.com,married,4b91f494-3a39-4e39-a765-eaacd16dfa2e,child,Record migrated from legacy system
59592810-55cc-403e-986f-4e637f88b1c8,AADHAAR-SYN-5458-8565-2718,Rishabh Narayanan,Rishabh,Narayanan,Male,1979-01-07,47,Buriya,Haryana,Fisherman,rishabh.narayanan@icloud.com,married,61d626cf-fe53-4b03-8d37-60fce09a6fc5,head,
89465103-50b1-4dbc-bbf5-8a0b88385964,AADHAAR-SYN-7462-9630-9015,Rachita Narayanan,Rachita,Narayanan,Female,1992-09-24,34,Buriya,Haryana,Auto Rickshaw Driver,rachita.jadhav89@gmail.com,married,61d626cf-fe53-4b03-8d37-60fce09a6fc5,spouse,
f9cf81a8-e4b0-4069-b03f-fb3a69f37306,AADHAAR-SYN-9036-5819-2310,Nilesh Narayanan,Nilesh,Narayanan,Male,1993-08-02,33,Buriya,Haryana,Electrician,nilesh.khan@hotmail.com,married,61d626cf-fe53-4b03-8d37-60fce09a6fc5,sibling,
ce0b1ef9-8bb3-424b-829a-d2a6b3eea5a9,AADHAAR-SYN-8909-7268-2864,Lajwanti Narayanan,Lajwanti,Narayanan,Female,1996-05-03,30,Buriya,Haryana,Chef,lajwanti.khanna@gmail.com,married,61d626cf-fe53-4b03-8d37-60fce09a6fc5,child,
ada65a06-148a-4f3c-99ef-056ff86c3382,AADHAAR-SYN-7053-9654-7304,Ankur Sinha,Ankur,Sinha,Male,1967-04-23,59,Buriya,Haryana,Accountant,,married,52a7e98e-bd80-48b2-aca6-abef75fcec34,head,Address updated 2023
3ca638bf-b7d5-4d89-9109-46b0511ab403,AADHAAR-SYN-5196-1386-6768,Mohit Sinha,Mohit,Sinha,Male,1998-04-19,28,Buriya,Haryana,Pharmacist,mohit.behera7@gmail.com,married,52a7e98e-bd80-48b2-aca6-abef75fcec34,child,Record migrated from legacy system
3a3aa59a-f674-485b-87e1-2cc8a25f2707,AADHAAR-SYN-4514-7361-7360,Mini Sinha,Mini,Sinha,Female,2000-07-20,26,Buriya,Haryana,Postal Worker,mini.gopalakrishnan38@yahoo.com,single,52a7e98e-bd80-48b2-aca6-abef75fcec34,child,Aadhaar mobile number update pending
c22e9823-2792-4a14-93e2-e195038bf6e0,AADHAAR-SYN-5600-6876-3066,Kiaan Verma,Kiaan,Verma,Male,1983-05-16,43,Buriya,Haryana,Accountant,kiaan.verma@icloud.com,single,a2f11d2b-d4da-4ede-a762-65a8f12d2e58,head,
2a395363-5caf-4fc5-881c-9379e392cd82,AADHAAR-SYN-7338-6765-3956,Nishant Joshi,Nishant,Joshi,Male,1977-02-24,49,Moi Purani,Rajasthan,Shopkeeper,nishant.joshi1@icloud.com,married,4c9c82a4-e3e3-43ab-8d59-dee67d2ec646,head,
64d8b984-2a98-448d-a4fb-7784ce6b1b44,AADHAAR-SYN-2902-6012-1739,Vaibhav Joshi,Vaibhav,Joshi,Male,1991-02-24,35,Moi Purani,Rajasthan,Salesperson,vaibhav.naidu16@gmail.com,married,4c9c82a4-e3e3-43ab-8d59-dee67d2ec646,spouse,
c85e0d91-7387-4037-877d-ad65f52e9468,AADHAAR-SYN-0129-2649-7058,Gaurav Joshi,Gaurav,Joshi,Male,1999-03-11,27,Moi Purani,Rajasthan,Retired Government Employee,gaurav.dixit@google.com,single,4c9c82a4-e3e3-43ab-8d59-dee67d2ec646,child,Aadhaar mobile number update pending
fb2ddcd8-b6d6-480b-a586-c11f057f2ac8,AADHAAR-SYN-1114-1171-2363,Raghav Joshi,Raghav,Joshi,Male,2006-06-12,20,Moi Purani,Rajasthan,Librarian,raghav.behera@icloud.com,married,4c9c82a4-e3e3-43ab-8d59-dee67d2ec646,child,
d652012d-6da4-4652-838b-f92d10caf885,AADHAAR-SYN-0916-1588-3102,Madhavi Sengupta,Madhavi,Sengupta,Female,1993-09-05,33,Ochhari,Rajasthan,Accountant,madhavi.sengupta@gmail.com,single,b3815e20-9d36-492d-aa18-7da27abb7442,head,Duplicate entry flagged for review
a53fff68-2c1f-4540-a9b7-9187343dc876,AADHAAR-SYN-5662-5236-9983,Arnav Sengupta,Arnav,Sengupta,Male,1994-03-16,32,Ochhari,Rajasthan,Commission Agent,arnav.gill@gmail.com,single,b3815e20-9d36-492d-aa18-7da27abb7442,spouse,
e65d5b8c-5112-4c21-9377-cf405105346f,AADHAAR-SYN-8995-5155-0245,Waheeda Joshi,Waheeda,Joshi,Female,1957-02-17,69,Nadan Mahal,Uttar Pradesh,Auto Rickshaw Driver,waheeda.joshi@gmail.com,married,a85312d3-824c-4b40-8f8a-b19d649714f8,head,Record migrated from legacy system
3b9d407c-f589-4074-a783-0b6544c53a15,AADHAAR-SYN-8897-0412-1245,Tanvi Venkatesh,Tanvi,Venkatesh,Female,1979-01-11,47,Nadan Mahal,Uttar Pradesh,Homemaker,tanvi.venkatesh@gmail.com,married,a85312d3-824c-4b40-8f8a-b19d649714f8,child,
