phone_id,person_id,phone_number,phone_type,carrier,activated_date,is_active
07b555f6-b487-4775-9df1-a0472dd793c5,00389333-eb97-4b4e-9a86-50eecff7d14d,+91 3618221264,primary,Vishwa Telelinks Limited,2017-04-21,1
f09b0064-e72a-415e-b034-58a5b711cd86,003cbc5f-6bd1-45c8-802a-83208f9052bf,+91 4723752991,primary,Pragati Wireless Communications,2020-12-09,1
e5bc616f-5cc6-4b6e-9751-9b3ba2a1a81f,00a12545-922e-4c12-8979-fcd4ce73b8ab,+91 5675439855,primary,Pragati Wireless Communications,2022-04-28,1
04763dd8-4483-4f46-bd21-a95147dd3841,00a12545-922e-4c12-8979-fcd4ce73b8ab,+91 9945888940,secondary,Aryavart Mobile Networks,2024-01-10,1
3219e857-1886-4268-aa33-b20c903d819a,00f7fb61-8bdc-4b32-9a3d-a6798f67c868,+91 4200590564,primary,Aryavart Mobile Networks,2018-11-25,1
314be4b0-3963-49b1-9969-0a2e0bb0424d,0114128c-ec6e-4071-bdc3-f5c5664b0ed6,+91 4580451028,primary,Aryavart Mobile Networks,2016-05-01,1
1cbcbc8a-d4c8-4f28-b4b0-f26d938c93b2,012bd782-f3ea-4ed4-8482-37d110afbbdf,+91 1229458101,primary,Aryavart Mobile Networks,2023-05-04,1
ef088d21-6068-47cc-9bba-ccab71d61b7e,012bd782-f3ea-4ed4-8482-37d110afbbdf,+91 0290236753,work,Vishwa Telelinks Limited,2021-03-12,1
def51eb2-ccca-4209-a097-23ebe3ddd2bd,012daffe-1970-46c9-a13d-c4bacae01ef1,+91 4457430286,primary,Aryavart Mobile Networks,2023-12-06,1
e0cbd4fc-72be-4ec1-ac81-471500d4696b,0139f6c3-ea26-4a2f-a382-088470d13e1a,+91 7742564987,primary,Aryavart Mobile Networks,2016-06-03,1
263a4a00-6f8f-4685-b9f9-7b49fa092a75,0163f435-0730-42c5-b9c8-33cdbcfa29a1,+91 1760115150,primary,Aryavart Mobile Networks,2020-04-09,1
7bad89d9-2376-4750-bb53-b698909c0748,01a47444-734f-4ef7-a3a4-92fd4f5673d8,+91 6543995357,primary,Swadeshi CommNet Services,2019-07-23,1
284cbbb5-908a-4397-a753-d7a9eeaf7017,01ab5fce-8a23-44a9-97a4-7a2ec28875b0,+91 9190256520,primary,Swadeshi CommNet Services,2019-04-05,1
9b2827ba-1236-4f41-84c3-253a0e35b29d,01ff5430-981d-4acc-b71b-e8eda2603794,+91 8247272442,primary,Aryavart Mobile Networks,2021-02-03,1
f6440fae-03c0-4e04-8831-69d6292138ac,02047f93-c067-466c-bfe4-86aa13159bb6,+91 3088493039,primary,Pragati Wireless Communications,2016-01-20,1
6687bdc4-67ba-48a9-8cd3-ab80ac75c657,02131cae-05b6-48f4-91ac-13a2087cf17b,+91 6983615234,primary,Pragati Wireless Communications,2018-01-07,1
c20d02a0-8396-46f8-b5a6-e2f1dd9f7159,02131cae-05b6-48f4-91ac-13a2087cf17b,+91 3579460739,work,Aryavart Mobile Networks,2022-05-31,1
a8f13170-18b5-4507-9259-1b8f0a46b0e2,02234f38-1200-4efc-b9b4-7b376cf9297e,+91 5013898431,primary,Swadeshi CommNet Services,2020-07-25,1
d2d64d5f-67ea-4f80-9faf-125fb38fe3cb,02662da0-19a4-460a-b3b0-25f9e65e4e33,+91 1265779528,primary,Aryavart Mobile Networks,2022-09-07,1
dc6abcc8-10e1-48df-b2ec-7b61020de77b,02710545-5cb2-49e4-ace2-ef4ff578b158,+91 5928627064,primary,Swadeshi CommNet Services,2020-12-21,1
8abb0113-6d83-4773-ad75-29e80d17c6ef,027ac3f5-ce4c-40b1-a498-29e5b9c751f8,+91 5106512755,primary,Swadeshi CommNet Services,2021-03-02,1
254bdd1e-4419-418c-9237-ce0e1a177b63,028c0133-fdb0-428a-9169-ec84ac2dbac5,+91 6033298291,primary,Aryavart Mobile Networks,2020-04-26,1
5106ee92-b82e-4e70-a18b-36ffe0813e97,028c0133-fdb0-428a-9169-ec84ac2dbac5,+91 2272137595,work,Pragati Wireless Communications,2022-02-21,1
82b9256a-cb72-4e63-a02f-ba767792c3dc,02ce7ca0-238f-4f13-b290-6d2806fe66fe,+91 0574945016,primary,Aryavart Mobile Networks,2017-10-12,1
d00e40d0-bc37-4b46-88e9-0661e08ad371,02d32b3c-04cd-4db2-87d1-eaea9c739f75,+91 7898195403,primary,Pragati Wireless Communications,2020-05-29,1
a102b91d-c75a-4240-a165-87cbcb187fbb,0337a9aa-5b4f-47e5-8f62-6328af20b19b,+91 2387729988,primary,Pragati Wireless Communications,2022-11-29,1
3fcbf2ad-af3b-4894-a88a-5bc535257d25,036484c0-7073-4f7d-96f0-9d0dda8c0830,+91 5762094925,primary,Vishwa Telelinks Limited,2018-06-09,1
7f42917e-b937-49f9-bf5a-c72901c7c14b,036484c0-7073-4f7d-96f0-9d0dda8c0830,+91 2383594496,secondary,Swadeshi CommNet Services,2019-07-30,1
a153f15e-aa26-490c-9da3-cb6e2ee276c9,03e1c7e9-aeb7-4886-9de0-910d76dd9af2,+91 8031554047,primary,Vishwa Telelinks Limited,2018-12-07,1
ae8a4151-4584-4fa6-b118-244528c216f2,03e1c7e9-aeb7-4886-9de0-910d76dd9af2,+91 9002451137,work,Vishwa Telelinks Limited,2023-10-21,1
be002059-5cf5-441f-8977-a1e0a088c074,04461a6c-fc3e-43fe-8bae-51cea1308184,+91 3471610630,primary,Pragati Wireless Communications,2023-05-09,1
b32607f7-ea70-4e1d-8267-f5f32f247cb4,046b0dca-a56e-44b7-b312-40858a9575d0,+91 0243596718,primary,Aryavart Mobile Networks,2018-11-22,1
ebeb51cd-577c-417b-a41a-008d1ef94acd,0490d0b6-06a4-4b35-8eef-b0980c4826b5,+91 9717643367,primary,Swadeshi CommNet Services,2023-09-02,1
0481a519-59b9-4d1e-9856-eb34e0aad02b,04d36625-b5aa-4286-a543-bf880a885eb0,+91 8348432061,primary,Aryavart Mobile Networks,2019-02-16,1
5cb5d674-eb39-4850-b340-d0ec7ad0d6cc,04d36625-b5aa-4286-a543-bf880a885eb0,+91 2358020057,secondary,Pragati Wireless Communications,2023-07-20,1
d270d72f-cb82-4a58-ab02-5b42864d8709,04dd7a79-adee-4d84-af06-e4f5d5d65a65,+91 4039612037,primary,Swadeshi CommNet Services,2022-04-14,1
f81e21a3-d3d6-46a4-b7a7-b51e0f926859,0538e12f-c097-48aa-a915-cbce58c24001,+91 1019956138,primary,Swadeshi CommNet Services,2018-09-08,1
87c1d57c-1a28-4528-ac93-6633cc744ee8,05561b10-d7a9-48d8-92d5-ae14c0ecf618,+91 2055843838,primary,Pragati Wireless Communications,2023-09-09,1
fad896e3-490a-4f3d-8b3c-86005e8d1434,05be3b25-60a1-4e05-8af4-71635a0260fa,+91 4448853083,primary,Aryavart Mobile Networks,2020-05-24,1
44cd162b-fe7e-4fd9-a1bd-2e91f27b0ccb,064b6d4b-a2f0-4c7b-ab20-06ef150cdd64,+91 5169734245,primary,Vishwa Telelinks Limited,2024-03-04,1
1363ce37-0f4a-4fc9-86b6-3a1ee5fc1a1c,06514163-b3cc-4dc6-a43c-55f2ea34bc43,+91 5609371429,primary,Pragati Wireless Communications,2020-10-02,1
a5e65cda-d36c-41d6-91b1-c89a41d92d90,0668ef6a-28bd-4c45-8e6b-0890d1ed2b93,+91 0832898863,primary,Swadeshi CommNet Services,2017-03-01,1
c41eea4c-b83f-44ec-b07d-995837dd8244,06f3d146-8c0e-4189-91e0-d3c04da2745e,+91 6869426239,primary,Pragati Wireless Communications,2018-12-12,1
9bc0d9a1-c6ae-4af4-ae9e-b27d247542a7,074205e4-695a-49ad-8587-d67af4f735c7,+91 7024565702,primary,Aryavart Mobile Networks,2016-07-16,1
1cbb2275-26f8-4aeb-b93b-d297b94fe355,0758aded-6a7c-4c2b-81e5-e48a19402e29,+91 0059708100,primary,Aryavart Mobile Networks,2023-06-14,0
839465ef-104c-49d5-b650-f9baac377766,07606132-cd61-453a-a9d6-78d3a2f8c0cb,+91 9693834865,primary,Vishwa Telelinks Limited,2022-06-15,1
c271cc00-b5b8-4064-a6a1-f921bf2d5f0e,07723ba6-e0c7-4d35-944b-4ca10f7d77c8,+91 8410359640,primary,Aryavart Mobile Networks,2016-06-08,1
ed9f4e64-9f3f-41aa-bb99-24f5d1d500d6,07834000-fe76-48d2-80ce-6b74fc220c82,+91 4845481268,primary,Aryavart Mobile Networks,2016-11-28,1
05a01d0c-62d6-413d-8ec1-e2b5b56e0ea1,07dc70ae-37b8-4702-9e16-b911816d6890,+91 4258224717,primary,Aryavart Mobile Networks,2021-07-01,1
0a3972bb-12ed-4c20-bfa8-1a6986a9dc69,0802925b-2aa8-4638-abd4-2bfabd1e99f5,+91 6538103351,primary,Pragati Wireless Communications,2019-03-15,1
16e5fa0b-4fda-4716-b7b1-ec841e2db2ce,0846efa4-e94f-444b-be33-b56c4bacc2c7,+91 7886077436,primary,Swadeshi CommNet Services,2018-06-13,1
5449941a-3065-4f7f-81a7-32ecabf7b5f8,0855016e-a106-452b-a8ca-a9d63447502c,+91 2145558953,primary,Swadeshi CommNet Services,2021-08-01,0
c4a026b4-9db6-4ca0-ad48-2497483befe0,08a53a16-20c4-4c50-ba6e-3c40ef621f5f,+91 0561384423,primary,Aryavart Mobile Networks,2019-06-07,1
85aab664-3718-400a-aaa7-cea14d7fd116,08ca7342-3588-4493-8a0a-1696c9a0615a,+91 3276353301,primary,Aryavart Mobile Networks,2020-07-29,1
7c567cf5-0931-4e98-9f6d-cd78d311885d,0910e46c-ab9a-40dc-8582-da13d896490a,+91 4571054084,primary,Swadeshi CommNet Services,2018-10-18,1
a7404cab-fdf9-48c2-b474-698c92a93dd5,09cf52b2-35c8-430d-a161-2fad77014993,+91 4075249269,primary,Aryavart Mobile Networks,2019-05-01,1
41825e75-4cd7-43ac-bbb1-8fa56aa8e880,0a1b99f1-1274-43bf-ad88-64f2887c6641,+91 2508436901,primary,Vishwa Telelinks Limited,2019-09-11,1
0316af11-9a28-4d6a-bf9c-c177c6681ab1,0a5b766f-e003-4e09-91ac-8749993fd2c7,+91 7641794171,primary,Pragati Wireless Communications,2021-11-09,1
731a90b4-9727-4322-92f4-cbd20cdd6090,0a66a65e-11f1-4a7f-81a0-4ec040ff15a1,+91 1137537502,primary,Pragati Wireless Communications,2018-01-20,1
1a7ff46e-4f67-41e4-be79-0941fe8925d4,0a82b417-f65d-4f58-9d5d-967195f16e46,+91 8813735731,primary,Aryavart Mobile Networks,2019-07-20,1
39e7f0f3-59e6-42e8-a881-0d4fd54a5fd5,0a9885f7-d5d7-41b3-9203-7fdad11eac77,+91 2964557994,primary,Vishwa Telelinks Limited,2023-02-01,1
a671d5c5-e375-45da-a263-8272e191e1f2,0b49380e-ef82-4cac-a02c-86c38e38c513,+91 4266662807,primary,Swadeshi CommNet Services,2022-04-22,1
04e47ea3-22b8-484e-9b19-072191215e1b,0b8dd6d3-22bb-47a0-808c-b63a0a1aa0ae,+91 1600970925,primary,Pragati Wireless Communications,2022-07-04,1
01e4dda4-f2f2-4771-9417-b2438a26bf57,0b8e726d-b53b-477b-9168-3302c551b6fb,+91 2153498801,primary,Pragati Wireless Communications,2019-01-14,1
e01c1a03-78f7-4c82-8156-18d7c54f0a32,0b96f7c8-c4cb-43cf-aba8-22d1638b549b,+91 3569089321,primary,Vishwa Telelinks Limited,2024-02-23,1
44d98fa5-fc71-446d-91a3-f98186042c91,0bea0b02-f959-4d59-9ba9-7126b8402c3a,+91 8325273567,primary,Swadeshi CommNet Services,2021-02-08,1
bac8cba3-2dfd-438a-9c64-0878c44731d5,0cffbdda-8ad4-40a2-bf52-cd5ad9625ade,+91 4626352698,primary,Swadeshi CommNet Services,2018-12-18,1
be9e3c1e-c73d-4282-9bf7-577d04e9846e,0d32c1fc-9e18-4cba-9143-602dc60bacec,+91 0760207759,primary,Pragati Wireless Communications,2022-10-14,1
17b0e355-3f2b-4e0a-bed6-cc243588dacc,0dac34c9-87da-4f5d-84ae-d23c900dd240,+91 4456559628,primary,Pragati Wireless Communications,2023-07-05,1
fb37dc50-fe10-4181-ad28-2328a15f14e1,0e422d66-6c61-420e-a0c0-3461054fc904,+91 6240882530,primary,Vishwa Telelinks Limited,2020-03-23,1
be189161-7362-409d-a2b7-b3213cac8de2,0e422d66-6c61-420e-a0c0-3461054fc904,+91 2125352260,work,Pragati Wireless Communications,2022-07-05,1
d61d855c-06e9-45db-a60d-b589e4a97c07,0e452102-4aa9-4290-9b86-577e41a8b3d4,+91 9262179560,primary,Vishwa Telelinks Limited,2017-01-20,1
2e448a2e-8d05-405e-b9fc-88c8214c72d1,0e74ec29-e190-4c6b-8017-3e9a3bcceae9,+91 8029706636,primary,Pragati Wireless Communications,2020-04-29,1
5dea3324-b36f-4c5e-b838-d795b6ecc5d6,0ead0884-55ed-4e0c-931f-0414d70f5921,+91 3983570741,primary,Pragati Wireless Communications,2022-08-02,1
3cc38601-f582-4e77-88f6-5ac86887023a,0ef197ab-a352-4edc-a76c-2165981326af,+91 5785425488,primary,Aryavart Mobile Networks,2017-10-09,1
9686c03a-48e1-4165-9a3f-32fc5ba1dd5c,0f584911-ae09-456d-9bb6-9a94205254f8,+91 5826594912,primary,Pragati Wireless Communications,2017-03-12,1
1fda407f-ae76-4913-9c01-ca7cdb66b2e5,0fb96ed8-041e-420b-b723-2793c20c2712,+91 7322633785,primary,Vishwa Telelinks Limited,2017-07-09,1
dacebc07-8f19-4650-934a-701c2e6cec4e,1003087b-b26b-4a3d-a21d-ee5565b8c384,+91 3647823716,primary,Swadeshi CommNet Services,2021-11-24,0
ff8ea099-6217-49dc-ad0c-c0d9d5ff6176,10076921-f861-41b0-8118-7047c3900b85,+91 7524397293,primary,Vishwa Telelinks Limited,2019-11-24,1
162230a8-6e12-42ea-8ce7-69376590ea28,10945ec6-e78e-4201-904b-77dafb0b0d81,+91 1369779517,primary,Pragati Wireless Communications,2017-08-05,1
49154b81-1796-49d2-a837-4249d4d286e3,10c0a1fa-8b7e-420f-84c8-e35f578baec7,+91 0046406698,primary,Vishwa Telelinks Limited,2016-02-09,1
6f0b376d-0337-4a2b-8d60-c874585b0853,10dcf325-ae8c-493c-b9fd-8c8bf9f919e2,+91 3207128216,primary,Swadeshi CommNet Services,2020-05-24,1
a3562f79-35a1-4a68-bb00-b8ff7f23645d,10dcf325-ae8c-493c-b9fd-8c8bf9f919e2,+91 9771776605,work,Vishwa Telelinks Limited,2020-05-09,1
a89986d5-fcf9-4314-b54b-dd59c4538222,1129e843-7fc0-4872-8a26-186679b4dc1b,+91 4178247988,primary,Vishwa Telelinks Limited,2016-02-06,1
746b9073-35ef-433f-be60-286145712eca,1129e843-7fc0-4872-8a26-186679b4dc1b,+91 8619880616,work,Aryavart Mobile Networks,2020-12-11,1
6b533d0c-7baa-4a97-b6b9-1ea17e490562,1137e07f-71ca-42ab-b209-d56326ad6892,+91 0447306271,primary,Pragati Wireless Communications,2023-07-01,0
a236a8ac-a7db-4f6d-be03-46a7148b5211,1139fc2f-985e-4f50-8e45-0420dbca121a,+91 3362446076,primary,Pragati Wireless Communications,2021-09-22,1
03569f19-29f3-4e76-a403-a997849aa4a5,1173569c-c9f7-4111-adcd-efbdda71c32c,+91 8473490837,primary,Pragati Wireless Communications,2016-11-19,1
5279faee-c96c-472c-8bf1-1a1aa2b9a07e,1196c6bf-a0a8-4988-8f8e-eaef96125045,+91 6365397936,primary,Swadeshi CommNet Services,2020-03-15,1
bf873c60-7f68-4e81-b1ad-c96423e07655,11e28d1e-dbbf-4e4b-9b26-d2a554c297d4,+91 2287436961,primary,Swadeshi CommNet Services,2024-03-01,1
dc52f06a-2668-4ebb-b2c9-d4043e3e5634,11f66c15-42c7-4d15-9e72-09f72d5ac4bf,+91 3006387853,primary,Aryavart Mobile Networks,2023-12-26,1
69779d1e-dde5-4d15-b38e-bfbea2530239,1293721b-341b-4a42-b83f-933a1a392012,+91 9379423566,primary,Pragati Wireless Communications,2020-11-18,1
14a78d6e-c36e-49b5-82b6-adc121d4cb95,1293721b-341b-4a42-b83f-933a1a392012,+91 6782123275,work,Pragati Wireless Communications,2023-07-06,1
66ff86d6-fb6d-4e95-a82c-3c3e1305e783,130735e0-f344-47b9-8b46-af6035701d4f,+91 8043022209,primary,Aryavart Mobile Networks,2018-10-27,1
0b94e6cc-6947-43ef-a69a-34e9081c354e,1326a38b-40ff-41e5-87a2-6ab98d48730a,+91 7675188948,primary,Swadeshi CommNet Services,2016-12-24,1
7ae0a993-8994-413e-a8f7-6980188abb59,132893f1-762c-4a52-928a-e8df96d31fcc,+91 0602856281,primary,Swadeshi CommNet Services,2022-03-20,1
b76bc783-dfcd-464f-8835-4ea1d4f41366,132893f1-762c-4a52-928a-e8df96d31fcc,+91 0276698753,work,Swadeshi CommNet Services,2023-09-12,1
94858759-da7f-485c-b18c-57ffe76e60e0,13898725-5e78-40b7-ae71-3df0246acf1a,+91 3211301649,primary,Swadeshi CommNet Services,2019-04-26,1
420124e4-8596-4387-a3b2-3c7157cd2209,13e6c2ab-5fd2-41ba-acc5-6113b9b3c0b8,+91 2567592821,primary,Aryavart Mobile Networks,2016-07-27,1
b4deb7b8-6d6f-40f7-b65f-b5b36f494fc0,14ce1950-af94-4fa4-8751-01c5790a1ec0,+91 6293045284,primary,Pragati Wireless Communications,2021-02-06,1
472163c5-1ec8-41be-a11d-9147f8f32563,1566dfa7-583e-4869-b4e2-ec7267bbbf29,+91 6671670242,primary,Swadeshi CommNet Services,2016-06-27,1
592dc254-5c43-46dd-bd96-9d9fa1ae8801,1566dfa7-583e-4869-b4e2-ec7267bbbf29,+91 6748493686,work,Vishwa Telelinks Limited,2021-10-03,1
d8ccc5f0-f87a-4dcc-9176-a18de398cbb3,158293d1-09d2-4f29-a3ae-6dceb41d2431,+91 5292632366,primary,Pragati Wireless Communications,2018-04-24,1
5cca7e00-fde6-4adf-94ab-9fa7f5470c34,15a13b90-ff12-4df7-b12d-72386c6c91a0,+91 7138820637,primary,Pragati Wireless Communications,2017-11-13,1
9a0dbb12-f38a-4a1b-b1e5-7ce400a0c55c,161c6207-8a06-40d6-8b33-a89d9df56019,+91 7756818951,primary,Pragati Wireless Communications,2023-07-22,1
558d46e9-3663-4073-83ba-3b99eec6261a,1625d745-435b-464f-8b41-7bb07e32d54f,+91 0421166113,primary,Aryavart Mobile Networks,2021-03-07,1
b2a36d8b-dbc6-4cb2-89c8-8b6094b7cea1,1625d745-435b-464f-8b41-7bb07e32d54f,+91 7006253321,secondary,Vishwa Telelinks Limited,2019-09-23,1
627364d3-d289-43b4-95f3-870f01fee275,16279b5f-489c-4c08-842d-99d95e761f7a,+91 1043226055,primary,Pragati Wireless Communications,2019-07-24,1
3dd59941-a4c4-4177-8efe-127bab669bd7,16279b5f-489c-4c08-842d-99d95e761f7a,+91 8365395842,secondary,Swadeshi CommNet Services,2023-04-19,1
b5dac43d-2138-475d-af84-832cc74066f4,16602d3f-f368-4b15-a638-1e646f05263a,+91 9445945983,primary,Pragati Wireless Communications,2021-03-27,1
380c9305-afe2-4a98-b357-fafbb28308aa,16757341-7413-4caa-a82d-50e53ac5a3c5,+91 4723519600,primary,Aryavart Mobile Networks,2016-11-11,1
24b60716-8f0b-4588-b21f-a000e1e7fa13,16817167-1c76-444a-b3c0-c65e54712a2a,+91 6312297766,primary,Aryavart Mobile Networks,2024-04-01,1
dc40ad02-1001-480c-8318-71532772007a,16d747d1-ae70-47ff-855b-dad7f0c560f3,+91 3677037724,primary,Pragati Wireless Communications,2019-09-04,1
74bb16b3-984a-48cf-a81b-97dce46c8bc4,16e75300-34bb-41e4-8441-820a8a6dbaba,+91 5972203740,primary,Vishwa Telelinks Limited,2019-02-24,1
c549c251-68bb-4b85-84ce-43b602333ed6,170f0efe-f3de-4674-8f23-189dfed839c7,+91 4042887340,primary,Pragati Wireless Communications,2022-09-18,1
2d33fc17-b4ca-4eb7-93d7-4550be2ed40e,1751164a-e3a8-471d-b3e1-860803509288,+91 1278815724,primary,Vishwa Telelinks Limited,2023-06-05,1
388b2450-7e4a-4b09-8365-f6242ee095e2,179cfee0-746e-4c99-b25c-35408c16ed81,+91 7686553815,primary,Swadeshi CommNet Services,2017-11-09,1
9370ef37-b10f-4698-a992-298fa4cb5ccc,17a7b4f1-47ac-4aba-829e-e8a0bae23537,+91 4257047615,primary,Vishwa Telelinks Limited,2022-03-24,0
cedad03f-4eef-4203-8471-7c4626def9f6,17af9a5e-69fe-4bf4-ab33-d573933a7e3e,+91 9668668816,primary,Aryavart Mobile Networks,2022-04-21,1
48aa7dc2-7899-4aec-9395-ea5b0c28cf6a,184369ba-14c4-4842-97e7-e68969aedc29,+91 5032476567,primary,Pragati Wireless Communications,2016-08-24,1
e5b2138c-66b7-48cc-b25c-7874c68aa4eb,1868b78f-e043-471f-a667-0d0ed4849e30,+91 2460856084,primary,Pragati Wireless Communications,2018-12-22,1
2853407e-3d1a-4a14-94fd-1f7c52494581,186b6432-d7b9-4397-ae8e-c7b49b2868bc,+91 9486949650,primary,Vishwa Telelinks Limited,2021-06-19,1
665dd33b-7eba-4376-abf4-4da60caa63b1,195188b6-490a-4f89-932f-0a1f50aba928,+91 2172372471,primary,Aryavart Mobile Networks,2024-01-13,1
7cffcda7-b25c-4bb5-8b1f-30f0d521cb8f,19538c5b-abb6-4310-934d-acd94ad76432,+91 0841833952,primary,Pragati Wireless Communications,2019-06-28,1
d3188169-f457-4d0f-8b8d-87ed0b998c8d,19fddd5d-fe03-495e-9dfc-a0cd6d93d52d,+91 7566104213,primary,Aryavart Mobile Networks,2018-08-28,1
62882359-dcd5-4b0b-b483-6ef22106e4a4,1a958dca-63c0-4934-905a-10e51c3d04ca,+91 8654533210,primary,Swadeshi CommNet Services,2019-03-08,1
440eec5c-59db-4002-8460-9574799896c2,1aae9d8c-d6c4-4531-89f0-6293efdbac7d,+91 7862457200,primary,Aryavart Mobile Networks,2018-02-19,1
eaf3964a-7558-4741-9ffe-88dcca6f6f2b,1aead6bb-e517-4ad3-80d5-4673db5c0db8,+91 9900573450,primary,Swadeshi CommNet Services,2023-09-04,1
278d03f3-1622-4bba-8a45-ae3acaaea490,1aead6bb-e517-4ad3-80d5-4673db5c0db8,+91 6942311568,work,Pragati Wireless Communications,2023-10-24,1
c376e0e7-3555-4a21-8380-9b9adba0d3de,1b111e25-53c0-40af-865e-3aa37a4c2c86,+91 4565002751,primary,Aryavart Mobile Networks,2016-09-13,1
30dacdaa-da6d-454d-988c-4b55c2798c19,1b6cec20-660f-4e8c-a927-c4b64d300ec3,+91 1581126682,primary,Pragati Wireless Communications,2016-01-23,0
4e0992de-d997-44cb-9336-322e0eafc761,1bbda7bf-3c51-4ec5-82a1-13f67ec57469,+91 7667156087,primary,Swadeshi CommNet Services,2017-03-17,1
cc22f688-e36f-4907-8160-49ba0ea01ee5,1c055253-9ac9-419b-8d37-0734dec8e811,+91 1086547449,primary,Swadeshi CommNet Services,2018-08-06,1
b7c9775c-1b28-48f0-9365-539d80d345fa,1c479091-d21c-46dd-b2c9-7d67d08ace60,+91 0807435287,primary,Swadeshi CommNet Services,2016-01-18,1
a66dcd5f-b972-45d7-811e-2f383cd1c3cc,1c65f241-23ff-434a-9d9f-987bbe697486,+91 7187929355,primary,Vishwa Telelinks Limited,2020-02-17,1
7da6ca2f-3b9f-4dd4-8830-6af77f67d696,1c999a98-2351-4786-bf7d-c1a622ce58c6,+91 6873491453,primary,Pragati Wireless Communications,2018-11-01,1
445b5b1d-928d-4ee7-8bcf-d5352cb1dbdf,1cc4a8cd-43f4-4668-bff7-0e8e1d57eeed,+91 7314748100,primary,Pragati Wireless Communications,2022-10-03,1
26106a93-8ab5-4d25-bd9c-be384d991bc5,1d81b4ed-c0fc-463d-ac33-b790781668cd,+91 3361875591,primary,Swadeshi CommNet Services,2016-03-30,1
34d2bde2-dcab-4e6d-8a16-edf6cd90a045,1da61097-56d3-445b-8d48-61f56db9919c,+91 4147241179,primary,Vishwa Telelinks Limited,2017-02-05,1
1a8f8aa0-f0be-40b9-acea-dca2156f9ba9,1ec06fb2-834c-4afb-8254-5f294f9bd0da,+91 8128490644,primary,Aryavart Mobile Networks,2016-10-09,1
479c2921-ea52-464b-81c3-042889991cca,1ec06fb2-834c-4afb-8254-5f294f9bd0da,+91 3809171526,work,Pragati Wireless Communications,2022-12-02,1
55e5270a-b7e5-4cac-8593-fce6f7d44cea,1edcdcff-eff3-4399-b490-6ece1fd0a750,+91 3988100073,primary,Aryavart Mobile Networks,2024-04-25,1
2f424b3e-80cd-43ce-8422-1235a757bab8,1f49bc14-1cf3-481e-b071-6ba97b1c6291,+91 5293360932,primary,Vishwa Telelinks Limited,2023-04-11,1
a50d1c3e-1f6c-4b7c-a5b4-0483acdf36ec,1f65d744-3aba-46f0-a383-91348dbc4a37,+91 2438581286,primary,Aryavart Mobile Networks,2020-10-26,1
f2e25f24-f168-4c45-a7a2-bfc15d483b5f,1f65d744-3aba-46f0-a383-91348dbc4a37,+91 8637563693,secondary,Swadeshi CommNet Services,2022-02-24,1
fca35e79-9233-4ced-85e4-75686ea7627a,1fb07f3b-fccd-4edf-81e9-49e79dba6cf5,+91 8640229520,primary,Vishwa Telelinks Limited,2022-01-16,1
f632e3b7-7080-4d60-8ffd-42dc723117bf,1fdabe6f-b1a8-400f-a55a-a40837310fe1,+91 4616689636,primary,Swadeshi CommNet Services,2021-07-01,1
1f017e52-7b31-4054-a9fa-fee9adf73057,20035217-804f-4244-938b-6dcdc1b2df96,+91 6651792333,primary,Swadeshi CommNet Services,2022-01-24,1
d2d4bfa5-548b-47a5-a618-ce3a59e44157,20181e3c-45af-4430-8cf1-491c0abeb0d0,+91 2369912391,primary,Pragati Wireless Communications,2021-05-07,1
c71be2e6-9843-44a6-951a-cd959bde55c7,2024e16f-89ab-4f4a-a9d3-d876bf5f0041,+91 8094961911,primary,Vishwa Telelinks Limited,2021-05-29,1
b4c692c9-1c8f-4202-bb69-f733ecea9158,206e62b7-2142-494b-81be-c598b86ae658,+91 3229665790,primary,Aryavart Mobile Networks,2024-05-17,1
ab7b116c-d9bc-4622-9367-27b12287039f,206f0ab9-49f7-456e-9b19-4e7e0aae328b,+91 0412834062,primary,Vishwa Telelinks Limited,2016-08-12,1
9b340b8f-7341-490e-9962-78909322b68c,2079b283-a7d9-4c89-9be5-31d74e456d99,+91 0531368668,primary,Pragati Wireless Communications,2024-05-06,1
e60dc213-cdeb-4ece-81ea-5469090612f6,2090861b-d686-40ef-bb36-c556e162d4dc,+91 0523722817,primary,Aryavart Mobile Networks,2016-08-07,1
1c7f14de-4332-427f-83a9-027a8ca92726,2090861b-d686-40ef-bb36-c556e162d4dc,+91 8555462849,secondary,Vishwa Telelinks Limited,2023-05-05,1
f7270fd1-e7c6-4ef8-994c-7ab58af012f8,20f29982-b995-44d0-82e8-99340b11d2cb,+91 0658769899,primary,Pragati Wireless Communications,2018-03-23,1
c8f0f066-13e8-4c60-8e1f-063f0649f7bc,2155aaf5-ee51-4357-9110-9dcfd2eb3383,+91 3684418517,primary,Aryavart Mobile Networks,2021-03-14,1
9f604578-8d9c-4d79-b99e-1dcf33b9a24a,217ac4d9-aa17-48ba-bf92-bcbfc6e6d54f,+91 9366524147,primary,Aryavart Mobile Networks,2019-04-24,1
7ee1b85f-4e36-4218-b153-ffbc53e9316d,21b3d97c-017c-48d5-bb9d-45ec192822f3,+91 0824108318,primary,Pragati Wireless Communications,2024-01-17,1
384b2431-26f4-458d-85bb-9da9f454a3b1,21edad88-9510-4e28-b048-b85a9fa20cee,+91 7426832341,primary,Vishwa Telelinks Limited,2017-12-08,1
4c8ee965-1639-4086-939e-6757aafaac51,2215f220-01c0-496d-9826-8c8c9f1b5faf,+91 7952258319,primary,Swadeshi CommNet Services,2021-05-02,1
7788ef0a-d218-4659-9d1d-a3704a5581e4,227cf141-3ec6-4425-bb88-489f21119a4b,+91 9121472865,primary,Pragati Wireless Communications,2022-01-29,1
d82738de-8785-4695-b302-1b0451df0491,22ab3170-a8ff-458b-9643-7da72b4583ac,+91 7984586740,primary,Vishwa Telelinks Limited,2017-08-12,1
474d5956-24e9-4e11-82ac-c68902310850,2378adc7-f645-4d69-829e-b8382e9bd302,+91 3693550910,primary,Aryavart Mobile Networks,2019-08-14,1
62647fae-75e6-423f-9cfa-545795c5ba58,23b2c16e-a372-4057-94cd-b19071edd156,+91 1686609252,primary,Vishwa Telelinks Limited,2016-01-09,1
6dc417bf-a189-45a9-9350-113ed747cbd0,2408f8fa-40e1-4898-8c25-6002bc585ef9,+91 7006888347,primary,Aryavart Mobile Networks,2018-02-28,1
e8dd03df-8694-4aaa-92b6-de6e16b835fb,240d269c-b9ac-495a-b384-d6b037da25a3,+91 2102419065,primary,Vishwa Telelinks Limited,2017-03-27,1
31f1948a-b9b8-4ef6-a967-884826f78c8d,2462c2eb-1f1b-47a8-8162-d3130384be69,+91 6011561476,primary,Pragati Wireless Communications,2018-06-21,1
570c522c-5dba-492d-9241-ebea62cfca56,24abd191-d037-4855-b375-7a464e656ced,+91 7314519618,primary,Aryavart Mobile Networks,2024-02-11,1
f6fa335c-805b-4f5e-85fe-50cd1c99dea4,24c3bc57-33d6-4b69-9ced-8aeb7e3f40f0,+91 9281548770,primary,Swadeshi CommNet Services,2016-01-17,1
3448d849-8e79-4a50-b925-cffea2a9b2e6,24cdb6fd-17fb-45ff-96cf-6fe82528534b,+91 5235474011,primary,Aryavart Mobile Networks,2016-06-21,1
1165953a-6c85-446e-a84e-26f15f6ed6b2,24cdea93-60d7-43d6-9004-896d9f1a271a,+91 0094682108,primary,Swadeshi CommNet Services,2020-01-07,1
a782cf8b-839d-4093-9af8-c9429bc514af,25167041-bbab-4d49-bff5-412dfe233394,+91 6565441843,primary,Swadeshi CommNet Services,2023-09-20,1
25e0ccff-9c7b-4bb5-aff2-d511e804ec49,254a9a8a-adde-4146-baea-32d3df313e14,+91 9274664858,primary,Aryavart Mobile Networks,2023-04-27,1
1f571f8e-40b2-4834-b088-f76d3c163dc7,25ceee92-f092-4f95-8aac-8cbe795eab76,+91 4846649623,primary,Swadeshi CommNet Services,2019-05-09,1
a6b76ab4-456b-4119-a53d-5df30e5364d0,2640fd97-8388-4336-ab6b-1e046723ec25,+91 3998179728,primary,Vishwa Telelinks Limited,2023-05-31,1
9ac00bc7-cca7-40f6-832d-a52430a94e75,26bec8dc-41f4-45b0-bfd2-250867e12e1d,+91 6726201338,primary,Vishwa Telelinks Limited,2021-05-09,1
faed1842-cc87-4a39-80f9-8822f6a8e42e,26bf84c5-8e0f-45cd-8b7c-bb0ab1e26619,+91 3653231107,primary,Vishwa Telelinks Limited,2020-06-09,1
123ab1d6-2c7e-42e6-94da-0ab627ea19c5,271393a8-aef4-41f7-8029-d87be170704b,+91 8980863155,primary,Aryavart Mobile Networks,2018-06-11,1
e34eac5e-23e4-4a7f-82ee-60a5d50b4a0f,27c380f2-fa41-483e-b931-a7a973ccb69a,+91 1700531371,primary,Pragati Wireless Communications,2019-03-03,1
5ae35ec1-b414-4162-ac83-de4dded982f7,27d5070b-c246-48cc-8b84-baaaf02ab95b,+91 1047164120,primary,Vishwa Telelinks Limited,2016-10-15,1
ea08b847-3ee7-426e-b3a6-ae0ff072ea48,28480630-a38b-4d39-b5d8-34d1a8e49e67,+91 9197853221,primary,Vishwa Telelinks Limited,2023-11-07,1
d352dc53-e49f-4dcd-82ff-96900ec29348,28ba0686-eb45-4409-a401-3486d8b4212a,+91 1037395123,primary,Aryavart Mobile Networks,2023-01-09,1
d7c9b7da-9d99-4ff7-94f8-05846a1df717,29266a84-f9ab-4a29-9079-4cc1dad9b121,+91 9548750595,primary,Swadeshi CommNet Services,2017-10-12,1
1d6bfc90-759b-40f2-8ac7-36542c9ab317,29736372-b9ba-485f-95b1-4315ada4ef1c,+91 2523168310,primary,Pragati Wireless Communications,2016-01-16,1
247efada-450b-4265-9f5b-6ae5f3561987,29e44cfd-7d35-4a04-ae90-6fdf73acc416,+91 9898772454,primary,Aryavart Mobile Networks,2020-11-28,1
a4eb4b9f-b9a4-43a9-a6a4-3d9ce43f68fc,29e44cfd-7d35-4a04-ae90-6fdf73acc416,+91 0478995969,secondary,Aryavart Mobile Networks,2022-09-19,0
f7cec06f-fc0b-4a52-a4a7-7d49d1f67d2e,2a0fc983-2196-4f12-8630-2ebaeeccb756,+91 6414296082,primary,Pragati Wireless Communications,2020-07-17,1
77304687-7539-4f69-9395-71b42d5994f6,2a395363-5caf-4fc5-881c-9379e392cd82,+91 6360432303,primary,Pragati Wireless Communications,2023-06-07,0
19f32ae8-3f35-4276-b0e4-583dd7b1b92f,2a6a7b70-25d8-4046-880f-94511bf7af3e,+91 8066691512,primary,Swadeshi CommNet Services,2017-01-12,1
d1f4dc38-3bfe-499d-a44f-38290a91ab47,2a9bb79a-96df-4fb0-8957-dab00b74168a,+91 3028679623,primary,Swadeshi CommNet Services,2022-09-24,1
ea9d73b9-1dc9-487a-83da-a10e5834529d,2aafa2df-69ad-4082-9781-01270ad8caad,+91 8947373983,primary,Aryavart Mobile Networks,2021-08-05,1
bb19b2e5-14e9-47f2-b189-dd6b88eb4af4,2b702d18-57c4-4b1f-b4de-1ad37174906f,+91 3802863806,primary,Aryavart Mobile Networks,2022-12-10,1
b7450e53-6c62-445d-bb27-043b41f2e737,2b702d18-57c4-4b1f-b4de-1ad37174906f,+91 7483800344,work,Vishwa Telelinks Limited,2020-09-02,1
18d42098-72a5-4886-bbfb-77a5d1022126,2bb1e476-dc2e-4d44-8fc3-0d9281e7e8d9,+91 8401082917,primary,Swadeshi CommNet Services,2016-10-01,1
9d36c76c-27d5-4499-b641-4049717c257f,2ca64574-556a-4e5c-a21d-820a82e4bcb5,+91 6071048835,primary,Vishwa Telelinks Limited,2018-07-28,1
3208c60a-a19c-4d61-9096-65ef7ad73306,2cab61da-ab35-4b04-b36b-5d7b50c40fad,+91 0271882949,primary,Pragati Wireless Communications,2020-02-09,1
5859aa40-1218-4564-9364-b9590a666876,2cab61da-ab35-4b04-b36b-5d7b50c40fad,+91 8251925102,work,Swadeshi CommNet Services,2024-10-23,1
cfcfa9a5-cf9d-45d7-a8fe-e16e41247488,2cd1f3be-6824-4a52-8086-4de729d9aaca,+91 5098285205,primary,Pragati Wireless Communications,2021-02-24,1
830db6f2-f99a-48c5-9524-f57840aebd1e,2cd1f3be-6824-4a52-8086-4de729d9aaca,+91 9760988766,work,Pragati Wireless Communications,2024-08-23,1
8c19ee65-943f-4b43-b39d-6f3bdc9bf875,2d13b972-2fa9-4533-978c-8761ce45a7d1,+91 8009569521,primary,Aryavart Mobile Networks,2016-10-31,1
e93d0425-aa66-4d41-b779-f8b803e376f2,2d5f91d7-1441-4c57-b04b-41b5094d0ebd,+91 4756043120,primary,Aryavart Mobile Networks,2024-01-31,1
f09a66b3-2872-45ff-aa56-434231467b3e,2d93c2b0-c63d-41da-8fe4-ded93ff7ffbe,+91 0886673121,primary,Swadeshi CommNet Services,2019-10-30,1
37e6643f-73d0-468c-adab-19da275c82a3,2d93c2b0-c63d-41da-8fe4-ded93ff7ffbe,+91 3021436504,work,Swadeshi CommNet Services,2024-08-24,1
15d3253a-2005-4678-9032-4aa27dcac4a0,2de7545a-c883-4937-9b06-57b353ee1bb4,+91 6533171999,primary,Pragati Wireless Communications,2021-12-23,1
9973d1c1-69c7-4df7-b176-f6fc5b63db24,2e28250f-59fb-46d3-a8b9-94f301e02a0a,+91 1324799266,primary,Pragati Wireless Communications,2018-12-29,1
14e103b9-33a5-40fb-8c97-c1c2e0994bc1,2e71c4a0-ae70-4010-a211-112e4f70c8b4,+91 8701118705,primary,Vishwa Telelinks Limited,2016-05-17,1
ec0c56b7-e249-4b1b-8f4d-27f0c6e30aab,2eb8c7d9-3c1f-46ff-948d-f3c71d400539,+91 1056891719,primary,Pragati Wireless Communications,2017-12-09,1
429b734f-3434-4211-be54-f9fe25108704,2f1766cf-94dc-4fb8-bab4-2ac89ff707ed,+91 0299766549,primary,Aryavart Mobile Networks,2019-10-29,1
ea8672a5-c6e5-4569-8a19-9f8e7b54ceca,2f49ae34-73a4-4c90-a2a9-e39ffa43004b,+91 5971733336,primary,Vishwa Telelinks Limited,2023-11-12,1
26f55518-cb29-460b-9af5-2d0075051207,2fb9ccba-04e4-4ccc-96fd-eb1d1b3c35f7,+91 0402280517,primary,Vishwa Telelinks Limited,2021-02-27,1
469ec0e1-4a4f-4c32-8ace-a9cff29af60b,2fe671bd-327f-4093-bb86-bca3ced20e65,+91 8262815992,primary,Aryavart Mobile Networks,2022-12-13,1
c46b0574-cda1-4406-a4c8-bb522ccca03e,2ffa9396-ece3-4954-8c41-84dc6a1a76b2,+91 4568868172,primary,Aryavart Mobile Networks,2022-09-20,1
c2116e95-36bc-433f-aa01-5f31e72d7704,301d5ff0-c633-470a-991d-b434ba34b84c,+91 3333918702,primary,Vishwa Telelinks Limited,2021-06-10,1
d7314fb1-2571-4cac-acd8-35996106e356,3054a13e-230e-4bca-9767-5d49cc8efd92,+91 0149702655,primary,Swadeshi CommNet Services,2023-03-14,1
82f90a50-eff5-42d1-8275-a733f576ccb3,3054a13e-230e-4bca-9767-5d49cc8efd92,+91 0616325162,work,Vishwa Telelinks Limited,2024-10-01,0
b3ea276b-0502-4f25-84bf-689656fe846e,30ab5192-7cd4-480c-82c9-14b92065b21e,+91 9986012666,primary,Aryavart Mobile Networks,2019-06-28,1
e3384c34-2f1e-49e4-abf3-7601c5db4ac9,30abb3ed-b819-4ace-ba46-8d69c0259e85,+91 2439017774,primary,Vishwa Telelinks Limited,2020-09-05,1
72406c07-2e60-4b14-961e-9291b61c4f2b,311d40d3-f8d3-44a7-8847-d0dda57dbbd7,+91 7084636228,primary,Pragati Wireless Communications,2016-08-28,1
5144cf66-2e4f-442c-b52a-6bc7ef6e8308,32516016-95e1-42c5-b6ee-6d1c59de73ee,+91 1053663009,primary,Vishwa Telelinks Limited,2019-10-04,1
6d7afdbc-6997-455a-a9f9-9423bdcac363,32516016-95e1-42c5-b6ee-6d1c59de73ee,+91 0639850491,work,Vishwa Telelinks Limited,2024-02-19,1
e90e22b0-560b-4c9d-adf4-02e7ec717bc0,32b159f3-f478-46d6-aa6a-03021686627b,+91 8583947539,primary,Vishwa Telelinks Limited,2022-09-29,1
9d576f66-8817-4009-bc0a-6c580aed811f,33784a07-27e3-4c57-ad99-8faa9bd82524,+91 7000266177,primary,Swadeshi CommNet Services,2016-01-18,1
49e56f06-a319-414d-a73a-24993926d07b,33824001-fe02-4217-b31a-d965654a2d66,+91 3856855202,primary,Pragati Wireless Communications,2021-03-02,1
997eab05-9c20-4ef9-bd32-af0fd4f79352,34fcb887-d417-4641-9582-1ee1d030756f,+91 5902978358,primary,Pragati Wireless Communications,2024-05-31,1
e3fcdb19-d0e2-4580-ac3d-c5a14731fa3c,350bb542-e27a-4b06-8d0d-59a89b7aee0d,+91 1893950708,primary,Vishwa Telelinks Limited,2016-10-07,1
38d06cb2-8307-414e-a7f2-aa208a4ab2c2,35167326-b12b-4e96-975c-62801885a181,+91 4315840308,primary,Swadeshi CommNet Services,2021-10-08,1
edd604a6-883c-4cbf-b47d-762d2ce2cb95,3640b2ff-fc90-46ba-975d-3f6695758af7,+91 6434982258,primary,Aryavart Mobile Networks,2019-11-21,1
da6eec4c-1a08-4916-95e8-8c0f80169809,3643d4ea-27fb-4c10-8358-963c6f1a841f,+91 9141012615,primary,Vishwa Telelinks Limited,2022-10-12,1
6d7ff3c5-f486-48a7-91fb-77856f297b42,364b2ffc-1f61-4f75-b2a9-e62bff4dde82,+91 5201926628,primary,Aryavart Mobile Networks,2023-06-14,1
3b7e87fc-655d-43cd-a0a9-117c6c8c20cb,365d98c7-5be7-435e-bbae-6e9408ec99fc,+91 1293141816,primary,Pragati Wireless Communications,2022-08-01,1
5b9a948a-a688-47d4-a265-36e08fabbe41,366ebb5e-4205-4993-a2f2-64e5d67ce167,+91 3800219213,primary,Aryavart Mobile Networks,2022-02-04,1
564b55e5-e321-4038-b5f5-fc7d08a86d86,3699f0b3-dabc-477c-82a0-5d2c5b556d40,+91 4275646132,primary,Vishwa Telelinks Limited,2019-03-01,1
aa284d68-7632-4ae9-8e38-e1daf175591e,36d82d1c-4709-432a-b4e9-836febf9b4f6,+91 5218398353,primary,Vishwa Telelinks Limited,2019-05-30,1
2b6f404d-00a6-4998-bbad-2f08f796391a,36ec4d9a-f43e-4b30-b8c1-aadfca1fd7da,+91 9880419402,primary,Swadeshi CommNet Services,2022-10-21,1
31b41b28-c21c-47a5-b48d-c3f473a4f2b5,36f5f7c4-f4f3-4c9d-b004-c52cccb57d0e,+91 9438977240,primary,Vishwa Telelinks Limited,2024-03-30,1
f37498fa-7130-450d-90db-08570961f2da,3767cc13-5f29-4701-a4dd-f4478bc93a91,+91 2253230704,primary,Aryavart Mobile Networks,2020-08-12,1
5973d4ee-94df-48e8-bb6c-b5b72a6ca976,3767cc13-5f29-4701-a4dd-f4478bc93a91,+91 8659407043,work,Pragati Wireless Communications,2019-10-21,1
7fda52da-0c62-45b1-8676-9cadc3de1776,376f27e4-a6c9-48fb-be55-e53c25f6e965,+91 3307849947,primary,Swadeshi CommNet Services,2020-11-29,1
6fc4c0f9-e795-4202-81b4-ad100ac9ee6b,376f27e4-a6c9-48fb-be55-e53c25f6e965,+91 4224042775,secondary,Swadeshi CommNet Services,2023-06-12,1
651133e9-95f5-4934-a091-1f492bb3ad7b,3774b46b-1d20-48e2-a3b0-681118382340,+91 6822974406,primary,Swadeshi CommNet Services,2019-12-31,1
6f7288a3-be9e-4ca4-9ddf-5645f3488b4a,37772833-f9b3-473f-afdb-dcde86603a27,+91 9767582677,primary,Aryavart Mobile Networks,2016-05-20,1
64fe0d58-6ca0-4a4f-9eb7-f6e9604c22b1,37be16a8-d495-4e8a-981c-702ad9ed23d4,+91 7120673363,primary,Aryavart Mobile Networks,2019-06-16,1
4e59d473-edd8-4e27-b844-224388396c24,37df37f9-0726-4b31-8b2f-f3089057ec43,+91 0024724803,primary,Pragati Wireless Communications,2024-02-19,1
6ca1ad55-ef6e-4623-a610-b4154dde9a3e,380bc09c-44db-4706-b9a8-4e7fb9b3afae,+91 4611992080,primary,Vishwa Telelinks Limited,2023-07-18,1
abee2b4f-727f-4c20-9708-ca28a6f6b99d,381edcea-393a-4563-9fea-dfc8d626a408,+91 2712285930,primary,Vishwa Telelinks Limited,2019-09-26,1
58eb45c8-4792-47fe-b1ad-a788e726e760,3824d6e6-6a09-494c-b598-b43f0acedc19,+91 3342193043,primary,Aryavart Mobile Networks,2021-08-24,1
259e24ce-c6ee-46fe-9a88-b551d34a3ffb,3825ab70-12aa-4106-a930-22299c410992,+91 6534618191,primary,Swadeshi CommNet Services,2019-03-21,1
2e1caf14-9d47-4139-94c1-a6080563c997,3861c7c1-b2d7-4ae5-b1e7-71c397e5785d,+91 4366656431,primary,Pragati Wireless Communications,2021-09-12,1
6855a943-f0f1-478c-a97d-43dad094853d,387dd86b-e4bf-4078-8e6c-58b01a334de2,+91 3591609572,primary,Aryavart Mobile Networks,2023-03-14,1
6d39132e-50c6-4f8d-9020-d12623496380,3880d8b4-ea8d-455d-aa9c-977ad401abd3,+91 2229292404,primary,Aryavart Mobile Networks,2020-06-02,1
e0b06de7-68f9-4f39-8e42-f4460dd9c1ec,38bc1d79-71df-47db-82fe-43dd4ee1c367,+91 6129837717,primary,Aryavart Mobile Networks,2023-10-22,1
db5f9fba-3805-4755-97e5-2c8f3a4ca645,38d66af9-6e50-457c-8c19-f962a9c6b435,+91 4805626619,primary,Pragati Wireless Communications,2024-02-23,1
1d90dbac-049b-45a5-923d-76b74f056d44,38f3835d-dbc8-4d65-9ac7-7b55580d0924,+91 4665783363,primary,Aryavart Mobile Networks,2018-06-14,1
39c96525-9ca7-4c33-8e27-cd5443b3abf0,390152b8-b9d9-4ed2-b694-1f5c77fd664d,+91 0774227628,primary,Pragati Wireless Communications,2020-02-28,1
06093e59-7093-4c72-ad8f-149aa89c9928,393b9876-1252-4a13-8f84-31bef9ca291f,+91 0105128958,primary,Vishwa Telelinks Limited,2019-05-17,1
e4eb12cd-89d9-421a-9178-cc129c41bd6b,396f5d8e-cd43-468f-9ea0-bec450e6db71,+91 0358629977,primary,Swadeshi CommNet Services,2022-05-08,1
fc6993d0-c09a-4693-8ce6-63cb2f1c6c18,39727b42-2e34-4761-86de-934b90995f38,+91 0140903788,primary,Pragati Wireless Communications,2020-06-06,1
3d75ae2d-b849-4c27-a416-c6d9d8e39a88,398ff9cf-77e3-4b69-94ee-5b1f00e22bc8,+91 4482577174,primary,Aryavart Mobile Networks,2022-09-16,1
e5648b68-b465-4690-a972-6ccc4b4031e3,39967684-7922-4d5f-a5c0-c1f2a4d2eb10,+91 1529678381,primary,Aryavart Mobile Networks,2017-02-08,1
3196d137-5fc5-45ff-ac98-960c79e99fd6,3a3aa59a-f674-485b-87e1-2cc8a25f2707,+91 0640520607,primary,Swadeshi CommNet Services,2020-09-15,1
d91ca5bc-85cf-483a-8bf1-fb89dcbc1373,3b2df297-1cf6-4878-9cdd-a165757f4d13,+91 2089504906,primary,Aryavart Mobile Networks,2022-10-09,1
9fa4ff65-dea9-4d6d-9131-40de2ad73099,3b46d09f-30c7-4c9b-99e4-26c95b3fa25e,+91 1944133200,primary,Vishwa Telelinks Limited,2020-06-09,1
100c1651-7500-4812-855a-3270e444bf73,3b9570e4-5e66-4ae6-a9fa-d6da77abe7c3,+91 9320012421,primary,Swadeshi CommNet Services,2019-08-05,1
efcdc0e5-dc4d-4eed-89e8-2bc184f88ea3,3b9d407c-f589-4074-a783-0b6544c53a15,+91 3731731504,primary,Swadeshi CommNet Services,2018-11-25,1
4983423a-9845-40d8-8de1-bbc63ee92444,3c33163e-b499-4c82-ad32-d522eebc5a38,+91 2383751167,primary,Aryavart Mobile Networks,2016-10-06,1
d8e924e3-67bb-462d-ba63-2e56f3422c6d,3c7a665a-29ef-4c51-937c-9238747d8c3f,+91 5428256569,primary,Vishwa Telelinks Limited,2022-10-17,1
ce23f98d-5429-4cc8-8a39-96fc17525a11,3c7a9e48-11c9-4597-a7d4-fc6136349c43,+91 3526024670,primary,Vishwa Telelinks Limited,2024-03-03,0
8e3f52d3-8036-4d14-abb0-3ba784da7904,3c9c5911-b0c5-46cd-8e9f-f136e566c0be,+91 5893648084,primary,Vishwa Telelinks Limited,2016-06-13,0
40940e9a-5277-44dc-afb3-5d3d64a12adb,3ca638bf-b7d5-4d89-9109-46b0511ab403,+91 7675407582,primary,Vishwa Telelinks Limited,2023-04-28,1
46869852-4ad0-40a3-8ca1-c174d58bdb29,3ca638bf-b7d5-4d89-9109-46b0511ab403,+91 7315685638,work,Swadeshi CommNet Services,2023-05-19,1
06d421d7-3456-4362-906f-d13f7526dc3f,3d4dd561-8d8a-4ded-a61e-137e9412470e,+91 6146038438,primary,Aryavart Mobile Networks,2017-09-11,1
422ffa2f-eec4-40d0-a1ef-73fb068aa967,3d8a7250-d534-434f-ae00-6055e418cad8,+91 3742670695,primary,Aryavart Mobile Networks,2016-09-26,1
744ed6aa-2c86-4b9c-8339-c8880b26c427,3d8a7250-d534-434f-ae00-6055e418cad8,+91 7395720559,work,Swadeshi CommNet Services,2021-12-29,1
dcdb62dd-9a27-4433-b632-33815e72c2f6,3dcb8dd5-0888-428b-9965-b49080f53d22,+91 9807852379,primary,Swadeshi CommNet Services,2022-11-29,1
c1022c6e-5236-475f-bfc1-4ea89e4b1e26,3e19e0f0-414a-478b-9bf2-fb43ae18a350,+91 1448436151,primary,Pragati Wireless Communications,2016-01-04,1
d23860e7-6510-4126-b1c0-0a6ea5ffa766,3e42409b-e1ab-442a-9ffd-c75a3f7ddc96,+91 9334639505,primary,Aryavart Mobile Networks,2022-12-24,1
f13e5340-9db1-4d63-b6a0-988ce06ae052,3ec0987d-1f36-41b6-8469-531a4ad5ba36,+91 5067616643,primary,Aryavart Mobile Networks,2019-01-24,1
204e525b-b260-4265-9bd6-8ac8d3d8bcf9,3edddde4-8f52-4191-bb68-4ca5c0937f0c,+91 5757092888,primary,Vishwa Telelinks Limited,2019-05-09,1
cd3154d2-3e30-45e4-8352-6f8919e1e041,3fc017d2-08cb-4e64-8ac6-678a1612aa6b,+91 3414764680,primary,Pragati Wireless Communications,2019-11-22,1
885ac60b-d4ff-411a-8895-3c73131eb4bc,3fd9f5ee-c92b-48b1-8787-d661bb3b9a77,+91 6964001764,primary,Swadeshi CommNet Services,2017-03-31,1
144b3fe1-f489-447a-b40e-980fc15a18f7,402083c8-4ed6-47fd-8bd5-1935ea2cf801,+91 6212680087,primary,Swadeshi CommNet Services,2021-09-22,1
6f28a0d9-fd7a-4a8b-8a70-5d70991b4e15,40cfbda6-b1c7-4b40-8fa3-77ace961ab24,+91 5730735307,primary,Swadeshi CommNet Services,2022-11-14,1
92fae06c-a456-47d3-92c0-25afe69f908c,40d2d75f-cb6f-4851-ac2b-5a944fd70a7b,+91 4804243668,primary,Aryavart Mobile Networks,2017-06-20,1
cc5b6b12-f77d-452d-bd00-a6ecab62eadb,40fc1aa4-08f6-4a52-b89d-07bb0dc1428a,+91 2150513048,primary,Swadeshi CommNet Services,2022-11-30,1
0f343044-4f26-485b-b5e6-5289b8b3360e,42264fbd-e6e7-47a8-9897-1ac8b15c07f2,+91 4306419831,primary,Aryavart Mobile Networks,2017-11-07,1
caffbeb3-c6a8-4dab-9e98-b648cd15dfaa,425019a5-fb8a-4d51-85c7-18e30f34092f,+91 7192476762,primary,Swadeshi CommNet Services,2023-02-04,1
1f6f08bd-c330-4135-bbd3-12e0972d20dc,4285df9b-9b16-4ccd-9844-3508c0d49fdc,+91 2931611942,primary,Swadeshi CommNet Services,2017-01-08,0
6dd9b2a7-9bf0-4a9d-9684-46f605f1e383,4285df9b-9b16-4ccd-9844-3508c0d49fdc,+91 8777471043,secondary,Vishwa Telelinks Limited,2023-08-23,1
19f4d724-8666-47c9-965a-c754feeb7b4d,42b59130-e240-41d3-91dd-4198bd1608d1,+91 1309446126,primary,Swadeshi CommNet Services,2019-10-08,1
c56990ec-b867-4272-b01d-dfe041b2cded,42ba9b51-bca3-4eaa-a450-6079793c82ca,+91 2579643823,primary,Aryavart Mobile Networks,2024-01-12,1
b829d2e0-5e2f-4d5f-8537-2eb4e9cca482,43d397f3-6279-4e7b-b1e1-d2dd053d82d2,+91 8084007119,primary,Aryavart Mobile Networks,2023-02-26,1
0952ea44-1bf2-4663-bb29-291db8aab9d9,43d6d5e5-4069-49b1-adf2-92508b4c5713,+91 1564437063,primary,Aryavart Mobile Networks,2022-06-23,1
f5e6170a-3f9f-4cbf-892c-83f17228a1ed,43d7c3eb-4572-4804-9122-1309bdfe0958,+91 3273868321,primary,Pragati Wireless Communications,2016-06-08,1
2040d51a-3568-4de4-aef9-12a433896906,43fbb141-67d7-4de2-8f11-99a6591b1748,+91 4775688568,primary,Pragati Wireless Communications,2022-02-24,1
51ca43a4-1eac-4806-8301-a55b1f872693,44646725-4093-4fa4-b7bc-4732feea8507,+91 5611035341,primary,Vishwa Telelinks Limited,2018-02-02,1
81034702-4fb1-42ea-aada-3bf807f78b3c,452c5488-894f-4a35-b45a-a5f845ccbdfa,+91 5349002497,primary,Vishwa Telelinks Limited,2020-05-11,1
76e59959-36b0-436b-b82f-a71dd3f3fdab,452c5488-894f-4a35-b45a-a5f845ccbdfa,+91 1311489163,work,Swadeshi CommNet Services,2020-03-05,1
42f7b1eb-791e-4d95-91fc-f5ad196e95d1,454733be-201b-4f37-bdc8-fabcf42fcd20,+91 8894305959,primary,Vishwa Telelinks Limited,2023-07-03,1
c9f62579-ce4e-4e3d-896d-eb72ef0db72c,454733be-201b-4f37-bdc8-fabcf42fcd20,+91 2307764409,secondary,Swadeshi CommNet Services,2023-07-26,1
cce57fcc-f7e8-4c1c-97da-e2065234e436,4556cc56-b8be-4b38-9780-75ecd506fb1d,+91 9685264991,primary,Aryavart Mobile Networks,2017-12-25,1
df21231a-adcc-4b99-a024-04c626affcbb,4556cc56-b8be-4b38-9780-75ecd506fb1d,+91 3403864951,secondary,Aryavart Mobile Networks,2024-10-19,1
8ae8ba33-8e28-49cf-b277-971ebd6be05c,458167b1-5667-478d-a6bf-4f1e39407e0e,+91 1506254406,primary,Pragati Wireless Communications,2022-12-21,1
d6916e81-3b5e-4907-bd12-f704799588f1,45fde464-2062-4c6b-8c6d-947c4580b94d,+91 5158485838,primary,Pragati Wireless Communications,2018-02-23,1
f3d58c6b-3409-4d38-8f15-2864daba77bd,4604c0fb-6f50-45d8-9c76-8c666a59a025,+91 3561382947,primary,Aryavart Mobile Networks,2023-01-16,1
5b1fa950-6f66-41f1-8a1c-da17562933fd,4604c0fb-6f50-45d8-9c76-8c666a59a025,+91 6471957928,secondary,Aryavart Mobile Networks,2020-07-31,1
01dbad0e-799a-4d21-a9bb-8e9afabafbe9,4682e1e3-d14e-4a06-b425-c1b44c3bdf54,+91 0820826233,primary,Swadeshi CommNet Services,2017-03-18,1
6849647b-6192-478c-844f-9a7a45b7ab93,468c8851-3dba-499f-9a9f-879fcbd097f3,+91 0575658161,primary,Vishwa Telelinks Limited,2022-06-29,1
3b9915cb-e6a4-4551-b09a-48b5e54a24c3,46ce2273-01b7-442a-8a39-866b9a7b8caf,+91 6069288002,primary,Aryavart Mobile Networks,2018-12-28,1
aabb80ad-cabf-4c91-801c-2a9d6b966fef,46cf126c-dd3b-4a9a-b58a-14ba3169de56,+91 3247974030,primary,Vishwa Telelinks Limited,2021-01-08,1
1f2cf8cd-49e2-401f-a374-1f1d4af82b96,470bc6dc-44e7-4c45-bf4a-da28c0844bdf,+91 0592994508,primary,Vishwa Telelinks Limited,2017-02-08,1
c4b807a1-e8ec-40c1-a204-fc679cc16162,47584d4b-524c-4696-b0a4-4445638f24a6,+91 9197777111,primary,Aryavart Mobile Networks,2018-08-23,1
bd72dbdc-a647-4ea4-9a0e-b8cc16d5971b,47635c92-ffa4-4fc8-b344-531214f40b95,+91 6876628286,primary,Pragati Wireless Communications,2023-03-07,1
21755e68-1ded-4255-b246-4bc57bfc69fe,47cd2876-45e7-4a27-a41b-9058186bf9e6,+91 7691759512,primary,Vishwa Telelinks Limited,2019-02-26,1
d76a4184-ef23-48f2-b98d-7bd70b2a1d61,487eadcf-df87-4b50-be25-42fc60d236cb,+91 6313370773,primary,Aryavart Mobile Networks,2018-01-02,1
98ef1037-98a5-4f66-9057-566cb61ad1e6,491f1427-759d-4897-9869-66d835714bbb,+91 0559676033,primary,Vishwa Telelinks Limited,2019-07-16,1
11ce089c-2e5a-433b-97b9-97991f474d47,49711703-a162-45ea-8484-e600d2fc60b9,+91 0247205715,primary,Vishwa Telelinks Limited,2019-06-16,1
b316904d-04c2-4314-b80b-c5e8ae6e1df8,49711e74-7614-4ca4-9934-31759b0e790a,+91 5528561849,primary,Aryavart Mobile Networks,2021-06-08,0
da80148a-6ddb-481b-9134-c4075f80f7a0,49807938-41b4-409c-a30f-97dee538b9c0,+91 1921559784,primary,Vishwa Telelinks Limited,2020-02-07,0
8bf7c4ea-34aa-4a71-8227-31edf94c7199,4a2c443a-ac5b-475a-8418-5e2f8033b25e,+91 5968756660,primary,Pragati Wireless Communications,2021-09-26,1
d4cc740f-3edd-4e74-ad31-5213b28e339b,4a7efbc8-be33-4c54-b292-68a92964acdf,+91 7890014814,primary,Pragati Wireless Communications,2021-01-04,1
b06ccb39-5417-480e-a20f-4d7aa0b687ce,4a7efbc8-be33-4c54-b292-68a92964acdf,+91 2102283182,work,Aryavart Mobile Networks,2022-06-24,1
b0714eb2-7d0d-4c74-964c-bf11a428b2ee,4b0d1224-32a5-4d82-b3f1-921f0bcc6126,+91 3589243110,primary,Swadeshi CommNet Services,2022-07-12,1
55912829-0265-4d8b-822d-ffc3511889ce,4b1b80a2-a615-4beb-b4c0-6ef7f532013f,+91 1097745821,primary,Pragati Wireless Communications,2018-10-19,1
341bef65-44ae-4a44-ad32-ae8d47b69e0b,4b1b80a2-a615-4beb-b4c0-6ef7f532013f,+91 9124181285,work,Swadeshi CommNet Services,2024-08-03,0
8f13f566-f4e4-42f5-b91a-e4cbe18c7dbe,4b31fe9e-51b2-4287-911f-2e21b982d0de,+91 2270015725,primary,Vishwa Telelinks Limited,2021-09-12,1
9f33180a-9610-4d10-a173-b09afeecc93c,4bacb239-386c-43cb-80c3-104d0d8efd44,+91 4871598089,primary,Vishwa Telelinks Limited,2016-01-31,1
793d343d-30e7-4c6d-8464-f5b580bdea46,4bd43488-6f51-4578-b4ad-c91a1dd69c70,+91 3501114344,primary,Aryavart Mobile Networks,2019-04-06,1
9cd7e86f-bb10-4856-a305-20de0a2aba43,4bd924a0-4163-4b8e-8fe2-47caadf44a76,+91 4593250585,primary,Vishwa Telelinks Limited,2020-11-01,1
95a52907-2376-4292-992b-d482175642f8,4be433a6-e91f-404d-b1bd-7d3d856145d8,+91 4361055585,primary,Vishwa Telelinks Limited,2020-07-26,1
b2b92737-47b6-4a60-b45d-4fcae40e59b7,4c46d71b-f1f2-4b0b-bada-337b239ff089,+91 8615634257,primary,Pragati Wireless Communications,2018-07-27,1
6c0c9dbe-f164-4cbc-9449-7829c55bdb6d,4c7e0c24-796c-4ac8-8674-03843b089a56,+91 2205707192,primary,Swadeshi CommNet Services,2022-10-26,1
573d3bcb-e542-41bf-a1c9-694f884ade62,4d1574c5-c004-4e49-b228-0e4b2c2300cf,+91 2016070275,primary,Vishwa Telelinks Limited,2017-03-31,1
320c44fe-0ff9-4ac7-a66a-107de694f1d1,4d77e74b-737e-47f3-8665-1c9e9e9dd5e3,+91 8907192816,primary,Vishwa Telelinks Limited,2017-09-19,1
279fe885-c017-4f60-814e-8bf4032c0e5d,4d9faa69-718a-4c13-93e8-acaea8c22f67,+91 8515513683,primary,Pragati Wireless Communications,2023-03-20,1
7a135712-eb81-4f5d-aa5c-fa8ac0f7d33a,4de427a7-4934-4361-903c-b9bd78b2b638,+91 8211607526,primary,Swadeshi CommNet Services,2021-06-25,1
5f4ab190-3cbc-4508-8d06-0e71ad942fb1,4de490be-92c2-4542-a982-4a674c43b835,+91 7689034138,primary,Pragati Wireless Communications,2017-12-08,1
14cc3b6c-5b4f-4ba4-8978-f31ab20b2963,4e0e2455-3713-4bd7-8fe6-9d4a97da8dff,+91 4287584537,primary,Aryavart Mobile Networks,2020-04-03,1
1600adaf-53d2-4fc0-b0a6-1fd59b6ae34d,4e23666b-e908-419c-8413-cc86957ec667,+91 9155819227,primary,Vishwa Telelinks Limited,2024-02-23,1
4e72b0db-c940-4016-9331-aab01c90c035,4e23666b-e908-419c-8413-cc86957ec667,+91 3972464875,secondary,Vishwa Telelinks Limited,2024-05-23,1
8d6b6d5a-6a97-448c-8f6b-14eefd682cc7,4e4f0a11-0920-4167-8ace-540ebd0984a6,+91 0175385783,primary,Swadeshi CommNet Services,2016-01-03,1
c6792907-cb70-4238-aa94-33ac6025c03e,4e518ad5-4f1d-4e0b-b8db-35008e94ce9d,+91 3660729016,primary,Vishwa Telelinks Limited,2023-04-07,1
f46d6b5d-865f-4a44-8cf9-d90afa961815,4e79d6b2-10e4-43fd-a909-29c3ca1979d9,+91 4335935024,primary,Pragati Wireless Communications,2023-08-06,1
df546606-c4dc-4b25-9eba-92cfa48d861e,4e9ea036-b400-4a88-abbe-22e87b375b0e,+91 4377427300,primary,Pragati Wireless Communications,2021-12-08,1
55d6eaa9-afb8-4a02-a4e5-18854992e17e,4ee42562-ddd0-478a-b378-3e762196bca3,+91 2538717988,primary,Pragati Wireless Communications,2019-06-15,1
684b2b37-a2dc-403f-a5a1-e0da316bb375,4f296a56-1fa0-4210-bf26-794861875d6f,+91 8978138348,primary,Aryavart Mobile Networks,2018-04-20,1
0b24e294-a52b-4e25-9bd2-15f916da7bd0,4f32a90d-b8f6-4eab-afcb-c297541f4b4d,+91 1527094776,primary,Vishwa Telelinks Limited,2018-11-22,1
94d7d08a-eaed-407a-84fa-bf7c56a1a5d8,4f36b764-70d4-498c-8d72-dc72edac4efb,+91 7735630761,primary,Vishwa Telelinks Limited,2022-12-30,1
34f0614f-f8eb-4f42-af89-15c74e844124,4f374856-e16a-4b10-b313-a19b1139a497,+91 6955137898,primary,Vishwa Telelinks Limited,2018-05-16,1
ffa8e4b2-360a-4f54-8655-0e4e3c9ea8b4,4f5ce979-ecb2-4e53-b0e3-6c1a025dc4a2,+91 3368175248,primary,Pragati Wireless Communications,2018-05-15,1
6d9641bd-8307-401a-a80f-4c18cdae51f5,4fa35cef-6f98-4ed5-b763-3eb779c41507,+91 5984912390,primary,Aryavart Mobile Networks,2018-05-03,1
1e871e38-816d-447c-abbd-322d1f1a2178,4fa35cef-6f98-4ed5-b763-3eb779c41507,+91 9818174544,work,Aryavart Mobile Networks,2022-07-21,1
8accbf0b-109a-4e6b-9afb-19bcd9fc98ea,5016d06f-c3eb-4c9b-affc-a070c293842a,+91 4512259109,primary,Aryavart Mobile Networks,2019-12-29,1
9426ea08-39b5-452e-8d03-6228db10a15a,5059d8a2-ca3c-4207-826a-857b223b974b,+91 5670241246,primary,Aryavart Mobile Networks,2018-07-17,1
60a29218-260c-42df-ab9a-714e75d0ad43,5059d8a2-ca3c-4207-826a-857b223b974b,+91 2330806009,work,Vishwa Telelinks Limited,2020-11-07,1
a27d00ef-746e-4003-9c2a-3f73a3e25919,50873f12-f502-48f0-b7b9-1ca825fbb932,+91 9522120894,primary,Aryavart Mobile Networks,2023-07-05,1
0b41a61f-ee38-442d-bed1-a2844f3753d3,50873f12-f502-48f0-b7b9-1ca825fbb932,+91 7414696813,secondary,Pragati Wireless Communications,2024-09-17,1
8bf94efa-895d-421a-b7cc-2333c9f39605,50c8268c-ecde-4b23-a43b-c7f580efecd5,+91 7195910617,primary,Aryavart Mobile Networks,2019-05-05,1
a317ee6d-bd15-4cf5-a4a6-495cfdf87438,50f7fbea-3d0f-4a6f-a225-c90d955b7604,+91 9212327363,primary,Aryavart Mobile Networks,2021-10-04,1
d1305565-f849-4375-abea-6545571e4099,5126cc62-b59f-41b6-8efd-c67a432b7a2c,+91 1616182837,primary,Swadeshi CommNet Services,2024-05-15,1
774c7c73-7fb8-4790-b144-7efe2e16fa86,51892fa5-d23b-482f-98aa-5dc3e3dda075,+91 6635338535,primary,Pragati Wireless Communications,2022-06-03,1
4b9f2720-d19d-4d02-941c-c0ce22aeb341,51e1dc18-3ead-425c-b637-9a7c7fd8b9a2,+91 8965575282,primary,Pragati Wireless Communications,2019-09-22,1
e3d634a5-aeb3-4a40-9da0-bb59f7dd7ec3,523ea870-f694-4000-b6cb-3aa01ccf0256,+91 0163364015,primary,Swadeshi CommNet Services,2022-06-25,1
90814fa5-4b3e-462a-8d1e-322bc8189f84,5256247a-486e-42fe-bedb-811fee5e90d0,+91 1828867805,primary,Aryavart Mobile Networks,2023-01-14,1
40dc896b-d04d-4b8e-8da3-dbcef0362667,525dc8ea-7f8b-4a01-bae5-dae70b6a2251,+91 2341730613,primary,Vishwa Telelinks Limited,2020-07-24,1
d2d847d5-de41-47fd-afea-3b3dfaa0cbd5,527acfb6-d569-437a-93dd-9ffe15d94950,+91 8039892557,primary,Swadeshi CommNet Services,2023-08-18,1
6c04db7e-2176-4536-80a5-a6ffc728e80e,529f1844-c431-4bc7-a8c3-5b0a51686cf6,+91 8450281850,primary,Swadeshi CommNet Services,2022-07-04,1
3acf7c66-db38-4257-afe5-4a0f0d02e03a,5316156b-196d-4335-8a2b-336865fd84ef,+91 3475014293,primary,Pragati Wireless Communications,2021-08-25,1
71e74015-dfef-4589-a518-ff1e53ae14cd,5316156b-196d-4335-8a2b-336865fd84ef,+91 3972319191,work,Vishwa Telelinks Limited,2024-11-03,1
c1268aec-9b2f-4dd9-9ffa-d9d4fc3016a3,53240630-41a5-484a-b367-e3c8ea343e4c,+91 2098106180,primary,Pragati Wireless Communications,2023-08-04,1
2441af78-2deb-4501-b93f-b50bec00502a,53cdddf2-09d4-4405-a72d-eed3c559550a,+91 0975137028,primary,Pragati Wireless Communications,2021-08-03,1
97d500fd-dae8-48ad-91c2-106ef28b97b6,53d50e04-c90d-47d2-8f09-955a737af76e,+91 0641765534,primary,Vishwa Telelinks Limited,2018-06-26,1
1438bca1-91f2-4500-8fba-0cde902e724c,549aa514-5e8b-486c-b99a-ac0a449bc98e,+91 6228830522,primary,Swadeshi CommNet Services,2023-01-23,1
c51102a0-61f0-4c5c-a242-b5dd588268d3,54c82bdd-31ea-4ed6-9d88-87aa3fa602dd,+91 9828073573,primary,Swadeshi CommNet Services,2022-02-19,1
4ccb6678-8b07-4bc7-b41a-0c21ea1007f4,54c82bdd-31ea-4ed6-9d88-87aa3fa602dd,+91 3504987515,secondary,Aryavart Mobile Networks,2020-10-24,0
522a1c12-9fea-4420-bef9-458ab7b4034f,54f4377b-6cb0-4784-8b09-f6a94285a289,+91 9983293949,primary,Vishwa Telelinks Limited,2022-09-07,1
1dad14ce-4966-4ee4-b761-a15750e18598,555723f9-c3e6-4db2-98c6-ba3af8dbdce9,+91 2923926954,primary,Pragati Wireless Communications,2020-10-29,1
da58fb78-4f73-43ea-af58-d7870f911d88,555b36f8-b3e3-4f2f-8561-ef408b0dfefd,+91 6686399621,primary,Pragati Wireless Communications,2022-09-11,1
244ba9bc-5948-497c-b6b8-bcc2a8be2290,555b36f8-b3e3-4f2f-8561-ef408b0dfefd,+91 8932674337,work,Swadeshi CommNet Services,2022-10-07,1
4f199e6f-4fd2-47b5-827b-8e180701fade,5568179f-2824-4760-bdc9-aafb5c1a172a,+91 6250939160,primary,Swadeshi CommNet Services,2017-02-24,1
c5498ace-5a8d-46f7-a44c-ec02b84c5c29,5568179f-2824-4760-bdc9-aafb5c1a172a,+91 9080983726,work,Aryavart Mobile Networks,2023-08-20,1
c164109f-6e48-4034-ac26-be537a79db19,55c7e73b-4bbd-4d2d-a932-913744d8a3ea,+91 4185574882,primary,Pragati Wireless Communications,2016-05-16,1
b05fadb9-7515-432c-89c2-31bae24c2ad6,55cfdf10-a1a9-4735-ae66-8aae4018cb6a,+91 1404817673,primary,Aryavart Mobile Networks,2016-05-17,1
01a64a54-324a-4d7a-b084-8da81e972166,5629d060-1b25-465e-a809-ac44e2184e36,+91 5992335956,primary,Vishwa Telelinks Limited,2019-06-16,1
17dfc52c-ddec-4846-82ac-869b6ea1d111,565e485b-93b0-4779-8562-889a76de5c1d,+91 2789750633,primary,Aryavart Mobile Networks,2016-11-05,1
c8a568aa-bd69-4ee5-8116-2c82e7446f78,56c6e716-d5cf-457c-838f-8597efcf6574,+91 2540346140,primary,Swadeshi CommNet Services,2021-03-11,1
a528c0c0-9a5d-4401-bb85-af68a92c84b5,56d83d91-02ed-4428-a8d4-eac94031d5b7,+91 2313204143,primary,Vishwa Telelinks Limited,2020-10-10,1
165a7263-b5aa-430d-81f4-e109963a83fd,58403a85-3bb2-4384-b35a-06d05951268a,+91 5783508016,primary,Pragati Wireless Communications,2022-09-29,1
8cca9730-d8fa-419f-becb-ce5e0bcdbc17,58403a85-3bb2-4384-b35a-06d05951268a,+91 4548763194,secondary,Aryavart Mobile Networks,2022-12-12,1
a08a42aa-23ad-4e28-98aa-f45f7972caa2,58796a3b-821d-4185-8914-303664d5ccba,+91 3229105776,primary,Vishwa Telelinks Limited,2016-06-11,1
198c88db-f136-48ab-8b0c-8f4976465337,58ecf8c3-7cbd-4272-94cf-71943dc33e96,+91 4272645352,primary,Swadeshi CommNet Services,2016-08-21,1
a50a8354-4e43-4edb-b55a-defb0116b31e,5905b992-6426-4110-8654-01108126af18,+91 2254886112,primary,Aryavart Mobile Networks,2022-12-13,1
c3bcbb0d-a1c1-452b-a1fe-8cae2b9055fe,59592810-55cc-403e-986f-4e637f88b1c8,+91 6306379910,primary,Swadeshi CommNet Services,2024-05-19,1
dec60a65-a943-4bdc-b84e-501abc8c44aa,598b970f-3219-4a29-a843-eb1703d9bcc2,+91 8626431450,primary,Aryavart Mobile Networks,2022-06-05,1
148e90bb-2039-47e5-87e5-82af935c0587,59b6287b-4b20-4b6f-a0b3-d60ecf53823d,+91 5992975100,primary,Swadeshi CommNet Services,2023-12-16,1
84a62cd2-8999-4040-8c1c-7fbb7dec6248,59fbdf87-28e7-404c-97a5-0d0f217b39f6,+91 5236278253,primary,Vishwa Telelinks Limited,2022-11-29,1
b9a2bffd-b0f9-4145-b256-22ca9813ef82,5a14c393-ced5-4851-a7b1-b3ac69a36268,+91 5444475200,primary,Aryavart Mobile Networks,2017-08-15,1
ddc160be-d290-414a-bfba-7c26a7edbb3a,5a6f730b-aff6-4672-843f-6f051b6ca392,+91 4272813317,primary,Swadeshi CommNet Services,2021-01-01,1
23d0fe20-f457-4282-85c8-4ec9891a2970,5b63a163-678d-4720-bfd7-64891aad851e,+91 1999523382,primary,Vishwa Telelinks Limited,2017-04-04,0
4c76cebc-f59e-424c-a91a-d44092d370f7,5b93f167-8bd7-422b-8fad-e9d2e135b082,+91 8551474294,primary,Swadeshi CommNet Services,2024-03-07,1
1fce0838-862a-4c96-a5d5-843879f6d78e,5ba08d6e-e1e8-4696-8c4d-167371d9037f,+91 5016724907,primary,Vishwa Telelinks Limited,2022-01-12,1
5a1cb93b-bc11-4a2c-ae56-efc4c17b1393,5bac2cac-75e9-4981-98e1-8b843874d8fd,+91 3631299515,primary,Swadeshi CommNet Services,2020-04-10,1
4985e856-8f0a-4301-a737-bd2a7b9bdb47,5bc60a72-9ca2-4286-abac-b1a53de9213b,+91 3389464548,primary,Pragati Wireless Communications,2019-08-21,1
f2e1c85a-77f6-4403-a719-b718ceb13ea4,5bc60a72-9ca2-4286-abac-b1a53de9213b,+91 7988455223,work,Aryavart Mobile Networks,2022-07-31,1
ad554332-6fff-434d-9c7e-94b86e866846,5bcb225e-4890-467c-bc95-b8356508649d,+91 1407310767,primary,Aryavart Mobile Networks,2021-10-17,1
09a4b0dc-00fa-46ef-8b76-a31430995fa7,5bcb225e-4890-467c-bc95-b8356508649d,+91 9435955317,work,Aryavart Mobile Networks,2024-02-15,1
409f0aef-e0a7-426b-9f2b-9b5f3066072e,5c967353-da8f-4dfc-9a6b-ecda50d103bb,+91 0890199616,primary,Aryavart Mobile Networks,2017-09-27,1
056d9f84-4c5a-408a-99f1-d78a05177a79,5c97634a-2f6c-49bb-8e4e-acc58e31a2ad,+91 0820695975,primary,Swadeshi CommNet Services,2016-11-14,1
b092825a-697f-42a7-886d-f17ad2583081,5ce28779-6af5-400c-b3bb-0933d4c6adab,+91 8077378317,primary,Swadeshi CommNet Services,2022-12-24,1
fc9eca72-0fee-421c-89b6-bd516bb7f71f,5cfd4624-2057-46b8-8433-475f7f34adfd,+91 4626203593,primary,Vishwa Telelinks Limited,2022-12-03,1
821c927a-47e8-4203-80a6-d939351282aa,5d2ae276-3079-4637-a6ae-1a9d24650025,+91 9316714384,primary,Aryavart Mobile Networks,2020-07-10,1
f5896c8e-5f04-49e1-b265-236f4ee05173,5d306493-b101-41ff-8897-5fb63e8d853f,+91 4252568100,primary,Aryavart Mobile Networks,2021-05-17,1
2483d600-0cb2-41f8-9d4c-d8686511dbf2,5d38e714-e184-4b5a-b57d-65a17038a1ea,+91 9508970495,primary,Pragati Wireless Communications,2018-01-16,1
21f14529-eaf8-4ab1-b5be-ed3d2e48d193,5d38e714-e184-4b5a-b57d-65a17038a1ea,+91 3344828263,work,Aryavart Mobile Networks,2024-05-24,1
bc4874b7-f122-4682-a38d-b3a89104c3dd,5d4e95f6-a5b7-458f-bb96-16b83c313283,+91 1058558592,primary,Swadeshi CommNet Services,2019-08-18,1
dc007e45-da2c-4172-baf4-c0632374dce6,5d7a49cc-e00c-423c-8632-17d333e61075,+91 1931632322,primary,Pragati Wireless Communications,2016-06-22,1
c0f21913-e4d4-4e4f-86d4-c26c3d6607af,5d819959-67b8-47c8-9d65-bc44c7d4d99b,+91 1195804928,primary,Swadeshi CommNet Services,2017-12-12,1
09bd3a5e-c9cb-4c70-801e-29e3708884ef,5d993f23-cce4-4c50-9298-d356aa098d79,+91 7973340975,primary,Aryavart Mobile Networks,2020-11-08,1
5733244a-9224-4c9a-b920-108d205ab8fa,5dedbd6a-af3a-4512-a09b-cff557027e89,+91 0613340111,primary,Vishwa Telelinks Limited,2022-03-07,1
784641a0-e475-4f04-adf2-cf8d4e42407d,5df51b1e-d399-4c49-ba5a-7749cbc922bf,+91 8298705845,primary,Aryavart Mobile Networks,2019-04-05,1
d7e9c9b1-ebf9-411c-b41d-d97cf8cf9b64,6069a417-b0de-4142-9ec0-9fe18b842dff,+91 8433927225,primary,Aryavart Mobile Networks,2023-04-23,1
1637090b-52ee-4e1a-a77d-71dfb0f33b9a,60ca7f45-5c8b-45bc-9118-f8b0b54b9cc3,+91 2707464602,primary,Pragati Wireless Communications,2021-04-11,1
2c17435e-baec-4710-84db-d3e71189fdff,61471165-3f7a-400f-8a83-b0804b56ec92,+91 0707676176,primary,Aryavart Mobile Networks,2016-02-21,1
fb4bcfaa-9502-4833-8975-45a2f36a453f,61689509-1140-433d-9390-7d1f7e7b5151,+91 1847570570,primary,Swadeshi CommNet Services,2018-01-16,1
c8d0c174-71ae-4b41-b463-910240710e39,61689509-1140-433d-9390-7d1f7e7b5151,+91 6107734509,work,Aryavart Mobile Networks,2024-05-09,1
505937e0-baf7-4a66-8303-d6b15ecfdb13,6180b099-5e5e-4247-9219-81bf4309f50f,+91 2835755956,primary,Aryavart Mobile Networks,2016-11-02,1
63307bd1-3df2-445c-a6c3-892970f9d31f,618ecf13-0dc8-4bda-b803-3541b141a1a8,+91 7925588185,primary,Aryavart Mobile Networks,2018-10-17,1
a47696dd-67c5-45ae-9a11-1955f955dbdb,61b9583e-76ea-4e1a-8d56-3607a6c65dbe,+91 9864096322,primary,Vishwa Telelinks Limited,2020-05-24,1
43b3c92f-d417-4735-ac6e-7863d9b1c9fe,61bb3299-d676-4a30-b116-2dff61424c18,+91 2310820493,primary,Aryavart Mobile Networks,2018-01-03,1
9ef613f0-0771-439a-82db-16d78dd38b3e,62253e8d-5335-4f19-9e28-3aee9bd855d5,+91 5107052713,primary,Vishwa Telelinks Limited,2017-03-15,1
b4495061-e44e-448b-b51f-da12660cf5bc,62315156-5532-40e8-b8ee-9779414a9ef3,+91 4364678396,primary,Vishwa Telelinks Limited,2017-08-24,0
cdcbc177-9432-4c39-b68a-2bceac180b89,6280dc11-0124-4ef9-9586-d6b5e87ee08d,+91 6225535157,primary,Swadeshi CommNet Services,2019-03-30,1
572336ed-5d46-4fec-afa9-69fc5e446565,62d68a1e-0050-40e7-a697-f5b341add54f,+91 4156083282,primary,Pragati Wireless Communications,2022-01-17,1
c5f721f0-587e-41a6-9f94-bfe25cefd282,62d68a1e-0050-40e7-a697-f5b341add54f,+91 5043762422,work,Aryavart Mobile Networks,2020-08-31,1
79ddc6fb-dd9e-455d-b57e-f850feeca689,630a2f6d-64cf-49b4-9586-6413e6b9de84,+91 8739966202,primary,Aryavart Mobile Networks,2023-08-14,1
07941fc4-08d7-4826-84fb-6fd6dc03d6e9,635e45b9-affe-4a6b-8d36-f3adf8ebf039,+91 7197127753,primary,Pragati Wireless Communications,2016-05-02,1
92268bab-4a44-48a5-bb17-b8e78eb22d42,63978636-6654-4695-ae29-7aa73b410900,+91 8667881620,primary,Pragati Wireless Communications,2021-12-13,1
d8a1da4a-5ed1-4e8a-8719-f878865c5f99,63c218e5-a8d7-4156-916b-0ac94511fe49,+91 5913721237,primary,Vishwa Telelinks Limited,2022-05-22,0
598bc4c4-5b5d-4e1f-becd-0b02daf3b0fb,63e9eff7-eefe-4b87-bc8e-97bea5e61638,+91 0399372154,primary,Vishwa Telelinks Limited,2017-08-11,1
049a6c1b-d862-45e0-b9f7-6ffd037fd4dd,64682cf5-fea8-41a1-bdcd-7f338397ecb2,+91 5651049242,primary,Swadeshi CommNet Services,2017-08-14,1
af7b8bcd-0fb8-4406-b265-9ae57f918cd9,6481c463-ebb9-4640-8c39-9dc17ae5678d,+91 2163131826,primary,Vishwa Telelinks Limited,2019-06-27,1
16693f9e-8471-40b0-9222-1b2b12afbda9,64aa12fe-332b-426d-9e18-1960f6079b69,+91 2821840441,primary,Swadeshi CommNet Services,2024-01-17,0
48f78b65-921e-4365-a7cb-e4ff6560b4b5,64c8c8c4-3eca-40a8-a280-fce21bb2974a,+91 4476697095,primary,Vishwa Telelinks Limited,2019-10-08,1
04ef91ef-90f4-471b-a949-31817560e038,64d8b984-2a98-448d-a4fb-7784ce6b1b44,+91 4922790567,primary,Pragati Wireless Communications,2016-08-10,1
b8c9d9b6-3e94-405c-bfe3-f40f2625c7cc,65493cfb-8afe-4ebd-9df2-faa763b8f310,+91 7284709730,primary,Aryavart Mobile Networks,2022-10-18,1
4905d6fa-6aaf-4585-a3df-b1c9390351a5,65d05ad4-0721-4fb3-9bd8-1fd0beb5cd57,+91 6749062875,primary,Pragati Wireless Communications,2021-07-25,1
c00c9ee8-cde0-41f5-8129-46a9e4906fbd,65d05ad4-0721-4fb3-9bd8-1fd0beb5cd57,+91 8832727982,work,Pragati Wireless Communications,2021-09-16,1
f83eda35-e0b7-403e-ae03-1dc193d2a548,65f2e462-20b2-40dc-aa8d-5e7ced3545a6,+91 3660076286,primary,Swadeshi CommNet Services,2019-12-30,1
ef234558-6bdc-4148-9464-036c0c04cf87,6641b356-0f73-4184-9190-a96424cd43c5,+91 6252156704,primary,Vishwa Telelinks Limited,2021-01-12,1
0ef18559-1097-438f-bd89-3c13005488b9,66608c82-c95e-449d-8483-39e9876092a0,+91 7527039839,primary,Vishwa Telelinks Limited,2019-12-27,1
82538ee4-e901-45ed-a561-954434a76866,6663fe0b-b0ec-457f-8dea-1ab513b8f811,+91 3888203853,primary,Pragati Wireless Communications,2018-05-25,1
a6f4b5b4-4e6a-4528-b067-4fe1145e1075,6682d7a0-40b3-4146-9c36-1cf8a8ec6ee9,+91 7715022957,primary,Vishwa Telelinks Limited,2016-03-12,1
6ab0bd43-2d8d-4359-b55d-4f2cf2ad8a82,66e0d2a8-0425-451b-80a1-c99c31a292bd,+91 6865519894,primary,Vishwa Telelinks Limited,2020-01-12,1
b196fb00-012e-4811-a532-2bf9718208cb,670dbf69-ea2a-485a-b461-c479cc3b7340,+91 8875137000,primary,Vishwa Telelinks Limited,2022-08-02,1
c2baf75f-cbc4-417d-8008-8784e47eba7f,6773d977-2dd7-41a8-9be0-e35d8170ae02,+91 3583929613,primary,Aryavart Mobile Networks,2016-08-30,1
e5775f30-c2ef-4e28-b5a8-4f6e138262a3,67b9c6be-4bc4-4094-894b-f3e402e3dd30,+91 3652872459,primary,Swadeshi CommNet Services,2019-02-17,1
372a80c5-2cd7-4b94-ad7d-25722145be92,67f57f97-1080-4f10-89a8-902ba86ece6f,+91 2783933278,primary,Swadeshi CommNet Services,2023-10-26,1
75c4a4b3-5b79-4c4a-b6a2-7a5315438469,67f57f97-1080-4f10-89a8-902ba86ece6f,+91 5851588276,work,Aryavart Mobile Networks,2022-01-01,1
8eaa6f5d-8a7d-4fc3-a042-3a84be9b2c42,68037b0e-185a-4ae0-b909-c61ef0e2e649,+91 4575726241,primary,Aryavart Mobile Networks,2019-09-10,1
fc48d08a-75b6-4bdb-8f9e-06e65662f5b3,68037b0e-185a-4ae0-b909-c61ef0e2e649,+91 0487989484,work,Vishwa Telelinks Limited,2024-05-31,1
fca2eb0d-4621-4c52-8b42-984174522d58,680e1ca2-6ef9-42fb-b8e8-7d767fdf2fac,+91 8891427513,primary,Vishwa Telelinks Limited,2024-03-13,1
be1f5861-8797-4028-9f84-cb4ddfe23ed3,68b5f557-0e71-4db7-9e1d-1752bc421e6a,+91 4906366198,primary,Swadeshi CommNet Services,2017-01-02,1
6fab06c1-6af9-4b88-ab72-4adc5de90795,690282fc-0187-40c6-8c96-4002338057e2,+91 9449840065,primary,Aryavart Mobile Networks,2022-06-18,1
b966a788-90bd-46f4-906c-c85937db1a13,6997d075-6579-4f24-b658-f9be47da879d,+91 6262882003,primary,Pragati Wireless Communications,2017-07-09,1
70e482aa-151d-44b5-a274-823c83b44532,699e5332-74a6-40da-a531-fc66bae1556e,+91 9648863313,primary,Pragati Wireless Communications,2017-10-19,1
7c4545f2-1e60-4b90-886e-8999f54dee2f,69f01ae0-4e7c-43d4-9b9b-24eda30ee101,+91 8325945382,primary,Pragati Wireless Communications,2020-12-03,1
1e2ce26b-373d-46da-9451-8ae67f0eaa33,6a04491d-36e6-45f3-a428-ed6c96715aab,+91 9387811141,primary,Vishwa Telelinks Limited,2016-11-26,1
a8441f3d-7fe4-45f8-af5d-51af3fb1fe3b,6a04491d-36e6-45f3-a428-ed6c96715aab,+91 0149973698,work,Vishwa Telelinks Limited,2023-01-01,1
439d3afb-095d-4849-a50c-bb6ac51e4b10,6a1283af-84b5-4565-a0e7-97130cd549b6,+91 9445776803,primary,Vishwa Telelinks Limited,2024-02-20,1
a3de9e4f-5e79-434c-b274-c0b51ebb8f79,6a1dcf18-6c4f-44c3-a14b-752c80221fe0,+91 8293472169,primary,Pragati Wireless Communications,2018-11-17,1
afa3ffe7-8b10-4e7c-ba26-ea3055c0863a,6a1dcf18-6c4f-44c3-a14b-752c80221fe0,+91 5776673441,secondary,Aryavart Mobile Networks,2024-08-19,1
8a00b389-ff9b-46b8-a9e8-46b9e83445f1,6a344449-4a23-435d-8f36-deb6496e7ac9,+91 5954114635,primary,Swadeshi CommNet Services,2019-08-21,1
16bce7d8-1869-4879-96ca-76ede59e10d8,6b45ee17-682a-45bd-96fc-1bcfb16de6c5,+91 2938801502,primary,Pragati Wireless Communications,2021-06-28,1
1df299c6-4bc9-407d-a87c-a84bfd9dfea8,6b74afbd-79cf-4683-b6f5-e31b054f4a0f,+91 3256138252,primary,Aryavart Mobile Networks,2018-06-26,1
6cd31e0f-54e2-4a50-8392-2e95606d868f,6b8b8023-d580-47b1-ae20-b1b16bdeb80a,+91 9286377214,primary,Aryavart Mobile Networks,2017-08-17,1
b4d11981-cba9-478b-9b87-442a72d72e9e,6b9373c9-b1fb-429a-ae3b-9bfbdb8989a9,+91 5516362523,primary,Pragati Wireless Communications,2023-06-03,1
260ee299-73bb-4698-8303-9cffbc3fe33f,6b9439e5-dfe9-437e-b058-ee67c5b1919e,+91 0682697584,primary,Pragati Wireless Communications,2024-01-05,1
f241086d-e5b9-4bf7-9b5a-ed18adcd1191,6bfc4329-68a0-4317-9c16-a40b7be04ac2,+91 9030695300,primary,Vishwa Telelinks Limited,2019-10-28,1
3a6d45b6-e21f-456f-9dc6-26934471c627,6c07003f-9a1a-4dd9-b4f2-a697db1c9e5d,+91 8193632953,primary,Swadeshi CommNet Services,2022-12-27,1
5307f594-2c7d-406d-aca4-bac8305d204b,6c911130-6b8d-4dc8-8a79-6ba55a3c9494,+91 4230598405,primary,Aryavart Mobile Networks,2024-05-05,1
4e76325a-f630-4151-adf5-f588f8f686e9,6cc68cbc-ee89-479a-8735-d06a467d799f,+91 5031921789,primary,Pragati Wireless Communications,2017-08-25,1
a7858497-b4a2-4ee3-a3cc-f769535e72a6,6d11ea59-c9d2-446d-9add-738de9387a76,+91 0875339021,primary,Pragati Wireless Communications,2022-05-31,1
db964387-41d6-4c1b-aa2f-3abe03b4f22b,6d26f19a-9981-40fc-93ed-1e1dc7c3524f,+91 7020066835,primary,Vishwa Telelinks Limited,2019-07-15,1
b03128ba-09fb-4eb5-b420-6545cc358b28,6d430053-72a4-4dec-afd7-5fb11617c796,+91 4721786166,primary,Pragati Wireless Communications,2017-10-29,1
4795904c-9f00-45b8-aca8-a3577573132b,6d576452-5918-47f3-b968-60c3ce66a347,+91 7339659594,primary,Vishwa Telelinks Limited,2022-08-11,1
b30c7e3e-bcb7-4bef-b78e-cad62462db40,6da2a43c-3bff-4bc9-b9d0-5d6b9b496b89,+91 5377932697,primary,Swadeshi CommNet Services,2019-05-13,1
b6c6e0ca-f43b-4dee-9e98-42d845d9552e,6e07c906-1153-49c1-9237-6453f147a589,+91 6305548401,primary,Aryavart Mobile Networks,2023-06-12,1
2855778c-fceb-44cd-acb1-3ac573ae59ea,6e63d851-6891-42e9-8a11-762fad901515,+91 6654555096,primary,Vishwa Telelinks Limited,2021-03-05,1
cd0e391a-2758-4db5-96f5-a56b39c5b20c,6ed2cb62-cc16-422f-83e0-7410332258ff,+91 3721655909,primary,Aryavart Mobile Networks,2019-09-20,1
441fca70-78ef-40ec-bc73-48fd6776b768,6ee5e10f-11c3-4977-b838-b18b179ad40b,+91 5387180927,primary,Aryavart Mobile Networks,2021-04-28,1
ee464853-d36a-4c39-bf6f-fc1e46233008,6f0fd9d3-8825-4c20-bc6a-0c8ec811ea91,+91 1299324126,primary,Aryavart Mobile Networks,2022-02-01,1
c3e94913-bdbf-40d4-af0a-851fd79c98d4,6f2445fc-93fc-4b40-b406-c3b90a4a3eb1,+91 4343200165,primary,Swadeshi CommNet Services,2016-10-31,1
c4e79858-c200-4672-8a74-a79833060486,6f3dbfb7-c824-4f39-ac28-8e4af871f805,+91 3316901937,primary,Swadeshi CommNet Services,2020-07-16,1
6bd6391c-c5fe-4a16-80b5-e320588a46a4,6f3e1d73-0748-4698-a90b-4338854b6da6,+91 6882909936,primary,Aryavart Mobile Networks,2023-01-01,1
8dbfd0d5-41a5-4a7d-a946-98454948d7ae,6fbe7cd9-f340-4136-a2ac-76aa489d39bb,+91 0104952397,primary,Swadeshi CommNet Services,2020-03-18,1
6d3acef5-2e26-4e40-a0b4-74bb1017e710,6fe85358-07af-44e3-b39c-17cdbeff45dc,+91 5285239749,primary,Pragati Wireless Communications,2016-01-31,1
2a4ab081-47ca-456e-a572-efb4a5984452,7028e7b0-a201-475f-9291-2588f234230d,+91 1262378339,primary,Vishwa Telelinks Limited,2023-01-19,1
269e3f39-4aa7-4dea-bc77-498e8a98e18c,702b93ee-f974-4574-9e24-99180e46c0fe,+91 4099853360,primary,Pragati Wireless Communications,2019-01-12,1
bec9885f-49e7-4962-80f2-59a21f400816,7082cec9-293d-4983-87dc-bd34e543485c,+91 2230070917,primary,Aryavart Mobile Networks,2017-10-08,1
4b295a80-1504-4aa3-83b9-9a5488d0f72b,7082cec9-293d-4983-87dc-bd34e543485c,+91 6791461606,work,Aryavart Mobile Networks,2025-03-24,1
cc0168fa-3ff0-4b8f-a08c-8934716c92c5,708eaa95-5b85-426f-8863-b3de9c6b425b,+91 2144670016,primary,Swadeshi CommNet Services,2018-08-01,1
91da283f-7788-4f68-a108-e315ff843efc,70d0585c-9eb6-46d7-b039-8f15e36d4347,+91 3437520048,primary,Vishwa Telelinks Limited,2022-01-17,1
5ea68179-162c-4eb8-9bb6-782624f81aca,7102f23c-c699-4f95-b4a6-9db5be0c099d,+91 0029437168,primary,Pragati Wireless Communications,2016-11-25,1
e8008f47-f758-4e39-92c2-673b0004b634,712178c7-7e72-43da-a358-1a4770b8ddcf,+91 7701676515,primary,Swadeshi CommNet Services,2021-10-19,1
bd7e081a-7982-4322-af9f-b6e31b433c4f,712d9149-66e4-4e37-87a3-98f91e39528b,+91 5257189666,primary,Pragati Wireless Communications,2017-05-01,1
d61d5914-7dde-4a64-9ab0-7fc4b7316e64,713e770c-aa4e-4050-bfe7-0cde8b3e81a9,+91 7817978945,primary,Vishwa Telelinks Limited,2022-08-30,1
96064689-1f42-4002-ab89-22688d2e7788,71657e68-c8cb-4e8b-ac22-c0db54039f70,+91 2039640629,primary,Swadeshi CommNet Services,2022-06-18,1
59769d69-5593-4711-b7e8-71337f91e9a2,718c8dcc-4632-4831-aa1a-5706160a9a02,+91 1086447438,primary,Vishwa Telelinks Limited,2021-12-20,1
be3b067c-ec60-494c-a35a-512d39e61e43,71ca9b1d-db04-4eaf-8500-9080bd12ad54,+91 4842858660,primary,Aryavart Mobile Networks,2018-08-18,1
c4fdf6b7-9603-485d-b583-f0b8bb044f9c,7212d59b-94e1-4b68-8be1-1f432481708c,+91 8202949890,primary,Vishwa Telelinks Limited,2018-07-08,1
69c75603-6445-4bda-a7fa-5bb09f2eb9ef,7305de97-f04e-431b-8ecc-680ffd80cd1b,+91 8349906903,primary,Swadeshi CommNet Services,2018-09-30,1
50beb60f-90c9-4b97-8305-00c427112fb7,735b7692-768a-477f-9084-61285d2d750f,+91 2804438272,primary,Aryavart Mobile Networks,2017-06-22,1
1b0aaebd-ed71-417b-bc43-23acad678b75,7366e568-4398-4b37-9f30-29a30e0ca7ae,+91 8860254096,primary,Aryavart Mobile Networks,2021-07-11,0
e56ea576-5627-4eed-8d7f-2a3981932aea,73a9bb5d-c90f-4d0c-ace7-dd625d908332,+91 3666013493,primary,Swadeshi CommNet Services,2016-07-17,1
8aed684b-8900-4444-97e1-7193b666e651,73afdf7b-f403-4f68-a828-79d245d66657,+91 4943615366,primary,Swadeshi CommNet Services,2016-07-25,1
028b8934-8bb1-470b-9cfb-135c4bf6527e,745b0fba-f5d3-40c3-9aa5-758b06aa1954,+91 6803922568,primary,Swadeshi CommNet Services,2018-04-22,1
ede302ed-9209-4b85-9b50-5fe1f72fcc74,74a759be-4a3e-4e5e-bffe-5a23d121b7bf,+91 9052729337,primary,Swadeshi CommNet Services,2018-10-31,1
2e652258-c85e-479a-8d6b-b879c2f42ef9,75001b58-34fd-4018-ad7f-71f48d99167a,+91 5086045600,primary,Swadeshi CommNet Services,2018-01-17,1
cd397091-77c0-49b9-aaa4-617ca3cf9924,75680bcc-ed61-4f6b-82cc-ee0ee0cc0418,+91 1025014313,primary,Pragati Wireless Communications,2022-02-22,1
b0ae7b88-ce76-4912-9ca1-2284886e066a,75680bcc-ed61-4f6b-82cc-ee0ee0cc0418,+91 0562916060,work,Aryavart Mobile Networks,2022-09-01,1
89682191-a78e-4ac0-b687-d0dc56fc92bf,75a58431-c355-472e-853e-b22584057fd8,+91 8737657052,primary,Swadeshi CommNet Services,2019-11-14,1
90cd6ff9-8430-4517-b555-cf31530c52c8,75c66359-73bd-47e8-9307-32bf17d34380,+91 3120105928,primary,Pragati Wireless Communications,2016-04-07,1
c72e9ca4-b897-4246-9875-d1bf21591574,760ca9ec-df70-4aa9-a799-c8069fb2dc29,+91 7218204939,primary,Pragati Wireless Communications,2016-11-12,1
b3648016-0a6a-4043-8dca-9e3bc2642c26,7687600b-959e-4487-a3a7-959d6372507d,+91 0913079753,work,Vishwa Telelinks Limited,2020-01-11,0
a243c6d0-1502-4721-882d-ec82dbe150f3,76ddd2c4-6416-4262-8454-da80e992be7f,+91 7011861947,primary,Vishwa Telelinks Limited,2023-02-05,0
a23dfb60-c38c-4c89-a0fb-9cd1b3596380,76ddd2c4-6416-4262-8454-da80e992be7f,+91 9223755099,work,Vishwa Telelinks Limited,2019-12-04,1
2bf8d897-ef9b-48c4-a47a-947d89c0a4a9,76e72e71-49dd-489b-b711-bbf6c410f9a1,+91 4095621508,primary,Swadeshi CommNet Services,2021-05-15,1
a28f3f47-d584-47e6-9fb0-e9a7226ae39e,77342270-dc3d-4670-b49f-2d37bb1658ca,+91 7517788689,primary,Pragati Wireless Communications,2024-01-08,1
cb3911ea-562e-4d55-9806-ade95d986ac7,774732db-ca95-40b5-b0b6-2a0b0fd5b157,+91 8154823998,primary,Vishwa Telelinks Limited,2018-03-17,1
dd7fd7a8-9664-4bc9-bb1a-4f6adb23881b,774b6008-ffa9-46c7-983b-1ac08d16b528,+91 9740710108,primary,Vishwa Telelinks Limited,2017-06-11,1
0ddec531-689a-40e5-a0f5-6ff5bfcfdc99,77831842-6ff5-4991-b1df-2d3fd95f465f,+91 8018681014,primary,Pragati Wireless Communications,2020-07-30,1
ca6c6655-fa5b-4ffb-9345-41f42522d8f6,77831842-6ff5-4991-b1df-2d3fd95f465f,+91 2179239339,work,Vishwa Telelinks Limited,2021-01-01,1
dea6270d-872f-4d18-84d4-b8133ee1e601,779708a4-12b6-445e-8984-00fe98e489c8,+91 0630290815,primary,Swadeshi CommNet Services,2021-11-27,1
3ffbffad-82e4-420c-9918-f4044b9bb009,779708a4-12b6-445e-8984-00fe98e489c8,+91 2615379851,work,Vishwa Telelinks Limited,2021-09-01,1
ae027356-62cd-42ec-940b-c1acd64c2352,77aad506-ed85-4020-b1ad-088e8176cfcb,+91 2877658893,primary,Vishwa Telelinks Limited,2023-03-25,1
1d571314-2bad-4945-8f84-7d612b05d81e,780380a3-fe83-4fb6-980c-cab0208c14fb,+91 0785997152,primary,Swadeshi CommNet Services,2022-11-08,1
0c43e9c0-57da-47fd-bfb2-5995b5dbf784,780380a3-fe83-4fb6-980c-cab0208c14fb,+91 6886274365,secondary,Aryavart Mobile Networks,2020-01-29,1
1767defe-e37d-49fe-a4d1-189cb811ae4e,78a2e477-1305-49c2-8f50-8faf907b9166,+91 3350194460,primary,Swadeshi CommNet Services,2018-07-06,1
282f0a27-2c3f-4e65-b8ba-aa273658b7e9,79918039-a111-4ec8-ba6f-8afd77e6e1b4,+91 2703880788,primary,Swadeshi CommNet Services,2020-04-18,1
f9fe7341-ae4b-484c-98a1-62fc8af4d7f9,79932aa7-caa0-4666-a1ca-0242427646a8,+91 0252141174,primary,Aryavart Mobile Networks,2017-01-26,1
c15011de-fe9a-40c9-b0b3-85984489ab3a,79ab7392-8c6a-4acd-8344-84ea92d6fee3,+91 0412670025,primary,Vishwa Telelinks Limited,2019-12-05,1
55723ee2-fcdd-4ae4-85a8-89e8d035547a,79c5f089-ebe7-496b-8aee-e7e215734d02,+91 4635284516,primary,Aryavart Mobile Networks,2023-12-04,1
16d726c7-b1ee-4ed6-91cc-e30b471a02ad,7a4ad5a7-fe36-4c24-8480-b0a389602a34,+91 7694741975,primary,Aryavart Mobile Networks,2019-04-24,1
f39bbc34-6018-48f3-bb33-2cc94b148dc5,7a8dcb3d-2353-4f1c-8481-583a228493ce,+91 5468802333,primary,Swadeshi CommNet Services,2016-08-03,0
ae17c623-ef85-46d8-ac32-96d62816ae17,7a8dcb3d-2353-4f1c-8481-583a228493ce,+91 1172790849,secondary,Aryavart Mobile Networks,2023-04-03,1
bfc6000a-2d02-4f05-9406-cf2d16338bcc,7abbe8df-4341-4149-93ee-779a01320e76,+91 4461490510,primary,Aryavart Mobile Networks,2016-11-08,1
4b05ad8a-ce75-4bf8-9d75-1e37d6f24e01,7ac77217-ccc7-4bf3-9fe3-29adfcaef911,+91 7692197638,primary,Swadeshi CommNet Services,2016-04-17,1
748595eb-f5a4-479f-ab06-a7bd8704bd76,7af59a83-c416-4442-9060-f4a577034180,+91 6966464260,primary,Aryavart Mobile Networks,2021-09-26,1
a22c0c86-2f4e-43ac-a771-443f2a52e66f,7b3edf2e-3833-4f2c-a96d-65888fac3ad7,+91 0619635478,primary,Swadeshi CommNet Services,2020-07-30,1
54a07b04-c504-41fe-ab82-344474924cb8,7b52549d-ed07-4e02-8e14-0645be9bb1ab,+91 7680096982,primary,Swadeshi CommNet Services,2022-05-21,1
14f6bb68-db8b-4add-88e2-80eb2cb27032,7b825ae9-8156-43f6-80de-f64ec7ebaadc,+91 5204632577,primary,Pragati Wireless Communications,2023-12-01,1
43d586dd-6d6f-4b9b-9531-6a92280b4e07,7bba6b74-825f-48c0-b55a-c3a91468325e,+91 4987971439,primary,Aryavart Mobile Networks,2017-12-04,1
aa1b168e-f9a2-423e-a058-d55a4044b91c,7d3c7594-2c8b-4e80-b2c0-0f5c9b86ec99,+91 4199552378,primary,Swadeshi CommNet Services,2017-11-02,1
ad7d7d26-5721-441c-a999-a1c3abc9b994,7d6f20e1-961e-46de-8504-3ea2f6d7692a,+91 4283215666,primary,Pragati Wireless Communications,2019-02-28,1
0432039a-3043-496d-af2a-20574ddb2052,7d7a9547-367c-47ec-8c5c-05fb43f36340,+91 8893884314,primary,Pragati Wireless Communications,2020-12-25,1
d8fe0ed7-e1fa-43ee-a3e3-7a7e108221a0,7d7a9547-367c-47ec-8c5c-05fb43f36340,+91 7248079433,secondary,Swadeshi CommNet Services,2022-11-01,1
a31b1f2e-3aa2-4a64-b6ab-0f4bf816da19,7d9588a6-ed36-4e65-a049-b78ff1fed110,+91 2824492483,primary,Pragati Wireless Communications,2022-03-16,1
41bc3b01-2686-4404-abb2-c1e5ac43727c,7d962261-13f4-41e9-ae30-d1c184907186,+91 6207454611,primary,Pragati Wireless Communications,2017-07-08,1
d9d65edc-4fc8-4590-aba0-7b3b0194ebee,7d962261-13f4-41e9-ae30-d1c184907186,+91 6592255224,work,Pragati Wireless Communications,2022-10-21,0
bc666d7f-ec8b-4732-90c8-58fd6264cf54,7d9f96cb-4c17-4959-a040-fb670e93f618,+91 8864654174,primary,Aryavart Mobile Networks,2019-08-21,1
39739e17-f514-47ee-8fea-104372cb4f4f,7ed22d51-e52a-419c-9378-c3e008062e31,+91 2595155193,primary,Pragati Wireless Communications,2020-07-21,1
0371d75d-fd08-45f0-ac84-d49d67a2abf5,7ed3b0c0-5f7f-4da6-a8fb-e0a4925b051d,+91 9275096777,primary,Aryavart Mobile Networks,2023-03-20,1
a02951a7-d1c3-4e98-bb4d-8b5041885a90,7f9bb7cb-192c-4ff8-a423-6f75fdc0eab7,+91 6038835740,primary,Swadeshi CommNet Services,2017-07-07,1
687d09c6-b74d-4b61-a3c4-d2fce2aec20b,7fb4a98d-a109-42d4-9b57-dbd65a0fc22d,+91 4602303100,primary,Aryavart Mobile Networks,2022-07-10,1
9c5f7da9-6110-48d4-8587-d01a81f3362b,804ffd7e-c368-49c4-b85e-d55a04aae4a8,+91 9748083005,primary,Pragati Wireless Communications,2021-04-12,1
0aa83cf7-3d9d-4e47-bfd2-591c232bb16d,8081825f-0e48-4990-a7ed-bf1ddd6c7e0a,+91 1669292895,primary,Aryavart Mobile Networks,2019-08-28,1
f0fea2a3-2496-4722-8961-811332aa88d3,8081c6e4-7b97-4e85-8fcf-93c2cfca8309,+91 3649504874,primary,Vishwa Telelinks Limited,2020-04-06,1
487aaeaf-aa3b-4a8a-88ac-8062a1e9a715,80d1a12f-12b3-4bd3-abd1-b154fc01378c,+91 6285704196,primary,Pragati Wireless Communications,2020-03-28,1
13d13046-7533-41fc-a516-48f85b065277,80d1a12f-12b3-4bd3-abd1-b154fc01378c,+91 8390007138,secondary,Swadeshi CommNet Services,2020-02-15,1
20a9348b-3bd4-46ad-8015-97e59b3b0f7f,80da745f-cc99-4767-9335-74f9ecd36697,+91 6838522524,primary,Aryavart Mobile Networks,2016-11-25,1
98860964-6749-4afd-9b49-aca7440d8a67,80fac8c4-a054-4920-8609-46fb211bc666,+91 5930800240,primary,Pragati Wireless Communications,2017-02-22,1
74e177dc-927f-450f-8335-f87a12b77043,81078dc3-988f-4ce9-a8e6-a019c0f9340c,+91 1460521940,primary,Aryavart Mobile Networks,2020-12-14,1
0765ad73-48dd-4e83-9c44-27d7da8f2fce,81369865-d4b6-4ce3-9529-3524be156216,+91 1762245399,primary,Aryavart Mobile Networks,2023-05-10,1
17399eb4-4d5f-469e-b1c5-f68185209232,816154e5-590a-48a5-abd3-149e1b81576a,+91 3832447316,primary,Swadeshi CommNet Services,2022-01-23,1
3a55ec19-0d1c-4a4f-9d92-f5a5c6146cb8,8168a6dd-e43e-4aa9-a49c-8f2189f923be,+91 9886754201,primary,Pragati Wireless Communications,2018-03-18,1
d340c984-e282-4c12-a077-ca3f15071a19,8171e26b-7d4e-41ed-a931-f0414f85531a,+91 6699595023,primary,Swadeshi CommNet Services,2017-02-16,1
6efce9e8-074d-4f14-98ff-04329f907d4b,818f6e31-6438-457c-aacd-d9b1673a1c33,+91 2762398026,primary,Pragati Wireless Communications,2021-11-30,1
0e96a027-74ea-4ceb-bffa-6f531a8c3450,81d2d5db-5957-4f5f-926a-3bb90c2cfe5c,+91 4784193968,primary,Swadeshi CommNet Services,2017-11-18,1
36c71e37-09ec-4845-a4f6-307f4aab6e33,81d6d00c-25cb-41fe-95f5-b9b2e0a2945f,+91 1999553747,primary,Pragati Wireless Communications,2016-04-15,1
9ac85c04-581f-46f7-b0e9-a7619afecb62,81fef9a3-a9d4-43b7-a0b7-190e8957e8c2,+91 8857143892,primary,Swadeshi CommNet Services,2022-06-23,1
d28f03ff-fddf-44b3-8dc5-14e0912d6bfe,82035ef9-663e-4b3a-860e-9e7b32bd7c4c,+91 2120569980,primary,Aryavart Mobile Networks,2018-04-26,1
c3174660-353d-490d-a997-599d694c4e03,82065349-ff08-4486-89fe-632d2c2fdb48,+91 4976931432,primary,Aryavart Mobile Networks,2022-11-12,1
cc295109-d5de-4229-9433-21306fff9c04,823343ef-211c-4a81-9536-e47ca7353e8d,+91 3257240244,primary,Swadeshi CommNet Services,2020-04-14,1
1b0fa95e-e4c3-4288-98d8-a821c5481ced,825b63c0-8024-4b8e-ad8b-ddd86a46aade,+91 6398429706,primary,Vishwa Telelinks Limited,2016-07-25,1
30633acd-44fd-416d-b01f-3de4f36a2567,82cf393e-99ba-4826-84f4-92e41b8f73fc,+91 0629286959,primary,Vishwa Telelinks Limited,2022-10-10,1
6fb808b8-3e52-4344-9249-8afeb08d0e32,832a7f11-2e9d-4a38-91a7-9df94f288eff,+91 5926685912,primary,Aryavart Mobile Networks,2021-06-06,1
5dc3ec2d-901f-460a-81ad-b7e2ed5f610e,83658ddb-5f16-41a0-bacb-acf75d9f4d10,+91 4214908432,primary,Aryavart Mobile Networks,2017-07-01,1
cbb95813-e372-4b8e-b8c9-f638c5bd818a,836d05d6-7c5e-43f3-96b3-0929d1cf2f56,+91 5323585887,primary,Vishwa Telelinks Limited,2021-11-11,1
dc8d09ce-03b3-4fb1-a71e-19cf7a6ed067,836fb355-2c29-4670-84f7-d2bbc5a3a9f9,+91 9927751472,primary,Vishwa Telelinks Limited,2023-08-07,1
ceed28e1-11a9-4334-8485-9e1543d469df,836fb355-2c29-4670-84f7-d2bbc5a3a9f9,+91 7441331943,work,Aryavart Mobile Networks,2020-10-26,1
62b42d2f-54ca-401f-9ef4-1bccd7b3bb44,83e0458e-c36a-4d91-b9f1-e3312ef15d30,+91 8614618178,primary,Vishwa Telelinks Limited,2017-07-28,1
57ba86c6-325d-4478-8d5f-566a8133399d,84453905-4d46-46bb-8dc5-36c4df23d3dd,+91 9276975597,primary,Aryavart Mobile Networks,2024-01-02,1
3075b5a5-adb9-4ee8-bd25-5b9b609b6690,8550c4b9-49f5-4c2d-a73d-cce2517f8fbd,+91 0316703261,primary,Vishwa Telelinks Limited,2023-09-24,1
389a5386-95bc-44f1-aff5-880b217452fa,85de23ea-794a-4511-8e5b-461cbfd3dd6d,+91 6523235590,primary,Vishwa Telelinks Limited,2016-10-30,1
9e6aaf03-d0f1-4273-948b-9d7a53a29274,866ee0b9-296f-4f1a-a5e4-00facbb2f2f1,+91 1785907216,primary,Vishwa Telelinks Limited,2021-10-17,1
a15c12c6-f231-4cc5-b022-003adee1cd7b,8674dce0-2971-4326-afc6-37a9c0dc4be5,+91 5081058857,primary,Vishwa Telelinks Limited,2017-02-02,1
b70c91a0-0a51-4d93-b7ac-70d4b540d321,8674dce0-2971-4326-afc6-37a9c0dc4be5,+91 4660897176,work,Swadeshi CommNet Services,2022-10-31,1
a0c74406-20c4-4d79-9c8b-803d68810d8b,86f3c9eb-4912-4dd6-af68-1e929bab1262,+91 7723906488,primary,Pragati Wireless Communications,2019-01-05,1
ef12562f-aa8f-4c17-a194-3c00ebdfc57f,8764b24f-ffe4-4fb6-96ca-c0d84cd2e537,+91 0983010854,primary,Aryavart Mobile Networks,2018-08-25,1
2697dc5f-8456-40f0-8448-9cb037824be5,877e4601-9661-482e-a4b7-9164a85e4d3d,+91 0759588723,primary,Pragati Wireless Communications,2022-05-29,1
fa42219f-aa7f-4df5-9c37-1e4418ce7ee0,881a9f8f-2777-41e0-b7d9-fa76c329ab65,+91 7898215548,primary,Vishwa Telelinks Limited,2021-11-07,1
cf2ee5b8-14e7-4c47-bf65-aaeb0ee93dbf,88b49a08-d024-4406-a524-28d30cbe124f,+91 6878307941,primary,Vishwa Telelinks Limited,2022-11-03,1
19b94cd0-a253-41e0-a150-6277564be04e,88b8ce01-e7bf-427e-9595-c5bfcbabe267,+91 9732384645,primary,Pragati Wireless Communications,2021-11-26,1
5d407c84-9c8a-42b7-9cf3-3d42fd0d9d0f,892a42fd-cddc-4e23-9c41-062359b2a611,+91 7744325595,primary,Swadeshi CommNet Services,2016-02-23,1
72115bd2-9735-46d2-8eae-246ac843de88,89465103-50b1-4dbc-bbf5-8a0b88385964,+91 4953725157,primary,Pragati Wireless Communications,2017-03-26,1
b12d52fb-af1f-44dd-9b33-de5940ad26b5,8970fbd6-6aef-45b0-9c43-bcb423be1445,+91 7771565171,primary,Vishwa Telelinks Limited,2024-03-26,1
dbd60305-caf0-4442-999d-0a3472683b5d,89becb17-81b8-459b-ae0b-96b155f34386,+91 9392154915,primary,Swadeshi CommNet Services,2017-04-28,1
50a95526-29b5-4529-a0aa-3dbd353c17c0,8a66e949-f04a-4051-bef1-eb1728025de4,+91 9454104240,primary,Swadeshi CommNet Services,2024-05-27,1
2bd1965c-2f77-4980-94bb-4b628218158d,8a8f094a-665b-42ee-bf78-9ec998b8cf84,+91 6912072909,primary,Vishwa Telelinks Limited,2021-04-24,1
519b8687-fd76-407c-812c-9586aceb85e2,8abe4a9e-edca-411d-8c8e-8a9bde4fcbbf,+91 7362159281,primary,Vishwa Telelinks Limited,2020-05-03,1
ec23360b-4494-4b22-813a-7efd5fbf4324,8abe4a9e-edca-411d-8c8e-8a9bde4fcbbf,+91 2513388165,work,Aryavart Mobile Networks,2025-03-17,1
b62ea9b9-92d2-4dba-9437-d16f09ed0756,8ae14692-e39d-4e45-9064-5c87a0ddb8ee,+91 1718855403,primary,Vishwa Telelinks Limited,2018-05-03,1
d7b39728-9bb6-4170-acdf-1031402df0be,8b757dbf-7f08-45b8-ab5a-9e0756ca323b,+91 9505350339,primary,Swadeshi CommNet Services,2016-02-26,1
2ed903cd-b19a-4016-81e8-2e45efd42c0e,8bc0df36-e3d8-4a4a-8c8e-accca462e3ee,+91 0197316808,primary,Pragati Wireless Communications,2020-02-15,1
70c0fdd0-ac5b-42c9-b18e-253cfc3a5a7e,8bc8a00b-acca-4722-ae5d-3d35bdad668f,+91 8972008550,primary,Aryavart Mobile Networks,2020-02-19,1
cf77a4c7-b1c2-4eba-a362-c64656d448a1,8bc8a00b-acca-4722-ae5d-3d35bdad668f,+91 2571962389,work,Pragati Wireless Communications,2021-08-19,1
c4157768-ae6a-4e6e-ade2-a4ae1ef3aed1,8bf5bca2-0eff-4aa6-8c12-075555eff9be,+91 9750560322,primary,Pragati Wireless Communications,2016-11-09,1
bb67689a-254b-49ab-b0fb-fbb5e70c4e44,8c882969-3001-466c-af7c-b7b2591a2d92,+91 0089493118,primary,Vishwa Telelinks Limited,2024-05-16,1
a0df0abb-d950-4c23-b8b3-9cd410392e44,8cab76dc-2ec9-4d0f-9aca-8e0e66b20e4b,+91 1579011768,primary,Aryavart Mobile Networks,2024-04-28,1
c4c9b584-4d17-4d41-a007-39a9e6a17c7f,8d150b62-500a-4202-94ff-3d2ac3874acf,+91 9960283481,primary,Swadeshi CommNet Services,2021-08-31,1
86a44104-4505-426f-8344-928b369641d9,8e380961-9536-4b53-8459-cfda50a2d762,+91 0771495075,primary,Vishwa Telelinks Limited,2021-01-08,1
28b4667c-494d-4d43-b06a-153af04b859f,8e67f739-b948-4323-87be-fbb43c956d26,+91 1891719698,primary,Swadeshi CommNet Services,2016-09-29,1
d4c670f4-fa24-4b42-a8f1-9304e2285a72,8e7036d8-068e-45e6-85e7-b69f35576102,+91 7863007275,primary,Vishwa Telelinks Limited,2016-11-29,1
401c1467-801b-4b4c-8145-d611d53e39a5,8e9cc757-8e08-430a-8332-8253a7e50e4a,+91 7160669108,primary,Aryavart Mobile Networks,2018-11-08,1
390f220f-a692-49ab-a64b-339dc12ea1ca,8f343577-22f0-439b-a3b7-0e293163e47d,+91 3272939427,primary,Aryavart Mobile Networks,2016-09-06,1
6a7d408d-5c4a-405e-9863-6b4142994923,8f36170a-27bf-4b8e-b9eb-13a11e0a58cf,+91 6576225482,primary,Pragati Wireless Communications,2023-07-17,1
e8fb0571-c0f4-4852-b9ee-73340a01f9bf,8f5207a1-9993-400e-a9a1-c2d24371528e,+91 3912024016,primary,Aryavart Mobile Networks,2021-04-18,1
167e6a44-ed01-44a8-a2ce-9d9ae2ec1541,8f5207a1-9993-400e-a9a1-c2d24371528e,+91 1499169319,work,Aryavart Mobile Networks,2022-02-04,1
d6c319a5-2a3c-4cf1-aa83-981df59efbdd,8f894cdd-94c2-4c60-b0af-002ffeeb7d56,+91 2927728520,primary,Aryavart Mobile Networks,2022-02-14,1
0dacc697-74ca-4a5a-929e-ddfc72cad74b,8fb227ca-b508-4fab-b012-878eb6ec84a7,+91 0360041859,primary,Vishwa Telelinks Limited,2016-08-17,1
ee9e0675-5c43-4439-9d9f-33b4a0f19996,8fd08e64-c063-499c-af5b-51269bcd43f7,+91 6496613292,primary,Swadeshi CommNet Services,2019-05-19,1
c5c43697-0004-416d-8f65-d120061d220e,900a275e-78e3-4da0-92b6-405e6baf54d4,+91 8391439699,primary,Aryavart Mobile Networks,2021-09-03,1
fe889436-d672-44ab-9120-2868aa15005e,90647d39-acf2-4630-ae9b-3e38886b3d7b,+91 7845326110,primary,Vishwa Telelinks Limited,2018-05-04,1
939c0ba8-a602-4ec0-a077-a608482e5b8e,90e91d4a-6d20-43f5-bad9-f9e8f45e9b4b,+91 9460170319,primary,Pragati Wireless Communications,2021-06-29,1
a4e330e6-8a2a-452d-93d3-7f05bb905e34,9119d264-6ce9-426b-8473-79dae3e5d951,+91 1452792873,primary,Pragati Wireless Communications,2020-07-25,1
b0ac0e2d-73ed-428e-b8cf-9636f32a3920,9140c2ff-ada7-4be4-bfc7-25b0945d4bea,+91 6950218989,primary,Pragati Wireless Communications,2022-12-13,1
bc26cf52-9ac5-4673-be14-d8053a2bc1d5,91cd6afb-4617-4190-8d3d-0b5d013a15ca,+91 4999111488,primary,Aryavart Mobile Networks,2019-11-07,1
c25b5fbd-a12c-4e3e-b0c9-a92191a4f2ba,91db5532-1569-4fd6-9b68-ea6d0864625e,+91 4231969645,primary,Pragati Wireless Communications,2020-03-09,1
02c18da9-3d5c-4df3-98d7-604adb4642a7,9205a069-02cf-4ea2-b52e-ccdfca8acc6c,+91 8716047060,primary,Swadeshi CommNet Services,2017-11-30,1
a2aafb90-1866-4320-9db9-cc478fff3630,925087dd-0aef-42ee-ab86-76f6b5571160,+91 5378514138,primary,Vishwa Telelinks Limited,2018-02-07,1
b293ac48-e882-4265-9a9e-521ea897b510,925d4338-d82c-4039-818a-efeac87ba8a7,+91 9599257921,primary,Aryavart Mobile Networks,2018-11-25,1
530b5357-d51e-4be4-b5d2-49013fa93a8a,926b4e17-acbc-4e43-94dc-d944ded67120,+91 1128268854,primary,Swadeshi CommNet Services,2022-04-16,1
1752d43a-0057-448e-9797-5d81014caddb,93e02608-b62a-4037-bd6b-eba77022c2fb,+91 2618770250,primary,Pragati Wireless Communications,2022-12-12,1
fc9a4240-0e9d-4c67-8790-29b58c819a88,94188fcb-b502-4aee-8cc5-2bc99075b9d6,+91 2762753597,primary,Pragati Wireless Communications,2018-08-23,1
4224840e-2779-43d9-97bc-c1c33f286e1f,94516e6d-f485-41a5-894e-e76411f5cfd2,+91 0092985836,primary,Vishwa Telelinks Limited,2022-12-24,1
55553fff-2ce8-4fb7-a8bc-b49ff9e0aea5,94516e6d-f485-41a5-894e-e76411f5cfd2,+91 3178185164,work,Vishwa Telelinks Limited,2020-10-13,1
007b9499-4eaa-4410-8bc0-8a1d0bea5787,94951e27-f598-42f7-a929-d76e9090a1a3,+91 8094177718,primary,Vishwa Telelinks Limited,2016-04-04,1
35bd9479-bcbd-4b5b-84be-f547abf78d03,94af256f-d5fd-4556-854e-8489e90e316e,+91 0858814020,primary,Swadeshi CommNet Services,2018-04-12,1
17bd7b40-c2f3-400d-883e-cc240ff46d52,94d607d7-3492-48ab-a373-f24cb1390211,+91 9621141474,primary,Aryavart Mobile Networks,2018-08-24,1
bd968ee1-3abe-4958-9dfe-f18417c68b85,950a52da-4854-412c-a6bf-4f7e6f93cbb4,+91 4827629322,primary,Pragati Wireless Communications,2023-05-06,1
09995d4b-242e-4e8f-9b40-34952c29e979,9576f189-e8dd-425e-837c-dec57e83ab2b,+91 5255670425,primary,Swadeshi CommNet Services,2024-02-28,1
f9de5528-0629-42e1-92bf-abc2e8c5f3b4,95b21a34-896e-4a99-ab1f-18b495bd8672,+91 0640862887,primary,Swadeshi CommNet Services,2021-05-10,1
a192fa31-b09c-4411-ae89-363a9f9ee1df,95b5b15e-2803-49b7-9e72-e8e8d08bdd0a,+91 6146691709,primary,Aryavart Mobile Networks,2016-01-13,1
f4e31697-faef-48a9-bcff-10f3639a7409,95d0131b-b6e1-4aea-9a27-b55c3d7e1723,+91 5677493569,primary,Swadeshi CommNet Services,2016-11-19,1
7a4abeb4-66d2-4571-aec7-4c22895d4ad2,962061f8-7a5c-4543-b468-5740d2455ac9,+91 5239912891,primary,Aryavart Mobile Networks,2020-08-30,1
d9962128-e04a-49c9-93a2-5bdca2ea9610,962061f8-7a5c-4543-b468-5740d2455ac9,+91 7731518842,work,Aryavart Mobile Networks,2022-12-19,0
c096c6a6-5a76-4013-91a4-9d41784eeeac,96433711-d892-4c53-a812-a0abd49bc5e1,+91 0676233450,primary,Aryavart Mobile Networks,2024-05-18,1
9dbf5a50-4f61-4986-a5d2-c2f31e60dad5,96de2066-e81f-45d7-a4b1-3eee06a078b3,+91 0261089076,primary,Pragati Wireless Communications,2021-09-30,1
77556995-2eb3-41f1-b9ad-b01dee46ede7,972cf4b5-7b82-4e50-9307-1100e89a4b37,+91 7443209830,primary,Swadeshi CommNet Services,2023-01-31,1
6a3c42e2-d5be-44e8-85ac-61afdbb274f3,972cf4b5-7b82-4e50-9307-1100e89a4b37,+91 5523862542,work,Pragati Wireless Communications,2024-02-18,1
a1afad0a-881a-43bb-9b7b-b4251de097c7,973cebb0-1042-4b79-b897-52b8f242fdd0,+91 9980391145,primary,Swadeshi CommNet Services,2018-12-09,1
022b357e-a33e-4dfd-aa8e-594092bbb3ac,9741982e-8ae7-4bc1-a9be-edd46ea29cd4,+91 0044438995,primary,Vishwa Telelinks Limited,2019-08-10,1
09750227-e946-4bc2-9429-0e517da45f42,97a0b647-6be9-4631-a813-31c57e12f6f4,+91 2343143020,primary,Swadeshi CommNet Services,2017-06-04,1
2355fca4-73b1-443d-835b-868981e071e0,97c19247-87ac-486f-ac15-862d7a702684,+91 0869542406,primary,Swadeshi CommNet Services,2019-12-14,1
96b5972a-1446-4baa-a628-2b0a3a92a549,97e7a266-16cc-4dad-adfa-180239b5ab7e,+91 6120068197,primary,Vishwa Telelinks Limited,2019-10-31,1
81478004-bdeb-416f-adf1-5117d4c6b066,97e7a266-16cc-4dad-adfa-180239b5ab7e,+91 7789151429,work,Swadeshi CommNet Services,2023-06-18,1
bc5bc0f6-e351-440b-b143-7187a114552a,97fa6d8f-8f8c-4e66-9600-c13228fb8b6a,+91 2894119201,primary,Vishwa Telelinks Limited,2021-05-04,1
91c412f5-56c1-474d-a851-bf76a3e1eb31,97fa6d8f-8f8c-4e66-9600-c13228fb8b6a,+91 1281270163,work,Swadeshi CommNet Services,2024-04-15,1
bd241f07-d65a-41be-b9a5-ea2893297188,99c46036-7fd4-467c-8426-42200de737d6,+91 9830245076,primary,Vishwa Telelinks Limited,2019-10-24,1
b228943b-af7d-42ee-bc2a-ad91c29c73bb,9a4680dd-40f5-4b82-aa4c-99ee4feb8599,+91 2751061288,primary,Pragati Wireless Communications,2021-11-20,1
f85be935-006d-4f6f-a005-24009c081942,9a8109f2-f379-4bba-8f49-c2a8215f755c,+91 7155123262,primary,Vishwa Telelinks Limited,2022-10-10,1
08febecf-3787-4fbc-bb25-bf063c1fd55f,9a8109f2-f379-4bba-8f49-c2a8215f755c,+91 7514122015,work,Aryavart Mobile Networks,2021-04-02,1
8eeac27b-bf91-4ee4-9644-aa741edab378,9a88128b-a11e-4719-90d9-57dd6d1507f6,+91 8939837972,primary,Aryavart Mobile Networks,2020-02-27,1
ca3ed4d7-3129-4dfe-9fac-5cd0096ea4e6,9aedc370-6cd0-459d-87ce-016e96ea1dca,+91 9957908428,primary,Vishwa Telelinks Limited,2017-11-03,1
99cb1d5e-39f1-4378-af6c-3a0053f235bb,9af5d87a-709a-418a-a8c7-5479eadf4856,+91 8936108899,primary,Swadeshi CommNet Services,2020-08-15,1
1f6040e5-495f-4083-be72-f86912e78ace,9af5d87a-709a-418a-a8c7-5479eadf4856,+91 7291615664,work,Pragati Wireless Communications,2024-12-10,1
9a303205-74aa-4920-a9b9-04849e96acff,9b0bf260-d207-4388-b0e4-09b7d8afbc22,+91 0564947273,primary,Pragati Wireless Communications,2019-03-26,1
6194edd1-564a-4b7b-a887-2b6e597d89e5,9b4e88b4-77b3-4882-8c33-0051f58d3ce4,+91 1940511095,primary,Pragati Wireless Communications,2021-01-08,1
42bf366b-3901-4468-8e76-48cf728814f7,9b4e88b4-77b3-4882-8c33-0051f58d3ce4,+91 9179610126,secondary,Swadeshi CommNet Services,2021-02-04,1
1e6ae5de-85e9-4397-b076-e994ed7214a7,9b7d09ba-06fb-424f-9219-ebb5caabeb7e,+91 7181745260,primary,Vishwa Telelinks Limited,2022-11-13,1
0c3d9e61-8675-4d2a-85ac-993080c564b4,9b8c97f6-e515-44fa-9b93-a3cbf7295baa,+91 4510517163,primary,Pragati Wireless Communications,2016-09-26,1
92ddc9d9-e8cd-4345-acf5-c6c74508a523,9b8c97f6-e515-44fa-9b93-a3cbf7295baa,+91 7211413324,secondary,Aryavart Mobile Networks,2025-01-29,1
fad0fa7a-dd19-42dc-a858-fde185c2c444,9b9968ed-f49c-4780-9212-f09b9ed9dd66,+91 2971726027,primary,Pragati Wireless Communications,2019-11-27,1
afd25263-f6d4-4d26-8d75-d9c2e4921a6c,9bd8bd45-f18b-416d-a9af-403a9142fe23,+91 8799015758,primary,Aryavart Mobile Networks,2023-10-08,1
b23c855f-851d-47e2-a3ee-30402ef2d8ae,9bfb83ac-4338-41a1-b26f-687bdfee0cf9,+91 5839661468,primary,Aryavart Mobile Networks,2018-05-01,1
821327c0-1663-46dc-b022-e517b5b747f5,9c6f80f9-911e-4a04-a029-cb0dc2d490ee,+91 7263105154,primary,Swadeshi CommNet Services,2016-01-19,1
c653bb60-eb55-4a61-8078-991cb3a4a690,9cc249eb-6adb-47e7-8088-f8d519633f9a,+91 2980598212,primary,Pragati Wireless Communications,2024-01-25,1
bdaa7aaa-a067-41cc-bcfd-a9b16cc041a2,9d959c82-2eb6-4168-be1b-ea50a75d69ff,+91 1456192144,primary,Vishwa Telelinks Limited,2020-11-04,1
ce5b397a-cd65-475c-8c34-49ea4497dd02,9dc6df1b-a991-4362-a258-e2819f7650e1,+91 7548025647,primary,Pragati Wireless Communications,2024-01-26,1
af6de2ef-0af7-44a8-ab8f-9882c5ac3b3c,9e06fe90-cc0f-4d29-a333-71db6bb4e93b,+91 6701630437,primary,Pragati Wireless Communications,2022-04-04,1
ec2d8ca7-92c7-4793-af0f-fc395932aa1e,9e122242-a545-409d-9760-69ce5326889c,+91 3558701980,primary,Pragati Wireless Communications,2019-09-11,1
ff371a10-f4df-4344-abfe-a2bbba466cab,9e5d6672-3c18-41cc-85eb-a6f80e562b31,+91 7274708163,primary,Swadeshi CommNet Services,2021-03-09,1
a80e09a7-a810-4b1a-ab4c-8fb00c96393a,9e769a94-ff05-4ddd-b68a-bb6038f253f8,+91 5617211488,primary,Vishwa Telelinks Limited,2021-03-22,1
d31e7ea3-9f01-4a6f-b8c6-3a074684e136,9e91566e-547b-4a3e-bf4f-93b2009cf7a7,+91 2214358288,primary,Aryavart Mobile Networks,2018-03-22,1
78b39422-f90b-4d05-88d5-08a5fdea67ec,9e93689b-011c-49bd-b38e-4270bcbb6dbe,+91 8637182168,primary,Swadeshi CommNet Services,2016-07-11,1
b612732b-6dce-4765-b8c8-48e9e4b5625a,9ecdbdb9-b55e-4e0e-bd9d-ceaafd90bddb,+91 1012145031,primary,Vishwa Telelinks Limited,2020-07-07,1
bf4e5b31-b0cd-4b04-80c1-61be12a7072d,9f318cbd-4f5a-4c2a-910f-f13988bd05c2,+91 9357504904,primary,Vishwa Telelinks Limited,2023-07-28,1
0ff14cd0-89bc-4701-9bb0-b243d143cf95,9f31b990-568f-4027-88d9-dd412317a8d2,+91 0615930683,primary,Swadeshi CommNet Services,2017-05-22,1
b216d03c-2d5a-4d85-9b09-9bf6932357e0,9f31b990-568f-4027-88d9-dd412317a8d2,+91 2996190874,work,Aryavart Mobile Networks,2023-07-31,1
9e1609c4-f373-4f9e-9fa6-671bf69f8f02,9ff72ba4-6320-432d-ac05-d43b2b02279d,+91 6856947880,primary,Aryavart Mobile Networks,2021-02-28,1
b1811f2e-4e8f-4e86-bc22-02767172ce9a,a03b73ff-9a95-4bea-a36a-497f37f39d37,+91 1097168807,primary,Aryavart Mobile Networks,2019-01-10,1
a0162a6a-520e-46fc-b434-a27c55608e27,a06c1b06-916c-4e2a-b081-dc998e9bc1a8,+91 3964278531,primary,Vishwa Telelinks Limited,2020-06-14,1
72938649-f62f-4038-ba4a-07d7b78cec1e,a083d2d1-63c1-40ec-b094-1e9b1c2c67df,+91 1807182424,primary,Pragati Wireless Communications,2019-03-25,1
3a375688-0719-4414-bbca-9865bb3a8bbe,a0b2e389-447f-4946-aaae-96dc8f928def,+91 6297893477,primary,Vishwa Telelinks Limited,2023-05-05,1
ee809e7a-7595-41fd-b615-fb3721144f14,a0cd17ed-a200-49a7-8fbf-3ae6e0a3402a,+91 1797426530,primary,Pragati Wireless Communications,2018-06-23,0
47fff9c5-172a-4933-9db3-3296dda1deb2,a0eec687-e78f-40c8-b68d-013ff0f8149c,+91 1893925219,primary,Swadeshi CommNet Services,2017-08-10,1
961967f5-521a-4e1a-84fa-c23398d368a1,a0fd26b1-ebe8-444f-a370-1f69ceb12d7d,+91 3586938790,primary,Swadeshi CommNet Services,2016-10-19,1
0f32d03c-682d-42b8-9008-92946cceac02,a11e1b94-6df1-4025-a227-175826035578,+91 3773848812,primary,Pragati Wireless Communications,2023-06-21,1
2f17703f-a8b1-49cc-9192-eeb870e2bf16,a182ac02-ce97-42b4-b64b-6459916295bb,+91 9280806628,primary,Aryavart Mobile Networks,2018-12-24,1
ff1ecdc7-b197-44e9-afb8-553ac7f21259,a1986a86-ee18-4b99-bde2-9f10ab7ccd8e,+91 6224562548,primary,Aryavart Mobile Networks,2021-08-19,1
04ddba3e-00d7-495f-bb42-08805a721482,a1986a86-ee18-4b99-bde2-9f10ab7ccd8e,+91 0442001833,secondary,Vishwa Telelinks Limited,2019-08-09,1
8e8db4d8-6656-410b-92ea-5511ec197bf2,a1dd834e-8c7a-4ebe-ad51-17fc6bf2744c,+91 0691720141,primary,Vishwa Telelinks Limited,2017-03-19,1
8906ab43-dc92-41ea-9d20-3f96a657881c,a249f1b5-82e1-4c5b-a594-3a1738f6cd01,+91 4933387064,primary,Swadeshi CommNet Services,2020-02-08,1
7937708d-bf18-4118-bee4-0bbc6ebfc4aa,a255d4b8-bfce-4ea5-a193-2d6faa2f7ea9,+91 0557186595,primary,Vishwa Telelinks Limited,2021-08-05,1
6b676ab5-7cfa-4050-8a71-a0f559b584c8,a30e127a-6a24-462f-a270-525e76f6b9f6,+91 7077890113,primary,Swadeshi CommNet Services,2018-03-24,1
33839064-0ca2-4aec-aaf8-db4a56494bdd,a320ee3a-ba3e-40b3-b0e9-2d9266f355fc,+91 6739386525,primary,Vishwa Telelinks Limited,2020-09-16,1
68a8136a-3355-4d6d-af5f-4e74daac5be7,a340f970-d761-46df-ae50-904a5c84f1df,+91 5519787411,primary,Pragati Wireless Communications,2020-08-01,1
66c64808-be53-42b0-a090-b50430ada547,a3ea767d-af72-417a-985f-a19a89b8725a,+91 1655818360,primary,Swadeshi CommNet Services,2016-04-22,1
76649ecc-d5bc-4b06-b645-a78381ffb979,a415cb19-e850-4cff-805f-519a29d5c8c6,+91 1964327485,primary,Aryavart Mobile Networks,2022-02-26,1
4efd4d94-d14b-40bc-a1f6-56c60ac9b9b7,a4823bd8-b1dc-482b-a4b1-462ed23adf10,+91 9682038674,primary,Swadeshi CommNet Services,2019-11-25,1
efcb0375-9cad-476c-85cc-6e958f5c225f,a497cc0b-8883-41d6-99c6-3b5af50679c2,+91 0964494728,primary,Aryavart Mobile Networks,2022-10-19,1
c77aca08-14ad-49f5-806f-8b1f44d52d79,a4a3d39c-2a6c-45d1-ab3c-c8263a36425a,+91 8424824422,primary,Swadeshi CommNet Services,2019-10-04,1
7e52bf20-26fb-4975-a6d4-0d3c9eee63b4,a4a3d39c-2a6c-45d1-ab3c-c8263a36425a,+91 9603531466,work,Swadeshi CommNet Services,2024-07-02,1
af2c205d-0f6e-4ad8-a8b0-297ca8b8bf92,a4df7d87-34bc-47a4-b7ee-ea24387b8f86,+91 3978164418,primary,Aryavart Mobile Networks,2018-10-04,1
9f9e8e67-e38f-4e63-b341-219a6d8187b9,a4df7d87-34bc-47a4-b7ee-ea24387b8f86,+91 6240358041,secondary,Vishwa Telelinks Limited,2023-10-08,1
2569e65f-6bd3-45bf-947a-56fc6c9edb9c,a5044e96-2226-49e3-ac23-33ab4e89632e,+91 8613084293,primary,Vishwa Telelinks Limited,2018-07-16,1
6fb913be-2508-4878-a186-850523694ed7,a50df95b-b079-48dd-9f42-e7e789fa636a,+91 4808328078,primary,Pragati Wireless Communications,2022-10-02,1
5480ce50-0520-4aee-9676-31ebe8767cdd,a52232f9-b886-4f36-ba3b-36c86b38c255,+91 2241316216,primary,Aryavart Mobile Networks,2023-05-21,1
b05ddc6e-eb20-48c1-ab00-e84ba8bb2ce9,a52232f9-b886-4f36-ba3b-36c86b38c255,+91 7525212697,work,Aryavart Mobile Networks,2023-07-24,1
090becfe-9a9e-4d5b-9f93-3096030943e4,a53fff68-2c1f-4540-a9b7-9187343dc876,+91 2928385111,primary,Vishwa Telelinks Limited,2019-03-08,1
65c4fa58-cd96-4127-ae2d-80fda15dae14,a58cce80-7076-468f-94d2-5d9da15f955b,+91 1896976575,primary,Swadeshi CommNet Services,2023-03-16,1
24c27395-f83b-4aeb-b4c1-03fdaef63eeb,a5ae5e74-58f0-41c4-a661-a7d6740a7ed4,+91 3253469881,primary,Pragati Wireless Communications,2016-07-19,1
63cd8df5-7488-4f0a-b62f-76b0f6b92467,a5ae5e74-58f0-41c4-a661-a7d6740a7ed4,+91 4332546536,work,Vishwa Telelinks Limited,2019-04-05,1
79c0dc3c-5f88-4658-a16c-99d6e63e4e6a,a5bb41e9-6404-4dab-8deb-90cac16ad12f,+91 8836742731,primary,Pragati Wireless Communications,2017-07-25,1
79f4a40a-f91e-4068-95c6-1b16e438fa5b,a5be789e-f728-4c59-a462-1883b471932d,+91 8341928973,primary,Swadeshi CommNet Services,2023-12-23,1
855ea71f-d54e-460f-a333-cf8bdf97b4cf,a607336d-9b99-4117-a56f-57962cd30dfc,+91 6806658145,primary,Pragati Wireless Communications,2022-04-17,1
8db72d90-58fa-416e-996d-b89ae7d7026c,a6a6df1b-5f66-4c8b-b473-5a3ab770f17a,+91 4917956678,primary,Pragati Wireless Communications,2016-08-02,1
f9d97820-8c50-49bb-89ac-6dd238afd9f9,a6bc9d33-a88a-42e5-b1ff-e6f6cff335df,+91 2120287813,primary,Vishwa Telelinks Limited,2024-01-20,1
92b5d42d-a2c3-44c9-ac86-d8a0f7dd86ee,a6e01bb6-e7d3-41a8-8e60-51bb1616d131,+91 7475587369,primary,Vishwa Telelinks Limited,2020-02-26,1
9a4a2355-0105-4e17-90b2-33f799eccf12,a711e9a3-67ca-4ec5-9140-7a792b88a7f3,+91 3873266550,primary,Swadeshi CommNet Services,2019-02-13,1
61432288-89fe-4d31-99d9-20b0a6fae994,a7447f5d-f761-482e-9b77-431ca42cc713,+91 6321161430,primary,Aryavart Mobile Networks,2020-08-06,1
0df87b6b-31f7-4cad-ab26-fd4d6302f7b4,a793e939-08ab-48db-80ae-c1ce525cdf6d,+91 3646236459,primary,Pragati Wireless Communications,2018-02-26,1
5ef050cc-6688-423a-8045-bcd7e712408f,a7a4e3d0-15ec-45e0-a71b-0d600552480e,+91 2094677105,primary,Vishwa Telelinks Limited,2019-02-22,1
27de0f93-4a28-469b-9c01-3e9319ffb895,a7c687f5-f0ea-42ec-bca4-144cdb922960,+91 9124943246,primary,Swadeshi CommNet Services,2018-12-26,1
5bc35ec3-1c66-4f6a-9a30-791c7cbaec10,a808b266-aab5-4467-9312-1ce4a3e3f472,+91 4996867738,primary,Aryavart Mobile Networks,2018-02-03,1
f315390f-9a89-4b3f-9997-c561a8abfa30,a80dfb0e-0159-4ea9-8f7b-4baf7d7a1ea0,+91 6944491737,primary,Swadeshi CommNet Services,2022-03-17,1
0493aa12-17f1-43bd-bdc9-f023d9deef50,a863fe66-6b5f-4161-a08e-b86004e3f38e,+91 2081654454,primary,Pragati Wireless Communications,2018-04-22,1
20aa940b-fed2-433b-8a73-6f359ae6a5c2,a8e20f0c-a0dc-4b0b-8e64-0798129b4048,+91 5542950712,primary,Swadeshi CommNet Services,2018-10-14,1
5e41affe-2899-4bd2-8532-4ad5f22e5d09,a8e20f0c-a0dc-4b0b-8e64-0798129b4048,+91 1724591839,secondary,Aryavart Mobile Networks,2020-10-04,1
3c376897-3aa2-40b0-a9af-62813d5f2494,a8e8d715-c685-4e6e-b7b6-770c44b19fa0,+91 0211309325,primary,Pragati Wireless Communications,2017-05-04,1
b89f8e96-cef4-41fb-aaf2-948bd3ea8830,a92c4c08-4d7f-41bc-b3ba-130b5d776111,+91 0868711524,primary,Vishwa Telelinks Limited,2020-01-08,1
dfcd7e67-f106-4b19-aebe-3af63ef1a0ed,a95727d1-f69f-4a69-b79a-ab2d1a0b3b62,+91 6639935356,primary,Pragati Wireless Communications,2024-03-06,1
39a04f34-8534-4070-a445-84f12d7caa01,a9af8e6a-6122-49ba-92d6-a7fe993d3370,+91 7474539378,primary,Pragati Wireless Communications,2018-11-02,1
780492a2-7742-4f91-bb31-680236133979,a9c21c0f-a8ef-47ad-864c-087fea52c40f,+91 7228458414,primary,Vishwa Telelinks Limited,2017-07-15,0
c17012d8-a970-439e-8ff6-ba2d560d354d,a9ce7ac9-d42d-4e11-8a1b-7c946bb0ffe6,+91 6660507401,primary,Swadeshi CommNet Services,2021-10-10,1
b1d5e866-0d70-4b87-a93e-3b0e70f34cd8,a9ce7ac9-d42d-4e11-8a1b-7c946bb0ffe6,+91 6470202321,work,Aryavart Mobile Networks,2021-11-18,1
38234db7-7a1f-4b78-865c-5c97e785fd5f,a9de9f02-11c2-4c92-8daa-b23b3e87d736,+91 1530967319,primary,Pragati Wireless Communications,2023-08-01,1
6ae02b75-9811-47a5-a9b7-f4b8abbe8734,aa3633ce-4cc8-4523-b090-611e09ceafe9,+91 7029051000,primary,Pragati Wireless Communications,2021-09-12,1
67565efd-17b7-4a7e-a320-80feb54db0c6,aaa7c8a2-3cd8-4ee5-bdc0-254cfc409dff,+91 3235848624,primary,Swadeshi CommNet Services,2020-06-09,1
4229182b-7a6b-4b54-aca2-e8e33bea0b8a,aaa7cbd2-9052-4d14-883d-36f3725edd12,+91 4466497172,primary,Aryavart Mobile Networks,2024-01-27,0
b8faf4b1-d581-4cc2-ae1a-6219de32843d,aab5c2e2-b556-4c00-9b8c-f2c20a703c96,+91 8102950967,primary,Aryavart Mobile Networks,2019-01-19,1
d5dd94db-ec1f-4ecb-a2ab-f84ac8a9f8de,aaceacbf-d61d-4620-ab46-83087aaa29d8,+91 6544040794,primary,Swadeshi CommNet Services,2021-10-12,1
589f53a9-3453-421a-9759-6767a1617081,ab01ecf7-9163-414b-b504-e68fc5259192,+91 6790866269,primary,Aryavart Mobile Networks,2016-04-13,1
c810cd10-6785-4dbe-afcd-19365f7bc740,ab128c37-62b3-4a8d-8c3b-029145f00505,+91 9254296904,primary,Aryavart Mobile Networks,2019-03-23,1
c3e03d54-9fff-4f7b-bc5d-cd46fe9b49fd,ab128c37-62b3-4a8d-8c3b-029145f00505,+91 8079843642,work,Aryavart Mobile Networks,2021-11-23,1
6a76de47-d2de-4eb0-b13a-3e6edd689b93,abad1087-a032-425a-9096-268663fe4a9e,+91 6796717533,primary,Aryavart Mobile Networks,2019-09-27,1
19ef4aad-050c-4abd-87e5-e81c467bad86,abad1087-a032-425a-9096-268663fe4a9e,+91 0617638797,work,Swadeshi CommNet Services,2024-12-30,1
5d6729a8-9091-489f-a9e1-b45a32f5a2a3,abc1eaa7-7c98-4b48-9e64-3b8bad8ac949,+91 8290012177,primary,Pragati Wireless Communications,2020-09-03,1
6a7040f0-6fb3-46a0-a41a-9902de9fe110,abc1eaa7-7c98-4b48-9e64-3b8bad8ac949,+91 9779257254,work,Swadeshi CommNet Services,2021-09-27,1
5c499293-a6d8-4b80-9e2c-7d7c5403b8c5,abc5ab19-c7e7-4c37-9d41-c45340e95ead,+91 6396240231,primary,Aryavart Mobile Networks,2017-03-28,1
23083fec-bd0c-4941-a600-9e13bd1d3ab2,abd41776-523c-4918-9516-5079a3db4a3b,+91 3748221239,primary,Aryavart Mobile Networks,2022-11-24,1
cc1dab26-126c-483c-b070-b67331b03bb9,ac1873db-e2c2-4464-8a87-8fe558f2f8af,+91 5136333224,primary,Aryavart Mobile Networks,2022-12-24,1
99a826c4-bab5-4fa6-acc0-5af8ea792ac2,ac981fbf-5c23-4f68-9de4-18399d8c9fda,+91 3080561219,primary,Swadeshi CommNet Services,2020-05-17,1
b0c52f38-0add-4814-8bd7-654f2e904e08,acd25cbb-36f7-421c-b26e-f6d029411c71,+91 3627940915,primary,Swadeshi CommNet Services,2021-03-05,1
bf5cae05-56e7-451b-8704-5929c28dd17a,ad49bd53-d644-487a-8590-ae1d570c3454,+91 2209086594,primary,Aryavart Mobile Networks,2017-02-27,1
25046e4f-e3ad-4544-8795-57f08cbd9a7e,ad8dfa60-1332-479b-8c85-4620bd0b02c0,+91 9793029058,primary,Pragati Wireless Communications,2022-09-07,1
02301368-b213-497f-bc8f-2135db76e7f0,ad8dfa60-1332-479b-8c85-4620bd0b02c0,+91 2624174126,work,Aryavart Mobile Networks,2024-12-19,1
a5d417c6-0090-4e32-90d1-7adcd5a36f10,ada65a06-148a-4f3c-99ef-056ff86c3382,+91 0540109558,primary,Aryavart Mobile Networks,2019-10-26,1
b6d76dd6-3b9d-4959-90da-6d4325dece62,adcafda7-b4e8-4c35-bf25-fb7e17860d2d,+91 5987141731,primary,Pragati Wireless Communications,2016-04-22,1
7f3d0573-0344-4fe5-b528-d7d0c6e61c8c,adf16393-c7a6-4f42-8b5e-3db642c8a568,+91 9226610308,primary,Pragati Wireless Communications,2021-12-21,1
51bd5fec-4787-4299-b156-928a59b7c812,ae4417d6-a16d-4a5f-b6c5-84f935be6807,+91 8655986850,primary,Aryavart Mobile Networks,2016-07-30,1
a4719a95-4286-43de-ac87-2ba592d0c846,aec12e43-108b-427a-aa5e-9172fc135ca3,+91 7754289752,primary,Vishwa Telelinks Limited,2021-04-01,1
4901a3d3-2cda-4484-a2ee-24c84c0815c6,aee39c3c-0664-4ddf-8059-5d6b8c866488,+91 2748695330,primary,Aryavart Mobile Networks,2024-04-19,1
94f7f594-b6c7-49b4-94a4-507d47decbd6,af6f4a57-5b33-4b88-9395-f4b3c7e035af,+91 9561878322,primary,Vishwa Telelinks Limited,2021-07-07,1
5be7ed3b-8067-4cfc-b717-eb45fd278f21,af7af608-3f36-41a7-88fa-bebf4c210878,+91 6904237438,primary,Vishwa Telelinks Limited,2017-09-28,1
297b5344-fafa-403e-bcc5-ffcec8a1c8d5,af7b264d-5f42-4f03-aaea-0f28942f984f,+91 2364802887,primary,Pragati Wireless Communications,2021-02-28,1
18fe88ca-1ddd-442d-b0c2-6e0fb49536bc,b02b7697-210d-41fa-b47e-669c17cda55e,+91 5866363664,primary,Swadeshi CommNet Services,2018-06-11,1
408dd99d-cf38-4f75-90ee-15a6b17a3d89,b02f1385-c313-4d11-9483-30beaaf05bfb,+91 3282664286,primary,Pragati Wireless Communications,2019-03-13,1
18738fd1-185b-4483-b4f3-5570327e9307,b06e73ec-d0ef-4c22-b601-183f28712bc1,+91 9048163581,primary,Swadeshi CommNet Services,2017-01-07,1
010cfebf-c384-4b86-b462-1fd3d3bee6a9,b0a9f0f9-e017-4c30-a7df-1b9fa32ae419,+91 6055598904,primary,Swadeshi CommNet Services,2021-11-04,1
82052e87-badc-4f76-a9a5-5b6ea1c425c3,b0fb70c1-4e38-4b7e-b853-2fa141291205,+91 5724611079,primary,Aryavart Mobile Networks,2020-01-30,1
b5f0d3da-849c-41c7-9094-1f7789b57e0a,b0fb70c1-4e38-4b7e-b853-2fa141291205,+91 4525690472,work,Vishwa Telelinks Limited,2023-09-17,1
d0fc1036-298d-4fb6-9509-2834a036d708,b130424e-a079-43fc-ae7b-9de36b066ebb,+91 1173052073,primary,Aryavart Mobile Networks,2023-08-29,1
f152e544-eb6c-4c8d-93bb-56756f939873,b15ad228-a32d-473e-bae4-4b97bf0674fc,+91 7790180174,primary,Swadeshi CommNet Services,2016-11-06,1
c1df36e5-5f20-41a9-988f-7ee6ac9236cb,b1613474-f684-4e0e-af19-fa4db221ba98,+91 8731802305,primary,Vishwa Telelinks Limited,2022-05-01,1
b380c377-f3f2-42d8-a6f7-b1e5cd32255e,b161c0fb-0147-4963-a69e-348e783cd87a,+91 7267505131,primary,Pragati Wireless Communications,2019-11-06,1
0c19a130-330e-4717-a433-4bb913a0c94f,b18f2195-fcf3-41ca-8018-a6fdb26f816e,+91 0701141796,primary,Vishwa Telelinks Limited,2016-05-05,1
f6d66b3e-92d5-4846-8734-ad3ab9076434,b1b06975-6784-40a6-b574-73fe1adfdd0d,+91 2401341357,primary,Swadeshi CommNet Services,2023-03-08,1
6b344c26-3894-48f6-97c5-3634a3713c77,b1b779b4-5091-4564-805b-d31ec6cfe9f5,+91 5343353858,primary,Swadeshi CommNet Services,2023-06-09,1
dd6c22ad-2d35-4ac3-8c9e-52860d298e46,b21086e5-e0c7-4581-b389-8d45ce5ed6e9,+91 8898798538,primary,Aryavart Mobile Networks,2020-11-16,1
3a211504-4c70-46ca-bdbb-f288b151b758,b21086e5-e0c7-4581-b389-8d45ce5ed6e9,+91 0648129472,work,Aryavart Mobile Networks,2022-04-29,1
166a5b57-4158-4716-8675-32a79f3577bf,b23b2c87-f81a-415d-ab99-0e23263c43de,+91 9355014238,primary,Swadeshi CommNet Services,2023-10-25,1
530af638-aa85-4f2a-8527-bc1e0c3dc6ed,b24af610-2d8d-4597-b400-5c224281b9ee,+91 8672288335,primary,Aryavart Mobile Networks,2016-09-28,1
4bea2ed7-3db3-443f-aed9-582ed67bf718,b2529da0-eb36-46da-af28-d4fa4be0d1fa,+91 0485477793,primary,Vishwa Telelinks Limited,2020-04-23,1
f31c742c-773f-4850-91ca-51c91807b30b,b27ed7f3-0309-4705-a823-94c19d69f184,+91 2911910998,primary,Pragati Wireless Communications,2019-12-02,1
ae8e9dd7-416c-4b9e-b36e-77ae07a482c4,b2ea8930-4616-4900-af3b-efbcaefd3c7a,+91 0906479200,primary,Aryavart Mobile Networks,2022-01-01,1
fdbd9928-bda6-4cf8-9331-1ce7a8862056,b354d3c3-ca9d-45b6-8bc9-71cc5a10e7b3,+91 6743240353,primary,Aryavart Mobile Networks,2023-09-07,1
1867884a-08c5-4bb8-b6d0-000b72ad7a59,b354d3c3-ca9d-45b6-8bc9-71cc5a10e7b3,+91 1343680015,work,Vishwa Telelinks Limited,2021-02-19,1
945fb87a-d785-4680-9ab3-0f35f770ceb8,b3e2dabb-54e4-4cdb-9c2a-0c35250aa2b5,+91 0565036992,primary,Aryavart Mobile Networks,2017-09-07,1
7365fd15-ece6-45e5-a01c-720f840df187,b3e2dabb-54e4-4cdb-9c2a-0c35250aa2b5,+91 4074817535,secondary,Pragati Wireless Communications,2025-02-06,1
d4574489-afdd-47d0-b000-2f7968b755ac,b405272f-893d-4df1-8b26-7eb055351000,+91 4899626849,primary,Pragati Wireless Communications,2018-04-15,1
3a83d554-cc53-4296-9c97-b8bc08bc00b8,b405272f-893d-4df1-8b26-7eb055351000,+91 6001166867,work,Pragati Wireless Communications,2021-03-16,1
4bddb677-cedc-4691-89d6-5bbaee8bb9a7,b4d9fca8-035d-4f22-a67d-6a7aa337fdff,+91 1741585678,primary,Pragati Wireless Communications,2021-03-07,1
fd5d907f-a99a-48b1-ae1f-9b0ea928820a,b56c9b82-0597-4e04-9c41-1272f478a5d2,+91 6135981293,primary,Vishwa Telelinks Limited,2016-02-27,1
c602cf2e-3712-4224-9b23-7bb15e22309c,b56c9b82-0597-4e04-9c41-1272f478a5d2,+91 2474021632,secondary,Aryavart Mobile Networks,2023-10-22,1
5d705022-8018-42af-b02f-ed9351aecefb,b61a0df4-78dd-48f5-bead-9b82a80aebc0,+91 7917789502,primary,Pragati Wireless Communications,2019-12-13,1
7c87ac0c-49df-4193-b5d2-96c712f91a77,b681e7e8-fb53-41e2-a5e0-137f14ae1cb4,+91 5701810202,primary,Aryavart Mobile Networks,2021-06-16,1
675cecd6-ab94-4713-95b1-c84eecff3e4d,b694101c-eb3f-4ad1-b5b3-7ffe83696247,+91 8024871605,primary,Swadeshi CommNet Services,2022-12-23,1
bb3dc40f-ea48-4d82-a0cf-7279458914a0,b6afdec7-c3df-4244-89ef-b20f7599b04c,+91 4074471381,primary,Aryavart Mobile Networks,2018-02-19,1
663b2e39-51c0-48b9-bfdc-860f843151cd,b7008cf0-f52c-4878-a4ac-b18aa43bef76,+91 3465889791,primary,Vishwa Telelinks Limited,2021-04-27,1
8c574bff-771c-4f2d-a72c-91c34ad056ef,b7cff819-060a-449b-852f-b6fa908f7602,+91 9768031694,primary,Aryavart Mobile Networks,2017-09-28,0
12e89ae4-5526-4f27-85ae-84f960baf2df,b8dc5d1c-515a-40ec-852a-49313495b343,+91 1712747101,primary,Swadeshi CommNet Services,2019-10-16,1
e6367442-82b9-4aa1-a629-b52adb6fc944,b9694041-e93a-409d-b62f-cc9b6907919e,+91 9886407301,primary,Swadeshi CommNet Services,2017-01-27,1
6f09ff73-d144-41fc-ba14-4532116e6e70,b97243d8-5458-4ae9-8928-9a34f805e531,+91 0371063542,primary,Swadeshi CommNet Services,2018-02-13,1
f3875c44-a3b8-4bc9-b421-1d6f3769f2ca,ba0c948a-1521-4f6c-b9cd-fb28b66ce88c,+91 5921247922,primary,Pragati Wireless Communications,2023-12-05,1
db9520bc-2619-470f-baea-eab8190c09b3,ba17b826-5d57-4eaf-9f44-6207f6f5c104,+91 6015160966,primary,Vishwa Telelinks Limited,2017-12-09,1
6c26e444-7cce-4825-850a-99f378239cee,ba5cc659-476a-47fb-82eb-b6c627de48b3,+91 7368707161,primary,Aryavart Mobile Networks,2019-03-15,1
97b8f3c3-a77e-4dc6-9681-9f48014fd907,bae44582-518e-4cc6-8864-9a68de64fa2e,+91 3482005680,primary,Aryavart Mobile Networks,2017-02-10,1
8a0b73a2-c651-4844-99e9-dad814f90916,bb956a47-9cf5-422c-a026-57d32d6cf18e,+91 2160074719,primary,Pragati Wireless Communications,2019-08-29,1
a609865c-3c95-406a-8ecc-4d2d6fe7ca40,bbdbb00f-8603-4c5a-b39f-9d8fa76534a6,+91 7523291312,primary,Aryavart Mobile Networks,2019-04-29,1
1d52aaec-45a0-46bb-9dfc-0d09afd41438,bbe223dd-54f5-4b81-bb1c-a1081fb54155,+91 7063948228,primary,Vishwa Telelinks Limited,2017-07-23,1
ddec664d-1a16-4934-ad89-af7f98fea16e,bc03d0e3-7f88-4208-9567-e03c10bcbd4a,+91 9457846791,primary,Vishwa Telelinks Limited,2021-11-15,1
b6e05749-1653-4243-99d4-0d2bbc77a6e6,bc223b5f-d9bc-4d63-a898-f1dc456051db,+91 3260666457,primary,Vishwa Telelinks Limited,2021-12-08,1
dc798a89-3677-4e37-a90d-a6a344d79ec2,bc53cc23-3113-4b36-91a0-845bb33e8f55,+91 0402794000,primary,Swadeshi CommNet Services,2023-09-30,1
c5f7e7da-5c8d-4636-bed1-568d604c25b8,bc572c42-a45c-4a2f-956f-240a09cdabc2,+91 0924634916,primary,Vishwa Telelinks Limited,2016-07-06,1
8344c1af-6464-4ec1-baf0-86d7691396b5,bc84909a-49d0-4807-a336-6267a3bfcd8e,+91 6165903856,primary,Aryavart Mobile Networks,2023-10-07,1
1e2af1f7-ede6-4077-a6d8-36e95755b4df,bcb2ab90-e44e-4c20-947c-ffcd8a0b3997,+91 0162354697,primary,Aryavart Mobile Networks,2016-11-10,1
c56986c7-087c-4c70-a254-329524d16291,bccb7be1-58f6-40cb-b7e0-61d0ff399354,+91 1820153967,primary,Pragati Wireless Communications,2019-11-22,1
a4c2af61-bbe5-496e-929b-e239644269c7,bd0bce2f-3d10-4367-80e8-0d9d92adb7eb,+91 8200696365,primary,Pragati Wireless Communications,2021-12-18,1
945cb6d4-59b4-44d8-a0a6-391f226ab9ce,bd0bce2f-3d10-4367-80e8-0d9d92adb7eb,+91 0742626412,work,Aryavart Mobile Networks,2020-05-16,1
17008abe-7f61-4a7b-addb-0e0ee310af6a,bd7e8acb-ed1e-49f6-99d8-0fcaf6383dea,+91 2198067978,primary,Aryavart Mobile Networks,2016-03-10,1
a1913c9f-0657-4d22-8f8b-b99eddbd086a,bd8f8771-5183-4e45-bdc2-47769d743b6d,+91 2978793802,primary,Pragati Wireless Communications,2020-11-24,1
33ab6064-689f-49c3-875e-da531fb39676,bd8ffb91-4a85-4375-a354-b703ce6db5df,+91 3343474444,primary,Pragati Wireless Communications,2016-07-03,1
c35c6cd1-0f24-4c26-ba91-d090dca07735,bdc6f998-e61c-4eed-94e0-376163fc1ab6,+91 6702151164,primary,Swadeshi CommNet Services,2016-08-05,1
2708eab0-5e96-495e-9f7a-9b59be188373,bdde0bb8-25c2-4bdb-a621-9e4c72c3390e,+91 8568950620,primary,Pragati Wireless Communications,2018-09-19,1
012dc3a5-2b67-4acc-a8ee-8963873b2439,be0305d1-112c-45b7-a4d9-b115e8316072,+91 0797757504,primary,Swadeshi CommNet Services,2020-04-14,1
16e5d239-04c7-450a-ade8-96f908bbd229,be4a4267-c7c9-4a3e-baac-0d8b884310af,+91 3885033141,primary,Swadeshi CommNet Services,2016-04-03,1
835f02f9-cbe6-459d-a5ca-b23c69f91abd,be6e9734-d7c4-405f-bbb0-06104918e898,+91 8020964004,primary,Swadeshi CommNet Services,2023-03-03,1
bb47b2a2-e5ef-4791-9e5d-390d57630f3f,be8508f1-4cab-4d2d-9bfa-9e2a180f4927,+91 7688148966,primary,Swadeshi CommNet Services,2017-04-21,1
be25e9a6-4d8c-4275-9946-f4aec4de3cbe,bea49cbe-6edb-4979-b1ac-da82e624fe34,+91 6744823100,primary,Swadeshi CommNet Services,2019-08-28,1
fc9ebe86-71c5-470c-8fb2-8469c3cb6e50,beb95eea-1b12-4cf4-86af-5c17c41e6c34,+91 0949976584,primary,Swadeshi CommNet Services,2016-06-10,1
150d8690-9185-4fdf-9340-14fb144d1c7d,bee57f7c-4a33-4cbd-b063-d6c977085918,+91 1854971593,primary,Pragati Wireless Communications,2016-04-21,1
c4c557e4-486a-4e66-805b-b044013818aa,bee57f7c-4a33-4cbd-b063-d6c977085918,+91 0723543940,work,Aryavart Mobile Networks,2021-07-11,1
10c8311b-6685-4a7b-8f86-bd8e2e88027e,bf91005a-2d11-4be2-899c-ebf23c8cf907,+91 9353968147,primary,Vishwa Telelinks Limited,2018-02-12,1
9f5dcea1-8e5e-476e-873d-8cfe5a14e037,bff07c3e-99b6-4e90-b956-a2a3d0d834be,+91 3108048914,primary,Vishwa Telelinks Limited,2020-04-12,1
0a9903f8-0720-4408-b10f-b2c744efb636,c01ed628-489a-4805-9c4f-5a34da05d3f8,+91 8337893626,primary,Pragati Wireless Communications,2020-09-28,1
48e5d127-cb1e-4692-983e-092e72020b61,c0ccc50e-59e2-4ce9-98d3-5b931dd2ae0f,+91 5821302337,primary,Pragati Wireless Communications,2020-03-08,1
99dc0d58-f1bd-48c0-b11d-5f0569f76fd6,c17a2eb9-7725-4658-901f-20508f07291e,+91 4920499111,primary,Pragati Wireless Communications,2018-07-01,1
5156eb6e-d7aa-4f9e-9160-6bcbc79389fc,c1882c3a-d0c4-4557-a273-50459c8281d4,+91 4127345098,primary,Aryavart Mobile Networks,2020-04-20,1
f011b44e-db90-4d5c-b081-355c40164577,c19499fd-d9ad-4d81-9fdc-ff1b207207ca,+91 3607786282,primary,Pragati Wireless Communications,2023-11-04,1
f26a73bc-5ac3-4f05-a694-6ff22932a5b0,c19499fd-d9ad-4d81-9fdc-ff1b207207ca,+91 0483732224,work,Aryavart Mobile Networks,2024-02-12,1
be44362a-3cc8-4165-97d7-0a4ceedcec4c,c1d30be8-ee50-43a5-9786-cad8b0d2fec2,+91 0780060621,primary,Vishwa Telelinks Limited,2022-09-08,1
92996531-aad7-446c-8a5d-2b1680df1d63,c22e9823-2792-4a14-93e2-e195038bf6e0,+91 3626663631,primary,Aryavart Mobile Networks,2016-10-24,1
8398a9af-9111-4bd9-bcb7-86771d790208,c23cbb4a-73f7-4e5c-bd92-26576675c2e2,+91 5187746406,primary,Pragati Wireless Communications,2020-12-07,1
786e6999-d4df-4374-95c7-d7ac06afa090,c27e7bcf-6fa8-4742-b4fc-43211110a189,+91 8012224961,primary,Vishwa Telelinks Limited,2019-04-28,1
026e07e2-2af8-4f43-860e-0797788fe640,c2e906a2-8054-4d36-ae64-498a6d228acd,+91 3208412590,primary,Aryavart Mobile Networks,2018-04-01,1
ba5cf6c7-0737-4a56-90b3-fca13375002b,c30f93fc-7588-4e08-8137-c727286b8da5,+91 6088963701,primary,Vishwa Telelinks Limited,2020-02-28,1
8540d986-f2c6-4c8c-8beb-20c3cd79ccb7,c30f93fc-7588-4e08-8137-c727286b8da5,+91 9194105434,work,Pragati Wireless Communications,2020-12-25,1
e9d8984e-d3c2-4c1d-9305-1694f8d4c6fc,c34466cd-a07d-4875-8c89-0129dcaa6671,+91 7362243335,primary,Pragati Wireless Communications,2018-05-18,1
f6fa369c-5f0b-4f0d-b3e8-56a4907b59f3,c43f25b6-bdab-41df-af25-ba497e89655f,+91 7797908168,primary,Vishwa Telelinks Limited,2023-11-09,1
77f64c16-3d43-408d-a3fd-ce50c418518b,c4469d67-fbd1-4159-9266-09476e95b044,+91 5714664094,primary,Aryavart Mobile Networks,2017-08-09,1
9b614473-81b9-496f-9f9c-9b32ecd2308e,c453596c-6636-48eb-9b21-2a9aab157eab,+91 6791892486,primary,Swadeshi CommNet Services,2019-02-28,1
430fc69d-edbf-4681-901e-4efed562ab31,c45888a0-87c5-4928-bdb0-7387fec57a59,+91 1940728872,primary,Aryavart Mobile Networks,2017-07-11,1
f5fca65b-62c7-4726-b09f-390d1d58c754,c45888a0-87c5-4928-bdb0-7387fec57a59,+91 2753338812,work,Pragati Wireless Communications,2024-07-18,1
11c38be0-0350-4bbb-9924-6bb696689110,c4805910-d6a1-4d0d-ac7a-da90aa8c9984,+91 4686563593,primary,Vishwa Telelinks Limited,2024-04-15,1
4d86d443-fd2a-4e72-ae8f-81da83f866ad,c4e80afb-b1ed-4eea-a3c7-45d925f546fb,+91 7377864725,primary,Pragati Wireless Communications,2018-11-24,1
fb990ea3-c936-47df-9bfd-8f0249ecf115,c4f62b70-61d1-4499-80f7-5a45304209cd,+91 7489102861,primary,Vishwa Telelinks Limited,2020-09-14,1
108dcc34-7b48-46e8-a65a-02346566490d,c529d9ef-2cd1-45c2-9e04-a55827105e21,+91 3241602878,primary,Swadeshi CommNet Services,2016-02-23,1
7d9c5745-38eb-4338-9897-1f6af109cad7,c529d9ef-2cd1-45c2-9e04-a55827105e21,+91 1224969026,secondary,Aryavart Mobile Networks,2023-11-28,1
cf4b3e08-17fc-4857-ba65-cf5a9e0ee0ef,c5e16f2f-973d-40a6-8c8d-3ac71445e741,+91 5581716062,primary,Vishwa Telelinks Limited,2023-01-31,1
b7045f62-c984-4613-a500-f6880cacd0cf,c5e16f2f-973d-40a6-8c8d-3ac71445e741,+91 5149174601,work,Pragati Wireless Communications,2023-01-22,0
026edf9a-1c38-4e50-9735-734111288834,c698a253-26b5-469f-b190-c1ac7b72764a,+91 9577633222,primary,Aryavart Mobile Networks,2016-07-07,1
3eda5dec-a86a-40a7-a388-84b48d5974bb,c6e7d060-0b2e-4f99-9754-7003565b33b9,+91 4787640749,primary,Vishwa Telelinks Limited,2022-09-01,1
31fe81e7-631a-4674-a044-f4869ae16ff8,c83827a6-de1d-4e19-96c3-d88e7b117ea4,+91 8925387055,primary,Vishwa Telelinks Limited,2020-12-06,1
abb964d5-391d-47fa-89db-fa2ec55a690e,c8388749-8792-499f-8d2c-46c54adc4495,+91 1387638144,primary,Vishwa Telelinks Limited,2019-04-16,1
8cd04941-9e62-4f7d-80d1-0429a142505b,c84075c7-278d-44dc-9a08-6a1d2ae63c22,+91 7215254076,primary,Vishwa Telelinks Limited,2022-08-04,1
1e097eb4-1d20-430f-a1bb-40bd85e9b243,c85e0d91-7387-4037-877d-ad65f52e9468,+91 3889369233,primary,Pragati Wireless Communications,2017-05-06,1
1e865cab-6ca5-4bee-9d35-74399167dc47,c8a98e9c-5f25-496f-8f1d-ae5563ccd6bd,+91 2594244549,primary,Pragati Wireless Communications,2016-01-19,1
393d8dbb-841c-455d-8174-3423daa04cfa,c8cb9ae6-8908-4470-83f4-d28bc48bc1bc,+91 3228548059,primary,Aryavart Mobile Networks,2016-06-01,1
ee9c9cd8-e8d3-49bd-aa09-4eda740f8131,c8e62b5b-6b2b-486a-a7a9-e56ec10d8171,+91 9844217321,primary,Swadeshi CommNet Services,2019-02-26,1
c4ef13f6-ad32-44c8-93d2-91eb318141d7,c8e62b5b-6b2b-486a-a7a9-e56ec10d8171,+91 8364517382,work,Vishwa Telelinks Limited,2020-04-24,1
4f3b4d02-dbed-4ddb-a887-93570285746c,c9190ae0-9ff8-4240-b559-64fbc4dc582f,+91 2189281220,primary,Aryavart Mobile Networks,2019-08-21,1
4da9b1c9-c889-4e1a-882e-43c5e53dbe4e,c980f87a-54f3-491d-863f-93b9a4d00882,+91 2044940277,primary,Aryavart Mobile Networks,2021-11-02,1
856d2959-8be4-47e1-ba41-d605077ef2a6,c9af5b97-6a34-4698-9959-3bd8e698d1cf,+91 4294744315,primary,Vishwa Telelinks Limited,2021-07-17,1
6e3da376-cac6-481a-9e1a-665d92c607be,c9fa96c9-d104-434d-98fd-5b31768aee4b,+91 1709978501,primary,Aryavart Mobile Networks,2017-09-23,1
f351762c-581b-4d63-a454-e67a0e9301ab,ca14571e-73bb-4ea3-b5f9-39dbddf8b2b6,+91 5501858213,primary,Pragati Wireless Communications,2024-04-10,1
d99304e4-0024-4b65-b2a9-3a5879565f60,ca5d8203-3763-4283-bd67-6c3f4f69d288,+91 1342399163,primary,Vishwa Telelinks Limited,2023-12-12,1
883c2045-b659-40cb-affe-348af77b0741,ca81d781-f33e-4218-ab1a-0ac17331b3d3,+91 1443088404,primary,Vishwa Telelinks Limited,2018-02-12,1
7bd2d992-7910-4267-8007-1164132804e8,cb1e308b-e18a-493e-afa8-a7f5841f970c,+91 4356972374,primary,Swadeshi CommNet Services,2023-07-24,1
26bb3a17-6e7c-466d-8275-16a651170785,cb433ab6-34f5-420f-a27e-434b33e830ea,+91 2767112907,primary,Vishwa Telelinks Limited,2017-08-22,1
9bd5a9d3-b0a4-45b3-bbc4-cd46489e6da6,cb7a749b-fa92-4836-9041-667db6a80d37,+91 2342758395,primary,Vishwa Telelinks Limited,2019-07-30,1
94189ed3-c41d-40c1-93fb-e098a5863336,cb8afa22-9dcc-4a1f-bff4-ecc5cc58751b,+91 6884525878,primary,Swadeshi CommNet Services,2020-11-19,1
283e8789-9267-49e1-a4dd-749d4d11ae86,cbfaf171-dce6-4569-a432-ce256a1385c8,+91 0579421155,primary,Pragati Wireless Communications,2022-04-09,1
e7e53330-1e5e-4818-966c-2a74959d8905,cbfaf171-dce6-4569-a432-ce256a1385c8,+91 4601747623,work,Pragati Wireless Communications,2020-03-21,1
dc766448-64d9-4775-93f3-b44b9d17bc32,cc1a9eaf-455e-4d5e-bd79-a5b244d64a1f,+91 2956678517,primary,Pragati Wireless Communications,2019-06-23,1
5aa58042-68e6-49fe-9364-4814908c5ccc,cd56c319-1ab9-4f7f-a508-a811475fcdb7,+91 6189396632,primary,Swadeshi CommNet Services,2017-07-21,1
a5cb945d-0850-4e7c-bd50-9d3f0d20b7e4,cd9206f8-f434-4678-89e0-e46d105709b8,+91 1510001588,primary,Vishwa Telelinks Limited,2019-07-19,1
40786490-da30-44d7-a3aa-2ba9caf86cf6,cdaf9c5b-f993-46eb-88fb-56494817caf5,+91 8331758579,primary,Aryavart Mobile Networks,2021-04-01,1
492ad4de-3425-4435-966c-124ab16b74bc,cdd4e8a5-2066-42db-b770-8791cd84a467,+91 7232884474,primary,Swadeshi CommNet Services,2019-03-29,1
d0b94783-c95b-4c01-922d-85e62cdff7ff,ce0b1ef9-8bb3-424b-829a-d2a6b3eea5a9,+91 3214375528,primary,Vishwa Telelinks Limited,2022-10-14,1
7e238919-377e-4101-beda-3e09fa83b36c,ce0f7998-6e71-4f65-a70d-da5916d42ad9,+91 7453700204,primary,Vishwa Telelinks Limited,2019-03-05,1
a27c1003-eac3-4359-bde7-24456f0b2de9,ce37271e-43b4-4208-871f-681683f7114e,+91 2850085149,primary,Swadeshi CommNet Services,2019-03-19,1
77fc3a23-c266-45a9-9856-9161045c4571,ce716c81-4f0d-40c8-8271-14bb24ddba94,+91 0883557209,primary,Pragati Wireless Communications,2024-02-22,1
d74ce51a-d556-4b15-90b8-2a29aec5a58b,ce944e98-e028-4321-bda6-93e3feef6c71,+91 9372677478,primary,Aryavart Mobile Networks,2018-04-17,1
27e559d8-baff-43f3-9c2e-041c03b05e8e,ceae3760-1f46-428a-9f5a-67494e83ad84,+91 8857787127,primary,Pragati Wireless Communications,2022-11-11,1
08426826-2ec4-4cd3-bc55-2ad9de047a04,cf32ee4c-d024-4cb0-ad3d-343fd4281f72,+91 0777083811,primary,Aryavart Mobile Networks,2019-09-27,1
1ce82415-f6ff-44fe-bb07-98d70666300f,cf865f6e-eb7f-4aa2-8d15-965cca44e970,+91 5704477632,primary,Vishwa Telelinks Limited,2022-11-22,1
392bbd57-43a0-4cbe-81de-ef1b7d8dbb15,cf865f6e-eb7f-4aa2-8d15-965cca44e970,+91 9855170638,work,Aryavart Mobile Networks,2019-12-03,1
5f393b85-391d-4d40-915e-8e5c32c4ca3e,cfda4258-bc47-4c3a-86ab-f83d8cf5d706,+91 5984600679,primary,Pragati Wireless Communications,2020-04-27,1
129e1135-90a6-4e20-b31a-e67de9e8a083,d038f78a-ac24-4255-9b01-1d1541ce8012,+91 3697222602,primary,Vishwa Telelinks Limited,2023-04-08,1
bc52d1a9-edad-4ae4-b693-6360a29c440b,d06d2263-8e37-4e7b-8d00-e8d5e0999b11,+91 3205653974,primary,Vishwa Telelinks Limited,2023-10-07,1
6e8480a7-9c23-4258-b491-ae55e755d85f,d08c737d-f512-4019-9979-7ced7a3f2392,+91 8777173340,primary,Vishwa Telelinks Limited,2022-12-27,1
da0078d0-1440-4e73-88ff-c8c6f6976371,d0dfa5ab-bb60-4695-ac8f-6e342e9ff019,+91 5432191052,primary,Aryavart Mobile Networks,2023-04-08,1
74d9863c-a8f2-4198-b031-9782ed80ca9c,d0dfa5ab-bb60-4695-ac8f-6e342e9ff019,+91 6219930457,work,Aryavart Mobile Networks,2022-07-10,1
4ca0bf43-0199-4107-9952-692161e40799,d11fb4fe-9535-477c-9e64-bd42f780aee7,+91 8090513229,primary,Vishwa Telelinks Limited,2022-04-07,1
e00887b9-5319-49d5-b05f-e5a7a9dc1e94,d129c457-7ae1-4869-85c5-bcca98aca9d6,+91 0565021768,primary,Aryavart Mobile Networks,2018-06-08,1
facad3cc-ae82-4a13-b0b8-030ac6059f26,d131ae7c-bda2-4345-955c-d52d07ba9628,+91 8994014864,primary,Aryavart Mobile Networks,2021-02-25,1
4047a6b8-0a18-4b8e-823b-1d38efa4fceb,d13753dd-3346-4b84-ab78-25ec9d98f4ed,+91 7896305636,primary,Pragati Wireless Communications,2019-05-11,1
725dc66d-b500-4840-a749-15418fc222ec,d1c907c9-fb52-4580-839c-d2a01396ca59,+91 6494861055,primary,Pragati Wireless Communications,2019-11-19,1
5b01ea5f-c69d-48a5-a829-2f4c17c9a65f,d1f8d02e-22bd-47c9-af5f-de128d51a78f,+91 4867716299,primary,Swadeshi CommNet Services,2016-11-19,1
e316933c-c31e-414e-9bc6-81e0ff1f60de,d1ffb102-bd9f-4402-83a6-25026d500874,+91 6192232889,primary,Pragati Wireless Communications,2021-04-20,1
569655f9-66a1-4824-86ad-3ae3e87732ca,d24a0454-0ea7-4723-a04e-8a885e6806fd,+91 1615054435,primary,Vishwa Telelinks Limited,2016-10-10,1
3cf3b14b-f0c6-41b4-9094-a29ff8c59ffc,d345fe0e-42c2-4e44-83b2-723320815e68,+91 7486035678,primary,Vishwa Telelinks Limited,2024-02-17,1
68ebceb5-1eea-4d20-b81c-6e8a3dc36639,d36f8888-13c7-4666-88cd-f15ba4ba1d3b,+91 1426829060,primary,Pragati Wireless Communications,2017-05-24,1
07948e96-221c-4545-b304-a864bf4ec8f7,d38b4c7b-07f2-4d42-b1c9-2ce4aa58d814,+91 7972406834,primary,Pragati Wireless Communications,2018-11-10,1
53d08045-db28-45dc-b4e8-921cf11bf5e6,d3dc77bf-eafe-4ae5-8807-a924215509bb,+91 3362024989,primary,Pragati Wireless Communications,2020-02-14,1
c3f58541-2d6c-431f-aa6c-f89d52790b2e,d460b2f9-3aa4-40c7-8a4a-77edadccf897,+91 7372439639,primary,Pragati Wireless Communications,2023-11-20,1
31437d43-b67a-4944-8f05-36be245bd805,d479e58d-abde-45c3-8833-d3842d694137,+91 5374092221,primary,Pragati Wireless Communications,2019-01-27,1
beb96605-795c-44b9-83c8-2a863071c88d,d4b70242-74e7-4c29-a388-f21115d4ae94,+91 0038648897,primary,Vishwa Telelinks Limited,2018-06-06,1
7eae7040-11a6-420f-a99b-548c61939a63,d4bdc227-5886-47f4-ac4a-8e51fe760643,+91 3028760417,primary,Pragati Wireless Communications,2023-03-09,1
80afd7c0-6c61-43ac-87a4-624bbdc40269,d5240b93-2763-4776-8ea0-a46c20cb55cb,+91 9367414345,primary,Aryavart Mobile Networks,2018-10-05,1
104962f9-c052-4197-a6df-a46f034f22a2,d56ff9fc-b5c9-4cad-86b3-1c36796080f5,+91 7060866122,primary,Pragati Wireless Communications,2018-11-17,1
69dd31ae-c622-43a2-a63a-0f2f89a46092,d647bf48-13e7-400e-badb-aec596c14491,+91 0070723450,primary,Pragati Wireless Communications,2017-09-21,1
756a339c-e0b4-4871-baf6-0537d0255123,d652012d-6da4-4652-838b-f92d10caf885,+91 3320984446,primary,Aryavart Mobile Networks,2019-10-31,1
6eccfcce-a519-485e-af72-e30c86a9d086,d6d0eceb-8f01-42d5-a6a6-19431cf2251b,+91 0567186309,primary,Aryavart Mobile Networks,2018-12-18,1
14581a0d-fa9f-4139-ad4f-5e7b1a639bfd,d6f3793a-5b8e-45ed-b2ce-b01f0ceffea3,+91 7068310391,primary,Swadeshi CommNet Services,2016-10-02,1
9158cdb0-cfad-4a6b-9fef-60135b2d7027,d6f3793a-5b8e-45ed-b2ce-b01f0ceffea3,+91 9033951343,work,Pragati Wireless Communications,2022-10-23,0
d819d435-453f-45ac-ba9b-478425d2a94f,d719e8f8-6480-46af-9992-feb3c71c8c5f,+91 7645883267,primary,Pragati Wireless Communications,2022-03-31,1
84ceaeb6-a641-41af-8cc1-c05dc340b866,d809d4bc-614c-43bd-a7b0-d5abe76e36e6,+91 0076806168,primary,Vishwa Telelinks Limited,2017-06-01,1
48fd5015-a5ae-4ca9-8177-35bfcc0c60f4,d81dd9b4-01f6-4b41-a588-11c313a7f603,+91 6907838943,primary,Swadeshi CommNet Services,2022-11-11,1
4737a6db-a8c3-48e2-be37-2aae81e57024,d89d4677-b509-42a7-b8bf-f03bf9012399,+91 4682202773,primary,Pragati Wireless Communications,2016-04-21,1
26a13f7b-5a76-4217-b0e3-05192dba8de9,da22d3e9-8ebe-4152-94ca-c6259d859ad8,+91 3825475556,primary,Vishwa Telelinks Limited,2019-01-22,1
8f6754fd-9721-4d11-a1b3-75f54ca9f0ff,da42248e-bb7b-4a97-9912-fd9aac5842f0,+91 0205364065,primary,Swadeshi CommNet Services,2022-10-14,1
d863228f-df43-4f40-8a2a-3d8da4da1313,dab4dd42-4d7b-4b2f-a4bd-488c1ae33343,+91 5785830744,primary,Swadeshi CommNet Services,2018-03-25,1
717fbdff-804c-4835-8f7f-ea89660522ea,daefd846-d698-49f2-8f42-818bce176bdc,+91 0209370061,primary,Aryavart Mobile Networks,2021-10-12,1
51296653-0744-44f1-8cef-f3f7d12ba3d8,dbc22767-0785-4297-b272-1aa7aa9f3528,+91 2818190418,primary,Vishwa Telelinks Limited,2016-11-14,1
20934ab6-bfff-4e3e-913f-61665b0905f4,dc49f805-8eab-470f-bacd-57345748432f,+91 1596623488,primary,Vishwa Telelinks Limited,2017-06-12,0
99d9d227-9bb6-4473-9940-e489f22873ac,dc8e1559-6099-4865-95e5-9e9953d32d75,+91 6465184681,primary,Vishwa Telelinks Limited,2021-06-22,1
5734f8e3-26be-4842-a94d-3dcf2e13e98f,dc8e1559-6099-4865-95e5-9e9953d32d75,+91 0325761441,work,Vishwa Telelinks Limited,2023-12-24,1
9fecb553-aba8-4c69-a2b1-db5359ba768d,dcb380f4-9879-4bcb-ac59-4ac3e201bf26,+91 2552696135,primary,Vishwa Telelinks Limited,2024-02-25,1
7419e71f-9d1a-45d4-8879-925d9bc2115c,dcb5fa28-849b-4f4c-b099-f2c540a9bdbc,+91 3442311694,primary,Swadeshi CommNet Services,2016-12-31,0
9b5658bc-4618-4722-a45e-74933f6dbdde,dcb5fa28-849b-4f4c-b099-f2c540a9bdbc,+91 1524400315,secondary,Aryavart Mobile Networks,2019-01-05,1
bfbe63eb-1070-4129-842f-b626a94c6623,dcc01f74-9068-4489-adf0-d296d8ee67de,+91 6644859929,primary,Pragati Wireless Communications,2019-10-23,1
12c8e316-bbe7-4ad8-9cda-8688f9bd1c02,dcec1ec7-22d1-4f2e-84c3-77c259c5a64f,+91 0550654334,primary,Aryavart Mobile Networks,2020-01-12,1
ad7c0fc0-07a4-445a-938b-eb8323a97aec,dcec1ec7-22d1-4f2e-84c3-77c259c5a64f,+91 4402427778,work,Aryavart Mobile Networks,2019-03-04,1
b0a33329-0957-4c68-8812-c90681b797aa,dd4f5e05-61d1-41cf-8117-8089f01c9c54,+91 2269815009,primary,Aryavart Mobile Networks,2017-07-08,1
be777e9d-6f02-44ee-ab7e-217bad9e6410,dd5c8670-0842-47f7-81c9-aa2f942d5531,+91 2251203687,primary,Vishwa Telelinks Limited,2017-05-29,1
d096417a-ed89-4b93-99c3-4f01bc1c3313,dd685174-79f5-41c4-aae0-359e85ce3bf4,+91 8699758288,primary,Pragati Wireless Communications,2020-11-24,1
68a6ed04-f272-4141-bb05-9b27400437d5,dd685174-79f5-41c4-aae0-359e85ce3bf4,+91 4355521095,work,Aryavart Mobile Networks,2020-07-05,1
0e7f6667-94ee-4173-b790-7028dfae3f84,ddd0a2c1-7498-46cb-aefe-0864000f394c,+91 3945893714,primary,Aryavart Mobile Networks,2020-10-29,1
e8b64773-20ac-49e3-a78d-3beb7558c8a8,de9374f9-f552-4fea-885f-b2e152b8fd66,+91 4763949995,primary,Aryavart Mobile Networks,2017-07-30,1
e65f8c7e-9e7b-4909-be72-d50545061d39,de9374f9-f552-4fea-885f-b2e152b8fd66,+91 4621353675,work,Swadeshi CommNet Services,2021-09-28,1
cfac2287-b51f-40a6-85c6-4baa75562879,dea7aff2-2903-4051-879d-6aff74a4450b,+91 9362289936,primary,Pragati Wireless Communications,2017-04-10,1
bd819e0c-ed2d-4727-a6bd-7ef9bdc92870,deae4823-68b5-44b6-964e-e48543f0c8e6,+91 8426289811,primary,Aryavart Mobile Networks,2016-02-16,1
37c093d0-291f-42ca-a83d-fab721f6c37c,debded6d-56fd-432d-8a01-c7c6ebb6f138,+91 6030162183,primary,Aryavart Mobile Networks,2023-10-22,0
3ef350cf-f558-4406-b7c3-8876a9c5d612,df08f019-1a45-4556-8724-3339c8bbdda0,+91 5034252974,primary,Swadeshi CommNet Services,2023-09-12,1
410961f6-9d45-48be-9904-0e6e4b3df1ce,df8f9173-d8b6-46df-ad3c-2ebcbba09b2e,+91 0603747267,primary,Pragati Wireless Communications,2018-11-27,1
ca43bf4c-33ec-4b09-82e6-0cc0bcfe2708,dfed3cd5-d037-4835-bf2e-36f5e37ef72a,+91 6245420779,primary,Pragati Wireless Communications,2021-06-26,1
ae7739b0-b7f1-411a-bfbe-809931d9a6e0,e00f17dc-bce4-4dcb-8982-0fa8a8456620,+91 8039988150,primary,Aryavart Mobile Networks,2023-04-23,1
40b4dd24-d2ee-43f0-a062-e568fd0b5275,e01e5ae5-b41b-493a-9fc3-e28de2fe5345,+91 9940865694,primary,Aryavart Mobile Networks,2019-11-17,1
a7dd492a-441e-4d98-afab-0ea419f71130,e033ed9c-276a-4196-aea3-3ad281701a93,+91 1448840889,primary,Aryavart Mobile Networks,2017-04-06,1
91507e6c-e51f-459d-a281-07246bfcad75,e053942e-1959-4939-8542-d169679c7a17,+91 1961505750,primary,Aryavart Mobile Networks,2016-01-22,1
00275c28-f422-49ed-aed1-a124744b1c14,e083e15f-9b47-4fd8-98ab-6971ee549401,+91 9071551262,primary,Aryavart Mobile Networks,2019-06-21,1
f1926c7c-8efc-4345-8be2-67531850f4e3,e099b89d-0741-4ccf-bb64-912da7ff8f29,+91 5047408826,primary,Aryavart Mobile Networks,2024-02-09,1
cfada28e-aa1e-4f6e-b2e7-43565eca3231,e09a94ed-6067-4778-b7ac-c1d10524a523,+91 7445765232,primary,Swadeshi CommNet Services,2017-02-06,1
8058b6eb-61a9-40e0-bec9-1c0e7961d736,e0b2c474-05fc-4a41-99d8-f9d2a4f59b15,+91 1836750981,primary,Vishwa Telelinks Limited,2022-02-07,1
17eed275-0ee1-4008-8e4a-c83476c07452,e1631865-a6e0-42ba-8241-0fb34d3cd2d5,+91 9325036097,primary,Aryavart Mobile Networks,2019-08-27,1
84b7b37d-bb18-45cb-92c3-440c3197979d,e1631865-a6e0-42ba-8241-0fb34d3cd2d5,+91 7735355488,secondary,Vishwa Telelinks Limited,2020-08-06,1
deb8428d-c7df-4551-966f-6855b77358a1,e1a9fc92-0f4f-49d6-9e84-07fcd7de5739,+91 8472141259,primary,Pragati Wireless Communications,2019-01-25,1
3f8110ab-3565-4fd9-a69a-d34218a47dc1,e1beaf71-9083-44d6-bf40-81271b755321,+91 9846045965,primary,Pragati Wireless Communications,2018-07-05,1
3ba50fc7-7bd1-4a42-8734-aa0446e311f0,e228f70b-f4ba-49b3-b3b9-7c2d9105f2cc,+91 8204666008,primary,Swadeshi CommNet Services,2021-11-09,1
b00dcd1f-2c47-4b46-b91e-d2c8bda5cae9,e25c417f-8e46-45a7-b095-90916b77c8d2,+91 1983105799,primary,Vishwa Telelinks Limited,2023-11-03,1
75745e6a-68c5-4c65-8941-d1672bac23f9,e29829bc-7268-4b21-a6c5-c6b2a350bf89,+91 5383148518,primary,Vishwa Telelinks Limited,2024-01-27,1
d9eaffb4-b67a-4f7d-85d6-d421b239f1a0,e2d76151-3686-452b-b77e-22284bd5ee00,+91 0760018765,primary,Swadeshi CommNet Services,2023-05-10,1
614123de-292a-489d-90b3-0fcbb0d66ee1,e3391adb-1634-42ca-9257-1368fbf3fdab,+91 3403671044,primary,Swadeshi CommNet Services,2020-01-27,1
f62752d7-2257-4669-8410-5e712dc51227,e36a9754-ef73-4a25-8ab5-46a5f4044043,+91 7040538557,primary,Vishwa Telelinks Limited,2019-08-02,1
4e126a6e-0746-4089-a379-a5d68dbdcdad,e3777799-64be-43f5-9308-ccb2cafd2ab2,+91 5750703486,primary,Pragati Wireless Communications,2020-10-12,1
1bde313b-3283-406c-a9c1-7a6980971e0e,e3a9b35d-db3b-40d5-9391-cb9ddde691c0,+91 3536171526,primary,Vishwa Telelinks Limited,2023-08-16,1
e3e432b2-61e8-46cf-a527-57013f5becaf,e3bada65-8b55-4a30-85a2-dc6fe9ee3558,+91 5667833398,primary,Aryavart Mobile Networks,2021-12-06,1
fe6e96ed-fdef-43f5-a189-04354ab10a30,e4010384-07c4-4d81-949e-736705cb2d90,+91 2153552375,primary,Pragati Wireless Communications,2021-08-28,1
464c7450-e79d-4822-bac3-2d7f8108ad32,e4508071-65b2-4f09-95d2-71fc5df1b967,+91 1877775182,primary,Pragati Wireless Communications,2016-10-11,1
f671ebca-7c54-4b1a-ab09-5fe16e8a7004,e519fc8a-3b2e-4b65-abe6-bb0356808a54,+91 5768710186,primary,Pragati Wireless Communications,2024-01-14,1
e93d115a-3971-4a5a-9b3a-7c59f8c53551,e5c6872c-a94b-4b96-a0a8-5b20251e6c05,+91 1840437024,primary,Vishwa Telelinks Limited,2017-07-25,1
afb1885f-c38d-4936-92ca-8fa31694b36d,e5d7e647-7769-4d63-9e43-10667b8be6c3,+91 5510133357,primary,Pragati Wireless Communications,2016-10-14,1
6e53f9b7-1918-4b62-b339-f9f76b01e07e,e60e7f71-b98d-4804-88ae-9e14b7878720,+91 1437127074,primary,Pragati Wireless Communications,2022-09-01,1
957dcac7-45de-4609-8987-68447c9d60e9,e65d5b8c-5112-4c21-9377-cf405105346f,+91 4294279559,primary,Pragati Wireless Communications,2023-02-19,1
35c8abfa-6767-4122-8ff9-a4ad81921ee4,e790daca-4fdf-4fe2-8a2d-69f15274c7b4,+91 9623465292,primary,Aryavart Mobile Networks,2021-07-29,1
ca22c544-22ab-4eaf-9f74-7de7fdedb4da,e790daca-4fdf-4fe2-8a2d-69f15274c7b4,+91 5410516007,work,Vishwa Telelinks Limited,2024-10-24,1
cdfd5ba8-ea47-4792-958b-b9bb91c307d2,e7f7b135-9dbd-4ac7-81e3-8c3a8fd42da7,+91 7535616152,primary,Pragati Wireless Communications,2018-08-10,1
ddb761b7-2e3d-4965-a97e-e455b4d9a411,e87757cf-e125-441d-a50b-d22f844cfa63,+91 2225389253,primary,Aryavart Mobile Networks,2018-11-10,1
66d3e3b7-51ca-4c88-8265-c2de51c1a92a,e877940c-30c3-4ae4-a2b5-f9b014064bf3,+91 5814421368,primary,Vishwa Telelinks Limited,2023-08-06,1
d229b0b3-2735-4938-b00b-66f3e123c11e,e89be745-8297-48e4-97d3-281a91d72627,+91 3971097950,primary,Aryavart Mobile Networks,2018-05-08,1
3a2cae2c-b6a6-4930-bd2e-300c792b5057,e8b38c53-06e8-4472-92b1-ba4b33753200,+91 2618422382,primary,Vishwa Telelinks Limited,2021-12-21,1
4e096fce-7a2e-4f43-8b8a-d91c156ff131,e9888f39-cbf1-4770-824b-aa4262afc197,+91 4586551662,primary,Swadeshi CommNet Services,2017-02-09,1
ab64448e-f5e0-4a75-80a5-16de2d47c33d,e9dadbbf-744c-47a3-8a6f-16d89937730c,+91 4245705350,primary,Aryavart Mobile Networks,2024-04-10,1
e0225b49-5f7e-4c19-aac9-055bb2418ccf,e9dbf652-9e91-4691-a262-f5e116ae4de3,+91 1716281050,primary,Swadeshi CommNet Services,2020-07-29,1
51411e74-a5d8-4d86-b9e2-4ff3fbddbee1,ea4550e1-8bef-4ff3-be42-f32ecbec2b0c,+91 4016487721,primary,Swadeshi CommNet Services,2024-05-04,1
4915df88-0ae0-48bc-a6a2-afa6656ce172,ea50060f-e198-4a05-a709-d029bb377831,+91 9167674741,primary,Swadeshi CommNet Services,2023-10-07,1
7b646d3f-ff0a-4a03-866f-874855e0954b,ea5053b5-6ea8-4a50-9d34-3c1b00d569d8,+91 3540602963,primary,Vishwa Telelinks Limited,2018-07-25,1
749d29a2-a457-49f8-9ca2-547417f9c472,ea5f533b-5ef0-4f60-ae0d-7e745db84883,+91 9362414739,primary,Swadeshi CommNet Services,2018-01-02,1
f6ff5f22-62c4-4ed4-b003-a3f7f3036a78,ea675771-73dc-451e-9807-2c15df7a67e7,+91 3436851060,primary,Swadeshi CommNet Services,2018-06-27,1
1263cf19-6dfd-432d-947e-894431f4dfd2,ea862a2e-c6f9-4145-a0be-80792bd28d47,+91 6787350306,primary,Pragati Wireless Communications,2022-07-13,1
b5b331df-b728-40c5-8e38-d02954b53cb5,ead4a103-d11b-4f80-bf0f-c4f293fe518a,+91 5543051916,primary,Pragati Wireless Communications,2021-07-14,1
4dd4f504-6821-4341-97f3-5365d2c2d49b,ead4a103-d11b-4f80-bf0f-c4f293fe518a,+91 9540270831,work,Pragati Wireless Communications,2019-07-13,1
b914ca49-53ae-4dc0-a337-50fa9a736893,ec4e0bf5-4e90-487e-8aef-6b6637489f86,+91 6938017653,primary,Vishwa Telelinks Limited,2020-01-21,1
0a03fb86-276b-4a3c-a653-f60269a86e17,ec7dbb73-57e6-4994-b459-b1aa27f2da75,+91 3657570537,primary,Pragati Wireless Communications,2017-08-19,1
54bd6453-b303-46d6-ba34-86071146041e,ecf8560d-074d-4616-bfe1-5ab4cab60fdc,+91 7758253115,primary,Vishwa Telelinks Limited,2024-03-04,1
8a31c762-38a0-4f6e-9485-6f913eb8df50,ed2fa728-cf2c-45cd-aed1-dcbc934ef633,+91 2338526863,primary,Vishwa Telelinks Limited,2020-12-30,1
8f77d014-74d4-4139-890d-bad6c1b7291a,ed2fa728-cf2c-45cd-aed1-dcbc934ef633,+91 3408022722,work,Swadeshi CommNet Services,2023-06-18,1
a31a22ba-9113-4f04-9270-4e77da25388b,ed7911e6-3465-4f1d-b781-e1f0f3b04c18,+91 5096769839,primary,Vishwa Telelinks Limited,2019-10-11,1
bffb1ded-f8e8-4235-91ca-abbbab31f7b7,ee3228c7-411e-409d-ac4a-86e968696940,+91 5074129402,primary,Swadeshi CommNet Services,2020-08-29,1
4d831416-52e5-4280-9029-bfb463de8dd8,ee3228c7-411e-409d-ac4a-86e968696940,+91 5452201174,work,Vishwa Telelinks Limited,2020-12-04,1
40f7fbfa-3bc0-41c8-a969-28e7bd351782,ee367ab8-0b32-4840-a9ef-89b096d85127,+91 6954416354,primary,Aryavart Mobile Networks,2019-08-31,1
d3be24b6-3f91-4a65-97ab-67312489af75,ee9f26ed-c3e0-429e-adb6-1f32bb1bb4df,+91 5264713127,primary,Aryavart Mobile Networks,2019-02-18,1
e177d430-40be-4ede-a2ce-b6247cded93c,ee9f26ed-c3e0-429e-adb6-1f32bb1bb4df,+91 5389778595,work,Swadeshi CommNet Services,2022-07-02,1
5f87e87e-32d9-4ba4-b579-990074bee485,eea666fb-5087-4272-ad58-2be04273e478,+91 2751061006,primary,Aryavart Mobile Networks,2017-04-22,1
90d6f165-79d1-4f52-8ae6-1d64223374e1,ef191e70-a249-4c58-8a2b-2cde71885056,+91 1178591590,primary,Aryavart Mobile Networks,2018-10-20,1
14933002-d0d2-4189-a42a-95b0310f0b19,f0b9c854-5c74-4e1d-9a3e-d98aad2eb796,+91 1208728411,primary,Vishwa Telelinks Limited,2019-07-01,1
61d8eec4-c2a5-43d2-b12f-a0ce540eb804,f0bcd42b-d612-4875-bcb6-e10a30a4d836,+91 9087008156,primary,Aryavart Mobile Networks,2016-05-22,1
3c82844d-699b-46c3-8438-51e596248160,f1963d7c-f4dd-4c7c-bdfc-61f7cc4fc59c,+91 0938995694,primary,Pragati Wireless Communications,2017-05-26,1
ee2f1e45-9ee2-4cb8-a2a4-114c2b003f2a,f1a8d7c2-5601-4f24-9a1e-a4602b9fc452,+91 8552056031,primary,Aryavart Mobile Networks,2022-01-21,1
9aae250f-da3f-4dac-912f-a704f5b0320b,f1c254f8-6d94-4a8b-ad09-cbf23ec26df1,+91 5100879241,primary,Aryavart Mobile Networks,2016-12-14,0
5d2fcb84-903c-4252-8dcf-d5cd522dde70,f1c3e1a5-ac4e-47d2-a4b3-4137b1e4711f,+91 8138575024,primary,Pragati Wireless Communications,2022-07-25,1
ce575f0f-e843-49fb-bf97-fe7daadf72c0,f2115e40-063f-47d4-b56c-82c06cb911ef,+91 3655016525,primary,Pragati Wireless Communications,2019-09-29,1
ed1e1fe0-ce89-478f-ad88-648ad64b9869,f2169a2d-7826-4230-b322-911bda1e8f1e,+91 9951981145,primary,Aryavart Mobile Networks,2020-04-06,1
8423f517-360b-4000-94d0-ff73633a3ee9,f227f6b2-166f-413b-8e2a-82ff5d243d54,+91 6335970745,primary,Pragati Wireless Communications,2018-11-21,1
357caa4c-31f2-4cd5-bed2-666de2a03547,f2695f78-c3b4-4285-937d-14c51fe2ecc0,+91 4146166895,primary,Vishwa Telelinks Limited,2016-11-07,1
bb2cb1bd-e37e-4f69-a56e-f03c2e3e0069,f2896a26-de93-4c37-b6d2-18eddc10de9a,+91 7562586562,primary,Aryavart Mobile Networks,2017-04-10,1
1cefc6dd-ecd2-4eff-839e-cc7beb038085,f2896a26-de93-4c37-b6d2-18eddc10de9a,+91 1286704341,work,Aryavart Mobile Networks,2025-01-05,1
78fbcef4-27b3-46e9-ae91-49fc31246483,f29f2bb9-bc41-4751-856b-64748d5f640a,+91 1730786515,primary,Pragati Wireless Communications,2022-07-29,1
7e0e75ac-e91d-480c-92d0-72a1377bc563,f32895d6-bf17-40c9-b004-efe5bcb1e58b,+91 2484630679,primary,Aryavart Mobile Networks,2021-03-10,1
0a767c20-0d18-4c25-8a42-202bfdfb6349,f3c570fb-107c-4277-b0bd-17ecf963f4cf,+91 5674601970,primary,Pragati Wireless Communications,2016-10-12,1
09052b1b-5bcf-4b92-b171-cdc3f8ba8998,f3cb50b6-edbb-44e2-987c-13cf7b2b22ef,+91 7661357515,primary,Pragati Wireless Communications,2023-06-17,1
cddde6ee-7fb9-4a8a-b76e-c755336a0fac,f3d2335d-16c2-4a88-9fee-f8f8a012a33a,+91 7894334471,primary,Pragati Wireless Communications,2018-10-15,1
8513c94b-06a4-4773-9d0a-6c52bfb10192,f4061799-830f-4ecf-a262-8c8fb411409d,+91 3724175758,primary,Vishwa Telelinks Limited,2020-11-03,1
ac3aa20e-66e4-459a-83eb-32fa764b4712,f41f457b-1975-41bc-97f0-d83efefcce31,+91 0001440337,primary,Swadeshi CommNet Services,2017-03-21,1
ad3f6f1c-53ee-4e46-8c61-f32f551cb718,f4c2cbd3-ce94-4cba-a2c7-c87b4afc0fd0,+91 1353057286,primary,Vishwa Telelinks Limited,2017-08-15,1
17c9c8d1-cf01-48f4-8bcf-cc665be53df6,f4c98c6e-0735-4f28-82ca-5c5eb9516504,+91 5761618675,primary,Pragati Wireless Communications,2022-05-10,1
19605473-e02f-4450-a399-cec4e88f15b3,f4f2fbf2-54c4-4f86-ba7f-90cbb66f6c7b,+91 3309194194,primary,Pragati Wireless Communications,2020-02-01,1
bc03667b-1256-478d-b835-731d5bc64849,f5172255-7e16-4f6c-a655-1b48ab1bc661,+91 1840553773,primary,Vishwa Telelinks Limited,2019-07-30,1
646df06b-5417-4728-80b7-73042ba32419,f5269fb6-a687-4a46-b14a-395d3d76d88e,+91 1325773151,primary,Vishwa Telelinks Limited,2019-12-07,1
c5510d05-ef15-4410-af65-6f461bf4cd5b,f5ba6c00-e9d8-4fc9-94cf-422aa76e8592,+91 5747295431,primary,Vishwa Telelinks Limited,2022-09-17,1
b03751d4-fbfb-4818-8ea5-b650b2993a7e,f5ccfff3-9b4a-4b30-95e5-a33fd35ae728,+91 0367718972,primary,Swadeshi CommNet Services,2021-03-14,1
2659d0b3-15e3-4b2e-8ab0-dd4a992e7b7e,f5e98cfc-0637-4ac1-b4b7-7865fb87f581,+91 0242066717,primary,Pragati Wireless Communications,2021-02-01,1
5802444f-722a-476c-90aa-fe22b14b6f13,f5e98cfc-0637-4ac1-b4b7-7865fb87f581,+91 7804946934,work,Swadeshi CommNet Services,2024-10-31,1
a055cfc7-4fdd-4845-86f4-e8e4812d1dad,f6148609-5bc6-4d6f-8433-6f6852dd892c,+91 9483558935,primary,Aryavart Mobile Networks,2019-05-26,1
9b396d16-6467-4b62-9db9-a0ef40f48db4,f6a345fd-f373-45ae-897b-3a5e448f0a10,+91 0518372517,primary,Vishwa Telelinks Limited,2016-07-28,1
c415944e-ab01-4b22-a3a7-f59cc0d66f96,f71fa1e6-87cf-4997-9bc1-79e082224e7f,+91 4654714271,primary,Pragati Wireless Communications,2018-06-02,1
9385c6d3-ad13-4d02-b2f8-5116fdde1b1d,f7baa479-4b50-4bc4-b605-993f40b1ec07,+91 3602331079,primary,Swadeshi CommNet Services,2023-07-27,1
ed52abc3-bf8c-4d9c-b3e9-31de3e1ea493,f7baa479-4b50-4bc4-b605-993f40b1ec07,+91 3102746995,work,Vishwa Telelinks Limited,2024-08-24,1
0b2ce073-52ac-4831-8459-1d11e3229743,f838506b-3505-4556-8b85-9a857869ed03,+91 0829537048,primary,Aryavart Mobile Networks,2021-06-29,1
6577dfa5-d409-4582-9ff7-00f2515107e8,f847626c-a1c8-45d6-8bc4-a9a0f2fa2b66,+91 8244296861,primary,Swadeshi CommNet Services,2022-10-11,1
2899e0e6-7f74-4992-a1c6-758a077e7d41,f8bdf84c-3962-4029-8e72-77dcf524ef77,+91 3866498161,primary,Aryavart Mobile Networks,2018-10-15,1
b177c47c-e87f-452b-9046-af77dabf7d8e,f9082f71-b52c-4e51-b39a-abd8b62427ca,+91 2819003881,primary,Aryavart Mobile Networks,2019-05-16,0
2d6f40eb-882e-4da8-ac8f-1f7670aeec37,f9cf81a8-e4b0-4069-b03f-fb3a69f37306,+91 8627634559,primary,Pragati Wireless Communications,2017-10-15,1
b0162dac-7ad9-48a4-99a6-c65b796e907c,f9fb179d-4f08-4110-b38b-4dc16749cd59,+91 8780417055,primary,Pragati Wireless Communications,2022-12-17,1
e99ff347-57ff-44e6-9c13-0bb7abd724f6,fa00070c-1deb-4b17-9387-7bd434ff75af,+91 6133923000,primary,Aryavart Mobile Networks,2016-09-23,1
3f2e56bf-a028-496a-bff1-3742e4ef7e1f,fa00070c-1deb-4b17-9387-7bd434ff75af,+91 7934852257,secondary,Swadeshi CommNet Services,2025-02-10,1
b8f0f7d1-d3c1-403b-983b-1da46d732e2d,fadc20a4-a5ff-4ca0-a3e7-8c5cb974aefb,+91 1054979145,primary,Pragati Wireless Communications,2024-05-21,1
5667ec66-a6c5-4cb3-b532-e6f159351d94,fae9c748-d675-4368-bd10-d0e9f1845f36,+91 1957438431,primary,Pragati Wireless Communications,2019-12-27,1
c70aeeed-acdc-44d4-9883-ec2f8e501ddc,fae9c748-d675-4368-bd10-d0e9f1845f36,+91 7884172354,work,Pragati Wireless Communications,2022-11-12,0
c065f9b1-8e6a-4121-a5fe-faa8d6b3830f,fb2ddcd8-b6d6-480b-a586-c11f057f2ac8,+91 1984959363,primary,Vishwa Telelinks Limited,2019-03-29,1
8227b90f-2f03-4f71-812c-fe8f7093ef32,fb3911ba-8769-45a5-ad03-55563c7de121,+91 9549887881,primary,Vishwa Telelinks Limited,2018-03-30,1
61dfd3b5-2a9c-4b4d-8e98-91995da70d0d,fbdb7c44-cd81-4e38-a5df-bc688cdf7ac2,+91 2521212407,primary,Aryavart Mobile Networks,2024-05-10,1
1e54a8af-8bb1-4b39-acf7-1f1304be52e0,fc229bfb-d5f2-489c-8d2a-a62decd6913c,+91 3966871413,primary,Vishwa Telelinks Limited,2023-12-22,1
604eca19-ddcc-4574-8e92-5a21a47ca321,fc2ffc05-29cf-4be2-ab8c-dcfe4f85038e,+91 5954852854,primary,Vishwa Telelinks Limited,2017-06-09,1
90bd0754-2970-46a7-9e8a-54ac95321bb1,fc6bab47-ed84-4a99-98d8-2bcb5b3f8374,+91 6904867630,primary,Vishwa Telelinks Limited,2016-11-21,1
88b83cc9-f00e-4af1-b453-712335677e2b,fd5a7700-0a57-4692-96f4-86d7a9d3db87,+91 3543672740,primary,Swadeshi CommNet Services,2018-08-29,0
815f433b-2536-4751-a415-ee81204ba81d,fd95c0e5-c820-436b-9ac4-99d99d7cd0a7,+91 9901242406,primary,Vishwa Telelinks Limited,2020-04-03,1
36b23f7b-aed0-4797-9aea-8afc40c725da,fd989a10-f458-4c0b-b4de-8816b6ffefdc,+91 5591484323,primary,Aryavart Mobile Networks,2023-03-29,1
531fb9c9-85f3-4c88-89fa-678a79212816,fda48128-2192-4b25-b3ea-16e344d9bf64,+91 4972273449,primary,Pragati Wireless Communications,2022-04-20,1
70d2bff9-7890-4bf4-9406-92f09f4387f5,fdf74b33-ac83-405d-b15c-5fda48745b98,+91 4034036232,primary,Vishwa Telelinks Limited,2019-06-14,1
0fe2bcfc-8fe7-46e0-9ce6-43fdd9e74939,fe019cc4-ad27-4a9e-8ce5-6f24d484e798,+91 6798209215,primary,Aryavart Mobile Networks,2020-07-17,1
ed18b746-312f-409f-aa35-7eaef1a51295,fe019cc4-ad27-4a9e-8ce5-6f24d484e798,+91 6167600924,work,Vishwa Telelinks Limited,2021-06-13,1
f943b74b-c0ac-4a92-bfbf-af67a4e89074,fe0a1f87-8a54-42f8-a50e-e5c789c1efa2,+91 7962266399,primary,Vishwa Telelinks Limited,2016-09-20,1
f4e0bde4-89b3-4aa5-a3bb-0208e383805a,fe175958-608d-4fbd-bf7a-2ad33064108c,+91 3622894696,primary,Vishwa Telelinks Limited,2016-05-26,0
d245944c-ce7e-4312-883d-f88ee90223cd,fe175958-608d-4fbd-bf7a-2ad33064108c,+91 4828426256,work,Vishwa Telelinks Limited,2021-03-10,1
f85d6b9c-2bbc-4e43-80cc-79d78b1583b7,fe20282c-04fe-43f8-9caf-228fa637943a,+91 5462745465,primary,Vishwa Telelinks Limited,2019-01-31,1
8437208c-3f0b-4cfd-aab1-b8d584340ac6,fe23bf1a-8c7f-4ce5-bf1d-7b53804dd17d,+91 8618828665,primary,Aryavart Mobile Networks,2019-07-13,1
8580c874-1172-4444-b775-5ecfebc7dcf8,fe23bf1a-8c7f-4ce5-bf1d-7b53804dd17d,+91 7648497614,secondary,Aryavart Mobile Networks,2019-08-27,1
e8756109-1d89-454a-b827-d46d81b0ad7c,fe56cd72-0ab6-4f4f-a1bc-459955f68bc3,+91 5665066216,primary,Pragati Wireless Communications,2024-04-14,1
40f5692c-aefd-4d6e-9371-ae1567be2d88,fe931aa5-1a5c-4359-ae2b-b2d6f4914767,+91 0076331128,primary,Swadeshi CommNet Services,2016-04-25,0
01c93e2c-9e20-4120-b797-868268182f34,feca4f5c-c32a-4157-8300-3e7af6681044,+91 2648957336,primary,Swadeshi CommNet Services,2023-05-29,1
df82844a-fe55-4188-8dd0-7c95cca46466,fecebe3d-821d-4461-8f73-50f40303c96c,+91 7667036120,primary,Swadeshi CommNet Services,2017-01-09,1
3d6da50f-ef30-401f-8e79-d59a1372f51e,fecebe3d-821d-4461-8f73-50f40303c96c,+91 3922153351,secondary,Swadeshi CommNet Services,2020-06-18,0
87dd6bef-33d2-48d4-9c33-d61f480dbcd4,ff4518c5-e310-4762-be13-f02796a2f94b,+91 4492945805,primary,Vishwa Telelinks Limited,2021-02-27,1
dfd0d75e-4eca-4272-8993-5dcde7c8679e,ffb11dae-2aff-4e98-8384-6b2169e79785,+91 4024479794,primary,Swadeshi CommNet Services,2023-10-13,1
d12199fe-dcd0-4bfe-8f62-fab131b07428,ffbfe67c-24fc-436d-a893-47bc3ed86707,+91 2273782550,primary,Vishwa Telelinks Limited,2024-03-25,1
94c52ede-ddb0-4927-a786-83fb415e0fbc,ffbfe67c-24fc-436d-a893-47bc3ed86707,+91 0254281530,work,Vishwa Telelinks Limited,2021-02-22,1
ac0ca017-5a3f-46c1-a3f9-df03507bf650,ffc518cd-9ef1-420a-a8b8-4036843332cb,+91 4795809741,primary,Pragati Wireless Communications,2016-12-20,1
928c436b-7cf5-42a0-a7da-1594bb862594,ffcb4fbd-e697-46ce-93fe-1e8ab330c056,+91 3526630506,primary,Aryavart Mobile Networks,2019-10-12,1
ef97c687-34cc-4fb1-a919-56ebe6270689,ffed9e70-f0a4-4834-8f50-4bc97419656a,+91 7560829763,primary,Pragati Wireless Communications,2024-05-20,1
