social_account_id,person_id,platform,username,display_name,created_date,follower_count,is_verified
fa381d89-708d-42bb-a510-21e2105df5f4,aec12e43-108b-427a-aa5e-9172fc135ca3,WhatsApp,naman.mittal,Naman Mittal,2022-03-15,,0
07b70d2e-567f-4470-8efd-ddd401116bea,a6a6df1b-5f66-4c8b-b473-5a3ab770f17a,Facebook,vishal.desai,Vishal Desai,2015-11-16,178,0
4992a8d8-2d46-4bc0-a2ad-5b1b3215d245,a6a6df1b-5f66-4c8b-b473-5a3ab770f17a,WhatsApp,vishal_desai346,Vishal Desai,2019-09-17,,0
ba0fdb79-2fc6-406e-8b19-ec570207a297,53240630-41a5-484a-b367-e3c8ea343e4c,WhatsApp,PrinceRider59,PrinceRider59,2017-11-23,,0
a081f6f9-5f51-4598-95cc-6a6a3b3d96c2,53240630-41a5-484a-b367-e3c8ea343e4c,Facebook,dhruv_basu,Dhruv Basu,2016-07-16,594,0
738f6ae8-b9b0-45f0-a454-e16053b15013,565e485b-93b0-4779-8562-889a76de5c1d,Facebook,DesertTiger263,DesertTiger263,2021-04-15,58,0
95051f04-98c8-46b4-9b7d-cd93b5f7ab3d,ad49bd53-d644-487a-8590-ae1d570c3454,Telegram,sandeep_raghavan696,Sandeep Raghavan,2020-08-13,,0
9e904273-fda9-4d8a-807d-8d785bc313c6,7a8dcb3d-2353-4f1c-8481-583a228493ce,WhatsApp,RealHunter,RealHunter,2021-04-20,,0
2f1ada47-effa-4520-84f1-c1a51445da4c,7a8dcb3d-2353-4f1c-8481-583a228493ce,Twitter,SilentBaba406,SilentBaba406,2021-04-03,327,0
85941041-18bc-4db6-b861-c7aaee42bfc5,bb92ad30-66e1-4be1-b2ff-cf53d52b6c13,Facebook,jagdish.chaturvedi523,Jagdish Chaturvedi,2019-10-24,909,0
897854e8-a5b3-4586-8d1d-21a305ccfdfd,bb92ad30-66e1-4be1-b2ff-cf53d52b6c13,Telegram,SultanWarrior,SultanWarrior,2020-03-11,,0
c93f7761-8c8f-449e-a862-71a8fdbdbe6f,73afdf7b-f403-4f68-a828-79d245d66657,Twitter,RisingChief,RisingChief,2019-09-07,705,0
cd552be6-77dc-4c9e-8551-d691a55eca1b,73afdf7b-f403-4f68-a828-79d245d66657,WhatsApp,aditya.jain727,Aditya Jain,2020-01-09,,0
b5a951b7-fe86-4b83-bf53-7419059157fa,3c9c5911-b0c5-46cd-8e9f-f136e566c0be,Telegram,rajiv_kamble,Rajiv Kamble,2015-02-02,,0
b45596e0-dfd9-4495-8ce7-f8ca13f539d2,3c9c5911-b0c5-46cd-8e9f-f136e566c0be,Twitter,LoneSir992,LoneSir992,2019-10-02,400,0
8d211121-5e8e-4cd0-a9f5-8570edb8a001,e8b38c53-06e8-4472-92b1-ba4b33753200,Twitter,abhijeet_bhatia567,Abhijeet Bhatia,2023-02-03,577,0
fdc9e7d5-ea81-45bf-ab32-8f2ccaf13dbc,f3cb50b6-edbb-44e2-987c-13cf7b2b22ef,Telegram,LittleStorm321,LittleStorm321,2024-08-10,,0
ffffb323-91c0-481f-bba3-c73853cdac45,f3cb50b6-edbb-44e2-987c-13cf7b2b22ef,Facebook,BengalShark298,BengalShark298,2021-02-26,156,0
c69a549b-ec24-4bc6-ad15-8b7f28f0d94f,e519fc8a-3b2e-4b65-abe6-bb0356808a54,Instagram,simran.bhatia283,Simran Bhatia,2023-03-19,263,0
a3b94ef5-16cb-4250-a6ee-d20196c3852d,e519fc8a-3b2e-4b65-abe6-bb0356808a54,Twitter,DesertChief,DesertChief,2015-05-23,816,0
7ea4a048-636d-4de4-9e28-be45b4bae355,6641b356-0f73-4184-9190-a96424cd43c5,Instagram,SilentBhai721,SilentBhai721,2018-07-27,375,0
d69e5b17-1c64-4d44-907e-b283320ea0f3,6641b356-0f73-4184-9190-a96424cd43c5,WhatsApp,aditya.shankar,Aditya Shankar,2016-06-26,,0
1a86e9eb-3a9e-4908-aa44-f9ec351a5a52,6641b356-0f73-4184-9190-a96424cd43c5,Telegram,aditya.shankar9116,Aditya Shankar,2015-01-09,,0
9a00c607-c0c3-4e7f-af11-8c41cc9f45e4,39967684-7922-4d5f-a5c0-c1f2a4d2eb10,Twitter,gopal.shankar,Gopal Shankar,2018-07-02,542,0
48f16ba7-d570-4e7e-b3bd-fce210909d8f,39967684-7922-4d5f-a5c0-c1f2a4d2eb10,Facebook,gopal_shankar,Gopal Shankar,2023-05-04,657,0
cd665e79-fe59-4b31-b019-332857820711,39967684-7922-4d5f-a5c0-c1f2a4d2eb10,Telegram,gopal.shankar6313,Gopal Shankar,2017-02-12,,0
e839281d-5322-4edd-8629-dc6b3c6febcc,f6a345fd-f373-45ae-897b-3a5e448f0a10,Twitter,vijay.gopalan,Vijay Gopalan,2017-09-26,46,0
3189bea9-5a33-4b5e-948d-a54024bd6440,f6a345fd-f373-45ae-897b-3a5e448f0a10,Telegram,vijay.gopalan414,Vijay Gopalan,2019-10-26,,0
05df82f7-bb8e-47ee-9813-99dffabbc3d1,c453596c-6636-48eb-9b21-2a9aab157eab,Facebook,BigFalcon185,BigFalcon185,2022-06-28,38,0
78121874-3707-401c-923b-ca6dd1bb99ce,a58cce80-7076-468f-94d2-5d9da15f955b,WhatsApp,sakshi_malhotra957,Sakshi Malhotra,2017-05-06,,0
a1111fc7-2ef5-4bb2-8947-09e814c92e5c,f41f457b-1975-41bc-97f0-d83efefcce31,Facebook,ChiefBaba,ChiefBaba,2024-07-22,193,0
a4ebe4d6-674b-4488-a4f7-bf153c90c0ea,f41f457b-1975-41bc-97f0-d83efefcce31,WhatsApp,GoldenLion640,GoldenLion640,2018-05-06,,0
d7be0b94-9a1b-45c4-ac05-4a51846c1671,67f57f97-1080-4f10-89a8-902ba86ece6f,WhatsApp,uma_dhillon432,Uma Dhillon,2015-05-07,,0
07e33376-4f30-47ec-bdc2-b42e729360ac,3c7a9e48-11c9-4597-a7d4-fc6136349c43,Facebook,yash_dhillon350,Yash Dhillon,2018-10-26,29,0
26a8157a-2263-4dfe-b3a0-a63ac4392e2e,3c7a9e48-11c9-4597-a7d4-fc6136349c43,Twitter,yash.dhillon,Yash Dhillon,2019-02-24,187,0
cfe6a824-1698-4237-b031-4ecfd1b5a016,a0eec687-e78f-40c8-b68d-013ff0f8149c,Facebook,tulsi.natarajan880,Tulsi Natarajan,2023-06-17,154,0
23e099fa-3196-43e1-b0c3-62efc60d1263,a0eec687-e78f-40c8-b68d-013ff0f8149c,Telegram,tulsi.natarajan,Tulsi Natarajan,2016-11-30,,0
6de8da56-236a-48db-803f-75455ea3d707,8970fbd6-6aef-45b0-9c43-bcb423be1445,WhatsApp,lalit_tripathi,Lalit Tripathi,2020-09-26,,0
0f20f3b9-bf68-4586-9f90-7ad7052671aa,745b0fba-f5d3-40c3-9aa5-758b06aa1954,Facebook,rajan_sundaram,Rajan Sundaram,2023-06-25,190,0
3a166b79-2d8d-4652-87ed-8eb0c032fbae,745b0fba-f5d3-40c3-9aa5-758b06aa1954,Instagram,rajan.sundaram652,Rajan Sundaram,2020-09-26,636,0
7ace3006-8a05-4ab6-a3d7-98b2744a6bd0,745b0fba-f5d3-40c3-9aa5-758b06aa1954,Twitter,rajan.sundaram93,Rajan Sundaram,2020-06-18,44,0
32bf3fad-e6ba-4a2e-85a2-8640c7df0edb,712178c7-7e72-43da-a358-1a4770b8ddcf,Facebook,pranav.sinha935,Pranav Sinha,2019-09-14,245,0
1b7872b1-d45d-4ca9-b00d-9e717f5e2d87,712178c7-7e72-43da-a358-1a4770b8ddcf,Telegram,pranav.sinha370,Pranav Sinha,2017-09-04,,0
0fc13747-1d3c-4aa9-acda-d538046ef8aa,962061f8-7a5c-4543-b468-5740d2455ac9,Facebook,tanvi_rathore613,Tanvi Rathore,2018-12-06,40,0
2058d435-ab7a-4390-972a-57773e112239,5bac2cac-75e9-4981-98e1-8b843874d8fd,Twitter,varun_rathore8,Varun Rathore,2021-09-08,783,0
29c536aa-e66a-4c06-b45d-4bd779cf008f,8f894cdd-94c2-4c60-b0af-002ffeeb7d56,Instagram,kunti_khan130,Kunti Khan,2016-12-24,138,0
76fd0f4f-e0c0-4e18-a5fb-fb4f9d2ad016,dd4f5e05-61d1-41cf-8117-8089f01c9c54,Facebook,BengalBaba304,BengalBaba304,2015-01-04,421,0
bdb1402d-36a3-4b3b-8c45-f9ddec28fbda,dd4f5e05-61d1-41cf-8117-8089f01c9c54,Twitter,hardik.khan553,Hardik Khan,2016-07-22,929,0
0529aff0-64f4-4723-91de-67bbff7276a2,dd4f5e05-61d1-41cf-8117-8089f01c9c54,WhatsApp,RisingStorm869,RisingStorm869,2015-10-09,,0
cb1cf060-5905-47ff-bf3c-af9e8875eb2c,7af59a83-c416-4442-9060-f4a577034180,Twitter,dhruv.khan165,Dhruv Khan,2022-01-13,875,0
89aee9c7-5ce0-4789-901d-c3a530033846,7af59a83-c416-4442-9060-f4a577034180,Facebook,dhruv.khan,Dhruv Khan,2023-05-17,325,0
59db64d2-a456-4dfe-bf81-b65cec69de9c,1625d745-435b-464f-8b41-7bb07e32d54f,WhatsApp,DesertBhai325,DesertBhai325,2019-09-10,,0
69db1df2-213e-4418-90f8-8600a33dc98a,21b3d97c-017c-48d5-bb9d-45ec192822f3,Instagram,santosh_raghavan225,Santosh Raghavan,2018-06-07,96,1
6e8cf620-c442-4cfa-afd8-325fbf6ec92f,21b3d97c-017c-48d5-bb9d-45ec192822f3,Facebook,santosh.raghavan,Santosh Raghavan,2017-02-09,226,0
00a83ce2-9b12-4884-a762-4783bfb91cb0,21b3d97c-017c-48d5-bb9d-45ec192822f3,Twitter,LoneEagle564,LoneEagle564,2022-02-22,387,0
6fab0963-a122-49d2-8796-ef8a45808d4e,376f27e4-a6c9-48fb-be55-e53c25f6e965,WhatsApp,StreetStorm71,StreetStorm71,2020-02-07,,0
b12b8a8c-3370-4d16-b3d8-a2beb081d151,376f27e4-a6c9-48fb-be55-e53c25f6e965,Twitter,karthik_saini148,Karthik Saini,2018-12-28,236,0
3cf787e4-b72d-40d2-bd40-f3f3f31cd1b5,376f27e4-a6c9-48fb-be55-e53c25f6e965,Facebook,BengalEagle615,BengalEagle615,2015-10-17,120,0
7a932b0b-6cf9-4fa9-9136-d88e68d0d736,07723ba6-e0c7-4d35-944b-4ca10f7d77c8,Twitter,sanjay.saini593,Sanjay Saini,2016-10-22,467,0
d1fbfc3b-9748-45ff-b276-d717c3847a4b,07723ba6-e0c7-4d35-944b-4ca10f7d77c8,WhatsApp,sanjay_saini403,Sanjay Saini,2020-07-19,,0
45f36dfa-bb94-45f8-a528-0027e84d8f17,4c7e0c24-796c-4ac8-8674-03843b089a56,Facebook,tanish_roy521,Tanish Roy,2020-12-23,331,0
ce5576f6-6f9b-479a-b0ae-b604664f157d,4c7e0c24-796c-4ac8-8674-03843b089a56,Twitter,tanish.roy,Tanish Roy,2019-09-18,58,0
da467ef5-6e53-4059-b4a5-a427fb89b64f,38f3835d-dbc8-4d65-9ac7-7b55580d0924,WhatsApp,BombayKing,BombayKing,2015-12-20,,0
670ed74a-ea20-4295-9739-0e52be612538,a6e01bb6-e7d3-41a8-8e60-51bb1616d131,Telegram,PrinceWolf,PrinceWolf,2017-03-07,,0
82aebd22-3f0f-4941-a340-c44110a6fcbb,301d5ff0-c633-470a-991d-b434ba34b84c,Twitter,reyansh_hussain708,Reyansh Hussain,2018-11-14,580,0
c3f77cdf-3d8b-416c-b99a-70fbefb482fc,301d5ff0-c633-470a-991d-b434ba34b84c,Telegram,reyansh_hussain600,Reyansh Hussain,2022-02-05,,0
7ba97dff-b777-4239-8f48-c2f437120ac0,53cdddf2-09d4-4405-a72d-eed3c559550a,Telegram,sridevi_mohapatra71,Sridevi Mohapatra,2020-02-09,,0
7d27db20-5735-40fc-b503-16f9fed66ab4,53cdddf2-09d4-4405-a72d-eed3c559550a,WhatsApp,sridevi.mohapatra967,Sridevi Mohapatra,2020-02-06,,0
8017b7e0-ee09-4451-96c2-e14e99a3df08,c1d30be8-ee50-43a5-9786-cad8b0d2fec2,Telegram,naveen_kohli686,Naveen Kohli,2016-03-19,,0
cf95d1db-5acd-4963-b774-6c793bc0e73e,a3ea767d-af72-417a-985f-a19a89b8725a,WhatsApp,arjun_kohli,Arjun Kohli,2019-09-11,,0
ce32d99a-9436-4b24-8d27-3facd5067cec,b97243d8-5458-4ae9-8928-9a34f805e531,Facebook,aarav.subramaniam,Aarav Subramaniam,2024-07-01,403,0
fbbfaf14-11f6-4dd3-a0e9-14f3e41e8a12,b97243d8-5458-4ae9-8928-9a34f805e531,Twitter,RealBaba230,RealBaba230,2017-09-24,378,0
15fd8f0b-bbeb-4390-8f65-b82328691fc2,b24af610-2d8d-4597-b400-5c224281b9ee,Twitter,satish_subramaniam513,Satish Subramaniam,2019-10-17,519,0
4349bc56-7099-4879-bc9c-6f0971d7a4aa,b24af610-2d8d-4597-b400-5c224281b9ee,Facebook,DesertSir,DesertSir,2018-12-12,528,0
f99200fa-7091-4348-aa9d-902a12b7865c,fecebe3d-821d-4461-8f73-50f40303c96c,Twitter,santosh_tiwari,Santosh Tiwari,2021-07-19,262,0
639c1598-c2aa-470d-8390-4b01df99087a,fecebe3d-821d-4461-8f73-50f40303c96c,WhatsApp,santosh.tiwari901,Santosh Tiwari,2020-10-03,,0
48b43171-58bc-4ef1-bcd7-31286d019a0f,fecebe3d-821d-4461-8f73-50f40303c96c,Instagram,StreetFalcon,StreetFalcon,2020-10-07,423,0
26d85492-4f5b-4e3e-9671-49622ced2d93,7d9588a6-ed36-4e65-a049-b78ff1fed110,Instagram,parvati.swamy,Parvati Swamy,2018-03-20,115,0
2e2c4e10-feac-4a4a-bc20-576e0a40c6a1,7d9588a6-ed36-4e65-a049-b78ff1fed110,WhatsApp,parvati.swamy230,Parvati Swamy,2024-09-30,,0
a759c90c-20f8-4b97-b179-85c77d7dd9b3,6e07c906-1153-49c1-9237-6453f147a589,WhatsApp,anjana.khanna,Anjana Khanna,2017-03-09,,0
1b4fad43-136d-40e7-a72c-365720a740af,3b2df297-1cf6-4878-9cdd-a165757f4d13,Telegram,dinesh_sachdeva,Dinesh Sachdeva,2022-06-12,,0
1e86bcc9-e7ab-4553-b687-1c6531a27520,3b2df297-1cf6-4878-9cdd-a165757f4d13,Twitter,dinesh.sachdeva766,Dinesh Sachdeva,2018-06-26,675,0
7652869b-2f99-4cdf-841d-f138f9b217bb,074205e4-695a-49ad-8587-d67af4f735c7,WhatsApp,CityEagle877,CityEagle877,2019-04-08,,0
a8b7da5b-b3df-4d7d-abbb-50a2c1a941e5,95b21a34-896e-4a99-ab1f-18b495bd8672,Telegram,vandana.chauhan,Vandana Chauhan,2023-12-01,,0
eaca8ef0-cf02-406d-88a7-3942b11b4dae,95b21a34-896e-4a99-ab1f-18b495bd8672,Instagram,vandana_chauhan,Vandana Chauhan,2022-01-12,95,0
04e3cd18-b414-4fe4-8e89-3a387de062ef,95b21a34-896e-4a99-ab1f-18b495bd8672,Facebook,vandana.chauhan7717,Vandana Chauhan,2023-01-10,153,0
221f9c53-f695-4a16-bfc4-8f545a2fcc10,a320ee3a-ba3e-40b3-b0e9-2d9266f355fc,Telegram,prem_chauhan226,Prem Chauhan,2018-01-06,,0
cfef057e-1fb5-488f-b080-88a4afdf9fbe,a320ee3a-ba3e-40b3-b0e9-2d9266f355fc,Facebook,IronSir,IronSir,2017-11-03,144,0
d1c7f9fd-c66b-4e8c-aa0f-d1f599707a5a,a320ee3a-ba3e-40b3-b0e9-2d9266f355fc,Twitter,prem_chauhan,Prem Chauhan,2020-01-20,299,0
f9f40519-c9e1-4b8a-abdd-53e7b83cf199,9140c2ff-ada7-4be4-bfc7-25b0945d4bea,Telegram,GoldenDon511,GoldenDon511,2019-08-03,,0
e10d96d8-10b4-4f4a-990e-fb65a3540fc0,9140c2ff-ada7-4be4-bfc7-25b0945d4bea,Twitter,aadit.prakash810,Aadit Prakash,2023-06-12,247,0
315cf63b-88de-4a9e-8703-7665b77cb932,699e5332-74a6-40da-a531-fc66bae1556e,WhatsApp,nilesh_prakash198,Nilesh Prakash,2016-06-30,,0
43ded68f-27f6-433a-9f96-9e794e82d52c,d06d2263-8e37-4e7b-8d00-e8d5e0999b11,Facebook,ajay_krishnamurthy,Ajay Krishnamurthy,2015-09-17,338,0
8951613e-9869-4eeb-8524-bb91f1c38d8e,d06d2263-8e37-4e7b-8d00-e8d5e0999b11,WhatsApp,ajay.krishnamurthy155,Ajay Krishnamurthy,2023-06-21,,0
a7236412-57da-48ce-82f4-da7d4ff36a2d,4f5ce979-ecb2-4e53-b0e3-6c1a025dc4a2,Telegram,IronFalcon62,IronFalcon62,2023-07-01,,0
b2bf9ae2-b842-471d-8b1b-562b9418742f,1c999a98-2351-4786-bf7d-c1a622ce58c6,WhatsApp,vidya.dasgupta,Vidya Dasgupta,2021-08-07,,0
912bb801-76a2-486d-9b10-a296ff058039,1b6cec20-660f-4e8c-a927-c4b64d300ec3,Twitter,LoneWarrior852,LoneWarrior852,2017-07-03,176,0
b6961290-1774-4ee9-adf0-169fd59e04d4,e9888f39-cbf1-4770-824b-aa4262afc197,Facebook,chandan_pillai,Chandan Pillai,2018-10-15,672,0
3ffebe6d-578d-4580-9bcb-3cd15b7b19e4,718c8dcc-4632-4831-aa1a-5706160a9a02,Facebook,dharmesh.pillai53,Dharmesh Pillai,2022-12-16,38,0
0320ae53-8802-4beb-a654-f771ec275f58,718c8dcc-4632-4831-aa1a-5706160a9a02,Telegram,dharmesh_pillai303,Dharmesh Pillai,2021-01-18,,0
e1fd5a02-2bf8-4955-a147-02db2af3636b,760ca9ec-df70-4aa9-a799-c8069fb2dc29,Telegram,shobha.pillai570,Shobha Pillai,2023-04-12,,0
28f518ec-f213-48c2-afe7-4e612f079c17,ae38c930-a117-47db-80b6-e927f80e043e,Facebook,taapsee.kaul492,Taapsee Kaul,2023-05-04,182,0
b4bc6569-e201-4c52-8763-5ef32b28bb1e,ae38c930-a117-47db-80b6-e927f80e043e,Twitter,CityKing,CityKing,2015-05-03,611,0
3260b350-88f6-4ad2-9b8d-061ced4912bf,07834000-fe76-48d2-80ce-6b74fc220c82,Facebook,kali.nair783,Kali Nair,2018-12-12,462,0
3f9869ae-bbc9-48c9-8121-70795c9266aa,07834000-fe76-48d2-80ce-6b74fc220c82,WhatsApp,kali_nair,Kali Nair,2021-10-26,,0
73580c07-3a26-494c-9ced-3822f473bfe0,3dcb8dd5-0888-428b-9965-b49080f53d22,Facebook,sourav.krishnan628,Sourav Krishnan,2021-02-02,116,0
b8cde663-7459-4667-b03a-53f014a20969,43d397f3-6279-4e7b-b1e1-d2dd053d82d2,Facebook,BengalKing527,BengalKing527,2018-07-29,194,0
703054a9-c12b-44c9-a49a-060891dfa0d0,43d397f3-6279-4e7b-b1e1-d2dd053d82d2,Twitter,pratham.krishnan,Pratham Krishnan,2022-12-11,264,0
2958d873-871d-47dd-9df3-4f72d34232b5,cf32ee4c-d024-4cb0-ad3d-343fd4281f72,Telegram,sharada_roy897,Sharada Roy,2019-08-14,,0
6ea910db-6f0d-43f3-bb0d-57eb5530ff13,cf32ee4c-d024-4cb0-ad3d-343fd4281f72,Twitter,sharada.roy,Sharada Roy,2015-05-26,347,1
7a87936e-d5bd-4503-95ed-e5b4e74855c1,dc49f805-8eab-470f-bacd-57345748432f,Twitter,shankar_roy346,Shankar Roy,2023-10-18,49,0
a4a58f64-0324-4825-80b6-1bbf3acf643d,e67efc8b-b5d7-4752-ba74-2556fa0680a0,WhatsApp,sachin_basu18,Sachin Basu,2022-02-22,,0
137fa989-3362-47a0-a273-6607a31911bb,e67efc8b-b5d7-4752-ba74-2556fa0680a0,Twitter,sachin.basu,Sachin Basu,2021-02-15,114,0
bb0e6cf8-a4a9-4ec0-82d2-7e430a6294f4,df8f9173-d8b6-46df-ad3c-2ebcbba09b2e,WhatsApp,RoyalKing198,RoyalKing198,2024-08-18,,0
9235cbfb-beac-4802-ac4a-975788b5ed75,6682d7a0-40b3-4146-9c36-1cf8a8ec6ee9,Twitter,utkarsh.bhandary,Utkarsh Bhandary,2022-04-29,316,0
fda3a463-04b5-4235-9c59-030ba2793526,6682d7a0-40b3-4146-9c36-1cf8a8ec6ee9,Facebook,utkarsh_bhandary,Utkarsh Bhandary,2021-12-15,378,0
24173c1e-fb59-44c3-8010-2a071935d30b,6682d7a0-40b3-4146-9c36-1cf8a8ec6ee9,Telegram,utkarsh.bhandary8213,Utkarsh Bhandary,2023-10-03,,0
21135a21-110c-4315-b317-d971954cdfd7,01ff5430-981d-4acc-b71b-e8eda2603794,Telegram,SultanStorm395,SultanStorm395,2019-03-20,,0
410873ba-990a-499a-a737-92ddbe048c4b,b7cff819-060a-449b-852f-b6fa908f7602,Facebook,genelia.bhandary874,Genelia Bhandary,2015-07-05,136,0
3a425dba-2fc5-468e-a334-375c3e3e6814,b7cff819-060a-449b-852f-b6fa908f7602,Instagram,genelia.bhandary528,Genelia Bhandary,2022-09-19,390,0
81b03888-3aaa-424b-9c65-4584edc7084b,df08f019-1a45-4556-8724-3339c8bbdda0,Twitter,aarush.bhandary280,Aarush Bhandary,2016-04-13,565,0
ab436148-8a69-4c57-b1cc-c222c3e79ea5,012daffe-1970-46c9-a13d-c4bacae01ef1,Twitter,RoyalRider919,RoyalRider919,2021-07-07,563,0
07f03ea2-218a-4dfe-8cfd-f398d2182af1,012daffe-1970-46c9-a13d-c4bacae01ef1,Telegram,darsh.shankar810,Darsh Shankar,2024-07-19,,0
dc6a8ee2-5c18-4abe-9950-69fcd83e542a,cb8afa22-9dcc-4a1f-bff4-ecc5cc58751b,Twitter,sunil.deshmukh732,Sunil Deshmukh,2015-03-16,257,0
ef2f5a0c-1497-40c8-bf0a-5bffb684677f,f9082f71-b52c-4e51-b39a-abd8b62427ca,Facebook,jhanvi.alam301,Jhanvi Alam,2017-12-21,381,0
0fc3b4a4-e4f7-4fb7-88a2-dfe2a179352b,f9082f71-b52c-4e51-b39a-abd8b62427ca,Twitter,jhanvi.alam,Jhanvi Alam,2017-07-23,101,0
671f7ae0-99a4-4d85-82ac-85732b17f7af,75680bcc-ed61-4f6b-82cc-ee0ee0cc0418,Facebook,tejas.paul873,Tejas Paul,2017-02-07,526,0
852ea7c4-e156-4484-8c0c-b7ed1a4c3548,7d7a9547-367c-47ec-8c5c-05fb43f36340,Facebook,GoldenChief198,GoldenChief198,2020-11-29,208,0
c18ca159-6d53-4dd1-af66-3877b6f08d4f,11f66c15-42c7-4d15-9e72-09f72d5ac4bf,Facebook,GoldenPanther934,GoldenPanther934,2021-12-02,463,0
1dd88adf-8e65-4e99-ae03-5e57a6e75c14,9a4680dd-40f5-4b82-aa4c-99ee4feb8599,Twitter,nakul_mehta653,Nakul Mehta,2023-10-29,296,0
a9659085-f017-4c3b-9366-5069797f4621,9a4680dd-40f5-4b82-aa4c-99ee4feb8599,WhatsApp,nakul_mehta,Nakul Mehta,2017-09-28,,0
46ef270d-37e1-4410-8a32-3772fbf9dd9c,59b6287b-4b20-4b6f-a0b3-d60ecf53823d,Twitter,sandeep.mehta362,Sandeep Mehta,2018-11-04,672,0
9511b44d-c5cb-41b5-ab35-c6f3ae5c3432,59b6287b-4b20-4b6f-a0b3-d60ecf53823d,Facebook,sandeep_mehta662,Sandeep Mehta,2023-12-31,300,0
ab3e0132-2adc-4159-b86f-6384acc00a44,40d2d75f-cb6f-4851-ac2b-5a944fd70a7b,Facebook,rakesh_sen413,Rakesh Sen,2019-08-16,406,0
19a5d13b-c622-4b2f-9cb1-331935de09cd,8764b24f-ffe4-4fb6-96ca-c0d84cd2e537,Twitter,ashok_sen,Ashok Sen,2018-07-27,860,1
df8caaea-3b57-42dc-8941-e76e361ac87f,6a04491d-36e6-45f3-a428-ed6c96715aab,WhatsApp,omkar.sen842,Omkar Sen,2021-06-10,,0
73e7409f-6af9-4dd0-a8fa-648e57700cfc,6a04491d-36e6-45f3-a428-ed6c96715aab,Facebook,BombayTiger342,BombayTiger342,2023-08-28,372,0
fe62c912-41e5-4d64-826c-21ad069f2e8e,7d9f96cb-4c17-4959-a040-fb670e93f618,Twitter,arjun.chawla,Arjun Chawla,2022-07-29,131,0
284e3e47-3e80-4575-bcfc-6c17b8b3e7e8,7d9f96cb-4c17-4959-a040-fb670e93f618,WhatsApp,ChiefDon,ChiefDon,2019-03-17,,0
f2291074-d530-464c-b9dd-f8a1c45d6b6d,60ca7f45-5c8b-45bc-9118-f8b0b54b9cc3,Instagram,varsha.chawla37,Varsha Chawla,2020-03-29,697,0
5e1eb138-4e90-4e61-88ca-70000e2abbe5,60ca7f45-5c8b-45bc-9118-f8b0b54b9cc3,Facebook,varsha.chawla65,Varsha Chawla,2020-08-28,409,0
42fc7459-69b9-44e7-a667-fb56aac005d3,60ca7f45-5c8b-45bc-9118-f8b0b54b9cc3,Twitter,BengalTiger,BengalTiger,2020-09-03,236,0
a7a80860-4279-4a40-92d6-63dff616bb3b,23b2c16e-a372-4057-94cd-b19071edd156,WhatsApp,shivam_prasad532,Shivam Prasad,2022-05-11,,0
3f64d5f3-e1e5-47f1-b33b-c3851e28554d,8bc8a00b-acca-4722-ae5d-3d35bdad668f,WhatsApp,neha.joshi915,Neha Joshi,2021-05-07,,0
1903be35-e355-44e7-9b0f-3bbf7e000207,f29f2bb9-bc41-4751-856b-64748d5f640a,WhatsApp,yamini_joshi,Yamini Joshi,2019-07-22,,0
75142185-5741-473f-b314-8782300e0ce1,ad8dfa60-1332-479b-8c85-4620bd0b02c0,Instagram,fatima.jaiswal639,Fatima Jaiswal,2018-10-23,504,0
9d129b04-f2ef-4e6e-853e-b57b2bde686e,ad8dfa60-1332-479b-8c85-4620bd0b02c0,Facebook,fatima.jaiswal325,Fatima Jaiswal,2021-03-13,479,0
a4926b69-7236-4a5d-ac7a-a22233e34976,94af256f-d5fd-4556-854e-8489e90e316e,Instagram,tarun_jaiswal595,Tarun Jaiswal,2024-07-31,246,0
fac0492f-85ff-446d-99d4-f94ba055027d,94af256f-d5fd-4556-854e-8489e90e316e,Telegram,tarun.jaiswal,Tarun Jaiswal,2024-01-31,,0
4b256324-4a69-471b-a1d1-2e5e4aa6b6cc,94af256f-d5fd-4556-854e-8489e90e316e,WhatsApp,tarun.jaiswal455,Tarun Jaiswal,2023-06-18,,0
e0a809c7-f63b-43e0-9b9b-964ee9c5df09,5a6f730b-aff6-4672-843f-6f051b6ca392,Instagram,BigFalcon337,BigFalcon337,2022-08-15,303,0
1620e336-e0ca-4482-b67b-e49dca0634ee,5a6f730b-aff6-4672-843f-6f051b6ca392,Telegram,akash_chaturvedi626,Akash Chaturvedi,2023-03-07,,0
0b89e6a4-2457-4962-bb97-ab31c5944a3c,5a6f730b-aff6-4672-843f-6f051b6ca392,WhatsApp,SilentHunter461,SilentHunter461,2017-04-18,,0
ebac5269-941f-4414-b8fd-b14cf1f52eef,950a52da-4854-412c-a6bf-4f7e6f93cbb4,Instagram,padmini_raina,Padmini Raina,2018-02-14,673,0
ab3b87af-0ab7-4e66-adfb-d8e90dff7759,950a52da-4854-412c-a6bf-4f7e6f93cbb4,Twitter,padmini_raina4772,Padmini Raina,2022-02-17,165,0
de283dce-1e1c-43c0-b9d8-155c20f92b3f,4e23666b-e908-419c-8413-cc86957ec667,Facebook,BombayBhai,BombayBhai,2021-10-13,15,0
4b5d4aa4-87fc-4892-83b0-87cdcb0631a7,4e23666b-e908-419c-8413-cc86957ec667,Twitter,rohan.raina14,Rohan Raina,2015-08-05,241,0
ee35d642-0eba-4e27-a3fe-1b4c4e7e49b7,4556cc56-b8be-4b38-9780-75ecd506fb1d,Telegram,CityWarrior731,CityWarrior731,2017-08-26,,0
c9f32af1-8d6b-480c-b62f-8c41a2d960a8,4556cc56-b8be-4b38-9780-75ecd506fb1d,WhatsApp,StreetWarrior,StreetWarrior,2019-07-30,,0
4d6dfad8-6d6c-4a2d-a8cd-52381bbf7021,4556cc56-b8be-4b38-9780-75ecd506fb1d,Twitter,RisingDon730,RisingDon730,2019-08-27,345,0
5d4bf423-0fa6-40f3-84fa-9006ee4fc133,cdd4e8a5-2066-42db-b770-8791cd84a467,Facebook,vedant_malik427,Vedant Malik,2018-11-07,197,0
c646e531-cc35-4925-b68f-d5a8283a57d9,fe175958-608d-4fbd-bf7a-2ad33064108c,Twitter,LoneStorm,LoneStorm,2023-09-21,104,0
7418562b-ddbd-411c-af05-0ef823c5ee1d,9b8c97f6-e515-44fa-9b93-a3cbf7295baa,Twitter,GoldenChief237,GoldenChief237,2020-03-06,485,0
ee35f8da-2cdc-4acf-a919-fb902d1c6e31,9b8c97f6-e515-44fa-9b93-a3cbf7295baa,Facebook,LittleSir456,LittleSir456,2024-03-12,527,0
029f036b-34d0-42b8-9c80-1fd731ee896c,9b8c97f6-e515-44fa-9b93-a3cbf7295baa,Instagram,himanshu_paul503,Himanshu Paul,2018-11-21,135,0
47393157-0d76-4757-85d6-9927df99c70d,a808b266-aab5-4467-9312-1ce4a3e3f472,Facebook,atharva.paul,Atharva Paul,2017-08-23,323,0
3532c76d-4a94-414c-b5ca-3c95ce3415fa,37df37f9-0726-4b31-8b2f-f3089057ec43,WhatsApp,IronWolf,IronWolf,2018-09-13,,0
e8e4030e-632d-46bd-b3f8-b3ff871b64a6,37df37f9-0726-4b31-8b2f-f3089057ec43,Facebook,sai.talwar,Sai Talwar,2016-09-07,15,0
1209f1ab-17fd-4580-9540-20d9a1245ace,fd5a7700-0a57-4692-96f4-86d7a9d3db87,Twitter,shreyas.sandhu906,Shreyas Sandhu,2023-02-21,144,0
251f1a7e-41d2-4fb7-ad9e-8323aca234e6,69f01ae0-4e7c-43d4-9b9b-24eda30ee101,WhatsApp,aadit_tandon,Aadit Tandon,2021-02-12,,0
cbbe2b49-aee8-4585-8437-653b06136df8,83e0458e-c36a-4d91-b9f1-e3312ef15d30,WhatsApp,karthik.tandon,Karthik Tandon,2022-05-01,,0
5d70eb2f-d40f-4b67-b2a7-525f975de4cf,7a4ad5a7-fe36-4c24-8480-b0a389602a34,Telegram,umesh.tandon79,Umesh Tandon,2018-01-08,,0
a95b18ad-b959-439b-b94b-0b07894107b1,abad1087-a032-425a-9096-268663fe4a9e,Facebook,MidnightBhai61,MidnightBhai61,2015-01-14,61,0
8eed6c59-a0a5-4d53-8832-0277152b6971,bccb7be1-58f6-40cb-b7e0-61d0ff399354,Facebook,jai_gaikwad657,Jai Gaikwad,2023-02-21,53,0
e9a0bd6b-c8f5-47f2-b87c-e11c0484c92c,bccb7be1-58f6-40cb-b7e0-61d0ff399354,Twitter,jai_gaikwad371,Jai Gaikwad,2023-10-06,103,0
1185181e-cd7f-44e7-88d9-06bd116e4a3f,bccb7be1-58f6-40cb-b7e0-61d0ff399354,Telegram,jai_gaikwad307,Jai Gaikwad,2024-05-19,,0
9ea01307-8458-43ea-abbc-6786ea133ae6,f6148609-5bc6-4d6f-8433-6f6852dd892c,Telegram,uday_reddy548,Uday Reddy,2021-08-28,,0
c0aa266d-f1a6-40a1-b034-63a685a15720,f6148609-5bc6-4d6f-8433-6f6852dd892c,WhatsApp,CityHunter407,CityHunter407,2022-08-25,,0
f0b7c30f-fb86-4776-9b3b-7a43f81132ea,94951e27-f598-42f7-a929-d76e9090a1a3,Twitter,sai.pandey,Sai Pandey,2023-03-21,813,0
e0c49b6c-7d50-4b63-a2a2-7bafe4cfd16a,bc03d0e3-7f88-4208-9567-e03c10bcbd4a,Telegram,RisingLion800,RisingLion800,2021-02-16,,0
6bdad294-ad12-49c9-835b-c43cf62b8e2d,bc03d0e3-7f88-4208-9567-e03c10bcbd4a,WhatsApp,ravi.pandey,Ravi Pandey,2021-11-07,,0
3b9f8788-4d6f-430c-9499-78c0fe5cc9b9,bc03d0e3-7f88-4208-9567-e03c10bcbd4a,Twitter,IronDon810,IronDon810,2017-01-12,450,0
eb6579f2-e17d-494a-819c-fc35df73e7b5,0846efa4-e94f-444b-be33-b56c4bacc2c7,Twitter,kishore_pandey,Kishore Pandey,2021-05-05,411,0
3a07d6d3-8098-45f2-9006-b8c61d085fef,70d0585c-9eb6-46d7-b039-8f15e36d4347,Twitter,BombayStar,BombayStar,2016-06-02,273,1
947351db-8e53-4877-84a3-33bf5a6330d8,70d0585c-9eb6-46d7-b039-8f15e36d4347,WhatsApp,LoneDon828,LoneDon828,2015-04-04,,0
ac06b549-0f04-400f-9bc0-efc2144f0119,a6bc9d33-a88a-42e5-b1ff-e6f6cff335df,WhatsApp,anita_rajagopalan,Anita Rajagopalan,2024-02-26,,0
6e6b0b3a-1f18-4865-9285-68007619b342,a6bc9d33-a88a-42e5-b1ff-e6f6cff335df,Telegram,anita.rajagopalan,Anita Rajagopalan,2019-06-27,,0
3a58b177-e873-4f94-847c-ee41e377d56b,a6bc9d33-a88a-42e5-b1ff-e6f6cff335df,Facebook,anita_rajagopalan2202,Anita Rajagopalan,2024-06-30,115,0
cc00ac86-6533-4efb-837f-cfb04312483a,d56ff9fc-b5c9-4cad-86b3-1c36796080f5,Instagram,anish.yadav,Anish Yadav,2024-03-24,383,0
d256ddcd-c67b-48de-95ce-8e86f3a89523,d56ff9fc-b5c9-4cad-86b3-1c36796080f5,Twitter,anish.yadav2202,Anish Yadav,2015-06-02,255,0
be364ca7-2ce0-460a-9dbf-defc580f4783,3643d4ea-27fb-4c10-8358-963c6f1a841f,Instagram,amol.unnikrishnan348,Amol Unnikrishnan,2018-01-28,774,0
22d6ab83-aa53-4562-905f-7586287d1f3e,3643d4ea-27fb-4c10-8358-963c6f1a841f,Telegram,amol_unnikrishnan,Amol Unnikrishnan,2022-09-29,,0
1a747a28-f201-4192-8ecb-dac40ad36a7a,c9190ae0-9ff8-4240-b559-64fbc4dc582f,Facebook,veer_sharma89,Veer Sharma,2017-03-23,235,0
56ed96c3-11e7-42c6-b558-e710c0986c4c,132893f1-762c-4a52-928a-e8df96d31fcc,Telegram,aadvik_ghosh,Aadvik Ghosh,2019-10-21,,0
4e003886-ae64-4753-a658-eeb1b4084b20,132893f1-762c-4a52-928a-e8df96d31fcc,WhatsApp,aadvik.ghosh,Aadvik Ghosh,2017-07-06,,0
ea58e211-5e06-4216-a81d-27d56d68811f,f4c98c6e-0735-4f28-82ca-5c5eb9516504,Telegram,nikhil_behera205,Nikhil Behera,2024-08-09,,0
15d72921-fd30-4ca6-a2c2-c107fc836355,85de23ea-794a-4511-8e5b-461cbfd3dd6d,Instagram,anil_joshi,Anil Joshi,2024-08-13,191,0
7d7cc0d6-fe34-4cc6-9330-2c75fe9064ac,03e1c7e9-aeb7-4886-9de0-910d76dd9af2,WhatsApp,kiaan_pillai37,Kiaan Pillai,2024-09-16,,0
954ca815-135c-42a3-84a4-188e6badc3b2,6ed2cb62-cc16-422f-83e0-7410332258ff,Instagram,dia.pillai,Dia Pillai,2015-06-14,158,0
c937354f-c96e-4591-8d5b-a2b394e77a4b,6ed2cb62-cc16-422f-83e0-7410332258ff,Facebook,IronWarrior,IronWarrior,2022-05-07,16,0
faae8934-ef2d-4d69-84aa-fa1485649a8d,e7f7b135-9dbd-4ac7-81e3-8c3a8fd42da7,Twitter,kavita_tandon,Kavita Tandon,2020-10-19,608,0
894a89e5-3ae3-405f-bb0a-6358ac221ba1,e7f7b135-9dbd-4ac7-81e3-8c3a8fd42da7,Instagram,SultanKing,SultanKing,2020-02-17,435,0
69b307b0-d140-49b6-b42e-f0af087a6a10,34fcb887-d417-4641-9582-1ee1d030756f,Telegram,ankur.tandon,Ankur Tandon,2024-08-05,,0
8f20f5fb-e4ef-4a49-a0b6-dde8065d4872,b1b06975-6784-40a6-b574-73fe1adfdd0d,WhatsApp,ashok_tandon573,Ashok Tandon,2015-05-22,,0
61c89992-f566-4723-b025-5de4f1800ec0,b1b06975-6784-40a6-b574-73fe1adfdd0d,Telegram,ashok_tandon,Ashok Tandon,2023-10-30,,0
6f04e303-fdd2-4d61-95d4-df35363d8b0d,8bf5bca2-0eff-4aa6-8c12-075555eff9be,Instagram,vikram.kapur,Vikram Kapur,2015-05-30,371,0
5596598b-8080-45db-b424-37dce1811bb6,8bf5bca2-0eff-4aa6-8c12-075555eff9be,Facebook,vikram.kapur568,Vikram Kapur,2019-05-17,469,0
d9ef1225-80e7-4f41-b3ae-7d806b58c79c,25ceee92-f092-4f95-8aac-8cbe795eab76,Twitter,naman.kapur894,Naman Kapur,2017-04-30,66,0
e79c81d8-6ddd-42d9-98a8-fd9c257fc166,25ceee92-f092-4f95-8aac-8cbe795eab76,Instagram,DesertEagle911,DesertEagle911,2019-02-28,608,0
f8c755e2-ed04-4f5d-96c7-75b539b2be1b,27c380f2-fa41-483e-b931-a7a973ccb69a,Twitter,CityPanther,CityPanther,2019-05-12,197,0
b175abdf-9771-45d7-af8c-ade28c25212b,27c380f2-fa41-483e-b931-a7a973ccb69a,Facebook,BigKing986,BigKing986,2020-01-17,1048,0
401f030f-306d-4bcf-8c0e-521ca967baf3,27c380f2-fa41-483e-b931-a7a973ccb69a,WhatsApp,leela.ghosh,Leela Ghosh,2021-03-16,,0
4c755b3d-570a-4869-94f4-fb5ef2c29a5a,4285df9b-9b16-4ccd-9844-3508c0d49fdc,Twitter,prashant_ghosh670,Prashant Ghosh,2022-04-27,654,0
5773c7ff-4c64-4534-9ca9-8457cf4d4c3f,4285df9b-9b16-4ccd-9844-3508c0d49fdc,Telegram,MidnightShark638,MidnightShark638,2017-05-24,,0
7594246c-10b5-4b21-b809-971203fd6425,4285df9b-9b16-4ccd-9844-3508c0d49fdc,WhatsApp,BigStorm117,BigStorm117,2020-12-07,,0
f78101c1-7f22-4a70-974e-caf46525ffb9,c4805910-d6a1-4d0d-ac7a-da90aa8c9984,Telegram,PrinceBoss619,PrinceBoss619,2020-05-02,,0
c14e8424-a688-4024-af67-db195774d32a,4e0e2455-3713-4bd7-8fe6-9d4a97da8dff,WhatsApp,dhanush.mohammad345,Dhanush Mohammad,2016-12-19,,0
7038772c-4b7b-4df9-842b-afd3804dc84c,25167041-bbab-4d49-bff5-412dfe233394,Twitter,DelhiBoss,DelhiBoss,2017-09-05,229,0
f9e5c7f3-e242-49a7-bca6-9da9cb9efa93,ce716c81-4f0d-40c8-8271-14bb24ddba94,WhatsApp,varun_rajaraman,Varun Rajaraman,2022-11-18,,0
c71cb73a-65e3-4597-b416-89f8c5e76915,ce716c81-4f0d-40c8-8271-14bb24ddba94,Telegram,varun.rajaraman605,Varun Rajaraman,2022-06-27,,0
bf223cba-ab1b-4c5d-a446-beb1c74f3b3a,97e7a266-16cc-4dad-adfa-180239b5ab7e,Twitter,pratik_iyer151,Pratik Iyer,2022-10-30,290,0
a59c7df5-1db4-4807-864d-81506e4770db,97e7a266-16cc-4dad-adfa-180239b5ab7e,Facebook,pratik.iyer731,Pratik Iyer,2016-10-21,222,0
0fa51913-939f-485b-bccd-0f37e1a34d87,2378adc7-f645-4d69-829e-b8382e9bd302,Telegram,sharmila_alam849,Sharmila Alam,2020-02-19,,0
36aec03c-c354-4548-aa1d-94a8c8ce9ee0,daefd846-d698-49f2-8f42-818bce176bdc,Facebook,nakul.subramanian185,Nakul Subramanian,2022-05-10,89,0
50ad4d1d-f345-488a-9a18-2813dedfa16e,daefd846-d698-49f2-8f42-818bce176bdc,WhatsApp,nakul.subramanian,Nakul Subramanian,2021-02-15,,0
7e520589-5635-43e1-a25b-5ebd2f350056,16279b5f-489c-4c08-842d-99d95e761f7a,Twitter,ayush.subramanian937,Ayush Subramanian,2016-08-28,335,0
3841d1fb-19db-464e-831d-97a346e9027c,2024e16f-89ab-4f4a-a9d3-d876bf5f0041,Facebook,kiran.shinde,Kiran Shinde,2019-10-29,328,0
9dae6a63-2e1a-4c95-a8db-9821efc7f06b,2024e16f-89ab-4f4a-a9d3-d876bf5f0041,Twitter,BombayLion208,BombayLion208,2017-05-20,621,0
a2bac688-5662-4b3c-90f4-b0e9de6f623f,42b59130-e240-41d3-91dd-4198bd1608d1,Instagram,atul_shinde154,Atul Shinde,2016-10-21,681,0
ad7c2103-23a7-45dc-97a4-326100b60d41,bed5deb3-a425-4939-bce1-6b9beac6fa71,Twitter,taapsee.krishnan708,Taapsee Krishnan,2016-03-21,146,0
eb4e9e75-a713-4305-8dca-9ff91b70ec88,9ff72ba4-6320-432d-ac05-d43b2b02279d,Twitter,rajesh.deshpande,Rajesh Deshpande,2017-06-15,226,0
95a79c17-1bd5-4fce-b209-b6aadd7e48b1,9ff72ba4-6320-432d-ac05-d43b2b02279d,Instagram,rajesh.deshpande726,Rajesh Deshpande,2022-10-26,481,0
15c0d171-b954-4e26-96c4-4733362f1541,b02b7697-210d-41fa-b47e-669c17cda55e,Facebook,sarthak.sengupta,Sarthak Sengupta,2018-06-13,234,0
bbe3ad56-1173-4b16-bc7f-78aab9ccc281,b02b7697-210d-41fa-b47e-669c17cda55e,Instagram,sarthak.sengupta2,Sarthak Sengupta,2024-05-08,332,0
edf02d6f-fc00-4ef7-a01b-494dd4f6d453,217ac4d9-aa17-48ba-bf92-bcbfc6e6d54f,Telegram,sameer_parthasarathy161,Sameer Parthasarathy,2024-06-23,,0
1d1c456d-8e37-487a-aa65-851a33321d88,e09a94ed-6067-4778-b7ac-c1d10524a523,Facebook,chirag.patil,Chirag Patil,2015-02-17,192,0
cd75277a-a3fb-44ea-9304-5033a3de2809,e09a94ed-6067-4778-b7ac-c1d10524a523,WhatsApp,ShadowTiger772,ShadowTiger772,2020-03-28,,0
97cdc781-9284-484b-ab2c-d3e1a0f6891e,380bc09c-44db-4706-b9a8-4e7fb9b3afae,Twitter,mayank.banerjee188,Mayank Banerjee,2023-09-11,133,0
6a053423-c158-403c-a931-4c3273fa1112,bc223b5f-d9bc-4d63-a898-f1dc456051db,Telegram,BigStorm222,BigStorm222,2020-06-22,,0
3a235568-c2eb-4360-a896-cc7e6badce3b,bc223b5f-d9bc-4d63-a898-f1dc456051db,Instagram,lakshman.venkatesh516,Lakshman Venkatesh,2023-08-06,174,0
27e08149-92bb-47c8-8b0e-d218535dd8a3,713e770c-aa4e-4050-bfe7-0cde8b3e81a9,Instagram,subhash.venkatesh,Subhash Venkatesh,2018-04-06,204,0
6b3b4a48-84a2-4e0f-9f76-9b4e604af587,713e770c-aa4e-4050-bfe7-0cde8b3e81a9,Facebook,subhash.venkatesh4569,Subhash Venkatesh,2023-09-04,9,0
303398ab-bd8f-4427-b439-9b0ac5ff7f8f,3699f0b3-dabc-477c-82a0-5d2c5b556d40,Telegram,RealPanther,RealPanther,2024-05-19,,0
9cc82a76-a8be-4e9f-b8ce-ad9ad2ace417,3699f0b3-dabc-477c-82a0-5d2c5b556d40,WhatsApp,GoldenShark588,GoldenShark588,2024-05-19,,0
3ece8e81-37cd-47af-b65d-4461052cef38,3699f0b3-dabc-477c-82a0-5d2c5b556d40,Twitter,LittleStorm,LittleStorm,2016-05-19,478,0
5bd0c0cf-dc5f-4cb2-8ffc-231ac06f60b4,a50df95b-b079-48dd-9f42-e7e789fa636a,Instagram,vimala.venkatesh895,Vimala Venkatesh,2020-03-06,41,0
e45a85f0-2ffb-48be-8c4b-4da4e30fc0f5,779708a4-12b6-445e-8984-00fe98e489c8,Telegram,siddharth.mittal,Siddharth Mittal,2024-09-16,,0
509cba6f-e28e-4658-bba9-522800e9122d,779708a4-12b6-445e-8984-00fe98e489c8,Twitter,siddharth.mittal64,Siddharth Mittal,2019-07-21,35,0
e8839080-5005-4051-a91e-f0aa421fafb9,b06e73ec-d0ef-4c22-b601-183f28712bc1,Instagram,IronChief132,IronChief132,2020-06-22,140,0
cccedf60-c597-4052-9caf-fbd262f02ffc,b06e73ec-d0ef-4c22-b601-183f28712bc1,WhatsApp,sunil_reddy,Sunil Reddy,2019-11-29,,0
4f060644-eedb-4949-82f6-19cc66a2d16e,2fe671bd-327f-4093-bb86-bca3ced20e65,Facebook,swati_dhillon448,Swati Dhillon,2018-06-27,410,0
35501e9a-1ab1-4b2b-b922-954a71383550,16e75300-34bb-41e4-8441-820a8a6dbaba,Facebook,yuvraj_more,Yuvraj More,2021-08-04,162,0
64cc25d0-e224-453f-b3d1-aba56ef1510e,ea675771-73dc-451e-9807-2c15df7a67e7,WhatsApp,sagarika_more,Sagarika More,2021-02-01,,0
9ace1d66-5de9-49ac-9474-9729bbd662c9,a80dfb0e-0159-4ea9-8f7b-4baf7d7a1ea0,WhatsApp,madhav.more96,Madhav More,2018-12-06,,0
597f06a1-cd8f-4d93-afce-b91e2863a4c1,22ab3170-a8ff-458b-9643-7da72b4583ac,Instagram,sameer_srinivasan428,Sameer Srinivasan,2017-12-17,302,0
7fe993b1-ef24-4f66-9339-27e0b08b1f64,22ab3170-a8ff-458b-9643-7da72b4583ac,WhatsApp,BengalRider,BengalRider,2024-07-28,,0
e10c24d5-73ba-4b5f-8e6c-ab7966a40ab9,a0b2e389-447f-4946-aaae-96dc8f928def,Instagram,aarav_vohra,Aarav Vohra,2019-03-30,320,0
7dc090f6-3cb2-481f-a17c-863225e41418,a0b2e389-447f-4946-aaae-96dc8f928def,WhatsApp,aarav.vohra,Aarav Vohra,2024-02-17,,0
e4996e85-68c1-4db5-ab6b-82491bf06782,a0b2e389-447f-4946-aaae-96dc8f928def,Twitter,aarav_vohra881,Aarav Vohra,2020-06-24,76,0
783889dc-c66d-4c3e-89fa-f2af56db490a,e4010384-07c4-4d81-949e-736705cb2d90,Facebook,vaibhav.sandhu399,Vaibhav Sandhu,2019-06-09,284,0
138051ff-fb35-414f-9e76-4fe1235935a7,e4010384-07c4-4d81-949e-736705cb2d90,Twitter,SilentSir566,SilentSir566,2020-11-12,98,0
1f084a97-59b7-4b4a-9c49-4b15d78ff03d,94516e6d-f485-41a5-894e-e76411f5cfd2,WhatsApp,krunal_sandhu753,Krunal Sandhu,2021-06-03,,0
ccb4ff53-48de-4445-913c-c6f8bb2054b6,0910e46c-ab9a-40dc-8582-da13d896490a,WhatsApp,anil.brar324,Anil Brar,2016-10-12,,0
0f7c94e5-aabc-4e17-a994-34b63e1d54f9,0910e46c-ab9a-40dc-8582-da13d896490a,Facebook,anil.brar,Anil Brar,2023-03-17,78,0
797f1e49-ba28-4327-b522-f686d01295c7,036484c0-7073-4f7d-96f0-9d0dda8c0830,Twitter,RoyalStar74,RoyalStar74,2017-02-01,250,0
117ebf5f-0833-4d2f-a1f1-822d685786de,365d98c7-5be7-435e-bbae-6e9408ec99fc,Instagram,atharva_brar540,Atharva Brar,2017-01-19,148,0
8d8921a5-0267-42ba-9b1b-373c4d6b6f2f,e0b2c474-05fc-4a41-99d8-f9d2a4f59b15,Twitter,aarush_joshi,Aarush Joshi,2020-12-04,390,0
fda82213-5c31-454d-834c-bd8b39c5266c,e0b2c474-05fc-4a41-99d8-f9d2a4f59b15,WhatsApp,aarush.joshi135,Aarush Joshi,2017-12-04,,0
690c23bc-7417-4783-a8f8-775a4861bb3b,e0b2c474-05fc-4a41-99d8-f9d2a4f59b15,Instagram,aarush_joshi106,Aarush Joshi,2021-09-18,312,0
0f0399d9-49be-4518-be2c-2dc89ea0216a,c2e906a2-8054-4d36-ae64-498a6d228acd,Instagram,lakshman.rao,Lakshman Rao,2018-11-22,269,0
7b527f63-01b1-4bad-b278-19c2fd57df94,c2e906a2-8054-4d36-ae64-498a6d228acd,Twitter,lakshman_rao,Lakshman Rao,2024-01-14,270,0
93979df8-bb06-4a84-ae87-f3a36f954075,f2695f78-c3b4-4285-937d-14c51fe2ecc0,Twitter,tarini_sharma335,Tarini Sharma,2023-12-09,71,0
162d6511-a7ae-403d-b310-a7af8cb81c5a,bc53cc23-3113-4b36-91a0-845bb33e8f55,Instagram,vrinda.oberoi142,Vrinda Oberoi,2015-01-08,705,0
5d195afe-a6e2-40f8-9948-5340c8c24fc9,bc53cc23-3113-4b36-91a0-845bb33e8f55,Telegram,RealEagle339,RealEagle339,2018-11-04,,0
16865620-b895-42cd-bd96-139da3ec65e4,a5ae5e74-58f0-41c4-a661-a7d6740a7ed4,Instagram,tanmay.sheikh266,Tanmay Sheikh,2024-06-12,193,0
a386a8bf-aa9c-431d-8bd9-67d2db6fa505,2a0fc983-2196-4f12-8630-2ebaeeccb756,Telegram,ashish.oberoi,Ashish Oberoi,2020-02-13,,0
9fcdace7-eee2-46ae-a944-6482384ee158,2a0fc983-2196-4f12-8630-2ebaeeccb756,Twitter,ashish.oberoi3263,Ashish Oberoi,2021-03-14,122,0
6bd0c92b-15e3-4908-bde0-f1cdc4de153e,527acfb6-d569-437a-93dd-9ffe15d94950,Facebook,SilentWolf580,SilentWolf580,2019-07-30,623,0
3fb6c996-d25a-4a0f-98bc-7a4ebdf1fb6e,f838506b-3505-4556-8b85-9a857869ed03,Facebook,manjari.kamath,Manjari Kamath,2021-08-01,154,0
d499f2c2-5a67-4022-99bf-4a5c359e29fc,f838506b-3505-4556-8b85-9a857869ed03,WhatsApp,manjari.kamath575,Manjari Kamath,2023-03-03,,0
a526f4b2-e361-494e-93d9-f4a6f613e91a,42264fbd-e6e7-47a8-9897-1ac8b15c07f2,Twitter,chetan_kamath532,Chetan Kamath,2018-07-22,670,0
7b602f05-af8f-458e-a498-19dc0a060c58,66608c82-c95e-449d-8483-39e9876092a0,Twitter,pallav_patil171,Pallav Patil,2015-09-30,377,0
5aa31b1d-a9da-4640-8a32-e011ad86f041,66608c82-c95e-449d-8483-39e9876092a0,Instagram,BigTiger985,BigTiger985,2019-12-29,10,0
04cec55e-cfcb-45dd-bf4d-4e6dc08704b3,66608c82-c95e-449d-8483-39e9876092a0,WhatsApp,pallav_patil793,Pallav Patil,2016-09-07,,0
398bbb2c-0bb7-4c65-b785-6d0186f69440,4e7651fa-c02e-4975-bb70-adc930205277,Twitter,PrinceBhai25,PrinceBhai25,2018-09-14,501,0
dc2f10ba-af55-427c-b1eb-aed97e39f038,4e7651fa-c02e-4975-bb70-adc930205277,Facebook,RealBaba748,RealBaba748,2024-07-08,381,0
a1a051be-1d9d-4de7-a3e0-d8da458080d2,7687600b-959e-4487-a3a7-959d6372507d,Twitter,PrinceEagle,PrinceEagle,2024-04-06,419,0
351fa964-4594-4241-8321-ddaad5406ebb,6180b099-5e5e-4247-9219-81bf4309f50f,Telegram,ShadowPanther499,ShadowPanther499,2017-07-07,,0
849a0a5d-e1f3-43ae-9291-2097064291df,cdaf9c5b-f993-46eb-88fb-56494817caf5,WhatsApp,karan.sundaram746,Karan Sundaram,2020-03-13,,0
b8c8b29f-00b6-4cc7-a78e-b33f99e1cafc,cdaf9c5b-f993-46eb-88fb-56494817caf5,Facebook,karan.sundaram,Karan Sundaram,2023-10-02,209,0
48a51a1d-50a1-4d2e-b3b8-f54a32273a23,20035217-804f-4244-938b-6dcdc1b2df96,WhatsApp,vidya.more245,Vidya More,2018-05-28,,0
fca62155-489f-4c53-9dde-3679086daa46,20035217-804f-4244-938b-6dcdc1b2df96,Facebook,vidya_more488,Vidya More,2023-02-07,253,0
1db00c8e-c453-4259-819c-34349d1888e2,b15ad228-a32d-473e-bae4-4b97bf0674fc,Facebook,ChiefWarrior,ChiefWarrior,2020-05-05,469,0
8d7def91-5cc9-4d76-a012-38e09502ae6e,b15ad228-a32d-473e-bae4-4b97bf0674fc,WhatsApp,ChiefKnight,ChiefKnight,2016-03-05,,0
47f36f1d-d88b-48a9-9952-5184ad691660,b15ad228-a32d-473e-bae4-4b97bf0674fc,Twitter,tarun.senapati252,Tarun Senapati,2018-02-14,412,0
30a56e73-1701-4967-bf89-81f6c6e5efe0,9e91566e-547b-4a3e-bf4f-93b2009cf7a7,Twitter,dharmesh_senapati278,Dharmesh Senapati,2015-10-07,443,0
e63a8b43-22c3-45cf-82be-39a7be57a242,9e91566e-547b-4a3e-bf4f-93b2009cf7a7,WhatsApp,dharmesh.senapati,Dharmesh Senapati,2015-11-22,,0
fff17bfb-9f6c-4727-8ccb-0f2db80ec2a6,abc5ab19-c7e7-4c37-9d41-c45340e95ead,WhatsApp,naresh_senapati,Naresh Senapati,2021-04-26,,0
6b47585d-89e3-4c8f-9aeb-031aaf4e4264,bbe223dd-54f5-4b81-bb1c-a1081fb54155,Twitter,vishnu_khatri963,Vishnu Khatri,2017-03-01,421,0
d0b4a920-8f5a-47a6-aeaa-b08434597df2,6a1283af-84b5-4565-a0e7-97130cd549b6,Facebook,parth_dasgupta432,Parth Dasgupta,2020-11-27,283,0
8caeaf05-ee2a-46d0-9898-17454692ff8f,aaceacbf-d61d-4620-ab46-83087aaa29d8,Twitter,vikas_pandit,Vikas Pandit,2018-07-29,431,0
8b93ced9-4fa8-4903-8185-eb3fa069c6f6,161c6207-8a06-40d6-8b33-a89d9df56019,Facebook,dhruv.pandit648,Dhruv Pandit,2017-12-03,99,0
c36bf990-8fa5-4e76-9cd5-6ab75714e354,161c6207-8a06-40d6-8b33-a89d9df56019,Instagram,dhruv.pandit459,Dhruv Pandit,2017-09-16,583,0
c4a2ea36-5bd0-48b7-9c61-da97cac140e7,02d32b3c-04cd-4db2-87d1-eaea9c739f75,WhatsApp,nilesh.rahman,Nilesh Rahman,2020-05-20,,0
3ec73a85-0a37-49c6-b8a3-1ee0864487c8,02d32b3c-04cd-4db2-87d1-eaea9c739f75,Telegram,LittleDon892,LittleDon892,2021-08-09,,0
21623e62-95aa-40c7-9242-bad4f3342071,02d32b3c-04cd-4db2-87d1-eaea9c739f75,Twitter,SilentBaba883,SilentBaba883,2024-03-10,554,0
a99f28d3-9fe0-4c00-99ac-800beefe1ee6,d131ae7c-bda2-4345-955c-d52d07ba9628,Twitter,LittleBhai114,LittleBhai114,2020-07-09,609,0
a184b086-0596-49f9-8c2a-58ee4e2f7f80,29e44cfd-7d35-4a04-ae90-6fdf73acc416,Facebook,ShadowBhai52,ShadowBhai52,2019-01-15,506,0
2045a0e6-d5fa-4116-9934-2e05e1f1fcff,9e06fe90-cc0f-4d29-a333-71db6bb4e93b,Twitter,chandra_sidhu468,Chandra Sidhu,2017-05-29,311,0
25c969ad-6660-429d-807c-54763366daa0,9e06fe90-cc0f-4d29-a333-71db6bb4e93b,Instagram,chandra_sidhu979,Chandra Sidhu,2021-11-02,348,0
beb87f00-f078-423c-938b-7db1dbad4432,2b92dc90-26ff-4b25-bf43-9b155def5ad9,Twitter,meena_kelkar,Meena Kelkar,2022-08-14,814,0
a598386a-a7b8-4c0b-918a-8f05e1e449a9,825b63c0-8024-4b8e-ad8b-ddd86a46aade,WhatsApp,vinay.naidu724,Vinay Naidu,2023-03-31,,0
82338c11-caf6-439d-a871-fef96085280d,b2529da0-eb36-46da-af28-d4fa4be0d1fa,WhatsApp,narmada_behera,Narmada Behera,2021-10-30,,0
26494f37-b36c-4329-aef0-ff46b2bb4ee8,b2529da0-eb36-46da-af28-d4fa4be0d1fa,Twitter,narmada.behera400,Narmada Behera,2017-04-27,30,0
81cb92bc-4e9f-439e-8b09-81c297bce0c7,b18f2195-fcf3-41ca-8018-a6fdb26f816e,WhatsApp,anjana.nair,Anjana Nair,2021-04-28,,0
5c820b43-f55e-4a1f-a3ba-f6ee53a64396,8c882969-3001-466c-af7c-b7b2591a2d92,Instagram,rohan_naik,Rohan Naik,2017-12-08,410,0
b8b565d1-d4c9-463f-9525-d05a46b9752f,8c882969-3001-466c-af7c-b7b2591a2d92,Telegram,rohan_naik719,Rohan Naik,2017-10-15,,0
0428d1bf-0390-4ecf-8433-dfcffb64ba61,8c882969-3001-466c-af7c-b7b2591a2d92,Twitter,rohan.naik901,Rohan Naik,2016-09-21,603,0
4094d38a-ba3d-4c3e-ad5c-299ceb3c5288,62315156-5532-40e8-b8ee-9779414a9ef3,Telegram,LoneHunter,LoneHunter,2017-12-13,,0
267b6952-1f65-4534-b1e3-9e5711a5208a,62315156-5532-40e8-b8ee-9779414a9ef3,Instagram,ajit_verma,Ajit Verma,2023-08-22,18,0
2e4b7438-132d-4d01-8966-5e4c4b6ae92f,ba5cc659-476a-47fb-82eb-b6c627de48b3,Twitter,jagdish.gaikwad994,Jagdish Gaikwad,2021-03-24,86,0
dbe3bafe-48d2-4adf-b38d-96d1e955ba38,adf16393-c7a6-4f42-8b5e-3db642c8a568,Facebook,uday.gaikwad,Uday Gaikwad,2016-05-14,251,0
3af5201a-6845-4b92-a372-72f6701deeeb,56d83d91-02ed-4428-a8d4-eac94031d5b7,Twitter,vinay.gaikwad890,Vinay Gaikwad,2017-01-09,230,0
5cfa0887-574e-4981-b27e-4ea10ae2dc55,56d83d91-02ed-4428-a8d4-eac94031d5b7,Facebook,vinay.gaikwad478,Vinay Gaikwad,2017-03-18,502,0
50ac820e-e622-435a-8a0e-07c53aa1e723,9bfb83ac-4338-41a1-b26f-687bdfee0cf9,WhatsApp,vikas.gokhale679,Vikas Gokhale,2024-07-24,,0
9cac7681-9b14-4f16-b6c4-1b7f6de77261,9bfb83ac-4338-41a1-b26f-687bdfee0cf9,Telegram,vikas_gokhale809,Vikas Gokhale,2024-06-20,,0
fbea01f5-198c-4741-b0a0-5410de80e8bd,b1b779b4-5091-4564-805b-d31ec6cfe9f5,Instagram,bipasha.gokhale,Bipasha Gokhale,2021-05-14,371,0
84ea914f-0edf-4b44-98ec-92b062d633a5,b1b779b4-5091-4564-805b-d31ec6cfe9f5,Twitter,bipasha_gokhale,Bipasha Gokhale,2016-09-24,191,0
6ccb973b-c721-4e8f-8497-e9a4b6cfb8e9,a4ad408f-0973-4f17-9bd6-5f598a9c5a41,Instagram,rajiv_panicker,Rajiv Panicker,2024-03-22,371,0
5e955619-9093-43a1-b890-f0543bee49fa,55c7e73b-4bbd-4d2d-a932-913744d8a3ea,Twitter,jyoti_parthasarathy966,Jyoti Parthasarathy,2016-03-22,87,0
d56ca9eb-f657-41e8-829d-7d5940b2f7be,cb7a749b-fa92-4836-9041-667db6a80d37,Instagram,shankar_parthasarathy544,Shankar Parthasarathy,2023-08-02,245,0
5da6c197-8c1c-45ab-9afe-6a8820775a5d,cb7a749b-fa92-4836-9041-667db6a80d37,Telegram,shankar.parthasarathy114,Shankar Parthasarathy,2018-01-01,,0
c546343a-cd55-4385-8f27-65d95354dc34,206e62b7-2142-494b-81be-c598b86ae658,WhatsApp,DesertHunter288,DesertHunter288,2024-07-17,,0
e9955b76-3b9e-45d1-bc47-db1964d73023,e228f70b-f4ba-49b3-b3b9-7c2d9105f2cc,Twitter,yash_parthasarathy449,Yash Parthasarathy,2015-12-17,315,0
643e6efa-4556-4df5-b4dc-1f1e1d431b63,19538c5b-abb6-4310-934d-acd94ad76432,Facebook,ajay.pandey,Ajay Pandey,2018-06-24,552,0
5ff8a1e9-6e43-4f74-8e7d-9e993cf52f9c,19538c5b-abb6-4310-934d-acd94ad76432,Telegram,ajay_pandey625,Ajay Pandey,2017-03-08,,0
fc6496a7-7f0d-4c87-b9c8-d65b525a322e,3824d6e6-6a09-494c-b598-b43f0acedc19,Facebook,ravi_narayanan342,Ravi Narayanan,2024-01-07,182,0
a97eeec4-2553-4361-9ca9-4f1fa7326a14,3824d6e6-6a09-494c-b598-b43f0acedc19,Telegram,ravi_narayanan,Ravi Narayanan,2024-02-29,,0
96401827-d5e3-4466-bc8e-06d1b841bbaf,d6f3793a-5b8e-45ed-b2ce-b01f0ceffea3,Twitter,aadi.narayanan688,Aadi Narayanan,2019-10-10,478,0
ed341252-c186-4236-b5d3-c79e3b8b5bd6,d6f3793a-5b8e-45ed-b2ce-b01f0ceffea3,WhatsApp,aadi.narayanan363,Aadi Narayanan,2015-06-20,,0
9bf1d705-c701-4ecd-8c8d-87d20fd41935,ba17b826-5d57-4eaf-9f44-6207f6f5c104,Facebook,shailesh.narayanan,Shailesh Narayanan,2023-04-28,409,0
9e4c1481-2da0-4e2f-9c18-99efb5cd9639,ba17b826-5d57-4eaf-9f44-6207f6f5c104,Instagram,shailesh_narayanan,Shailesh Narayanan,2015-09-10,90,0
0d7d4441-00c5-4417-84ee-ac55c519fd88,d38b4c7b-07f2-4d42-b1c9-2ce4aa58d814,WhatsApp,indu.more898,Indu More,2017-02-28,,0
dd12ae35-38fc-4961-92d9-2b23d6b31725,dd685174-79f5-41c4-aae0-359e85ce3bf4,WhatsApp,yogesh_bhardwaj455,Yogesh Bhardwaj,2023-03-25,,0
bf62729d-6e88-49f9-9ce0-a893c6eea0b7,dd685174-79f5-41c4-aae0-359e85ce3bf4,Instagram,ChiefHunter776,ChiefHunter776,2021-08-16,444,0
9b16f821-c475-43c2-ab20-fa3d8e27d088,350bb542-e27a-4b06-8d0d-59a89b7aee0d,Instagram,reyansh.dubey602,Reyansh Dubey,2015-09-04,73,0
9c2b8b1f-505a-42d1-9db3-061f9d05075c,d24a0454-0ea7-4723-a04e-8a885e6806fd,WhatsApp,rohini.goyal,Rohini Goyal,2020-08-13,,0
3fe04dbf-f3e7-4460-9260-ee0220a8df2b,064b6d4b-a2f0-4c7b-ab20-06ef150cdd64,WhatsApp,amar.goyal384,Amar Goyal,2023-08-12,,0
9a47c736-84f5-421e-9ed2-3af69087a3ad,064b6d4b-a2f0-4c7b-ab20-06ef150cdd64,Facebook,amar.goyal8,Amar Goyal,2017-01-29,146,0
bb0aa35c-da66-4102-ba69-0095b3edecda,064b6d4b-a2f0-4c7b-ab20-06ef150cdd64,Twitter,amar.goyal,Amar Goyal,2019-12-27,338,0
248432fc-69c6-4f95-9c8f-f3424759a2cc,cf865f6e-eb7f-4aa2-8d15-965cca44e970,WhatsApp,karuna_goyal121,Karuna Goyal,2018-04-26,,0
cc401f9b-0769-4414-8f3a-8517b22a93dc,cf865f6e-eb7f-4aa2-8d15-965cca44e970,Telegram,ShadowSir837,ShadowSir837,2022-09-05,,0
a886737a-26b9-4fa5-918c-09243d2d66de,80da745f-cc99-4767-9335-74f9ecd36697,Facebook,vihaan_sethi,Vihaan Sethi,2016-07-16,785,0
d098c998-d49c-4504-8c5e-bf6e85c1e047,32b159f3-f478-46d6-aa6a-03021686627b,WhatsApp,omkar_sethi,Omkar Sethi,2016-01-22,,0
99cea68a-a166-47fa-8f41-f4e1ac976638,130735e0-f344-47b9-8b46-af6035701d4f,Twitter,CityStorm,CityStorm,2016-02-07,88,0
956a243d-9ba9-4f89-8ce9-409e15e9b95b,130735e0-f344-47b9-8b46-af6035701d4f,Telegram,arun_sethi731,Arun Sethi,2018-08-18,,0
06484f2b-e5a3-49ed-9c41-f561d3c22f3a,5bcb225e-4890-467c-bc95-b8356508649d,WhatsApp,BombayKnight848,BombayKnight848,2017-03-15,,0
5a40f182-e938-409f-a9de-f270dc457e99,3e42409b-e1ab-442a-9ffd-c75a3f7ddc96,WhatsApp,RealStar4,RealStar4,2015-04-26,,0
68ec2807-9a68-4d1a-8d8f-dc71a9657ec3,86f3c9eb-4912-4dd6-af68-1e929bab1262,Telegram,deepti.rao661,Deepti Rao,2022-01-20,,0
e575493c-31ea-42b8-b1da-50dbd2dd3f15,86f3c9eb-4912-4dd6-af68-1e929bab1262,Twitter,deepti_rao476,Deepti Rao,2018-10-09,155,0
5149491e-f6c2-4bbf-a25f-f47aa82e727f,f5e98cfc-0637-4ac1-b4b7-7865fb87f581,Facebook,sandeep_rathore,Sandeep Rathore,2022-08-01,352,0
aef3b3d2-d9e4-4464-aafd-4331fbb950a6,7366e568-4398-4b37-9f30-29a30e0ca7ae,Instagram,aadvik_rathore497,Aadvik Rathore,2020-05-06,164,0
526ad96f-1b7f-48a5-ad10-a5c8362badbd,1edcdcff-eff3-4399-b490-6ece1fd0a750,Telegram,devesh.rathore191,Devesh Rathore,2021-04-07,,0
3e23aace-773d-4ba5-97a5-5e1b4bd0fb0a,ea5f533b-5ef0-4f60-ae0d-7e745db84883,Telegram,milind.chowdhury322,Milind Chowdhury,2016-02-13,,0
32aee2ae-e2ef-4ae7-a796-70e50f5715d0,ea5f533b-5ef0-4f60-ae0d-7e745db84883,WhatsApp,ChiefDon755,ChiefDon755,2017-08-22,,0
bfdd7a75-5585-483f-8165-8194871fcd78,a793e939-08ab-48db-80ae-c1ce525cdf6d,WhatsApp,LoneStar,LoneStar,2017-04-26,,0
99f571e4-47f3-4055-b6c4-31c09ad2a674,a793e939-08ab-48db-80ae-c1ce525cdf6d,Facebook,meera.chowdhury447,Meera Chowdhury,2020-12-12,275,0
0a3bb3a7-8553-460c-9ad6-50882d635f98,a793e939-08ab-48db-80ae-c1ce525cdf6d,Telegram,ShadowHunter,ShadowHunter,2022-01-08,,0
c7010e94-bda2-4aef-92ac-54531efe968c,ce37271e-43b4-4208-871f-681683f7114e,WhatsApp,tanuja_mohammad266,Tanuja Mohammad,2022-03-18,,0
685ed852-559e-4f49-9124-fb39cd8359d1,6c07003f-9a1a-4dd9-b4f2-a697db1c9e5d,Facebook,darsh.mohammad,Darsh Mohammad,2018-07-31,10,0
6f07c2c2-00d0-44e4-8172-18ec50c74d23,6c07003f-9a1a-4dd9-b4f2-a697db1c9e5d,Twitter,darsh.mohammad961,Darsh Mohammad,2016-12-25,753,0
b904f708-1dd9-4ac8-b086-7f0616360719,926b4e17-acbc-4e43-94dc-d944ded67120,Twitter,BigChief29,BigChief29,2019-11-29,66,0
679308b4-4019-4382-8156-fcf29de08321,926b4e17-acbc-4e43-94dc-d944ded67120,Facebook,vivaan_jaiswal,Vivaan Jaiswal,2023-03-04,349,0
84606e42-30cf-4d25-9a15-7c7a2a88f08e,1f65d744-3aba-46f0-a383-91348dbc4a37,WhatsApp,StreetFalcon368,StreetFalcon368,2023-11-29,,0
b42821dd-c51b-4b32-b4dd-a8f032f29e91,012bd782-f3ea-4ed4-8482-37d110afbbdf,Instagram,pravin_unnikrishnan539,Pravin Unnikrishnan,2017-03-09,574,0
452ad3f6-72c2-4e32-a9d6-a35b4a6dac17,37772833-f9b3-473f-afdb-dcde86603a27,Twitter,prakash_unnikrishnan904,Prakash Unnikrishnan,2016-10-27,109,0
bb0e14cc-656d-478a-a736-72943fa4430c,e3777799-64be-43f5-9308-ccb2cafd2ab2,WhatsApp,ChiefStorm317,ChiefStorm317,2015-11-19,,0
d0036add-d415-456c-9380-d17f7a6fc3a6,feca4f5c-c32a-4157-8300-3e7af6681044,Instagram,krunal.pawar516,Krunal Pawar,2015-07-26,675,0
a40d5cb9-338b-4fbf-9e2a-b695c5bd8b45,d129c457-7ae1-4869-85c5-bcca98aca9d6,Facebook,suresh.suri,Suresh Suri,2019-03-20,69,0
cd4a3166-6a87-48db-88a6-cd6950218ff8,d129c457-7ae1-4869-85c5-bcca98aca9d6,WhatsApp,suresh.suri558,Suresh Suri,2023-07-22,,0
360c6f6a-0c20-40da-a024-86b817038a74,81d6d00c-25cb-41fe-95f5-b9b2e0a2945f,Telegram,ananya.gopalan827,Ananya Gopalan,2018-04-11,,0
ee7837f5-5baf-48be-b717-e78faa65dc06,254a9a8a-adde-4146-baea-32d3df313e14,WhatsApp,mukesh.tiwari,Mukesh Tiwari,2021-08-11,,0
e84972a6-f4ab-4e5e-baa3-774ae42aedc3,9e5d6672-3c18-41cc-85eb-a6f80e562b31,Facebook,rajan.tiwari947,Rajan Tiwari,2016-07-16,369,0
5acca263-e6c1-47aa-a6f0-58e9bcd27c81,51892fa5-d23b-482f-98aa-5dc3e3dda075,Twitter,BengalTiger177,BengalTiger177,2017-02-16,169,0
673bc10c-7c40-4e5f-8e58-6a276da1081f,1129e843-7fc0-4872-8a26-186679b4dc1b,Instagram,pranav.tiwari327,Pranav Tiwari,2024-02-10,228,1
88a6dc02-517c-47a8-a820-ec5c52785845,1129e843-7fc0-4872-8a26-186679b4dc1b,Twitter,PrinceStar,PrinceStar,2021-10-27,666,0
e735fdaf-695a-4005-b993-0e6ae4d383b9,90647d39-acf2-4630-ae9b-3e38886b3d7b,Telegram,piyush_goyal11,Piyush Goyal,2021-03-24,,0
39c29442-5817-4ba0-9ed0-85ca3f9d2c22,90647d39-acf2-4630-ae9b-3e38886b3d7b,Twitter,PrinceWolf197,PrinceWolf197,2017-09-22,242,0
84f81ab6-4b75-4ab6-a1e3-f5f70e000e85,6f0fd9d3-8825-4c20-bc6a-0c8ec811ea91,Telegram,manoj_sundaram161,Manoj Sundaram,2015-12-09,,0
11fcbb40-7085-4a57-9a16-06a49c50bdbd,aab5c2e2-b556-4c00-9b8c-f2c20a703c96,Telegram,krunal.shah594,Krunal Shah,2022-09-26,,0
c662d488-4b66-4f9f-a7f7-f8a10f1de9cc,aab5c2e2-b556-4c00-9b8c-f2c20a703c96,WhatsApp,krunal.shah432,Krunal Shah,2017-10-23,,0
c6ff65b5-a892-44af-9833-f13c8f427528,0b8dd6d3-22bb-47a0-808c-b63a0a1aa0ae,WhatsApp,mohan_sinha,Mohan Sinha,2015-08-11,,0
4a8507c8-f729-4e06-8a2f-1bcdf87114dc,1326a38b-40ff-41e5-87a2-6ab98d48730a,Telegram,shivansh.prakash70,Shivansh Prakash,2022-10-31,,0
b7bb0048-5a97-415d-a815-7e5270009f1f,63c218e5-a8d7-4156-916b-0ac94511fe49,WhatsApp,LoneRider,LoneRider,2017-09-01,,0
34315e0d-2f33-4383-9a31-9d81b5e752d7,63c218e5-a8d7-4156-916b-0ac94511fe49,Facebook,ShadowPanther971,ShadowPanther971,2024-05-27,240,0
2a66270e-5968-42dd-b01a-776c7b8d450a,63c218e5-a8d7-4156-916b-0ac94511fe49,Instagram,DelhiStorm,DelhiStorm,2019-09-11,366,0
8c975b41-f313-4423-b38f-a02f9cc10060,832a7f11-2e9d-4a38-91a7-9df94f288eff,WhatsApp,ChiefPanther606,ChiefPanther606,2019-09-04,,0
2e160cb2-6d2c-4cdf-ac20-c1c443f45092,8674dce0-2971-4326-afc6-37a9c0dc4be5,Facebook,BigKing641,BigKing641,2016-10-20,480,0
032ec176-5fa0-49d2-883f-beb1e343c47b,0b49380e-ef82-4cac-a02c-86c38e38c513,Instagram,BengalDon843,BengalDon843,2017-03-22,192,0
a78adabe-7117-4fd7-83c6-52f6ad5b15db,e4508071-65b2-4f09-95d2-71fc5df1b967,Facebook,LoneKing616,LoneKing616,2017-11-17,47,0
b819dccb-b9c4-4394-b319-58d4ee41e80a,33824001-fe02-4217-b31a-d965654a2d66,Telegram,ritu_garg,Ritu Garg,2020-05-20,,0
37544bb1-707c-4af5-8080-4972e4fc9e6c,fe23bf1a-8c7f-4ce5-bf1d-7b53804dd17d,Instagram,ShadowBoss294,ShadowBoss294,2016-04-16,247,0
4f311a2f-366e-4666-ac1f-9ee6e464faac,fe23bf1a-8c7f-4ce5-bf1d-7b53804dd17d,WhatsApp,MidnightSir,MidnightSir,2022-03-09,,0
3ae5f9fd-35bd-4f46-a476-94a1a502e086,fe23bf1a-8c7f-4ce5-bf1d-7b53804dd17d,Twitter,LoneRider5495,LoneRider5495,2016-01-20,264,0
c5d55a88-cb64-4360-921f-24948b9b6edc,02131cae-05b6-48f4-91ac-13a2087cf17b,Instagram,aanya_mukherjee,Aanya Mukherjee,2019-08-16,453,0
80d04e7c-60a2-4f0b-bcf2-ece919e784f6,02131cae-05b6-48f4-91ac-13a2087cf17b,Twitter,aanya_mukherjee180,Aanya Mukherjee,2018-06-04,654,0
e7c9db48-a609-4d04-a1d8-dc90d9e83628,bc84909a-49d0-4807-a336-6267a3bfcd8e,WhatsApp,SilentBhai445,SilentBhai445,2015-10-02,,0
75f92843-0cc3-4039-b2ef-bd744ea3503b,62d68a1e-0050-40e7-a697-f5b341add54f,Telegram,vihaan_singh379,Vihaan Singh,2018-12-03,,0
1fab2900-63ba-4f6c-af1f-5efbcf457e42,ab128c37-62b3-4a8d-8c3b-029145f00505,WhatsApp,StreetBhai691,StreetBhai691,2019-10-31,,0
1f852368-ca98-47ea-9adc-c74adeb9335c,4fa35cef-6f98-4ed5-b763-3eb779c41507,Facebook,ajay.prakash49,Ajay Prakash,2019-01-31,151,0
9dddfaa3-6ed9-4fcf-8f83-d6777d7ac986,9b4e88b4-77b3-4882-8c33-0051f58d3ce4,WhatsApp,RealKnight,RealKnight,2021-03-28,,0
d23cd6df-cefa-436e-8e1a-d17507b4a7fe,0a9885f7-d5d7-41b3-9203-7fdad11eac77,WhatsApp,SilentPanther816,SilentPanther816,2016-07-03,,0
c262f434-6df1-4049-9dc4-06a916a19b56,0a9885f7-d5d7-41b3-9203-7fdad11eac77,Facebook,StreetTiger529,StreetTiger529,2018-09-01,352,0
1238e5f1-d9f1-4f52-b4ac-f4b42746a741,735b7692-768a-477f-9084-61285d2d750f,Twitter,madhuri_thakur,Madhuri Thakur,2018-07-12,513,0
7684662a-b5e6-43a3-95ec-5e7c580879d7,735b7692-768a-477f-9084-61285d2d750f,Facebook,IronBoss765,IronBoss765,2023-08-20,382,0
89d50a33-6c7b-4034-8d74-5d75012a25c6,f9fb179d-4f08-4110-b38b-4dc16749cd59,Instagram,dhanush.rao810,Dhanush Rao,2016-09-10,53,0
6a2d5d8b-e660-4533-8131-63b5b23b3539,f9fb179d-4f08-4110-b38b-4dc16749cd59,WhatsApp,dhanush_rao823,Dhanush Rao,2016-02-06,,0
fe8b5aa2-42f4-4c9c-addf-857537a14b79,e3391adb-1634-42ca-9257-1368fbf3fdab,Instagram,ira.agarwal256,Ira Agarwal,2020-04-30,376,0
ba3ffdbb-1340-4581-aab4-99d87c9ef20a,e3391adb-1634-42ca-9257-1368fbf3fdab,WhatsApp,LittleKing546,LittleKing546,2022-01-11,,0
522275e8-a8b2-4d4a-827f-f3520d3e6bef,3d8a7250-d534-434f-ae00-6055e418cad8,WhatsApp,poonam.bose,Poonam Bose,2020-06-18,,0
f48b4ef2-f0ab-43de-b5dd-7c0956c0597b,3d8a7250-d534-434f-ae00-6055e418cad8,Facebook,poonam_bose601,Poonam Bose,2021-03-22,503,0
ff529d1c-f3f4-45e0-8104-4ca4bf7e485f,364b2ffc-1f61-4f75-b2a9-e62bff4dde82,WhatsApp,waheeda_chopra985,Waheeda Chopra,2018-10-08,,0
0bc38a69-630b-491b-9b7b-b5761f2a4427,8e67f739-b948-4323-87be-fbb43c956d26,Instagram,smita.warrier403,Smita Warrier,2016-12-09,54,0
1d8113a3-b450-4dc5-beb6-061e965a5753,8e67f739-b948-4323-87be-fbb43c956d26,Twitter,smita.warrier819,Smita Warrier,2017-05-11,151,0
3dd7d8c6-a4e7-4ff9-9d07-5cef4d6fc586,8e67f739-b948-4323-87be-fbb43c956d26,WhatsApp,smita_warrier586,Smita Warrier,2017-06-29,,0
c4379443-9fed-4c6e-8a0b-d4ff07cade52,88b8ce01-e7bf-427e-9595-c5bfcbabe267,Telegram,DelhiHunter39,DelhiHunter39,2020-06-16,,0
51688344-f5ed-4ab9-9b91-53e814fc8a70,6a1dcf18-6c4f-44c3-a14b-752c80221fe0,WhatsApp,shraddha.choudhury198,Shraddha Choudhury,2016-10-08,,0
5b1454b3-6ad2-46fa-9bb9-36878154404a,6a1dcf18-6c4f-44c3-a14b-752c80221fe0,Twitter,shraddha_choudhury119,Shraddha Choudhury,2024-06-11,151,0
7be45253-24ee-46b7-95df-0138c3a04b29,7d962261-13f4-41e9-ae30-d1c184907186,Twitter,CityWarrior425,CityWarrior425,2022-05-13,78,0
1189945c-b2d9-4d08-84ad-27d2b105f46a,7d962261-13f4-41e9-ae30-d1c184907186,Telegram,StreetKnight,StreetKnight,2018-05-03,,0
5d8d09de-6ecd-47fd-a615-276da3a547b7,7b825ae9-8156-43f6-80de-f64ec7ebaadc,WhatsApp,parth.nambiar,Parth Nambiar,2018-06-14,,0
c95dfbd0-aa23-476c-8858-78985b0a465e,7b825ae9-8156-43f6-80de-f64ec7ebaadc,Instagram,parth.nambiar5921,Parth Nambiar,2015-08-01,768,0
111667cb-439c-4bc0-b8bf-f105c5f62e50,05561b10-d7a9-48d8-92d5-ae14c0ecf618,Facebook,riya_nambiar,Riya Nambiar,2017-05-27,806,0
7a40fced-9cc9-485a-83be-aa9966cd4241,1c055253-9ac9-419b-8d37-0734dec8e811,Instagram,RealDon818,RealDon818,2016-03-16,569,0
a77dd888-8612-43cd-a493-f19b4fbd1b9e,f4f2fbf2-54c4-4f86-ba7f-90cbb66f6c7b,Telegram,usha.bhatt,Usha Bhatt,2024-04-19,,0
bf91cfe6-0184-48c0-ad57-c033212dc704,780380a3-fe83-4fb6-980c-cab0208c14fb,Instagram,SilentTiger115,SilentTiger115,2019-06-15,481,0
bee741cb-2d6f-44fb-882c-0107ea88f7bc,780380a3-fe83-4fb6-980c-cab0208c14fb,Twitter,mandakini_kaul125,Mandakini Kaul,2020-10-17,90,0
ffee94a7-e030-4637-aa11-b9161005e4d8,780380a3-fe83-4fb6-980c-cab0208c14fb,WhatsApp,mandakini_kaul,Mandakini Kaul,2020-07-09,,0
44e604c4-b5f3-409f-b518-a142d10a5d61,43d6d5e5-4069-49b1-adf2-92508b4c5713,WhatsApp,LittleLion,LittleLion,2018-06-11,,0
dd0edfcf-b346-4a51-a3ce-429ea443f970,6f3dbfb7-c824-4f39-ac28-8e4af871f805,WhatsApp,aarav_ghosh600,Aarav Ghosh,2023-07-04,,0
32901e5e-794b-4bed-8352-9ae79441a131,6f3dbfb7-c824-4f39-ac28-8e4af871f805,Facebook,aarav.ghosh750,Aarav Ghosh,2023-09-13,68,0
e2faef5a-531c-4068-b5c9-8649f2282d6a,3d4dd561-8d8a-4ded-a61e-137e9412470e,Twitter,shankar.thakkar476,Shankar Thakkar,2022-08-14,376,0
2fa0332b-1d03-4b51-863d-1d65e8fa2452,ca5d8203-3763-4283-bd67-6c3f4f69d288,Twitter,kamala.qureshi846,Kamala Qureshi,2022-08-10,307,0
873d512a-ff6f-4cf7-a356-ccf0b1d12884,1bbda7bf-3c51-4ec5-82a1-13f67ec57469,Twitter,rahul.rao745,Rahul Rao,2024-09-29,580,0
cec98000-736a-45cd-89b2-dbb2907b4541,1bbda7bf-3c51-4ec5-82a1-13f67ec57469,Instagram,rahul.rao654,Rahul Rao,2016-12-14,191,0
c629e6d0-621a-4c31-ab81-44e3aa8230d2,81fef9a3-a9d4-43b7-a0b7-190e8957e8c2,Facebook,sneha_upadhyay166,Sneha Upadhyay,2019-12-04,222,0
12bd4fd3-a94d-41eb-a2aa-052a41d5c266,81fef9a3-a9d4-43b7-a0b7-190e8957e8c2,Telegram,sneha.upadhyay509,Sneha Upadhyay,2018-07-05,,0
cf43403d-0b46-48a3-898f-d35d43439079,81fef9a3-a9d4-43b7-a0b7-190e8957e8c2,WhatsApp,sneha.upadhyay,Sneha Upadhyay,2017-06-30,,0
53025049-40c7-4124-9f44-3d797cbbad19,1751164a-e3a8-471d-b3e1-860803509288,WhatsApp,anil.mohanty178,Anil Mohanty,2019-11-25,,0
759f87d2-30fd-46b2-8472-f66ba25540a4,0cffbdda-8ad4-40a2-bf52-cd5ad9625ade,Instagram,SultanPanther144,SultanPanther144,2017-04-24,1208,0
59ced79d-c0c9-4abd-ba4c-f6485ffe4be7,6d576452-5918-47f3-b968-60c3ce66a347,WhatsApp,veena.bhattacharya,Veena Bhattacharya,2022-02-15,,0
2156617b-b046-4472-8449-ae813f430a18,6d576452-5918-47f3-b968-60c3ce66a347,Twitter,veena.bhattacharya9658,Veena Bhattacharya,2021-04-27,409,0
84baf657-adc1-4a16-9d9d-f3476abca879,900a275e-78e3-4da0-92b6-405e6baf54d4,Instagram,aadvik_sen888,Aadvik Sen,2016-07-01,238,0
6c30722b-ef96-4fd9-b7ad-31176b1ac976,56c6e716-d5cf-457c-838f-8597efcf6574,WhatsApp,bhaskar.rahman,Bhaskar Rahman,2022-04-11,,0
c88ef312-3de7-47ab-bdc6-c1eac0b117ca,56c6e716-d5cf-457c-838f-8597efcf6574,Twitter,bhaskar.rahman9667,Bhaskar Rahman,2022-10-04,180,0
21b45c16-3de3-4dab-8da5-e8b1a59ecb20,7212d59b-94e1-4b68-8be1-1f432481708c,Facebook,karthik.rahman896,Karthik Rahman,2015-04-25,353,0
7163e57f-fc84-413f-a6de-801acd87ee09,a711e9a3-67ca-4ec5-9140-7a792b88a7f3,Telegram,deepti_mehta377,Deepti Mehta,2016-09-07,,0
93237daa-ca6d-435a-9d19-f46f969dfd08,1137e07f-71ca-42ab-b209-d56326ad6892,WhatsApp,manav_lahiri448,Manav Lahiri,2021-09-14,,0
52c35f50-88fd-4048-a8f8-0a085195edfd,1137e07f-71ca-42ab-b209-d56326ad6892,Twitter,manav_lahiri974,Manav Lahiri,2021-03-16,0,0
b542410d-59a0-4e75-bfa0-fed3c3f1b828,ee367ab8-0b32-4840-a9ef-89b096d85127,WhatsApp,gopal.ramachandran54,Gopal Ramachandran,2017-03-20,,0
f4aee999-6ec3-4b4c-a878-3b4e1ddb8035,f8bdf84c-3962-4029-8e72-77dcf524ef77,Facebook,saurabh_ahmed,Saurabh Ahmed,2022-08-08,564,0
e3fd3538-9906-4480-b483-63bc7beec8ea,de9374f9-f552-4fea-885f-b2e152b8fd66,Instagram,shreyas.ahmed31,Shreyas Ahmed,2023-12-03,808,0
0031943e-fd2b-4392-a44a-dabb835c122b,47cd2876-45e7-4a27-a41b-9058186bf9e6,WhatsApp,damini_viswanathan804,Damini Viswanathan,2022-10-28,,0
64342adb-454e-4687-b3fe-af1a753b8f32,49711e74-7614-4ca4-9934-31759b0e790a,Twitter,pravin.murthy,Pravin Murthy,2018-07-16,398,0
9ae66972-13db-483a-a764-22ef20f4b4da,40fc1aa4-08f6-4a52-b89d-07bb0dc1428a,Facebook,tanmay.naik,Tanmay Naik,2016-12-25,457,0
c88cb6f4-264b-4ef6-a268-0e2d834b9f91,49807938-41b4-409c-a30f-97dee538b9c0,Instagram,vihaan_naik897,Vihaan Naik,2019-09-04,98,0
2f7af4c1-26b3-4dea-9736-45a330c64fe3,0bea0b02-f959-4d59-9ba9-7126b8402c3a,Facebook,IronKnight826,IronKnight826,2022-11-24,699,0
390f2f15-7169-48a6-9ebe-7dae51998a73,0bea0b02-f959-4d59-9ba9-7126b8402c3a,Instagram,vaibhav.naik,Vaibhav Naik,2019-09-27,629,0
bc2de75b-9a7f-49db-8deb-2b04c7faef40,0139f6c3-ea26-4a2f-a382-088470d13e1a,Facebook,sumit_thakkar673,Sumit Thakkar,2018-05-21,122,0
b2208356-f1f8-4e85-8fa3-c9146e1870b6,0139f6c3-ea26-4a2f-a382-088470d13e1a,WhatsApp,RealHunter3401,RealHunter3401,2021-11-11,,0
7eda5656-ea59-45b4-8576-548b17f1ca1e,b405272f-893d-4df1-8b26-7eb055351000,Instagram,rajat_arora,Rajat Arora,2015-05-03,470,0
142063a9-67d9-47b3-8d6f-ccbd8703722e,b405272f-893d-4df1-8b26-7eb055351000,Facebook,rajat_arora972,Rajat Arora,2020-06-23,289,0
9066f44a-2fe7-4e46-acf6-47f95c62d715,c698a253-26b5-469f-b190-c1ac7b72764a,Telegram,rakesh.patel,Rakesh Patel,2016-05-19,,0
ba39ade5-2f28-426a-98ca-a2f0c37a4e87,c698a253-26b5-469f-b190-c1ac7b72764a,Twitter,rakesh_patel879,Rakesh Patel,2019-01-26,139,0
4c15c96c-9fdc-4d26-af79-6603b1175850,10945ec6-e78e-4201-904b-77dafb0b0d81,WhatsApp,yukta.joshi353,Yukta Joshi,2024-04-15,,0
a7f873f8-a089-4b67-b93d-9404517d25dd,458167b1-5667-478d-a6bf-4f1e39407e0e,WhatsApp,hemant_bhat,Hemant Bhat,2023-07-05,,0
5e877ab6-3ae0-473d-ad0e-97cb4c3aade5,028c0133-fdb0-428a-9169-ec84ac2dbac5,Facebook,DesertBoss798,DesertBoss798,2024-06-13,5,0
6b49cf5d-ce40-4956-81f6-45f7b7a75043,804ffd7e-c368-49c4-b85e-d55a04aae4a8,WhatsApp,anand.rao660,Anand Rao,2015-11-18,,0
4dfddbb2-1a7b-45a0-a79c-53de3d4a7842,804ffd7e-c368-49c4-b85e-d55a04aae4a8,Instagram,anand_rao,Anand Rao,2015-02-13,607,0
b52abdd0-9ba2-44c9-80b7-949eb179b399,cfda4258-bc47-4c3a-86ab-f83d8cf5d706,Telegram,DesertChief497,DesertChief497,2020-02-19,,0
1164d8c0-0bc3-4b18-8554-3ce17307ac0e,7ed3b0c0-5f7f-4da6-a8fb-e0a4925b051d,Facebook,durga.mehra451,Durga Mehra,2015-08-01,327,0
ec57b037-1851-4917-ad64-bbb4cfddc162,f4061799-830f-4ecf-a262-8c8fb411409d,Facebook,dhruv.malhotra526,Dhruv Malhotra,2022-12-16,322,0
184e757f-f568-4528-bd99-f77548b55fb9,f4061799-830f-4ecf-a262-8c8fb411409d,WhatsApp,dhruv_malhotra970,Dhruv Malhotra,2020-10-10,,0
e8ce5b3d-47b8-4f2b-83a9-91a8f7285c75,f4061799-830f-4ecf-a262-8c8fb411409d,Instagram,dhruv_malhotra111,Dhruv Malhotra,2022-11-10,593,0
deea5e18-325b-42f4-902b-40d5406f99e9,01ab5fce-8a23-44a9-97a4-7a2ec28875b0,Facebook,ratna.trivedi89,Ratna Trivedi,2017-07-20,594,0
bf0f9244-2eca-4d7c-9a52-0df5c6d37c48,01ab5fce-8a23-44a9-97a4-7a2ec28875b0,Instagram,ratna_trivedi58,Ratna Trivedi,2023-01-12,404,0
e8ec8595-be7b-4a97-b1e2-76206ed9dd7f,24cdb6fd-17fb-45ff-96cf-6fe82528534b,Twitter,BombayBhai910,BombayBhai910,2018-04-23,277,0
10801455-d542-4616-b831-0d1e76647af9,24cdb6fd-17fb-45ff-96cf-6fe82528534b,Instagram,zeenat_dutta990,Zeenat Dutta,2020-10-05,57,0
fca42068-5cd7-4d49-be31-9c359bdd6bab,e00f17dc-bce4-4dcb-8982-0fa8a8456620,Twitter,persis.patil,Persis Patil,2022-08-23,146,0
63d51eb8-a3b2-411f-986d-472f3046c430,e00f17dc-bce4-4dcb-8982-0fa8a8456620,Facebook,persis.patil5900,Persis Patil,2022-06-02,126,0
a0ec0b7f-9f5b-43bb-b245-ddfa9cf6b08d,2f1766cf-94dc-4fb8-bab4-2ac89ff707ed,Facebook,PrinceLion941,PrinceLion941,2015-02-27,588,0
1a24dd4c-99ac-407d-a670-0ac51c492746,2f1766cf-94dc-4fb8-bab4-2ac89ff707ed,Instagram,raj.kamble,Raj Kamble,2020-05-01,9,0
f77423a6-4f0a-4321-8a38-04646d259e9f,af7b264d-5f42-4f03-aaea-0f28942f984f,Telegram,mahima.kamble,Mahima Kamble,2019-08-28,,0
7bf3d6d5-809f-40c8-aae0-81321552df50,0337a9aa-5b4f-47e5-8f62-6328af20b19b,Instagram,LoneBaba,LoneBaba,2015-11-04,9,0
f0fdb085-f64d-4f74-bc07-051d4f4be292,0337a9aa-5b4f-47e5-8f62-6328af20b19b,Twitter,DesertWarrior681,DesertWarrior681,2015-02-22,186,0
ad645731-4161-4788-93c8-992e924d14d9,ab01ecf7-9163-414b-b504-e68fc5259192,Telegram,mahesh.dutta798,Mahesh Dutta,2015-01-10,,0
24d433b4-6bfe-4a90-94d0-3b9e3c32dffa,ab01ecf7-9163-414b-b504-e68fc5259192,Instagram,mahesh.dutta286,Mahesh Dutta,2018-02-12,529,0
811eab87-9935-49d2-a6b8-7be181aca7aa,3b46d09f-30c7-4c9b-99e4-26c95b3fa25e,Twitter,aishwarya.vohra908,Aishwarya Vohra,2019-03-24,32,0
a7399b41-b2fa-4aa3-993d-2b94b5118094,8550c4b9-49f5-4c2d-a73d-cce2517f8fbd,Facebook,sanjit_trivedi,Sanjit Trivedi,2019-03-25,4,0
d890df9c-822c-4bb3-83cf-bd4829d458df,8550c4b9-49f5-4c2d-a73d-cce2517f8fbd,Twitter,sanjit_trivedi127,Sanjit Trivedi,2024-07-10,218,0
5690f37c-a2ec-4a78-a167-dda6bd7d4f86,5d7a49cc-e00c-423c-8632-17d333e61075,Instagram,abhay_garg371,Abhay Garg,2022-02-19,477,0
c7f1102e-45bb-4ac6-831e-65cdbf90a28f,1da61097-56d3-445b-8d48-61f56db9919c,Facebook,LoneShark,LoneShark,2018-02-28,87,0
c8591c99-a625-4508-ab71-26fb3484cc39,1da61097-56d3-445b-8d48-61f56db9919c,WhatsApp,girish_garg,Girish Garg,2020-07-23,,0
57bc7509-097a-48a3-ada6-f05150671630,1da61097-56d3-445b-8d48-61f56db9919c,Telegram,girish.garg,Girish Garg,2024-02-08,,0
e96f9502-9ee2-4c13-aef7-cbbf6ef7125c,b3e2dabb-54e4-4cdb-9c2a-0c35250aa2b5,Twitter,sushila.kohli484,Sushila Kohli,2020-03-08,29,0
d37ff8e2-9523-4186-9f7b-e0a2b6566eac,b3e2dabb-54e4-4cdb-9c2a-0c35250aa2b5,Telegram,sushila_kohli522,Sushila Kohli,2019-05-20,,0
7ce02ce1-6680-4e64-b8d6-77a429163d5a,b3e2dabb-54e4-4cdb-9c2a-0c35250aa2b5,Facebook,IronLion166,IronLion166,2022-02-05,452,0
9d6713d7-5ce7-4540-a797-719a573696df,4f296a56-1fa0-4210-bf26-794861875d6f,WhatsApp,chandan.shetty,Chandan Shetty,2021-02-06,,0
4a781f97-2d36-491e-963c-0059278de63c,4f296a56-1fa0-4210-bf26-794861875d6f,Facebook,chandan_shetty156,Chandan Shetty,2015-04-09,387,0
a2510cd9-f692-4640-bf4b-e65494422de3,4f296a56-1fa0-4210-bf26-794861875d6f,Telegram,chandan.shetty222,Chandan Shetty,2018-09-17,,0
90968ea6-ab49-446a-b9ba-df32f874a1b2,b4d9fca8-035d-4f22-a67d-6a7aa337fdff,WhatsApp,mihir_shetty74,Mihir Shetty,2019-09-11,,0
964fa293-7ab1-4dad-9cec-60b0366383bc,b4d9fca8-035d-4f22-a67d-6a7aa337fdff,Twitter,mihir.shetty604,Mihir Shetty,2020-08-21,679,0
062f28de-099f-4d83-83cb-4e09346e1172,3b9570e4-5e66-4ae6-a9fa-d6da77abe7c3,Twitter,lokesh_shetty,Lokesh Shetty,2016-11-18,147,0
aabca173-c0dd-4cd6-8581-0d59942f92fe,79ab7392-8c6a-4acd-8344-84ea92d6fee3,Instagram,RealBaba297,RealBaba297,2016-03-02,440,0
ba8ff08a-54d3-465a-88d0-16e37618a0a7,79ab7392-8c6a-4acd-8344-84ea92d6fee3,Facebook,DelhiStorm416,DelhiStorm416,2022-10-05,311,0
402d409c-2318-4025-b583-c99c534ffaa4,7082cec9-293d-4983-87dc-bd34e543485c,Instagram,aniket_shetty985,Aniket Shetty,2023-12-16,1186,0
13e28666-7a10-467c-8b06-1339c0d903e7,7082cec9-293d-4983-87dc-bd34e543485c,Telegram,LittleWolf472,LittleWolf472,2015-11-16,,0
ef055d11-bea8-4851-ba71-63b69051ab3d,13e6c2ab-5fd2-41ba-acc5-6113b9b3c0b8,Telegram,uday.chawla714,Uday Chawla,2020-07-31,,0
772c41de-3c56-497e-909c-686137895b46,13e6c2ab-5fd2-41ba-acc5-6113b9b3c0b8,WhatsApp,uday_chawla533,Uday Chawla,2024-01-04,,0
004b55ba-caa4-42a8-b55c-1e703be2d877,195188b6-490a-4f89-932f-0a1f50aba928,Twitter,ram_sheikh,Ram Sheikh,2020-10-19,285,0
d69c23c4-dcc2-4532-a44d-c2aee26210bb,1d81b4ed-c0fc-463d-ac33-b790781668cd,Twitter,LittleLion481,LittleLion481,2015-12-28,507,0
0d9a7b25-591d-4603-9487-f3c33413935d,1d81b4ed-c0fc-463d-ac33-b790781668cd,Telegram,SultanKing541,SultanKing541,2020-12-27,,0
a7350a2c-45b8-4842-b39d-98821ed602b7,ffcb4fbd-e697-46ce-93fe-1e8ab330c056,Instagram,bharati.sengupta562,Bharati Sengupta,2024-09-29,326,0
99b6e3e1-bbee-4acc-854a-46489e131ec5,ffcb4fbd-e697-46ce-93fe-1e8ab330c056,Twitter,bharati.sengupta193,Bharati Sengupta,2019-09-01,322,0
47e6875a-d68b-4067-9dcd-43929384e30f,5629d060-1b25-465e-a809-ac44e2184e36,WhatsApp,aniket_bhat,Aniket Bhat,2018-07-08,,0
b480d2f7-1d42-472a-a43e-5030de52a8cc,5629d060-1b25-465e-a809-ac44e2184e36,Facebook,aniket_bhat7196,Aniket Bhat,2017-11-16,28,0
050c7c8b-735e-469d-8bd4-89ea68b45c60,c84075c7-278d-44dc-9a08-6a1d2ae63c22,Instagram,shreyas_bhat,Shreyas Bhat,2020-07-16,240,0
96433896-41e9-4a4a-940d-07e7bd69001f,aa3633ce-4cc8-4523-b090-611e09ceafe9,WhatsApp,yuvraj_naidu,Yuvraj Naidu,2016-10-05,,0
77352698-52fe-4e6e-8f9e-85c22704a949,a52232f9-b886-4f36-ba3b-36c86b38c255,Telegram,soham.deshmukh,Soham Deshmukh,2023-04-16,,0
da1c7aeb-8d93-4413-b4a1-40db10fa834b,a52232f9-b886-4f36-ba3b-36c86b38c255,Facebook,ShadowSir490,ShadowSir490,2015-12-10,194,0
d387e92c-c89d-46dd-a834-5847194b73f7,dcb5fa28-849b-4f4c-b099-f2c540a9bdbc,WhatsApp,DelhiWarrior367,DelhiWarrior367,2019-06-29,,0
0409d80c-5d0a-48d7-8ea2-2fee135ac92d,dcb5fa28-849b-4f4c-b099-f2c540a9bdbc,Twitter,deepak.jain,Deepak Jain,2022-07-30,431,0
2f814182-0694-4663-85ca-210a0c1f65ce,dcb5fa28-849b-4f4c-b099-f2c540a9bdbc,Facebook,BombayBhai9602,BombayBhai9602,2015-10-30,98,0
bb98cd47-d7b1-4aa2-b1f0-0598e4b2b688,6da2a43c-3bff-4bc9-b9d0-5d6b9b496b89,Instagram,DelhiHunter403,DelhiHunter403,2021-03-09,169,0
1289a554-22f4-4898-8c2c-8475019d05bf,8ae14692-e39d-4e45-9064-5c87a0ddb8ee,Telegram,veer.krishnan,Veer Krishnan,2018-09-22,,0
7e5b06f3-5cd2-4e78-af61-fb88a5b9760e,6fe85358-07af-44e3-b39c-17cdbeff45dc,Facebook,pratham.panicker,Pratham Panicker,2016-11-20,247,0
1d7f05e7-d394-435a-9de8-029ea85df1a2,6fe85358-07af-44e3-b39c-17cdbeff45dc,Twitter,pratham.panicker930,Pratham Panicker,2023-10-30,107,0
b99d0c4d-d659-42dc-937f-2ee527caea54,635e45b9-affe-4a6b-8d36-f3adf8ebf039,Twitter,ChiefHunter215,ChiefHunter215,2015-06-07,24,0
c70c2bbf-277d-4b56-bdec-e28028098278,635e45b9-affe-4a6b-8d36-f3adf8ebf039,Telegram,LoneKnight183,LoneKnight183,2015-05-01,,0
8a05467e-b7fe-4220-9b83-751633766346,635e45b9-affe-4a6b-8d36-f3adf8ebf039,WhatsApp,sonal_kaul,Sonal Kaul,2022-02-09,,0
b42a1289-023e-490d-819f-ef3b021645d3,c9fa96c9-d104-434d-98fd-5b31768aee4b,Facebook,renuka_grewal,Renuka Grewal,2017-04-18,454,0
1c8fd83a-ec77-4137-87c8-8a757d7e6204,c9fa96c9-d104-434d-98fd-5b31768aee4b,Twitter,renuka.grewal959,Renuka Grewal,2020-09-05,421,0
b4591a31-add1-4593-8b5b-456ae0e5d5d6,6b9373c9-b1fb-429a-ae3b-9bfbdb8989a9,Instagram,pramila.gill763,Pramila Gill,2016-08-03,842,0
a8cdc21c-2c47-4220-bbb8-338280dd92e3,6b9373c9-b1fb-429a-ae3b-9bfbdb8989a9,Twitter,pramila.gill654,Pramila Gill,2020-08-07,192,0
6ef7b204-3c7c-4cdb-8750-2afe46589506,393b9876-1252-4a13-8f84-31bef9ca291f,Facebook,piyush_senapati,Piyush Senapati,2018-05-20,158,0
a83cddf5-6b4e-4931-966e-7f9bec783a86,393b9876-1252-4a13-8f84-31bef9ca291f,WhatsApp,IronLion,IronLion,2023-11-20,,0
258394a7-49c7-4673-aa49-3e995ae0a8bd,d0dfa5ab-bb60-4695-ac8f-6e342e9ff019,Facebook,aadi.singhal,Aadi Singhal,2024-03-19,60,0
3490ae45-8e63-41de-a76b-a60071f50873,d0dfa5ab-bb60-4695-ac8f-6e342e9ff019,WhatsApp,aadi_singhal85,Aadi Singhal,2019-03-27,,0
a924525f-f80b-4c36-aee0-c994a722ecea,d0dfa5ab-bb60-4695-ac8f-6e342e9ff019,Instagram,aadi_singhal895,Aadi Singhal,2018-01-13,690,0
a9595e9c-c386-4b3e-8ec7-47c33e30470c,1fb07f3b-fccd-4edf-81e9-49e79dba6cf5,Instagram,hardik_singh479,Hardik Singh,2018-10-20,161,0
ebe67594-a6b6-4e71-8a6f-644c798d8a17,36d82d1c-4709-432a-b4e9-836febf9b4f6,WhatsApp,kartik.tiwari629,Kartik Tiwari,2021-05-18,,0
2ed94b0a-924d-4675-a3c6-54383b5057db,36d82d1c-4709-432a-b4e9-836febf9b4f6,Twitter,kartik.tiwari742,Kartik Tiwari,2015-05-14,755,0
48676721-0ad0-4e6e-a420-1a9d3db7c0c7,36d82d1c-4709-432a-b4e9-836febf9b4f6,Facebook,kartik_tiwari35,Kartik Tiwari,2019-02-21,443,0
ce21cf39-fa24-49ba-acc9-9a35326d8aa8,10dcf325-ae8c-493c-b9fd-8c8bf9f919e2,Twitter,shashank.qureshi981,Shashank Qureshi,2017-12-28,225,0
dbd961c9-539d-4ac4-97e0-473a935a6064,10dcf325-ae8c-493c-b9fd-8c8bf9f919e2,Instagram,shashank.qureshi,Shashank Qureshi,2020-02-15,64,0
d13cfc7e-4524-4944-bb2b-e79ec8213bdb,a95727d1-f69f-4a69-b79a-ab2d1a0b3b62,Instagram,MidnightHunter,MidnightHunter,2020-08-01,601,0
d8d63d84-4ddb-4322-8b33-6a444a17ce30,73a9bb5d-c90f-4d0c-ace7-dd625d908332,Instagram,aadi_brar881,Aadi Brar,2023-07-30,448,0
a8173ce1-a9cd-4a49-b145-f803dcbf6806,73a9bb5d-c90f-4d0c-ace7-dd625d908332,Facebook,BengalLion240,BengalLion240,2018-09-11,312,0
8b3b76a0-d442-4c59-8d51-28ae62bbe311,9b7d09ba-06fb-424f-9219-ebb5caabeb7e,Telegram,ShadowDon832,ShadowDon832,2023-08-14,,0
2f8073e3-d465-4d39-96a9-9b2973af0fe3,9b7d09ba-06fb-424f-9219-ebb5caabeb7e,Twitter,sanjit_gokhale,Sanjit Gokhale,2016-09-10,129,0
fd3966aa-98a9-4e0b-b2c5-528ffc79af5c,95d0131b-b6e1-4aea-9a27-b55c3d7e1723,WhatsApp,DesertLion319,DesertLion319,2015-08-30,,0
4f67def7-48e5-482a-a807-504193d42023,a415cb19-e850-4cff-805f-519a29d5c8c6,Facebook,ShadowStar,ShadowStar,2024-05-26,144,0
a2f99b65-7bea-46c6-87d6-39a765f2a824,a415cb19-e850-4cff-805f-519a29d5c8c6,Twitter,ankur.gokhale,Ankur Gokhale,2016-09-14,63,0
b91f6a87-04a4-4466-bc30-6f5213330ecc,17af9a5e-69fe-4bf4-ab33-d573933a7e3e,Twitter,shweta.gokhale,Shweta Gokhale,2015-08-24,407,0
574a4b9f-78c7-4cd6-b34a-68937b2e767c,6069a417-b0de-4142-9ec0-9fe18b842dff,WhatsApp,rishi.gokhale733,Rishi Gokhale,2015-12-15,,0
600021aa-7e6c-4931-bb20-e435b5ed9f71,64682cf5-fea8-41a1-bdcd-7f338397ecb2,Facebook,akhil.shukla,Akhil Shukla,2019-04-09,367,0
ff8d98eb-b59e-46c9-8089-977f03406f82,64682cf5-fea8-41a1-bdcd-7f338397ecb2,WhatsApp,akhil_shukla,Akhil Shukla,2017-02-26,,0
e9ec72f4-3914-455b-a713-e3e9ebe218b9,ffbfe67c-24fc-436d-a893-47bc3ed86707,Twitter,kunal_bhatt499,Kunal Bhatt,2020-07-28,80,0
15c236f7-181d-4f53-8da2-ca01363e881b,6e63d851-6891-42e9-8a11-762fad901515,Twitter,krishna.parthasarathy133,Krishna Parthasarathy,2016-01-16,431,0
ec9d1f1a-5462-4843-9ee4-c895eae4b95a,6e63d851-6891-42e9-8a11-762fad901515,WhatsApp,krishna.parthasarathy,Krishna Parthasarathy,2016-02-06,,0
3848bbe7-264b-4b81-8e01-9025e5844675,8171e26b-7d4e-41ed-a931-f0414f85531a,WhatsApp,ChiefLion503,ChiefLion503,2016-07-24,,0
5b5d831d-5298-4358-8447-b0966d1028d6,d5240b93-2763-4776-8ea0-a46c20cb55cb,Facebook,rishabh.aggarwal182,Rishabh Aggarwal,2016-09-01,309,0
4ebe0fe8-dee3-47e5-ad0a-4cf8c9163f35,d5240b93-2763-4776-8ea0-a46c20cb55cb,Twitter,rishabh.aggarwal,Rishabh Aggarwal,2020-10-16,222,0
216fdb0f-5edf-45ea-be10-327474a00bd8,555723f9-c3e6-4db2-98c6-ba3af8dbdce9,Facebook,arun.subramanian149,Arun Subramanian,2021-06-16,648,0
14189a63-94b6-4cdf-a499-ba03a7106f28,555723f9-c3e6-4db2-98c6-ba3af8dbdce9,WhatsApp,arun_subramanian583,Arun Subramanian,2024-03-26,,0
2fae7218-669b-4859-b242-634588719ae6,0a66a65e-11f1-4a7f-81a0-4ec040ff15a1,Facebook,sanjit_subramanian963,Sanjit Subramanian,2015-04-29,924,0
39261858-7e34-4f71-9f69-3d99cc062b75,0a66a65e-11f1-4a7f-81a0-4ec040ff15a1,Twitter,sanjit_subramanian,Sanjit Subramanian,2022-11-30,565,0
5e4b45ce-cc74-472d-ae68-856a2877ad68,ba0c948a-1521-4f6c-b9cd-fb28b66ce88c,Telegram,manisha_subramanian,Manisha Subramanian,2020-03-30,,0
36731f19-5851-4947-8637-67fb4c22c37c,ee3228c7-411e-409d-ac4a-86e968696940,Facebook,devesh.subramanian449,Devesh Subramanian,2017-12-12,2,0
c4f67ad7-5e33-4b4d-a5d2-3ea4ebd41221,eea666fb-5087-4272-ad58-2be04273e478,Twitter,anirudh.ansari376,Anirudh Ansari,2015-12-07,110,0
48d7ab9c-b287-42ff-b9ca-9e59b10d95cc,02ce7ca0-238f-4f13-b290-6d2806fe66fe,Twitter,MidnightLion,MidnightLion,2021-12-07,125,0
d20b9c5d-9f08-497c-9623-57519f413386,311d40d3-f8d3-44a7-8847-d0dda57dbbd7,Facebook,bharat_pillai867,Bharat Pillai,2020-09-02,199,0
44765a36-6727-49ab-9734-77a5ce578c6a,a5bb41e9-6404-4dab-8deb-90cac16ad12f,Instagram,umesh_bhatia,Umesh Bhatia,2021-04-10,449,0
7f64c35c-6b2a-4d47-a250-3f34a0fc21a0,a5bb41e9-6404-4dab-8deb-90cac16ad12f,WhatsApp,umesh.bhatia,Umesh Bhatia,2015-10-29,,0
3187c864-97a0-4768-8097-55f9c44d6370,6ee5e10f-11c3-4977-b838-b18b179ad40b,Twitter,raj.thakur483,Raj Thakur,2019-12-09,98,0
4384e2ce-ae1d-429f-969a-16ff849a1f36,11e28d1e-dbbf-4e4b-9b26-d2a554c297d4,Twitter,tanmay_thakur,Tanmay Thakur,2021-02-11,52,0
b2f6ef62-4f2d-4081-98b2-2f165baf0218,33784a07-27e3-4c57-ad99-8faa9bd82524,Instagram,krunal_thakur347,Krunal Thakur,2024-03-20,566,0
81bac3d4-440a-414e-b2b9-b069c52376eb,74a759be-4a3e-4e5e-bffe-5a23d121b7bf,Facebook,milind.parida339,Milind Parida,2016-09-14,136,0
311d4688-8eff-439c-8f60-f502277cd28b,9f318cbd-4f5a-4c2a-910f-f13988bd05c2,Facebook,abhishek_parida494,Abhishek Parida,2021-12-29,40,0
73ff7275-c34b-40a5-a51d-6a35fa769dff,9f318cbd-4f5a-4c2a-910f-f13988bd05c2,Telegram,abhishek_parida310,Abhishek Parida,2016-04-15,,0
58a6f3eb-d927-4588-97ab-eb50ff090b5a,4f32a90d-b8f6-4eab-afcb-c297541f4b4d,Twitter,rajeshwari.parida818,Rajeshwari Parida,2024-09-22,70,0
e55c0db4-f267-4b88-9a6b-cd09fa052337,4f32a90d-b8f6-4eab-afcb-c297541f4b4d,Facebook,rajeshwari.parida265,Rajeshwari Parida,2021-11-18,373,0
0f69517d-9329-430d-8585-dabdd4454fbb,a4df7d87-34bc-47a4-b7ee-ea24387b8f86,WhatsApp,ShadowTiger111,ShadowTiger111,2018-07-09,,0
cec95129-56eb-4120-8ef8-7456fd3592d8,7ac77217-ccc7-4bf3-9fe3-29adfcaef911,WhatsApp,aniket.mohammad,Aniket Mohammad,2022-12-12,,0
db672e94-9f6a-4f28-8129-f18b421da337,7ac77217-ccc7-4bf3-9fe3-29adfcaef911,Facebook,aniket_mohammad936,Aniket Mohammad,2019-05-26,246,0
2fcdc9fb-2bc4-4c56-b5fe-6bd27c4424d1,0d32c1fc-9e18-4cba-9143-602dc60bacec,Twitter,vinay.mehta538,Vinay Mehta,2017-11-27,65,0
8fe47262-b47a-4df2-b427-51218ca140f9,9b0bf260-d207-4388-b0e4-09b7d8afbc22,Instagram,tarun_patel,Tarun Patel,2019-12-22,79,0
d30abe43-1896-488a-b754-a0574dd7ce5f,9b0bf260-d207-4388-b0e4-09b7d8afbc22,Facebook,tarun.patel,Tarun Patel,2021-02-15,143,0
4e743339-43aa-4a00-83eb-38071d15ae52,abc1eaa7-7c98-4b48-9e64-3b8bad8ac949,WhatsApp,nakul.patel,Nakul Patel,2023-07-12,,0
6c79ba36-f5f5-47e7-9bb3-96d068e02490,94188fcb-b502-4aee-8cc5-2bc99075b9d6,Twitter,LoneKnight,LoneKnight,2017-01-25,519,0
e7a79a78-8a1a-435d-b151-a825403279c9,94188fcb-b502-4aee-8cc5-2bc99075b9d6,WhatsApp,neetu_sawant479,Neetu Sawant,2018-09-10,,0
afaa4437-7f3a-4f98-a792-59c32c489ee4,77342270-dc3d-4670-b49f-2d37bb1658ca,WhatsApp,kamini.patil760,Kamini Patil,2015-08-26,,0
e3e7ed71-cdbc-4acb-9632-e15257d027a9,77342270-dc3d-4670-b49f-2d37bb1658ca,Facebook,kamini.patil672,Kamini Patil,2021-03-30,25,0
d509c011-48a0-4491-87f9-3afc61bb32d3,77342270-dc3d-4670-b49f-2d37bb1658ca,Twitter,kamini.patil173,Kamini Patil,2015-07-20,549,0
b063f4f6-c4c7-40b8-a168-fc433ed5de86,3054a13e-230e-4bca-9767-5d49cc8efd92,Facebook,amina.srivastava731,Amina Srivastava,2017-11-23,175,0
ed577a8e-9184-48b1-80f5-653672e9dce8,3054a13e-230e-4bca-9767-5d49cc8efd92,WhatsApp,amina.srivastava,Amina Srivastava,2021-04-15,,0
2bc87933-061f-4428-86a2-282b005ac948,f3c570fb-107c-4277-b0bd-17ecf963f4cf,Instagram,LittleEagle,LittleEagle,2018-05-02,361,0
4ea3daba-4173-4db0-99b5-b6681bed622f,f3c570fb-107c-4277-b0bd-17ecf963f4cf,WhatsApp,LittleHunter862,LittleHunter862,2021-07-16,,0
2d7fc825-2b71-4af7-8ace-7f5f1c737470,35167326-b12b-4e96-975c-62801885a181,Telegram,RealWolf568,RealWolf568,2020-03-07,,0
50de2225-b3b2-4a8f-a369-57864b5bc628,35167326-b12b-4e96-975c-62801885a181,Facebook,lalit.pathan481,Lalit Pathan,2020-08-11,270,0
e741f098-1867-4d0a-bbe0-2369333d073e,35167326-b12b-4e96-975c-62801885a181,Twitter,lalit_pathan738,Lalit Pathan,2018-11-05,883,0
1db87d99-67b2-4a6a-87ed-962a5f13d6db,0163f435-0730-42c5-b9c8-33cdbcfa29a1,Twitter,BombayKing557,BombayKing557,2019-03-19,432,0
501026d6-5ad6-489a-bcf9-24322296189d,0163f435-0730-42c5-b9c8-33cdbcfa29a1,WhatsApp,ishaan.acharya823,Ishaan Acharya,2019-12-27,,0
abe12ddc-d9ec-4bba-9be2-0d03d190b0df,09cf52b2-35c8-430d-a161-2fad77014993,Instagram,kajal.acharya853,Kajal Acharya,2020-06-12,252,0
e2a2e313-064e-4127-b20f-82ac93a68fec,09cf52b2-35c8-430d-a161-2fad77014993,Facebook,kajal.acharya,Kajal Acharya,2017-12-28,344,0
76fa0b9a-4d68-43ae-9040-1a0331fdcd37,2155aaf5-ee51-4357-9110-9dcfd2eb3383,Instagram,siddharth_acharya,Siddharth Acharya,2020-02-22,366,0
ce3d216e-83ea-4849-986e-cdd6533f8190,2155aaf5-ee51-4357-9110-9dcfd2eb3383,Twitter,siddharth_acharya6557,Siddharth Acharya,2023-09-13,145,0
afcbe84b-dde7-4ec7-8c27-e4db35ce48ca,4de427a7-4934-4361-903c-b9bd78b2b638,Facebook,ashok.kurup,Ashok Kurup,2024-07-29,119,0
59fb9e35-7819-493e-a71d-cca681a90a09,4de427a7-4934-4361-903c-b9bd78b2b638,Twitter,ashok_kurup,Ashok Kurup,2024-06-26,59,0
2f55717d-1133-4851-be7d-4631569ed53d,fb3911ba-8769-45a5-ad03-55563c7de121,Twitter,DesertFalcon,DesertFalcon,2019-03-27,388,0
24603578-7fa1-40f7-81b3-7a73be3b2261,fb3911ba-8769-45a5-ad03-55563c7de121,Telegram,BombaySir310,BombaySir310,2023-01-03,,0
2dc8e74f-c61d-4a31-ab22-7bc9426f104e,1cc4a8cd-43f4-4668-bff7-0e8e1d57eeed,Facebook,shankar.rajput,Shankar Rajput,2023-06-21,472,0
ec482f49-1610-4eb5-af68-a2253ce220ef,1cc4a8cd-43f4-4668-bff7-0e8e1d57eeed,Instagram,CityStorm942,CityStorm942,2019-05-28,498,0
ebb0afe6-892e-49ea-b3d5-2690ba6c429f,240d269c-b9ac-495a-b384-d6b037da25a3,Facebook,aryan.rajaraman197,Aryan Rajaraman,2016-03-06,40,0
ea3ca7dd-13bd-4e3d-965a-8d442b2b510c,240d269c-b9ac-495a-b384-d6b037da25a3,Instagram,aryan.rajaraman469,Aryan Rajaraman,2020-05-11,454,0
648a21cd-a6e9-4cd1-939f-85683c186c27,a1dd834e-8c7a-4ebe-ad51-17fc6bf2744c,Telegram,nakul.rajaraman78,Nakul Rajaraman,2024-09-14,,0
cf94667e-6985-43da-93c0-b4ebbe680c7d,a1dd834e-8c7a-4ebe-ad51-17fc6bf2744c,Facebook,nakul_rajaraman,Nakul Rajaraman,2017-02-04,293,0
e9f3a8e9-c825-4190-9b36-b93e27223d40,bdc6f998-e61c-4eed-94e0-376163fc1ab6,Facebook,ishaan.srivastava965,Ishaan Srivastava,2016-08-12,96,0
43869bd8-a79a-47f6-b5bd-732133ed363c,bcb2ab90-e44e-4c20-947c-ffcd8a0b3997,Twitter,bharat.tagore185,Bharat Tagore,2023-04-06,101,0
e25a0f04-f8a1-4b67-a087-5ef68483a906,28ba0686-eb45-4409-a401-3486d8b4212a,Instagram,SilentWarrior624,SilentWarrior624,2020-09-01,49,0
5bfe2e62-592d-42e4-b036-c28289e997d6,a182ac02-ce97-42b4-b64b-6459916295bb,Telegram,pranita.naidu914,Pranita Naidu,2020-10-23,,0
ae9fc1db-5b17-441f-8002-c9b5c61b6cd1,a182ac02-ce97-42b4-b64b-6459916295bb,Instagram,pranita.naidu405,Pranita Naidu,2015-12-10,95,0
87141e2e-5166-487b-b0de-194f0aa1b4be,ec7dbb73-57e6-4994-b459-b1aa27f2da75,WhatsApp,RoyalBoss826,RoyalBoss826,2018-02-02,,0
f0c43ed0-a5b8-4e06-957b-79ccaec9e5ed,04d36625-b5aa-4286-a543-bf880a885eb0,Instagram,PrinceHunter893,PrinceHunter893,2019-07-20,81,0
32a6fd61-0194-468d-b35e-ba7ccaf174b0,04d36625-b5aa-4286-a543-bf880a885eb0,WhatsApp,LittlePanther97,LittlePanther97,2023-05-20,,0
c3c22b09-8d89-48b0-ba43-e35997ff444a,acd25cbb-36f7-421c-b26e-f6d029411c71,Instagram,vasudha.chatterjee,Vasudha Chatterjee,2023-10-16,189,0
e9359ea0-169b-4ffd-9ca3-0ca98fc4dbb0,b681e7e8-fb53-41e2-a5e0-137f14ae1cb4,WhatsApp,sudarshan.chatterjee,Sudarshan Chatterjee,2017-06-27,,0
88e948f4-8eff-4029-a381-689b93c82be4,b681e7e8-fb53-41e2-a5e0-137f14ae1cb4,Instagram,sudarshan_chatterjee,Sudarshan Chatterjee,2022-06-07,84,0
9e9c0033-cf45-4d41-bd58-2ed48773b783,b681e7e8-fb53-41e2-a5e0-137f14ae1cb4,Facebook,MidnightTiger,MidnightTiger,2016-12-28,590,1
cb1a084d-f345-4e6c-be78-27506d1d79a5,42ba9b51-bca3-4eaa-a450-6079793c82ca,Twitter,radha.chatterjee611,Radha Chatterjee,2024-05-18,507,0
1c80d21b-a915-41b8-8eda-035514fbbd26,42ba9b51-bca3-4eaa-a450-6079793c82ca,Facebook,radha.chatterjee598,Radha Chatterjee,2018-07-28,213,0
ad1f2375-f796-4818-a285-78dbaeb82235,50873f12-f502-48f0-b7b9-1ca825fbb932,Facebook,pooja.chowdhury674,Pooja Chowdhury,2015-12-10,492,0
95b219ea-975a-4497-b70d-1422ac944f63,50873f12-f502-48f0-b7b9-1ca825fbb932,WhatsApp,MidnightStorm,MidnightStorm,2015-01-18,,0
999e159d-e463-4242-b6ab-17f0b37877b2,50873f12-f502-48f0-b7b9-1ca825fbb932,Telegram,pooja.chowdhury,Pooja Chowdhury,2022-12-02,,0
1b336df1-6dd2-4089-9914-017ac131460a,bbdbb00f-8603-4c5a-b39f-9d8fa76534a6,Telegram,kartik.sharma102,Kartik Sharma,2022-10-31,,0
4ae4d534-f9a1-4926-b2ad-1aec113192e9,e87757cf-e125-441d-a50b-d22f844cfa63,WhatsApp,anuj_pillai294,Anuj Pillai,2015-07-06,,0
60b07cfd-c041-4606-9bec-5249bd16b1e2,e87757cf-e125-441d-a50b-d22f844cfa63,Telegram,anuj.pillai41,Anuj Pillai,2023-03-05,,0
07904d8d-df25-4aa4-bb9e-d34797cb3921,e87757cf-e125-441d-a50b-d22f844cfa63,Instagram,anuj_pillai0,Anuj Pillai,2017-05-30,79,0
1db7ebe5-2424-4f1b-978d-e7acc8c93f43,fc229bfb-d5f2-489c-8d2a-a62decd6913c,Twitter,mandakini.paul307,Mandakini Paul,2022-12-23,311,0
4800091c-52c8-4753-b3b9-f6e65ed46c7a,81d2d5db-5957-4f5f-926a-3bb90c2cfe5c,WhatsApp,StreetKing183,StreetKing183,2017-06-09,,0
d3f8a7c1-dce4-407c-b199-d2523955309d,3640b2ff-fc90-46ba-975d-3f6695758af7,Telegram,IronFalcon6,IronFalcon6,2022-05-06,,0
ded3a484-d231-4bcb-b52e-99dab19b1eb8,d08c737d-f512-4019-9979-7ced7a3f2392,Facebook,dharmesh_gupta406,Dharmesh Gupta,2022-07-15,432,0
60e5085a-686c-4c7d-8c43-0b7ee4d84aa1,d08c737d-f512-4019-9979-7ced7a3f2392,Twitter,dharmesh_gupta,Dharmesh Gupta,2018-03-08,88,0
bf7fe308-94c1-4cf0-84c2-001d3b02f0e7,f5ba6c00-e9d8-4fc9-94cf-422aa76e8592,Telegram,bhavna_bajaj794,Bhavna Bajaj,2016-12-23,,0
9f731563-e73f-4876-bba6-2e3f199cf765,14ce1950-af94-4fa4-8751-01c5790a1ec0,Facebook,aditya_bajaj198,Aditya Bajaj,2016-08-18,71,0
25db00c0-99d7-4dab-a104-7f103921c007,14ce1950-af94-4fa4-8751-01c5790a1ec0,Twitter,aditya_bajaj,Aditya Bajaj,2015-07-08,576,0
8ee7deaa-4c68-4237-a90d-25d23ffb7e31,8f343577-22f0-439b-a3b7-0e293163e47d,Facebook,LittleKnight845,LittleKnight845,2019-11-12,211,0
3e81e908-09fa-4e99-a269-ea3618bccbfd,8f343577-22f0-439b-a3b7-0e293163e47d,Twitter,shruti_sethi802,Shruti Sethi,2020-02-01,449,0
386d531d-a1a1-46c0-9d93-5911d3e6fd8f,00a12545-922e-4c12-8979-fcd4ce73b8ab,Telegram,RisingDon612,RisingDon612,2016-03-11,,0
d28e38f7-9216-411c-befc-09e92e70a463,81369865-d4b6-4ce3-9529-3524be156216,WhatsApp,mayank_bhandari746,Mayank Bhandari,2021-06-28,,0
ad39d88a-5e2d-4008-9e5f-564c24d83960,e3a9b35d-db3b-40d5-9391-cb9ddde691c0,Telegram,ramesh_bhandari535,Ramesh Bhandari,2023-12-29,,0
8f2fabf6-c42a-4e8d-8172-da1b56fbd677,6b45ee17-682a-45bd-96fc-1bcfb16de6c5,Telegram,suraj_thapar920,Suraj Thapar,2016-09-27,,0
3f245191-8196-4837-b1ae-d3df9ffa4167,c83827a6-de1d-4e19-96c3-d88e7b117ea4,Instagram,RoyalRider,RoyalRider,2024-05-29,473,0
d505ab98-5366-4e98-ac53-952254ec7a53,c83827a6-de1d-4e19-96c3-d88e7b117ea4,Twitter,GoldenBoss925,GoldenBoss925,2018-08-12,250,0
8764ed60-5008-4e94-80b5-8b001fcb5510,b0a9f0f9-e017-4c30-a7df-1b9fa32ae419,WhatsApp,yash_roy385,Yash Roy,2017-08-01,,0
eebcb5ca-f628-4376-a6a8-0b3e2a755b3e,b0a9f0f9-e017-4c30-a7df-1b9fa32ae419,Twitter,yash.roy556,Yash Roy,2018-08-31,409,0
b7cc35e8-b49c-4796-af47-b30bf7405b11,6280dc11-0124-4ef9-9586-d6b5e87ee08d,Twitter,ameesha.wani459,Ameesha Wani,2019-10-11,365,0
767549ab-5c4f-4785-9015-ede62586ed9d,6280dc11-0124-4ef9-9586-d6b5e87ee08d,WhatsApp,ameesha_wani778,Ameesha Wani,2024-04-10,,0
1fb8466f-149d-4ce4-8939-f1f369b80344,bdde0bb8-25c2-4bdb-a621-9e4c72c3390e,Facebook,amar_banerjee50,Amar Banerjee,2018-06-18,380,0
ff0e9e65-d611-4f60-bfd5-1567f56437df,bdde0bb8-25c2-4bdb-a621-9e4c72c3390e,WhatsApp,amar.banerjee,Amar Banerjee,2021-09-02,,0
fe644d88-a3ec-4a8f-b7c8-502146e1c9ca,8d150b62-500a-4202-94ff-3d2ac3874acf,WhatsApp,sumit_shah,Sumit Shah,2022-01-06,,0
299ff8b6-1ad7-4005-a225-4cc7f1b87d70,8d150b62-500a-4202-94ff-3d2ac3874acf,Twitter,sumit_shah33,Sumit Shah,2018-10-14,144,0
a3f9cca5-28f1-464d-aa89-473a369baab7,816154e5-590a-48a5-abd3-149e1b81576a,Twitter,SultanPanther899,SultanPanther899,2016-12-04,214,0
5d539d2b-4db9-443f-ac6a-88a129845c4a,9dc6df1b-a991-4362-a258-e2819f7650e1,Instagram,ayaan_rajagopalan616,Ayaan Rajagopalan,2017-02-23,41,0
2f894674-7ff7-419f-b7e0-9e1702a653a7,3234d100-76e6-4163-9027-3fe1fd2377c3,WhatsApp,rajesh.rajagopalan185,Rajesh Rajagopalan,2023-03-24,,0
a0af2bf2-d315-4064-8926-355388b16e0b,3234d100-76e6-4163-9027-3fe1fd2377c3,Facebook,rajesh.rajagopalan127,Rajesh Rajagopalan,2021-09-19,350,0
95e245ea-bbff-4d8c-818f-ec004cd30907,3234d100-76e6-4163-9027-3fe1fd2377c3,Twitter,rajesh_rajagopalan505,Rajesh Rajagopalan,2024-01-24,687,0
6612bb3a-3daf-44d0-9786-d969d592584a,81078dc3-988f-4ce9-a8e6-a019c0f9340c,Facebook,IronBhai,IronBhai,2018-05-15,198,0
744e2f6a-efdc-4740-957e-2bf834938707,77aad506-ed85-4020-b1ad-088e8176cfcb,Twitter,manjula_anand677,Manjula Anand,2020-07-27,188,0
73aeea6c-f834-41c6-87a7-88a9dfa642d8,77aad506-ed85-4020-b1ad-088e8176cfcb,WhatsApp,manjula.anand101,Manjula Anand,2016-12-01,,0
f487c050-2072-4116-bdec-bdb49062d59d,2eb8c7d9-3c1f-46ff-948d-f3c71d400539,WhatsApp,anand_sandhu776,Anand Sandhu,2015-12-16,,0
6ab94fa1-3968-4a1f-a0b5-3df3a247706c,2eb8c7d9-3c1f-46ff-948d-f3c71d400539,Instagram,SultanWolf678,SultanWolf678,2018-06-16,556,0
eaf5abb8-c03e-44f3-ab19-dbd31f2bf01c,46ce2273-01b7-442a-8a39-866b9a7b8caf,Twitter,amar_biswal,Amar Biswal,2021-11-18,165,0
d4f8e139-f50a-41f9-92a2-d6d4eb33e1a6,46ce2273-01b7-442a-8a39-866b9a7b8caf,WhatsApp,amar_biswal382,Amar Biswal,2018-09-09,,0
a25c31aa-5121-4958-b39a-e5e2751727aa,61b9583e-76ea-4e1a-8d56-3607a6c65dbe,Twitter,vinay.biswal573,Vinay Biswal,2018-07-02,244,0
97332c83-db88-4b38-845c-99800fa3b6e0,cb1e308b-e18a-493e-afa8-a7f5841f970c,Twitter,RisingHunter713,RisingHunter713,2016-07-11,395,0
4a126271-9631-47f6-ae1a-796678053843,cb1e308b-e18a-493e-afa8-a7f5841f970c,WhatsApp,shivam.biswal,Shivam Biswal,2015-05-11,,0
ca6785a0-b343-4159-adb1-a5d64eff1981,cb1e308b-e18a-493e-afa8-a7f5841f970c,Facebook,shivam_biswal105,Shivam Biswal,2015-11-27,456,0
aceadbf1-0358-451d-9ae8-8365bdb89740,1c65f241-23ff-434a-9d9f-987bbe697486,WhatsApp,sudarshan.gokhale,Sudarshan Gokhale,2016-10-27,,0
1765410f-d2ce-438c-a57d-a89d927e4b64,1c65f241-23ff-434a-9d9f-987bbe697486,Facebook,sudarshan.gokhale8094,Sudarshan Gokhale,2021-10-17,348,0
9e20bffa-ec68-414f-8dda-c77312a33cbc,3767cc13-5f29-4701-a4dd-f4478bc93a91,Twitter,naresh_balakrishnan112,Naresh Balakrishnan,2020-11-17,224,0
d91abfeb-931f-42db-ab4f-1d61294f7569,c4f62b70-61d1-4499-80f7-5a45304209cd,Twitter,kishore_aggarwal,Kishore Aggarwal,2020-02-22,271,0
9677a074-71f1-4de8-9a12-99c5137fa5b2,6f3e1d73-0748-4698-a90b-4338854b6da6,Instagram,LittleWarrior,LittleWarrior,2019-12-17,538,0
5b89344b-aac5-4969-8030-1bc868acf2a6,6d11ea59-c9d2-446d-9add-738de9387a76,Facebook,sudarshan_warrier,Sudarshan Warrier,2023-04-29,29,0
87d04d0f-b64c-4425-814a-650b81fe03c6,1f49bc14-1cf3-481e-b071-6ba97b1c6291,Twitter,vikas.wani377,Vikas Wani,2018-06-16,289,0
373d31b9-0a77-4997-a82e-f80cf4f2e857,13898725-5e78-40b7-ae71-3df0246acf1a,Facebook,zoya.behera759,Zoya Behera,2023-06-30,280,0
cbcd8b14-7c6e-4058-98d9-1595a8bbcd7b,30ab5192-7cd4-480c-82c9-14b92065b21e,Facebook,akhil_anantharaman753,Akhil Anantharaman,2017-06-13,426,0
2684d766-2c6c-4d01-82e0-bcaaf2b68b2f,b161c0fb-0147-4963-a69e-348e783cd87a,Facebook,anuj.rao,Anuj Rao,2017-04-21,562,0
06ba9587-cf53-496e-a285-f8df564a2e7b,ceae3760-1f46-428a-9f5a-67494e83ad84,Telegram,sushmita_rao,Sushmita Rao,2024-03-06,,0
46b7c472-5a0c-4325-a3b1-67d9c208271f,ceae3760-1f46-428a-9f5a-67494e83ad84,WhatsApp,RisingChief110,RisingChief110,2021-10-31,,0
2cd7d3a0-801b-44f6-b6d5-b929d5388d2b,2215f220-01c0-496d-9826-8c8c9f1b5faf,WhatsApp,saurabh.rathore218,Saurabh Rathore,2021-07-27,,0
3853a096-9945-4479-ac70-59cd793213d7,a92c4c08-4d7f-41bc-b3ba-130b5d776111,Facebook,tanvi_dasgupta,Tanvi Dasgupta,2020-03-30,549,0
a6113e8d-a4dc-429f-8a45-00aef7dbc6a7,fd989a10-f458-4c0b-b4de-8816b6ffefdc,Instagram,RealTiger530,RealTiger530,2024-05-21,706,0
7a53312b-3ec9-4333-a61a-659ae227aef7,67b9c6be-4bc4-4094-894b-f3e402e3dd30,Twitter,manjari_singhal305,Manjari Singhal,2019-08-19,702,0
a545d842-3bb9-45ac-9079-9195a5b85cec,2408f8fa-40e1-4898-8c25-6002bc585ef9,Instagram,rajan.modi787,Rajan Modi,2018-10-26,388,0
db482ebe-c6a8-4090-b045-f0f24f6df5f7,28480630-a38b-4d39-b5d8-34d1a8e49e67,Twitter,shabana_banerjee794,Shabana Banerjee,2022-02-14,93,0
20cc97cc-7f01-4ab0-91f8-f5a6f7914029,aaa7c8a2-3cd8-4ee5-bdc0-254cfc409dff,Facebook,utkarsh_banerjee,Utkarsh Banerjee,2019-04-16,547,0
cc5334bb-ed6b-4903-9d96-84c9ea59aa4b,aaa7c8a2-3cd8-4ee5-bdc0-254cfc409dff,Telegram,utkarsh.banerjee,Utkarsh Banerjee,2024-05-04,,0
ad8afc68-62aa-4ea2-a7b4-ac5b2d4fa7bd,49711703-a162-45ea-8484-e600d2fc60b9,WhatsApp,keshav.banerjee,Keshav Banerjee,2018-02-10,,0
d7e50d1c-5de0-4750-b94c-cc1fffa64d6e,49711703-a162-45ea-8484-e600d2fc60b9,Instagram,IronKnight,IronKnight,2023-04-08,67,0
e0e8a249-790e-4a05-8199-c02274aff066,55cfdf10-a1a9-4735-ae66-8aae4018cb6a,Instagram,abhay_banerjee,Abhay Banerjee,2016-02-05,312,0
e7f649a0-3a9b-4205-adff-284840169425,55cfdf10-a1a9-4735-ae66-8aae4018cb6a,Facebook,abhay.banerjee162,Abhay Banerjee,2016-09-29,84,0
56d65965-be93-4d95-8de3-39f929454cbe,55cfdf10-a1a9-4735-ae66-8aae4018cb6a,WhatsApp,IronEagle792,IronEagle792,2018-10-04,,0
e5e6988b-d6e1-4d7b-8286-5cf9e11015d4,9af5d87a-709a-418a-a8c7-5479eadf4856,WhatsApp,jhanvi_tandon,Jhanvi Tandon,2024-07-31,,0
d2abd8e4-ec39-41ae-b5f9-bcdc959c1842,9af5d87a-709a-418a-a8c7-5479eadf4856,Facebook,jhanvi.tandon,Jhanvi Tandon,2024-08-21,175,0
83c1822a-e351-4f79-a0e2-293752769f14,f1963d7c-f4dd-4c7c-bdfc-61f7cc4fc59c,Twitter,RoyalBoss670,RoyalBoss670,2022-09-12,377,0
885015a3-0143-44c5-8262-69eee1cc75d1,e3bada65-8b55-4a30-85a2-dc6fe9ee3558,WhatsApp,savitri_gaikwad,Savitri Gaikwad,2017-03-20,,0
3e3fbc93-7425-4a63-bae0-dbccb94fe895,e3bada65-8b55-4a30-85a2-dc6fe9ee3558,Twitter,savitri.gaikwad,Savitri Gaikwad,2022-10-30,394,0
7c201750-2e64-4c65-bc11-3b58dec30028,4be433a6-e91f-404d-b1bd-7d3d856145d8,Instagram,SilentKnight757,SilentKnight757,2020-04-13,907,0
49f037eb-e967-4500-bc13-68246fa2ac3f,4be433a6-e91f-404d-b1bd-7d3d856145d8,Facebook,BigBhai437,BigBhai437,2023-12-06,321,0
56154450-352c-4f97-924b-41ee660f156b,4be433a6-e91f-404d-b1bd-7d3d856145d8,WhatsApp,LoneHunter849,LoneHunter849,2022-12-22,,0
853a399f-6e6e-421a-9d64-0be9c89b4851,90e91d4a-6d20-43f5-bad9-f9e8f45e9b4b,Twitter,rakesh.dhawan197,Rakesh Dhawan,2016-02-10,48,0
2e6c58a3-0b40-4a61-85d8-2a1948a7458c,90e91d4a-6d20-43f5-bad9-f9e8f45e9b4b,Telegram,rakesh.dhawan,Rakesh Dhawan,2023-01-05,,0
0fddc6a7-c946-473b-b71f-d6667555cc6e,d81dd9b4-01f6-4b41-a588-11c313a7f603,Telegram,naman_dhawan815,Naman Dhawan,2023-01-02,,0
f1973dfb-4821-4f60-ab9d-4da2a8cedb66,e36a9754-ef73-4a25-8ab5-46a5f4044043,WhatsApp,samar_rao,Samar Rao,2024-02-08,,0
d14ea102-f006-4a44-9d3c-2a6ac4451d4e,e36a9754-ef73-4a25-8ab5-46a5f4044043,Twitter,samar_rao5528,Samar Rao,2018-02-24,573,0
e07d5e0d-298e-44ff-a1cc-99eeb282e07e,3c33163e-b499-4c82-ad32-d522eebc5a38,WhatsApp,parth_rao947,Parth Rao,2015-07-24,,0
8c86ad3f-b255-423c-886c-2b39c1699bfb,3c33163e-b499-4c82-ad32-d522eebc5a38,Twitter,parth_rao720,Parth Rao,2019-07-11,493,0
590df22e-0be6-401d-bed6-c4f3d6a4719a,e099b89d-0741-4ccf-bb64-912da7ff8f29,Twitter,mohit.rao594,Mohit Rao,2020-08-25,436,0
c02c1f7d-4abc-4e4c-9c79-6d38961238a8,9576f189-e8dd-425e-837c-dec57e83ab2b,Twitter,samar.alam,Samar Alam,2022-01-21,285,0
2e96c322-59de-4d5f-b75a-5d6cc82da412,3ec0987d-1f36-41b6-8469-531a4ad5ba36,Facebook,dev.begum,Dev Begum,2023-06-13,233,0
a8e7ac9d-919c-4bdf-89a4-09ec43424b10,3ec0987d-1f36-41b6-8469-531a4ad5ba36,WhatsApp,dev.begum384,Dev Begum,2023-07-27,,0
5b44cacc-432f-4fab-90fa-f80472c696c2,e9dbf652-9e91-4691-a262-f5e116ae4de3,Instagram,megha_srinivasan91,Megha Srinivasan,2022-10-26,195,0
9b140c82-0a4c-49e2-9ff9-6f58554a9bd9,e9dbf652-9e91-4691-a262-f5e116ae4de3,WhatsApp,megha.srinivasan,Megha Srinivasan,2023-06-20,,0
a86cdebe-7caf-4b47-a3ee-a3e040152509,d4b70242-74e7-4c29-a388-f21115d4ae94,Facebook,chhaya_iyer220,Chhaya Iyer,2024-01-27,306,0
551a9e6c-3860-4af4-8379-6126b62a5d93,fda48128-2192-4b25-b3ea-16e344d9bf64,Twitter,LittleTiger530,LittleTiger530,2018-07-07,406,0
7a4fa9de-3c59-4137-a4ec-1414f275b9a6,fda48128-2192-4b25-b3ea-16e344d9bf64,WhatsApp,yuvraj_dubey,Yuvraj Dubey,2022-09-07,,0
f0e0e97b-57d2-49dd-9077-1848b86c4951,892a42fd-cddc-4e23-9c41-062359b2a611,WhatsApp,sonakshi.dubey,Sonakshi Dubey,2019-08-07,,0
0559e62c-d49d-4ced-be59-5f376faa885c,892a42fd-cddc-4e23-9c41-062359b2a611,Facebook,sonakshi.dubey618,Sonakshi Dubey,2021-12-14,30,0
5ed9f6a1-d386-4f81-9972-2067c5cb59a4,892a42fd-cddc-4e23-9c41-062359b2a611,Instagram,sonakshi_dubey,Sonakshi Dubey,2020-05-19,447,0
cee45313-0f07-44ca-895c-7f05978dce8b,94d607d7-3492-48ab-a373-f24cb1390211,Instagram,LittleStorm509,LittleStorm509,2022-12-18,152,0
221dcdde-5823-4f9b-9e80-fbab434d9667,8e380961-9536-4b53-8459-cfda50a2d762,Twitter,RoyalPanther330,RoyalPanther330,2021-12-04,514,0
090157f2-26a4-43bb-ac6f-dea03ee0a9ae,396f5d8e-cd43-468f-9ea0-bec450e6db71,WhatsApp,shashank.jadhav780,Shashank Jadhav,2019-10-30,,0
46e9093f-4149-4b96-98cd-9af76ddc16df,396f5d8e-cd43-468f-9ea0-bec450e6db71,Twitter,DesertStorm,DesertStorm,2022-04-28,155,0
ee7348ba-67cb-4116-86a9-d8db14ccc1b3,4b31fe9e-51b2-4287-911f-2e21b982d0de,Facebook,mira.jadhav22,Mira Jadhav,2021-04-09,294,0
60bb65b0-f65d-48f2-96b6-c03d3bca9277,4b31fe9e-51b2-4287-911f-2e21b982d0de,WhatsApp,mira.jadhav,Mira Jadhav,2021-04-28,,0
386503f9-267f-4d14-83a6-26a161d5178f,4bd924a0-4163-4b8e-8fe2-47caadf44a76,Facebook,rajiv.verma138,Rajiv Verma,2015-04-12,87,0
27e4d117-545e-4c85-a06a-986893f8e17d,4bd924a0-4163-4b8e-8fe2-47caadf44a76,WhatsApp,StreetWolf72,StreetWolf72,2023-03-25,,0
2082f917-585c-41c6-a1e6-a6ea2d16415c,4bd924a0-4163-4b8e-8fe2-47caadf44a76,Telegram,DelhiWolf962,DelhiWolf962,2020-07-19,,0
0160765f-ba59-421f-b98d-ec6d4fd42b7f,00389333-eb97-4b4e-9a86-50eecff7d14d,WhatsApp,rekha.murthy7,Rekha Murthy,2017-01-17,,0
7a01c7d9-344a-4ccb-8e1a-15043353a7aa,00389333-eb97-4b4e-9a86-50eecff7d14d,Facebook,rekha_murthy,Rekha Murthy,2019-03-09,384,0
581d4e01-efd9-42c9-9f6f-ff5cca2a4f13,af6f4a57-5b33-4b88-9395-f4b3c7e035af,Facebook,nikhil_vaidyanathan705,Nikhil Vaidyanathan,2022-04-18,321,0
18c917ca-209d-4ae1-9a20-9aea2a2b9ff7,dcb380f4-9879-4bcb-ac59-4ac3e201bf26,WhatsApp,rani.choudhury,Rani Choudhury,2017-05-23,,0
c39f2ecd-8473-40a1-affd-62eaf79add75,dcb380f4-9879-4bcb-ac59-4ac3e201bf26,Instagram,CityShark869,CityShark869,2017-06-29,185,0
7c275baf-176c-4ece-a54b-c8274bcdb58f,fadc20a4-a5ff-4ca0-a3e7-8c5cb974aefb,Facebook,BombayKing721,BombayKing721,2018-02-02,106,0
7ee82cf3-3517-4793-b89f-e10786c529a1,fadc20a4-a5ff-4ca0-a3e7-8c5cb974aefb,Twitter,ShadowStar655,ShadowStar655,2021-12-01,75,0
319fd60e-9042-4dca-a41b-0b03f255fc07,d479e58d-abde-45c3-8833-d3842d694137,Twitter,ishaan_khanna399,Ishaan Khanna,2021-06-20,55,0
472a69d5-e53b-4380-9fd4-60801e904674,972cf4b5-7b82-4e50-9307-1100e89a4b37,WhatsApp,amar_khanna,Amar Khanna,2016-08-04,,0
5f582c67-6993-4b74-b944-27e7288d8620,598b970f-3219-4a29-a843-eb1703d9bcc2,Facebook,RoyalBaba368,RoyalBaba368,2017-05-01,467,0
0d43b188-5605-4c1f-b5ee-0320ace2a5af,598b970f-3219-4a29-a843-eb1703d9bcc2,WhatsApp,SultanSir509,SultanSir509,2018-01-20,,0
13ca0bc3-a927-4fd9-9d1f-abf44be57fc0,4e518ad5-4f1d-4e0b-b8db-35008e94ce9d,Twitter,LittleEagle424,LittleEagle424,2017-09-22,762,0
ca023899-55b0-4b5b-bdd2-79563b368a18,4bd43488-6f51-4578-b4ad-c91a1dd69c70,Twitter,akash_gill82,Akash Gill,2016-05-18,325,0
dc0ea6ed-bab1-4d06-bc40-cb0e9089b6b4,0114128c-ec6e-4071-bdc3-f5c5664b0ed6,Twitter,ajit.gill,Ajit Gill,2018-01-23,425,0
1c4da101-816e-43f2-be54-d0f74bf264ba,0114128c-ec6e-4071-bdc3-f5c5664b0ed6,Instagram,RoyalBaba119,RoyalBaba119,2021-03-27,447,0
417d288f-05ad-4c98-a65d-eb4c97b9555a,c8e62b5b-6b2b-486a-a7a9-e56ec10d8171,Telegram,shakti.raina,Shakti Raina,2020-04-01,,0
5e6e4599-b2ff-4ff4-be1c-67b184e4c278,c8e62b5b-6b2b-486a-a7a9-e56ec10d8171,WhatsApp,shakti_raina,Shakti Raina,2016-04-30,,0
f9f6c06d-1400-453f-8879-9ad9216bd0a6,75c66359-73bd-47e8-9307-32bf17d34380,Facebook,kunal.ansari572,Kunal Ansari,2017-01-28,221,0
a7a25ac2-a37b-4ad4-b2f9-eb863f5739fe,75c66359-73bd-47e8-9307-32bf17d34380,WhatsApp,kunal_ansari715,Kunal Ansari,2015-07-06,,0
957f36e8-3739-4105-ba71-c701fc062ca5,75c66359-73bd-47e8-9307-32bf17d34380,Twitter,kunal.ansari570,Kunal Ansari,2019-07-20,429,0
507ed168-6291-4f9e-9a1b-e2143079eaf3,50c8268c-ecde-4b23-a43b-c7f580efecd5,Twitter,karan.krishnamurthy160,Karan Krishnamurthy,2015-09-29,223,0
336852c0-9847-4816-af26-57ee82882a26,50c8268c-ecde-4b23-a43b-c7f580efecd5,Instagram,karan.krishnamurthy778,Karan Krishnamurthy,2020-05-10,116,0
1eaaaab8-23d9-4bcb-ae68-d9a1979e2bb8,ec4e0bf5-4e90-487e-8aef-6b6637489f86,WhatsApp,kanchan.gupta784,Kanchan Gupta,2020-08-22,,0
db6426b4-19ec-4f87-a738-20bff6028cc1,38d66af9-6e50-457c-8c19-f962a9c6b435,Twitter,lalit_gupta975,Lalit Gupta,2021-09-15,69,0
8e79ae85-085c-4fd8-a8a8-0b9c7a58fd71,38d66af9-6e50-457c-8c19-f962a9c6b435,Facebook,SilentDon639,SilentDon639,2024-05-02,680,0
ee36c430-bdab-4a6a-afcd-300a3fa18b34,df5f0caa-f14d-4a23-a5ab-f47b4e66487c,Facebook,chitrangada.gupta,Chitrangada Gupta,2017-10-07,517,0
98197a02-ad13-4d69-92ad-521b9ea2f960,bae44582-518e-4cc6-8864-9a68de64fa2e,Facebook,aaradhya.chopra,Aaradhya Chopra,2015-06-16,809,0
5de7829e-0b60-4ffc-990e-c9b7e6f3e365,97fa6d8f-8f8c-4e66-9600-c13228fb8b6a,Instagram,CityBoss134,CityBoss134,2015-05-03,552,0
50931f7a-4091-4d34-b154-fa10e63b12db,61471165-3f7a-400f-8a83-b0804b56ec92,Facebook,parth_ghosh264,Parth Ghosh,2020-12-05,451,0
5ab1829a-9b5c-41dc-ace2-931e4ced3a16,ecf8560d-074d-4616-bfe1-5ab4cab60fdc,Twitter,yogesh.venkatesh870,Yogesh Venkatesh,2022-01-15,175,0
251de9fd-306d-42f8-9517-cd86a0b436fd,e89be745-8297-48e4-97d3-281a91d72627,Facebook,dhairya.pawar591,Dhairya Pawar,2020-08-29,39,0
5ef42a4a-04a7-4296-bedb-bfb479cc46a9,fe019cc4-ad27-4a9e-8ce5-6f24d484e798,Facebook,divyansh.menon347,Divyansh Menon,2024-03-14,280,0
e841b873-a216-4afe-8c94-1fdf1a0791cb,7ed22d51-e52a-419c-9378-c3e008062e31,Twitter,shilpa.sanyal729,Shilpa Sanyal,2017-10-13,205,0
14a1e396-15ec-454f-8798-da01c8ff06c7,fe56cd72-0ab6-4f4f-a1bc-459955f68bc3,Instagram,megha.jadhav111,Megha Jadhav,2018-03-20,584,0
5d2a9df7-1c1d-4c30-ad89-9b3b5b3c0ef2,8081825f-0e48-4990-a7ed-bf1ddd6c7e0a,Instagram,BombayStar619,BombayStar619,2024-04-23,405,0
206d9f94-e473-4928-ac7f-1c438422fa9b,8081825f-0e48-4990-a7ed-bf1ddd6c7e0a,WhatsApp,dhairya.mazumdar345,Dhairya Mazumdar,2021-08-11,,0
bafcde6f-dd75-4d5e-b6af-ebb8cbade295,1ec06fb2-834c-4afb-8254-5f294f9bd0da,WhatsApp,indira_srinivasan,Indira Srinivasan,2015-01-23,,0
41380322-9c17-46a5-b74c-c8236a0f1563,1ec06fb2-834c-4afb-8254-5f294f9bd0da,Facebook,indira_srinivasan656,Indira Srinivasan,2017-10-01,336,0
13bc559c-b1e7-4158-a78c-11a782af5f9d,1ec06fb2-834c-4afb-8254-5f294f9bd0da,Telegram,indira.srinivasan398,Indira Srinivasan,2018-04-08,,0
6170b9eb-f1e0-4366-b7e2-1af9d0043fd9,c8cb9ae6-8908-4470-83f4-d28bc48bc1bc,WhatsApp,hemant.deshpande60,Hemant Deshpande,2021-04-10,,0
afb611b0-9b36-4a99-8001-a319cc8bd16c,c8cb9ae6-8908-4470-83f4-d28bc48bc1bc,Facebook,hemant.deshpande163,Hemant Deshpande,2017-12-02,54,0
e58c6315-377c-4dd3-90e5-d06bd6f768c5,4d9faa69-718a-4c13-93e8-acaea8c22f67,WhatsApp,sanjit_gopalakrishnan824,Sanjit Gopalakrishnan,2017-04-26,,0
088f4ec1-f883-4ec9-bb4e-2a79ed58758c,4d9faa69-718a-4c13-93e8-acaea8c22f67,Facebook,sanjit.gopalakrishnan,Sanjit Gopalakrishnan,2017-02-16,100,0
c92059b7-3a4e-4ad3-9872-97b4041c0764,c4e80afb-b1ed-4eea-a3c7-45d925f546fb,Instagram,StreetTiger541,StreetTiger541,2018-12-17,187,0
bff2e122-4b5b-4706-852a-62784705f15f,ee9f26ed-c3e0-429e-adb6-1f32bb1bb4df,Telegram,GoldenBaba752,GoldenBaba752,2022-08-03,,0
83139c10-6c86-4422-9c67-20ec63c7f9d0,ee9f26ed-c3e0-429e-adb6-1f32bb1bb4df,Facebook,rohit.natarajan269,Rohit Natarajan,2016-02-11,49,0
6fdaca5c-48dd-4fdc-ba05-bebd4e3dfa0c,80d1a12f-12b3-4bd3-abd1-b154fc01378c,Twitter,deepika.chauhan,Deepika Chauhan,2018-11-23,251,0
c4e7aba1-21e6-48e7-b6d4-3a324f7fee31,80d1a12f-12b3-4bd3-abd1-b154fc01378c,Telegram,BigTiger567,BigTiger567,2024-01-21,,0
7f5df2d5-177b-46b1-9159-1b23dcf721d2,4682e1e3-d14e-4a06-b425-c1b44c3bdf54,WhatsApp,sushma.mukherjee,Sushma Mukherjee,2017-04-09,,0
0b1385b8-796c-425e-8fb0-21183d556e1d,4682e1e3-d14e-4a06-b425-c1b44c3bdf54,Instagram,sushma_mukherjee,Sushma Mukherjee,2023-11-08,53,0
6565c92b-da67-41d6-8fca-db08ed020cc6,be6e9734-d7c4-405f-bbb0-06104918e898,WhatsApp,pushpa.modi641,Pushpa Modi,2024-09-09,,0
7c927a25-bd04-4126-a04b-09f261e6f382,be6e9734-d7c4-405f-bbb0-06104918e898,Twitter,pushpa_modi879,Pushpa Modi,2018-12-26,816,0
289ddec6-f8f5-4288-8a0d-c4d5037666fe,2ca64574-556a-4e5c-a21d-820a82e4bcb5,Twitter,LittleTiger100,LittleTiger100,2017-08-13,504,0
b10e9296-ac10-4170-9001-207ddbad8b0b,2ca64574-556a-4e5c-a21d-820a82e4bcb5,Facebook,pallav.viswanathan605,Pallav Viswanathan,2018-08-03,453,0
a673e054-21c9-4c24-9315-cba39ae07855,65493cfb-8afe-4ebd-9df2-faa763b8f310,Telegram,akhil.chawla977,Akhil Chawla,2022-09-04,,0
548f9568-c70b-42a9-b72b-5b1e7b0e3d9d,89becb17-81b8-459b-ae0b-96b155f34386,WhatsApp,siddharth_chawla562,Siddharth Chawla,2020-11-03,,0
40373fa5-359c-479b-9532-41547d690ad3,89becb17-81b8-459b-ae0b-96b155f34386,Telegram,siddharth_chawla,Siddharth Chawla,2017-09-23,,0
4b5eed65-f210-452b-8114-80e514050ae0,c529d9ef-2cd1-45c2-9e04-a55827105e21,Instagram,ritesh_hussain813,Ritesh Hussain,2022-04-09,647,0
8c055e34-da79-4e02-ace8-dac1e6dd2b98,c529d9ef-2cd1-45c2-9e04-a55827105e21,Facebook,ritesh_hussain60,Ritesh Hussain,2017-08-25,235,0
da227fee-49f6-4d60-8eb6-1f5fab27b009,6b8b8023-d580-47b1-ae20-b1b16bdeb80a,Twitter,ramesh_malhotra,Ramesh Malhotra,2015-04-10,47,0
b1d681e9-400f-4c77-ac6a-48674f846f81,454733be-201b-4f37-bdc8-fabcf42fcd20,Telegram,BombayChief,BombayChief,2017-11-14,,0
c2841484-3332-4e0c-b053-38d2d4d8906a,454733be-201b-4f37-bdc8-fabcf42fcd20,Instagram,BombayBhai793,BombayBhai793,2023-04-20,264,0
9fa2bea3-0815-4535-9155-7253c8cd3212,454733be-201b-4f37-bdc8-fabcf42fcd20,Twitter,RoyalHunter186,RoyalHunter186,2019-09-23,576,0
8ff5081d-9533-418d-899d-447c68f8a2d8,07606132-cd61-453a-a9d6-78d3a2f8c0cb,Twitter,rajat_chaturvedi60,Rajat Chaturvedi,2022-08-03,402,0
a7424c46-0039-4e01-88e5-b558501f699e,0ead0884-55ed-4e0c-931f-0414d70f5921,Facebook,RoyalTiger,RoyalTiger,2023-03-31,316,0
53205ea5-3452-4004-8c91-2f590c1700a7,93e02608-b62a-4037-bd6b-eba77022c2fb,Telegram,RoyalHunter,RoyalHunter,2020-11-24,,0
0794414d-0678-471d-9e29-df9d123223ce,b23b2c87-f81a-415d-ab99-0e23263c43de,Instagram,rupali.sahoo851,Rupali Sahoo,2016-02-08,235,0
bfe6b0b5-70d3-493c-a694-ccfd977e8b6f,29266a84-f9ab-4a29-9079-4cc1dad9b121,Telegram,himanshu.sachdeva,Himanshu Sachdeva,2015-03-08,,0
fc3ae0de-eba5-476a-b428-eec72c98bbca,9ecdbdb9-b55e-4e0e-bd9d-ceaafd90bddb,Facebook,ranjana.sachdeva754,Ranjana Sachdeva,2017-07-24,273,0
092d80b3-65ff-4217-9dce-00c3c74ca047,9ecdbdb9-b55e-4e0e-bd9d-ceaafd90bddb,Twitter,ranjana.sachdeva117,Ranjana Sachdeva,2023-12-10,214,0
12311c94-2d62-4621-bfde-1b8b253ac233,b130424e-a079-43fc-ae7b-9de36b066ebb,Facebook,indu.sachdeva,Indu Sachdeva,2021-07-14,42,0
580fc278-2e9e-42c9-b903-dc851a63129c,b130424e-a079-43fc-ae7b-9de36b066ebb,Instagram,indu.sachdeva5095,Indu Sachdeva,2015-10-31,278,0
43419447-73ae-4e23-9e24-3c9af4bf0792,ca14571e-73bb-4ea3-b5f9-39dbddf8b2b6,Twitter,shreya_chopra,Shreya Chopra,2023-05-25,183,0
77149db4-d44d-4be5-be54-be7fe1d2e926,59fbdf87-28e7-404c-97a5-0d0f217b39f6,Instagram,LittleTiger,LittleTiger,2016-09-06,154,0
e3f64cf5-531a-4905-b005-c534ed320e34,59fbdf87-28e7-404c-97a5-0d0f217b39f6,Facebook,aniket.siddiqui726,Aniket Siddiqui,2018-07-12,193,0
7635fba2-9208-4c8c-b05c-3f162c9aac17,a9de9f02-11c2-4c92-8daa-b23b3e87d736,Twitter,sunil_chaturvedi,Sunil Chaturvedi,2016-08-27,1,0
a224c240-1752-45a1-9bc7-8c0df5d49f91,b27ed7f3-0309-4705-a823-94c19d69f184,Facebook,CityStorm4723,CityStorm4723,2016-04-16,356,0
d6d8d533-8736-46d5-9462-7f3f8f3e7a53,b27ed7f3-0309-4705-a823-94c19d69f184,WhatsApp,mala.shaikh318,Mala Shaikh,2024-01-30,,0
9dd5dd4e-e7a9-4499-994e-d179781c88ba,32516016-95e1-42c5-b6ee-6d1c59de73ee,Telegram,yogesh_thapar,Yogesh Thapar,2017-10-09,,0
1ef9f488-2d3a-448e-a589-966e9e61e3b0,e60e7f71-b98d-4804-88ae-9e14b7878720,Twitter,harsh.thapar100,Harsh Thapar,2017-03-13,142,0
d38383ba-9414-4f64-8194-771eaa3a029b,fc2ffc05-29cf-4be2-ab8c-dcfe4f85038e,Facebook,nikunj.khurana132,Nikunj Khurana,2018-02-27,89,0
d0e636f5-e252-473a-a5a0-0e039ca22172,186b6432-d7b9-4397-ae8e-c7b49b2868bc,Instagram,sapna_khurana32,Sapna Khurana,2022-08-31,385,0
48905b16-dfca-442a-b39c-486d5822ddbe,c01ed628-489a-4805-9c4f-5a34da05d3f8,Twitter,sadhana.khurana,Sadhana Khurana,2019-03-05,185,0
136e3cbc-ed87-40dd-9586-1f7d9962439c,c01ed628-489a-4805-9c4f-5a34da05d3f8,Facebook,sadhana_khurana,Sadhana Khurana,2019-12-13,229,0
3147a2ea-86dc-416b-929a-ddef924a4c07,0e452102-4aa9-4290-9b86-577e41a8b3d4,Facebook,anirudh_anantharaman,Anirudh Anantharaman,2016-08-24,190,0
a59d0462-854b-453e-90fb-1ceb8cb18d08,0e452102-4aa9-4290-9b86-577e41a8b3d4,Telegram,anirudh.anantharaman509,Anirudh Anantharaman,2023-11-03,,0
6b7c817c-4ff2-4175-bbf2-a2f692c8db81,0e452102-4aa9-4290-9b86-577e41a8b3d4,Twitter,anirudh_anantharaman678,Anirudh Anantharaman,2018-06-12,90,0
e64ffc76-16c7-4c8e-a389-e0d224a0fa01,1aead6bb-e517-4ad3-80d5-4673db5c0db8,Telegram,madhav.modi,Madhav Modi,2018-02-27,,0
2f01dcf7-b8ff-4a93-9101-639d11e753ad,08a53a16-20c4-4c50-ba6e-3c40ef621f5f,Instagram,RealBoss,RealBoss,2016-06-26,106,0
9d25b4dd-c4d8-4346-9f16-734966308d85,08a53a16-20c4-4c50-ba6e-3c40ef621f5f,Twitter,payal_siddiqui547,Payal Siddiqui,2016-03-10,844,0
9ecf5b66-dde8-4432-a15a-706164bab563,58403a85-3bb2-4384-b35a-06d05951268a,Twitter,IronRider269,IronRider269,2016-06-05,219,0
6a5b11a6-2f4a-4b60-8181-1a8a61f55df7,58403a85-3bb2-4384-b35a-06d05951268a,Facebook,RealEagle192,RealEagle192,2019-08-22,486,0
74a0b922-d4ee-457c-89f2-2027cbf96a37,58403a85-3bb2-4384-b35a-06d05951268a,WhatsApp,LittleStar,LittleStar,2015-08-19,,0
930ee86e-0a1f-4174-aa21-5fcc261c5842,2cd1f3be-6824-4a52-8086-4de729d9aaca,WhatsApp,rohit_senapati,Rohit Senapati,2022-05-02,,0
1a89a6cc-99bc-4f81-bbc3-a2ecdc4cc56e,d038f78a-ac24-4255-9b01-1d1541ce8012,Twitter,MidnightHunter9561,MidnightHunter9561,2018-07-18,433,0
6be1022d-9b95-4515-9079-29b6a99c2470,d038f78a-ac24-4255-9b01-1d1541ce8012,Telegram,RisingBhai598,RisingBhai598,2017-06-29,,0
51565313-b705-42a8-b482-56f1d94105b5,46cf126c-dd3b-4a9a-b58a-14ba3169de56,WhatsApp,chandan_pattnaik208,Chandan Pattnaik,2020-12-02,,0
53267f22-24ae-46b2-aae9-34ea4179e4f8,823343ef-211c-4a81-9536-e47ca7353e8d,Facebook,vineet_sawant563,Vineet Sawant,2022-04-17,210,0
694ac87a-c445-4276-80cf-fb1262a762f3,8bc0df36-e3d8-4a4a-8c8e-accca462e3ee,WhatsApp,LoneLion629,LoneLion629,2021-05-13,,0
8ce5c1b1-fc9b-4460-b0db-a2735f902e64,39727b42-2e34-4761-86de-934b90995f38,Telegram,dev.kurup820,Dev Kurup,2023-01-22,,0
21a90e61-c8a9-416d-902e-37a621c2f185,02710545-5cb2-49e4-ace2-ef4ff578b158,WhatsApp,swati.senapati456,Swati Senapati,2018-03-05,,0
1161a141-271c-4eb5-a940-5645f5cda66b,02710545-5cb2-49e4-ace2-ef4ff578b158,Facebook,swati.senapati304,Swati Senapati,2017-03-26,205,0
4cb47786-17d0-48d9-9a76-5e7e103aa953,6fbe7cd9-f340-4136-a2ac-76aa489d39bb,Twitter,soham_saini27,Soham Saini,2019-07-08,758,0
8246005c-3284-4146-8df6-1ee2e5b29a78,6fbe7cd9-f340-4136-a2ac-76aa489d39bb,Instagram,soham.saini610,Soham Saini,2015-10-12,10,0
c90471af-9ae7-4b08-a986-b0b01ddb2818,6fbe7cd9-f340-4136-a2ac-76aa489d39bb,Facebook,soham.saini,Soham Saini,2024-01-26,135,0
62b78aea-060e-4937-b9ff-3746ef202016,b21086e5-e0c7-4581-b389-8d45ce5ed6e9,WhatsApp,shivansh_ansari649,Shivansh Ansari,2020-06-11,,0
c1ebaafa-6316-43bf-85b1-c81990bfbc53,491f1427-759d-4897-9869-66d835714bbb,Facebook,devesh_ansari564,Devesh Ansari,2020-09-03,77,0
6eb90eb1-a762-4412-acf8-4aaedf70d5f4,491f1427-759d-4897-9869-66d835714bbb,Instagram,SultanKnight89,SultanKnight89,2018-05-27,20,0
4f67410e-0a26-4d8f-8716-26ac961e2589,06f3d146-8c0e-4189-91e0-d3c04da2745e,Telegram,praful.tripathi,Praful Tripathi,2018-06-17,,0
c28f22af-fe45-43cb-8068-cd555ec3cba4,06f3d146-8c0e-4189-91e0-d3c04da2745e,Twitter,RisingEagle200,RisingEagle200,2015-08-25,152,0
0c0c5a0c-1431-49f8-b259-29bf02475736,b7008cf0-f52c-4878-a4ac-b18aa43bef76,Telegram,sara.gupta150,Sara Gupta,2024-07-30,,0
caa57cab-5446-43c4-9d9d-63269f600cce,9e122242-a545-409d-9760-69ce5326889c,WhatsApp,IronStar580,IronStar580,2018-07-01,,0
09327439-a9ba-443f-ba25-ce2e4d3962f7,e29829bc-7268-4b21-a6c5-c6b2a350bf89,Facebook,RealFalcon916,RealFalcon916,2016-10-27,572,0
2ed66b91-4925-4b5a-8194-62b83ed7705a,e29829bc-7268-4b21-a6c5-c6b2a350bf89,Twitter,vikram.shaikh225,Vikram Shaikh,2015-05-31,217,1
e34c097a-9481-4505-9edc-473b5093bcd1,75a58431-c355-472e-853e-b22584057fd8,Twitter,pravin_kulkarni113,Pravin Kulkarni,2019-11-16,359,0
e73fec83-870c-48dc-8b81-43c99edcd2f3,66e0d2a8-0425-451b-80a1-c99c31a292bd,Twitter,BigLion251,BigLion251,2024-07-01,161,0
5a119174-8d04-47c4-898a-c33964850d68,66e0d2a8-0425-451b-80a1-c99c31a292bd,WhatsApp,ganesh.jain,Ganesh Jain,2020-03-09,,0
332e9229-5418-40e9-9b4c-5752b4b0b4ec,37be16a8-d495-4e8a-981c-702ad9ed23d4,Facebook,rani_jain,Rani Jain,2018-05-14,93,0
27dbb1de-efc6-4867-b558-aa6d2bc76ccf,64c8c8c4-3eca-40a8-a280-fce21bb2974a,Telegram,GoldenTiger,GoldenTiger,2022-09-12,,0
7519616e-5db1-4fcf-9d4a-c786c106c8ca,64c8c8c4-3eca-40a8-a280-fce21bb2974a,Twitter,ShadowBhai,ShadowBhai,2020-06-26,425,0
c3f9eab7-fad2-428b-bada-189399115db7,51e1dc18-3ead-425c-b637-9a7c7fd8b9a2,Telegram,sankalp_basu,Sankalp Basu,2015-02-15,,0
2bdb7aca-b5d8-4996-91b2-0e3074ebc302,0a1b99f1-1274-43bf-ad88-64f2887c6641,Twitter,mohit.chopra834,Mohit Chopra,2018-03-29,146,0
059d4a00-83f7-4537-9a74-9204234a6012,0a1b99f1-1274-43bf-ad88-64f2887c6641,Facebook,mohit.chopra,Mohit Chopra,2016-12-29,595,0
40cfc4ea-07d0-4c82-b70d-84e493795974,0a1b99f1-1274-43bf-ad88-64f2887c6641,WhatsApp,mohit.chopra88,Mohit Chopra,2015-07-06,,0
2628c701-936d-48c5-8203-6cde5178b666,cbfaf171-dce6-4569-a432-ce256a1385c8,Twitter,IronTiger192,IronTiger192,2017-12-10,543,0
b000a09d-4a2a-4c5e-9ca4-d894aabf9cc2,cbfaf171-dce6-4569-a432-ce256a1385c8,WhatsApp,RisingFalcon861,RisingFalcon861,2023-03-15,,0
e631beb9-c244-45d5-ab03-1a4b85cb33a7,f847626c-a1c8-45d6-8bc4-a9a0f2fa2b66,Telegram,karthik_anantharaman546,Karthik Anantharaman,2018-03-24,,0
026f3bb8-00ee-44cd-9bcb-cbac1aabd68f,79c5f089-ebe7-496b-8aee-e7e215734d02,Twitter,nikhil_ganguly183,Nikhil Ganguly,2015-02-03,162,0
57adcd65-fbd5-415e-b548-a4b0001335bc,866ee0b9-296f-4f1a-a5e4-00facbb2f2f1,Twitter,kiaan_ganguly,Kiaan Ganguly,2018-02-25,658,0
b96959a3-fd84-422d-a0d9-299c4cb9b85b,866ee0b9-296f-4f1a-a5e4-00facbb2f2f1,WhatsApp,kiaan.ganguly883,Kiaan Ganguly,2017-01-08,,0
f8a06763-d3eb-424a-90c8-0aedd6dcfa21,a8e8d715-c685-4e6e-b7b6-770c44b19fa0,Facebook,BengalStar,BengalStar,2017-04-02,36,0
705845e9-985a-4616-a380-cbd5c75e7e56,a8e8d715-c685-4e6e-b7b6-770c44b19fa0,WhatsApp,DesertRider488,DesertRider488,2022-08-21,,0
9756ba97-dd4e-4457-a082-eb98b05b7617,a8e8d715-c685-4e6e-b7b6-770c44b19fa0,Telegram,kiaan_gupta,Kiaan Gupta,2017-01-25,,0
8404be6d-6ee1-4751-8fc7-e8f3efb2749b,a340f970-d761-46df-ae50-904a5c84f1df,WhatsApp,sumit.gupta,Sumit Gupta,2024-07-23,,0
010b3215-248a-4ce1-ba46-65d808fcc519,a340f970-d761-46df-ae50-904a5c84f1df,Instagram,IronBoss347,IronBoss347,2021-07-17,185,0
9904f739-1627-4e4d-bb41-ada87e14b69c,a340f970-d761-46df-ae50-904a5c84f1df,Twitter,sumit.gupta321,Sumit Gupta,2021-05-19,159,0
c00790dd-b953-42d7-85ce-ba3c05929139,a5044e96-2226-49e3-ac23-33ab4e89632e,Twitter,vinod.gupta,Vinod Gupta,2023-10-16,85,0
63e26564-8d46-4e64-90dc-fbaf998b6232,5d4e95f6-a5b7-458f-bb96-16b83c313283,Facebook,RealSir521,RealSir521,2023-06-22,9,0
53e0cfe4-753b-4569-af7e-0668290f7868,5d4e95f6-a5b7-458f-bb96-16b83c313283,Twitter,BigStorm268,BigStorm268,2015-01-24,451,0
32d70c17-3ec1-4ed8-ba70-25164ee96ca6,5d4e95f6-a5b7-458f-bb96-16b83c313283,WhatsApp,sai.kapoor464,Sai Kapoor,2015-03-08,,0
51aaf640-3f39-4fa2-b8b4-61ab23e16a8d,b6afdec7-c3df-4244-89ef-b20f7599b04c,Twitter,rishabh_kohli336,Rishabh Kohli,2018-12-21,342,0
2b9f96d6-c0a4-4f2d-8973-6997687e67d8,381edcea-393a-4563-9fea-dfc8d626a408,Twitter,ritesh_tiwari30,Ritesh Tiwari,2019-07-17,34,0
9c0885a7-bfdd-43b0-b0f2-4da4db15f694,1a958dca-63c0-4934-905a-10e51c3d04ca,Facebook,tabu.tiwari584,Tabu Tiwari,2022-06-06,341,1
570a644f-1893-483a-bc45-3c2f0e420fe3,a5be789e-f728-4c59-a462-1883b471932d,Telegram,rajat.vohra878,Rajat Vohra,2017-04-16,,0
716ab83e-41a7-4e90-a3ee-b6526b1e9df9,fc6bab47-ed84-4a99-98d8-2bcb5b3f8374,Twitter,gopal.saini,Gopal Saini,2024-05-18,165,0
a7a5c838-2cb2-42c8-9d14-a43797bf3b30,a863fe66-6b5f-4161-a08e-b86004e3f38e,WhatsApp,CityWarrior10,CityWarrior10,2019-08-15,,0
9bd0bad6-3d8f-4d5a-bc0e-baa484cb736a,a863fe66-6b5f-4161-a08e-b86004e3f38e,Twitter,lokesh.saini242,Lokesh Saini,2022-08-04,488,0
0200786d-7435-4612-a628-f3dc006405e5,0a5b766f-e003-4e09-91ac-8749993fd2c7,WhatsApp,reyansh.saini,Reyansh Saini,2017-07-11,,0
508ad56a-2125-4a30-9cd6-568fb5d394b7,19fddd5d-fe03-495e-9dfc-a0cd6d93d52d,Twitter,aarav.mohapatra,Aarav Mohapatra,2023-11-07,545,0
24dc160c-f534-4d45-bd5a-ce01d563bf2a,5a14c393-ced5-4851-a7b1-b3ac69a36268,Telegram,jai_randhawa70,Jai Randhawa,2016-01-08,,0
12d9bb1f-3dc6-4520-8408-d624a725f1ed,5a14c393-ced5-4851-a7b1-b3ac69a36268,Instagram,jai_randhawa,Jai Randhawa,2020-04-24,665,0
9f2a3c62-0098-4cab-989a-40c57b66c1eb,5a14c393-ced5-4851-a7b1-b3ac69a36268,Facebook,jai.randhawa625,Jai Randhawa,2015-03-22,498,0
502b22d6-316f-4cdc-a322-759850d82270,f227f6b2-166f-413b-8e2a-82ff5d243d54,Twitter,arnav.dhar759,Arnav Dhar,2022-01-03,546,0
6d4d59f9-6205-46b9-a0a4-3c4e6f881c0d,f227f6b2-166f-413b-8e2a-82ff5d243d54,Instagram,arnav_dhar309,Arnav Dhar,2021-06-11,330,0
a39e5f23-94e5-46d8-85b2-571d8d286285,65d05ad4-0721-4fb3-9bd8-1fd0beb5cd57,WhatsApp,anish_mohanty183,Anish Mohanty,2022-12-23,,0
bfa8e6c0-dd1c-40ab-9404-dda44fbd4c9a,d6d0eceb-8f01-42d5-a6a6-19431cf2251b,Telegram,yashoda.upadhyay,Yashoda Upadhyay,2024-07-28,,0
3fee3e09-8fb1-42e9-86a1-8470643c1386,d6d0eceb-8f01-42d5-a6a6-19431cf2251b,WhatsApp,yashoda_upadhyay695,Yashoda Upadhyay,2017-03-10,,0
f58900ac-1fbf-42ca-b116-1a43cbdb4a56,7b52549d-ed07-4e02-8e14-0645be9bb1ab,Twitter,madhav_hussain640,Madhav Hussain,2024-06-17,237,0
c742227f-dc33-4fc2-8eb3-6730550fd460,7b52549d-ed07-4e02-8e14-0645be9bb1ab,WhatsApp,madhav.hussain,Madhav Hussain,2022-12-26,,0
e0f4aa3d-3717-4054-b1e6-bab54610e7c3,7b52549d-ed07-4e02-8e14-0645be9bb1ab,Telegram,madhav.hussain527,Madhav Hussain,2023-06-18,,0
d5f46508-8d35-4719-a531-63ddc214faaf,47635c92-ffa4-4fc8-b344-531214f40b95,WhatsApp,ChiefBaba910,ChiefBaba910,2022-12-17,,0
451163a9-d094-4e33-b09d-ba1efba656ce,47635c92-ffa4-4fc8-b344-531214f40b95,Instagram,RoyalWolf,RoyalWolf,2022-12-21,103,0
faa6fbe7-6829-41a6-a439-74033818f570,ffed9e70-f0a4-4834-8f50-4bc97419656a,Facebook,atul.begum,Atul Begum,2024-08-25,60,0
badcafc3-2bb8-49ef-86fc-44848f0c27ca,ffed9e70-f0a4-4834-8f50-4bc97419656a,Twitter,atul_begum,Atul Begum,2017-09-07,147,0
b7dc0903-d67d-491f-bb8c-823c691cb1ea,58ecf8c3-7cbd-4272-94cf-71943dc33e96,Telegram,StreetDon863,StreetDon863,2018-03-29,,0
4f8aa70c-6b71-464f-ae59-4b75b16a36df,5126cc62-b59f-41b6-8efd-c67a432b7a2c,Facebook,shivam.patel,Shivam Patel,2018-01-12,37,0
2d0e05d8-b7ae-4688-8fb5-08dd2cabd038,da42248e-bb7b-4a97-9912-fd9aac5842f0,WhatsApp,PrinceLion,PrinceLion,2022-11-12,,0
60722d8e-7775-4925-a14e-01ef7c43b89c,da42248e-bb7b-4a97-9912-fd9aac5842f0,Instagram,BigKing,BigKing,2016-07-14,223,0
e6acd8a6-e294-4879-8ba6-fa2a76a88104,da42248e-bb7b-4a97-9912-fd9aac5842f0,Telegram,aanya_naik,Aanya Naik,2023-11-15,,0
59c189b7-fecf-4667-8a75-5e50ce782ed8,630a2f6d-64cf-49b4-9586-6413e6b9de84,Telegram,nisha.deshpande,Nisha Deshpande,2018-07-11,,0
9d11b19a-3d12-47e5-841c-70037a5ecc12,630a2f6d-64cf-49b4-9586-6413e6b9de84,Twitter,nisha_deshpande848,Nisha Deshpande,2021-09-18,229,0
4dff97c6-fab7-4aa1-9718-e8390a41d561,02662da0-19a4-460a-b3b0-25f9e65e4e33,WhatsApp,viraj_deshpande,Viraj Deshpande,2018-11-16,,0
a7847e69-134f-4497-947c-f837f304464f,2640fd97-8388-4336-ab6b-1e046723ec25,Facebook,raveena_menon385,Raveena Menon,2015-01-22,410,0
8f203b0d-0bcd-49b2-9fa1-3e0166351aec,54f4377b-6cb0-4784-8b09-f6a94285a289,WhatsApp,ramya.acharya,Ramya Acharya,2019-01-12,,0
f00478ac-b37a-4d1a-b822-9afa8a9afb80,2e71c4a0-ae70-4010-a211-112e4f70c8b4,WhatsApp,rohan_yadav872,Rohan Yadav,2021-01-04,,0
bf8633c6-3241-4cf1-80eb-142b448725ea,a607336d-9b99-4117-a56f-57962cd30dfc,Telegram,raghav.sanyal979,Raghav Sanyal,2022-03-29,,0
a7fe07c7-207f-46d5-81fc-d30573839956,a607336d-9b99-4117-a56f-57962cd30dfc,WhatsApp,raghav_sanyal,Raghav Sanyal,2015-01-06,,0
9f8cf02e-eef6-4049-8b77-72d9cfb9cd62,58796a3b-821d-4185-8914-303664d5ccba,Telegram,ShadowWolf213,ShadowWolf213,2016-03-17,,0
22cc7ebc-8c13-4a95-a7d8-a9d2cde59ab6,5016d06f-c3eb-4c9b-affc-a070c293842a,WhatsApp,girish_khan,Girish Khan,2019-03-12,,0
d738b471-ed57-4979-949a-aef7b0c4a6b7,c0ccc50e-59e2-4ce9-98d3-5b931dd2ae0f,Twitter,hardik.balakrishnan726,Hardik Balakrishnan,2019-10-13,395,0
49af0387-8dcd-44d4-9165-8aee4437f71b,30abb3ed-b819-4ace-ba46-8d69c0259e85,WhatsApp,rachna.balakrishnan417,Rachna Balakrishnan,2022-09-17,,0
07c88185-acfc-40c0-a483-49562a2a064d,2a9bb79a-96df-4fb0-8957-dab00b74168a,Instagram,PrinceFalcon865,PrinceFalcon865,2020-03-07,371,0
f356e6f2-9ce5-4e2e-9604-984ec1bc4c09,36f5f7c4-f4f3-4c9d-b004-c52cccb57d0e,Twitter,chandan_sarkar,Chandan Sarkar,2019-11-25,301,0
01041428-c7b9-4a1e-bc5e-40d24823221d,f2115e40-063f-47d4-b56c-82c06cb911ef,Telegram,tanvi.sarkar150,Tanvi Sarkar,2024-03-06,,0
1242fae1-13a8-429a-9007-598d36871c37,ce0f7998-6e71-4f65-a70d-da5916d42ad9,Facebook,vishal_sarkar307,Vishal Sarkar,2020-04-30,355,0
9ca16606-11bf-4230-a8cd-20f16429173d,d719e8f8-6480-46af-9992-feb3c71c8c5f,Twitter,durga_mehta445,Durga Mehta,2020-10-12,85,0
292f117d-e94f-43ae-b29a-4736c77672a6,2090861b-d686-40ef-bb36-c556e162d4dc,Twitter,MidnightShark879,MidnightShark879,2020-01-15,501,0
74673cf1-ae03-45fd-abff-4497de575e5b,2090861b-d686-40ef-bb36-c556e162d4dc,WhatsApp,saraswati_bajaj235,Saraswati Bajaj,2019-08-28,,0
29c5b7a7-cea2-4370-a866-0de8693cc538,2090861b-d686-40ef-bb36-c556e162d4dc,Instagram,BombayStar203,BombayStar203,2018-11-24,631,0
f3f38a7c-90c1-466c-b421-da3b60c3310e,5c97634a-2f6c-49bb-8e4e-acc58e31a2ad,Facebook,sarthak.bajaj,Sarthak Bajaj,2023-07-30,280,0
f59c106d-13b6-495d-959d-93107dea03a9,5c97634a-2f6c-49bb-8e4e-acc58e31a2ad,Twitter,sarthak.bajaj7896,Sarthak Bajaj,2023-10-01,33,0
3cb41d69-eb30-4b33-88de-3a8c965845c7,a255d4b8-bfce-4ea5-a193-2d6faa2f7ea9,WhatsApp,tanvi.bhatia169,Tanvi Bhatia,2015-09-08,,0
a2cfd3fa-48ee-4db9-a1c7-8057c7b4eda7,a255d4b8-bfce-4ea5-a193-2d6faa2f7ea9,Facebook,tanvi.bhatia,Tanvi Bhatia,2017-05-08,262,0
14a7f596-6191-40c2-b0ee-fcdf76a19232,77831842-6ff5-4991-b1df-2d3fd95f465f,Twitter,DelhiKing,DelhiKing,2016-10-17,40,0
ed3b7463-3af5-413f-8604-dc8fb5499553,8081c6e4-7b97-4e85-8fcf-93c2cfca8309,Facebook,GoldenLion660,GoldenLion660,2017-05-16,124,0
cd9d77f8-9246-4f62-88ac-0a08d7a3bec6,fdf74b33-ac83-405d-b15c-5fda48745b98,Instagram,BombayKnight290,BombayKnight290,2015-07-15,557,0
13694a51-1907-4b75-aaf3-72488791c922,d1f8d02e-22bd-47c9-af5f-de128d51a78f,Twitter,vaishali_iyer81,Vaishali Iyer,2016-10-26,542,0
eb32b580-367a-484e-96df-2a860b885406,d1f8d02e-22bd-47c9-af5f-de128d51a78f,Instagram,vaishali.iyer,Vaishali Iyer,2022-06-15,137,0
769cde2d-3994-488b-9a0d-b27487ee7238,47584d4b-524c-4696-b0a4-4445638f24a6,Telegram,rishi.iyer9,Rishi Iyer,2021-09-15,,0
f46f700d-602d-46c6-856e-c4dc9f2eb70e,47584d4b-524c-4696-b0a4-4445638f24a6,Facebook,BombayPanther683,BombayPanther683,2024-06-19,436,0
3f674c85-0b33-4389-959c-53f2afd95b57,8a8f094a-665b-42ee-bf78-9ec998b8cf84,WhatsApp,rahul.tandon,Rahul Tandon,2016-08-09,,0
9d6299eb-4fc0-45d0-b31e-183de574378a,d36f8888-13c7-4666-88cd-f15ba4ba1d3b,Facebook,MidnightHunter17,MidnightHunter17,2015-02-27,301,0
defc8f01-f524-44a3-b2bb-0ee36a8d7cae,4f374856-e16a-4b10-b313-a19b1139a497,Twitter,piyush.sharma863,Piyush Sharma,2022-10-08,389,0
c5230ff5-31d2-470e-a198-b3eb4674dd89,4f374856-e16a-4b10-b313-a19b1139a497,Facebook,piyush_sharma,Piyush Sharma,2023-07-24,471,0
30da874c-ce84-458b-a8a8-c26a2ad47d06,c34466cd-a07d-4875-8c89-0129dcaa6671,Telegram,hriday_das,Hriday Das,2018-04-16,,0
04d8dbc9-9ffc-451b-be54-47c00ec31f77,c34466cd-a07d-4875-8c89-0129dcaa6671,WhatsApp,GoldenBaba938,GoldenBaba938,2023-12-21,,0
47755973-c981-4ead-9eb5-35b3cf7ec230,c34466cd-a07d-4875-8c89-0129dcaa6671,Twitter,hriday.das,Hriday Das,2017-05-02,419,0
071ed28a-8f51-4366-9896-741e3e8dca1a,27d5070b-c246-48cc-8b84-baaaf02ab95b,WhatsApp,LoneHunter2471,LoneHunter2471,2016-02-08,,0
b8a28222-ae71-4c3e-a6a7-9386e72533e6,e1beaf71-9083-44d6-bf40-81271b755321,Facebook,RoyalStorm,RoyalStorm,2017-11-17,717,0
736d7c8e-4e26-4239-ace1-fdc25b6852a3,e1beaf71-9083-44d6-bf40-81271b755321,WhatsApp,StreetTiger922,StreetTiger922,2024-07-31,,0
35760788-cabf-4f38-9f93-c7c2291c4b63,e1beaf71-9083-44d6-bf40-81271b755321,Telegram,subhash.das,Subhash Das,2015-02-05,,0
ebb6a7d6-8f47-45f9-9b54-8572cf43bdbd,be0305d1-112c-45b7-a4d9-b115e8316072,Twitter,raghav.bhandari,Raghav Bhandari,2016-09-25,307,0
2aa90c7c-216f-400a-8e5c-6ec877785643,a1986a86-ee18-4b99-bde2-9f10ab7ccd8e,WhatsApp,ShadowKnight78,ShadowKnight78,2023-02-20,,0
bf9280fc-ddbf-4b8d-8db0-d5b3b4eecb3f,a1986a86-ee18-4b99-bde2-9f10ab7ccd8e,Telegram,DelhiSir675,DelhiSir675,2019-01-12,,0
4857006f-2b98-4ff0-94a8-305a727b61c4,ed45de29-9f52-464b-950c-eb50907cd9af,Telegram,GoldenBhai,GoldenBhai,2020-05-12,,0
67fc4a53-34bc-4623-acf9-0bb77d792e4d,8f5207a1-9993-400e-a9a1-c2d24371528e,Twitter,shabana.unnikrishnan847,Shabana Unnikrishnan,2018-06-04,129,0
5554782f-4d0e-4a08-940d-b18fd11f32cb,8f5207a1-9993-400e-a9a1-c2d24371528e,Facebook,shabana.unnikrishnan167,Shabana Unnikrishnan,2019-07-13,129,0
05bc53b5-dd6e-4d89-b2ec-272687302bd6,00f7fb61-8bdc-4b32-9a3d-a6798f67c868,Facebook,savitri_mitra,Savitri Mitra,2017-10-01,438,0
01e9ad85-a35e-4a4e-9def-950acf7ab3df,00f7fb61-8bdc-4b32-9a3d-a6798f67c868,Instagram,savitri.mitra589,Savitri Mitra,2017-09-27,145,0
963244cc-f605-4300-bed0-b3fd876f661c,e1a9fc92-0f4f-49d6-9e84-07fcd7de5739,Twitter,devesh.mitra576,Devesh Mitra,2022-09-20,89,0
9fa21386-05a9-43ea-8746-e80cc8913b20,e1a9fc92-0f4f-49d6-9e84-07fcd7de5739,Facebook,devesh.mitra,Devesh Mitra,2017-01-09,209,0
e4b75c78-21cd-4f9c-9935-f64cc0e1c7e8,4e4f0a11-0920-4167-8ace-540ebd0984a6,Facebook,sudhir_kamble181,Sudhir Kamble,2019-07-13,253,0
25c2f01b-ddfb-4458-a517-e2c0f34d7572,4e4f0a11-0920-4167-8ace-540ebd0984a6,WhatsApp,sudhir.kamble933,Sudhir Kamble,2017-07-03,,0
7da463ef-82b7-4ced-a013-bed484c7b2b7,4b1b80a2-a615-4beb-b4c0-6ef7f532013f,Telegram,deepak_nair386,Deepak Nair,2021-06-05,,0
ff2f1fce-2ccb-4a6f-b81c-d811d1c9c8dd,170f0efe-f3de-4674-8f23-189dfed839c7,Telegram,konkona_nair,Konkona Nair,2020-05-29,,0
6461b998-cc58-4238-9a7f-b24ca17d97c3,836d05d6-7c5e-43f3-96b3-0929d1cf2f56,Instagram,heena_nair,Heena Nair,2016-09-30,228,0
8ec62369-44ac-4d45-969a-3f50cf13c5cd,ea4550e1-8bef-4ff3-be42-f32ecbec2b0c,Telegram,ajit.jaiswal187,Ajit Jaiswal,2021-12-22,,0
d5bdc77c-9b80-433f-8015-0aeb4f549bfc,af7af608-3f36-41a7-88fa-bebf4c210878,WhatsApp,surekha.pathan475,Surekha Pathan,2020-02-28,,0
e5474076-d8ce-4e0b-8291-3f32143d177c,774b6008-ffa9-46c7-983b-1ac08d16b528,WhatsApp,sankalp.bhandary193,Sankalp Bhandary,2021-03-22,,0
652c5602-4f44-46ca-8385-54b1215323fd,774b6008-ffa9-46c7-983b-1ac08d16b528,Twitter,sankalp_bhandary,Sankalp Bhandary,2016-08-05,690,0
53130c00-978d-4583-9694-167bbeecf3e8,dab4dd42-4d7b-4b2f-a4bd-488c1ae33343,Facebook,deepak.rajagopalan72,Deepak Rajagopalan,2024-03-03,177,0
725db894-859d-43cf-9cc7-368c9e388fe5,dab4dd42-4d7b-4b2f-a4bd-488c1ae33343,Twitter,MidnightBhai417,MidnightBhai417,2022-08-14,317,0
36c0117f-9051-4c27-81d5-1d8ef301f06d,046b0dca-a56e-44b7-b312-40858a9575d0,Facebook,alok.rajagopalan851,Alok Rajagopalan,2015-08-05,68,0
afa83051-2d21-46c7-96e7-19afc458b24a,046b0dca-a56e-44b7-b312-40858a9575d0,WhatsApp,alok.rajagopalan505,Alok Rajagopalan,2016-12-20,,0
9bc6cf5e-80e1-4639-8e98-ec17b0ca4de4,a30e127a-6a24-462f-a270-525e76f6b9f6,Facebook,piyush_bhardwaj,Piyush Bhardwaj,2022-10-28,472,0
8110a46a-b5d4-4bb5-ad27-a7c0142e9e3c,a30e127a-6a24-462f-a270-525e76f6b9f6,Instagram,piyush_bhardwaj887,Piyush Bhardwaj,2017-07-19,237,0
a7b77582-152c-4d83-bc40-d7bda5147bfb,a30e127a-6a24-462f-a270-525e76f6b9f6,Twitter,piyush_bhardwaj945,Piyush Bhardwaj,2022-04-27,242,0
0e6753b9-1e48-49b6-83d4-f48b3e65770d,2f49ae34-73a4-4c90-a2a9-e39ffa43004b,WhatsApp,amit_khatri,Amit Khatri,2016-01-29,,0
1867a611-6f97-4f91-aec8-de4c9f4c4fb0,2f49ae34-73a4-4c90-a2a9-e39ffa43004b,Twitter,amit.khatri329,Amit Khatri,2015-02-02,78,0
7b70b90f-763c-4fd9-ba07-8a4f65748466,8e9cc757-8e08-430a-8332-8253a7e50e4a,Telegram,StreetDon637,StreetDon637,2015-02-08,,0
619ee175-6daf-4039-89e1-1e08890c5ed2,e9dadbbf-744c-47a3-8a6f-16d89937730c,Instagram,krishna_pawar182,Krishna Pawar,2019-10-13,106,0
9fc18559-f672-4224-b527-04de6539d09b,e9dadbbf-744c-47a3-8a6f-16d89937730c,Facebook,krishna_pawar,Krishna Pawar,2022-07-12,170,0
0ea78447-a092-4beb-8b2f-b025b57c75c4,a4823bd8-b1dc-482b-a4b1-462ed23adf10,WhatsApp,lokesh_pawar,Lokesh Pawar,2016-05-16,,0
7cfc5fc4-168d-496c-b9e9-46bf8076a6d2,e25c417f-8e46-45a7-b095-90916b77c8d2,Facebook,ajit_pawar551,Ajit Pawar,2016-05-14,365,0
9b50d9b5-0345-4a68-bc0d-602f2015e15a,f5269fb6-a687-4a46-b14a-395d3d76d88e,Twitter,ratna.rao,Ratna Rao,2016-01-06,115,0
a06ede6f-9175-4ac9-8306-0d5d4813b595,26bf84c5-8e0f-45cd-8b7c-bb0ab1e26619,WhatsApp,RisingDon,RisingDon,2021-01-28,,0
6a6c80dc-27e8-4b37-8331-a5ec2901751b,26bf84c5-8e0f-45cd-8b7c-bb0ab1e26619,Twitter,RisingChief629,RisingChief629,2016-05-05,224,0
000404ce-eeee-4f2c-9bc8-28d661437bd1,63e9eff7-eefe-4b87-bc8e-97bea5e61638,Twitter,ChiefStorm513,ChiefStorm513,2021-08-12,52,0
b0031347-5d9c-4750-b0e8-89c440d45bf7,63e9eff7-eefe-4b87-bc8e-97bea5e61638,Facebook,kaustubh_desai687,Kaustubh Desai,2021-12-18,800,0
f3f2016a-c14c-4d5e-b5ed-184cb8bedf0f,271393a8-aef4-41f7-8029-d87be170704b,WhatsApp,sumit.randhawa478,Sumit Randhawa,2020-05-22,,0
0edde36c-ae2b-43be-8f8e-cc3777dc3131,c23cbb4a-73f7-4e5c-bd92-26576675c2e2,Twitter,DesertDon980,DesertDon980,2015-12-09,178,0
ddf77a7d-3458-4bcf-86ff-a4441c50a04d,c23cbb4a-73f7-4e5c-bd92-26576675c2e2,Instagram,himanshu.randhawa318,Himanshu Randhawa,2023-04-13,145,0
f6479100-ace3-48bb-a38b-22606a480a04,c23cbb4a-73f7-4e5c-bd92-26576675c2e2,WhatsApp,himanshu.randhawa842,Himanshu Randhawa,2019-07-29,,0
bf105ce0-d940-4280-9a9a-584b16d43c1b,e877940c-30c3-4ae4-a2b5-f9b014064bf3,Twitter,gauri.randhawa,Gauri Randhawa,2022-11-02,367,0
6aa63261-b826-4364-a348-3aeca76b899b,e877940c-30c3-4ae4-a2b5-f9b014064bf3,Telegram,gauri_randhawa,Gauri Randhawa,2021-01-16,,0
ac77e18f-8544-489c-8480-5a861dc37fc9,680e1ca2-6ef9-42fb-b8e8-7d767fdf2fac,Telegram,ChiefShark,ChiefShark,2015-11-03,,0
f63a3d22-a350-439e-815f-0678fe207d33,680e1ca2-6ef9-42fb-b8e8-7d767fdf2fac,Twitter,RealFalcon578,RealFalcon578,2023-09-08,102,0
e07c1d46-bc5a-4b11-9fff-1e7aefc69223,10076921-f861-41b0-8118-7047c3900b85,WhatsApp,mukesh_gopalakrishnan,Mukesh Gopalakrishnan,2019-06-23,,0
f65e5aa6-78aa-49a2-9796-bd3af24c4981,10076921-f861-41b0-8118-7047c3900b85,Instagram,mukesh.gopalakrishnan29,Mukesh Gopalakrishnan,2019-05-09,112,0
7514f690-9fdb-4713-ab0f-d3de3edc2999,10076921-f861-41b0-8118-7047c3900b85,Facebook,mukesh.gopalakrishnan723,Mukesh Gopalakrishnan,2023-05-17,111,0
8bc9970e-79e9-4473-a211-5af37899d336,4a7efbc8-be33-4c54-b292-68a92964acdf,WhatsApp,prakash_modi377,Prakash Modi,2022-07-17,,0
faa8621c-0ff9-4076-a2ea-ca9b0a4a8c9c,b1613474-f684-4e0e-af19-fa4db221ba98,WhatsApp,anand_modi534,Anand Modi,2018-12-06,,0
f7e45c41-ad1d-43a5-a790-ba3bd1f7c6c0,b1613474-f684-4e0e-af19-fa4db221ba98,Telegram,anand.modi84,Anand Modi,2024-04-24,,0
c7138288-23a0-44f3-80d2-33004fe20f7e,beb95eea-1b12-4cf4-86af-5c17c41e6c34,Twitter,smriti_dixit83,Smriti Dixit,2016-09-24,297,0
9b5a407b-f72f-49e4-be7e-a38a08f4c6ee,beb95eea-1b12-4cf4-86af-5c17c41e6c34,Facebook,smriti.dixit,Smriti Dixit,2018-12-29,675,0
665a2a2e-e5c3-4a7f-80b4-6d4a3469cff9,2d93c2b0-c63d-41da-8fe4-ded93ff7ffbe,Instagram,gaurav.rajagopalan,Gaurav Rajagopalan,2019-05-25,259,0
3d8ec335-e6a3-46a8-a991-6f7418b6c30b,8cab76dc-2ec9-4d0f-9aca-8e0e66b20e4b,Instagram,ChiefBaba341,ChiefBaba341,2020-11-29,395,0
4652169a-00d5-4011-9359-c4bdc5d6fc3d,b56c9b82-0597-4e04-9c41-1272f478a5d2,Instagram,ChiefRider,ChiefRider,2024-07-01,229,0
fa301095-5852-4414-af7f-448a7f5ac3a1,b56c9b82-0597-4e04-9c41-1272f478a5d2,Telegram,juhi.khan311,Juhi Khan,2021-09-26,,0
f7a4ac9c-4b57-4d82-94e4-8967578a0675,b56c9b82-0597-4e04-9c41-1272f478a5d2,Facebook,juhi_khan986,Juhi Khan,2015-05-09,218,0
6bcbf59c-20ec-4842-a737-b89c7ca9c3a8,a9c21c0f-a8ef-47ad-864c-087fea52c40f,WhatsApp,soham.varma59,Soham Varma,2021-08-03,,0
b6142065-be3b-493c-a758-df92ef6a4bef,8a66e949-f04a-4051-bef1-eb1728025de4,Facebook,sunil_varma,Sunil Varma,2015-09-23,191,0
8e7319f9-7fce-4306-9402-22d643cdae6e,8a66e949-f04a-4051-bef1-eb1728025de4,Telegram,sunil.varma708,Sunil Varma,2016-11-03,,0
bf7bcbeb-9165-4f92-a8c6-a8d40a900f93,8a66e949-f04a-4051-bef1-eb1728025de4,Instagram,sunil_varma379,Sunil Varma,2015-10-30,389,0
6e631835-66bc-4305-ae88-48a7fc6acb59,c1882c3a-d0c4-4557-a273-50459c8281d4,Telegram,pallavi_chaturvedi,Pallavi Chaturvedi,2023-06-16,,0
0ec9124c-1003-40bc-9299-31977aff1458,c1882c3a-d0c4-4557-a273-50459c8281d4,WhatsApp,pallavi_chaturvedi5181,Pallavi Chaturvedi,2016-05-09,,0
4988db0b-774f-461e-a4e2-e5332958cdab,c1882c3a-d0c4-4557-a273-50459c8281d4,Twitter,pallavi_chaturvedi609,Pallavi Chaturvedi,2023-09-12,369,0
a667a0aa-7185-45af-9fa7-efa23da3f78c,6f2445fc-93fc-4b40-b406-c3b90a4a3eb1,Facebook,suraj_rathore562,Suraj Rathore,2021-12-19,611,0
233f4250-8951-4607-9b8d-beb749d7039f,179cfee0-746e-4c99-b25c-35408c16ed81,Twitter,naina.patil958,Naina Patil,2020-10-15,171,0
60842312-a9c7-4625-ad51-98781a4ce273,ed2fa728-cf2c-45cd-aed1-dcbc934ef633,WhatsApp,aadi_vohra,Aadi Vohra,2022-12-02,,0
c6624505-ad27-4faa-bdc8-3a08bcce39e5,04dd7a79-adee-4d84-af06-e4f5d5d65a65,WhatsApp,jyoti_wani278,Jyoti Wani,2015-04-06,,0
f16bfb98-3e42-4586-8435-67c9222c351b,04dd7a79-adee-4d84-af06-e4f5d5d65a65,Facebook,jyoti.wani,Jyoti Wani,2018-01-10,283,0
ef58a0bc-71ff-4f57-b3cd-1bd4c407d678,68b5f557-0e71-4db7-9e1d-1752bc421e6a,WhatsApp,keshav_bhatia,Keshav Bhatia,2023-08-01,,0
f3c73eee-36e2-41ba-b73d-0b010f4de450,68b5f557-0e71-4db7-9e1d-1752bc421e6a,Facebook,BengalWolf,BengalWolf,2016-05-14,291,0
0d348c07-e26f-46e3-aa51-54b772902e84,68b5f557-0e71-4db7-9e1d-1752bc421e6a,Twitter,ShadowKing254,ShadowKing254,2017-08-13,204,0
7b081664-00b3-43b0-afd2-16bb93c28a13,6b74afbd-79cf-4683-b6f5-e31b054f4a0f,Instagram,samar.bhatia803,Samar Bhatia,2020-06-09,292,0
657f40c9-261d-44dc-af84-e495872789e8,6b74afbd-79cf-4683-b6f5-e31b054f4a0f,WhatsApp,samar.bhatia772,Samar Bhatia,2017-01-24,,0
f30c72f1-d9e5-487d-9a1d-a10d78e11fb7,4de490be-92c2-4542-a982-4a674c43b835,Twitter,GoldenPanther,GoldenPanther,2019-03-06,288,0
0e0c0414-2a82-4964-83a4-bdd26b14c123,e01e5ae5-b41b-493a-9fc3-e28de2fe5345,WhatsApp,bharat.nair769,Bharat Nair,2023-12-03,,0
fed8ecb2-3a8b-4075-a61c-a615db6ec9a9,7abbe8df-4341-4149-93ee-779a01320e76,Instagram,aryan_sen556,Aryan Sen,2021-05-06,30,0
4592714d-050a-4326-8586-d7fd05843ff5,b2ea8930-4616-4900-af3b-efbcaefd3c7a,Instagram,pratik_trivedi,Pratik Trivedi,2019-04-11,207,0
e0f9ecf8-7d6e-4804-a1d4-c48c278570f2,2e28250f-59fb-46d3-a8b9-94f301e02a0a,Facebook,GoldenBaba937,GoldenBaba937,2015-09-01,233,0
2ad4ab58-2390-411a-8f16-66b36e68444e,16757341-7413-4caa-a82d-50e53ac5a3c5,WhatsApp,DesertPanther307,DesertPanther307,2015-04-28,,0
f233724c-7ccf-4eb0-aed0-89596cbf2322,dd5c8670-0842-47f7-81c9-aa2f942d5531,Facebook,BengalBhai,BengalBhai,2015-09-02,61,0
2feeb257-c39b-4d0e-ab48-7eab4df2f76a,dd5c8670-0842-47f7-81c9-aa2f942d5531,Twitter,suresh.chakraborty545,Suresh Chakraborty,2020-03-18,899,0
5dcfa211-69ef-4a58-a78f-fe7c45d4f6d8,61689509-1140-433d-9390-7d1f7e7b5151,Twitter,DelhiFalcon407,DelhiFalcon407,2021-09-08,368,0
38143140-cfc0-4238-9f2b-d8c63a046ccb,e1631865-a6e0-42ba-8241-0fb34d3cd2d5,Twitter,BombayStorm217,BombayStorm217,2015-04-21,293,0
d2d80074-50af-4147-9900-e208753af99e,e1631865-a6e0-42ba-8241-0fb34d3cd2d5,WhatsApp,ananya.upadhyay298,Ananya Upadhyay,2017-07-19,,0
ea41971c-1793-4981-94a9-116804585db2,bd8f8771-5183-4e45-bdc2-47769d743b6d,WhatsApp,aadit_upadhyay861,Aadit Upadhyay,2015-11-07,,0
96441792-ecd1-49e6-bd0f-51cd1e00ad7f,ffc518cd-9ef1-420a-a8b8-4036843332cb,WhatsApp,chirag_oberoi359,Chirag Oberoi,2018-02-27,,0
f0484c40-752c-4123-93a6-e5804a4ac27f,3c7a665a-29ef-4c51-937c-9238747d8c3f,Twitter,DesertChief912,DesertChief912,2015-10-20,94,0
9bd729e4-9e4d-4b27-8c65-0a28faf906c4,bd8ffb91-4a85-4375-a354-b703ce6db5df,Twitter,nidhi.panicker100,Nidhi Panicker,2015-05-25,283,0
44ac88a2-211d-47e6-85c3-b20adb5fae25,95b5b15e-2803-49b7-9e72-e8e8d08bdd0a,Facebook,SultanStar45,SultanStar45,2023-03-09,434,0
0a334dd0-8e83-41ae-ba1a-9791add4a251,a4a3d39c-2a6c-45d1-ab3c-c8263a36425a,Twitter,BengalFalcon,BengalFalcon,2018-09-07,212,0
7b7f1ca9-f3c0-4219-91a8-683d876280e4,5568179f-2824-4760-bdc9-aafb5c1a172a,Twitter,amit.dutta240,Amit Dutta,2019-07-26,265,0
8d5eee43-f7a0-4a45-97f3-40a2ff50d91b,5568179f-2824-4760-bdc9-aafb5c1a172a,Facebook,amit.dutta910,Amit Dutta,2018-03-04,393,0
be5b3820-565a-4c9b-9372-2ab094128fb3,3edddde4-8f52-4191-bb68-4ca5c0937f0c,WhatsApp,ramya.dutta33,Ramya Dutta,2019-07-03,,0
87f6c28b-79f4-4a54-b3f0-0152b62b8c0e,1196c6bf-a0a8-4988-8f8e-eaef96125045,Twitter,karan_kapoor749,Karan Kapoor,2018-11-24,459,0
cdb47884-d1f2-4580-a9f4-fd5cd3ac41f2,24cdea93-60d7-43d6-9004-896d9f1a271a,Instagram,mihir_chakraborty,Mihir Chakraborty,2016-08-25,312,0
38907333-1c76-407c-aaf3-11429a44d2be,24cdea93-60d7-43d6-9004-896d9f1a271a,Twitter,LittleKnight137,LittleKnight137,2018-09-26,438,0
107f6501-de84-489e-bc1c-9415a1bd232b,24cdea93-60d7-43d6-9004-896d9f1a271a,Facebook,GoldenEagle634,GoldenEagle634,2017-08-04,384,0
cf1f09e5-92bd-432b-8ca8-3acc1e850332,390152b8-b9d9-4ed2-b694-1f5c77fd664d,Instagram,anika_sinha358,Anika Sinha,2016-04-09,278,0
f31363a7-ac13-43a0-a8bb-f87942d49b5b,99c46036-7fd4-467c-8426-42200de737d6,Twitter,StreetDon,StreetDon,2020-05-01,382,0
2af1aba1-3048-4d02-a359-d0d7c478c522,05be3b25-60a1-4e05-8af4-71635a0260fa,Twitter,kiara_dhawan636,Kiara Dhawan,2016-06-29,184,0
0f43341c-1567-4fb0-b691-46d68a2bb6d7,f32895d6-bf17-40c9-b004-efe5bcb1e58b,Telegram,darsh_dutta,Darsh Dutta,2024-02-24,,0
96346e26-c764-4434-81da-348974ca2dcd,f32895d6-bf17-40c9-b004-efe5bcb1e58b,WhatsApp,darsh_dutta826,Darsh Dutta,2024-05-26,,0
b12fdac9-ca16-4b3f-9119-53ac4ccfaafb,82cf393e-99ba-4826-84f4-92e41b8f73fc,WhatsApp,naresh_dutta308,Naresh Dutta,2016-09-19,,0
39ccb6d8-7ae2-432d-b9c9-4e9cecea09c3,4c46d71b-f1f2-4b0b-bada-337b239ff089,Instagram,madhav_randhawa76,Madhav Randhawa,2019-08-11,357,0
209862d5-2012-4897-a50d-950edb094310,2cab61da-ab35-4b04-b36b-5d7b50c40fad,Twitter,konkona.randhawa,Konkona Randhawa,2021-02-14,541,0
c54ffca0-e83e-44e4-8454-2b654954cf27,2cab61da-ab35-4b04-b36b-5d7b50c40fad,Telegram,konkona.randhawa6212,Konkona Randhawa,2015-08-24,,0
704ee97b-3e84-49d6-9d47-f6fa56fd12cd,26bec8dc-41f4-45b0-bfd2-250867e12e1d,Instagram,BigBhai,BigBhai,2015-12-15,395,0
e7feff25-f285-4186-a849-f2bd15fa6764,26bec8dc-41f4-45b0-bfd2-250867e12e1d,WhatsApp,manoj.menon559,Manoj Menon,2020-01-27,,0
1c908aa6-238b-47c9-981e-010e9cd7dab4,82035ef9-663e-4b3a-860e-9e7b32bd7c4c,WhatsApp,aditi.joshi,Aditi Joshi,2022-04-27,,0
e66d0aa2-60f1-4fd9-afd8-45dd74799a78,a06c1b06-916c-4e2a-b081-dc998e9bc1a8,Telegram,santosh_agarwal,Santosh Agarwal,2015-06-21,,0
781e0c28-1de7-45d4-bcbd-263ea2ff1cc8,a06c1b06-916c-4e2a-b081-dc998e9bc1a8,WhatsApp,ShadowEagle,ShadowEagle,2017-09-17,,0
760ff932-28f6-41ee-a973-8ddb218c43d0,f1c3e1a5-ac4e-47d2-a4b3-4137b1e4711f,Twitter,nishant.agarwal,Nishant Agarwal,2017-06-15,82,0
087ac478-4383-4c34-b71e-c1583f8b262b,f1c3e1a5-ac4e-47d2-a4b3-4137b1e4711f,WhatsApp,nishant.agarwal676,Nishant Agarwal,2024-09-16,,0
77e52fc8-f53e-4adc-ad99-5a88f55b32af,a083d2d1-63c1-40ec-b094-1e9b1c2c67df,Telegram,vivek.agarwal772,Vivek Agarwal,2020-12-24,,0
ce71ba69-8996-49e1-a5a7-51651d7d61cd,36ec4d9a-f43e-4b30-b8c1-aadfca1fd7da,Facebook,aarohi.agarwal73,Aarohi Agarwal,2022-10-15,384,0
279b1af3-9593-4c48-8df1-10edcfad1157,0802925b-2aa8-4638-abd4-2bfabd1e99f5,Facebook,anirudh_saxena533,Anirudh Saxena,2016-12-20,584,0
aac01440-96b5-43db-9c83-6ca9e6a1852f,0802925b-2aa8-4638-abd4-2bfabd1e99f5,Twitter,anirudh_saxena906,Anirudh Saxena,2020-07-31,620,0
d4459c3c-e6a5-4a9d-a01b-68c1a5b4a7c6,a8e20f0c-a0dc-4b0b-8e64-0798129b4048,WhatsApp,hardik.malhotra,Hardik Malhotra,2022-10-04,,0
cdb0bd01-1a38-4844-96d9-25a25a245750,4ee42562-ddd0-478a-b378-3e762196bca3,WhatsApp,SilentLion938,SilentLion938,2024-08-07,,0
da3c49bc-d998-4a98-b9dd-0eb6cb63007d,fbdb7c44-cd81-4e38-a5df-bc688cdf7ac2,WhatsApp,alok_modi802,Alok Modi,2019-11-24,,0
5ddcffdc-2e6b-435a-a45c-a4577225e8bd,adcafda7-b4e8-4c35-bf25-fb7e17860d2d,Twitter,urmila.anand,Urmila Anand,2020-08-23,723,0
672acb7e-1aa8-49dc-a219-9f5ddb73369d,adcafda7-b4e8-4c35-bf25-fb7e17860d2d,Telegram,urmila_anand,Urmila Anand,2019-03-31,,0
a14ffe4e-3e6b-414a-b834-6069c858e7a4,76ddd2c4-6416-4262-8454-da80e992be7f,Telegram,BengalStar928,BengalStar928,2016-08-16,,0
99ffd109-19af-4cbd-84e0-b10a67961a10,80fac8c4-a054-4920-8609-46fb211bc666,Instagram,vaibhav.sidhu,Vaibhav Sidhu,2022-05-08,242,0
0366fd07-7806-483c-96c0-01a2a85caf88,80fac8c4-a054-4920-8609-46fb211bc666,Facebook,vaibhav_sidhu20,Vaibhav Sidhu,2019-02-18,468,0
d26ab72d-ac89-4abd-83cd-aad74f429bf6,925d4338-d82c-4039-818a-efeac87ba8a7,WhatsApp,chetan_raghavan449,Chetan Raghavan,2017-04-07,,0
4db9c9b1-475a-47f6-aaf0-9491db0ad9ee,452c5488-894f-4a35-b45a-a5f845ccbdfa,Facebook,navya_das,Navya Das,2023-09-13,261,0
a2ec8e33-feb9-408f-8f30-3d9a364afe81,6b9439e5-dfe9-437e-b058-ee67c5b1919e,WhatsApp,seema.natarajan645,Seema Natarajan,2020-07-03,,0
f0a966e3-4566-42ed-b5ca-c0a271648b24,6b9439e5-dfe9-437e-b058-ee67c5b1919e,Telegram,seema_natarajan377,Seema Natarajan,2017-10-13,,0
41549359-ffbf-4b66-9a84-5b35da9adc82,cf234948-423c-4b33-bd58-1b05838dc429,Twitter,omkar_natarajan,Omkar Natarajan,2021-04-20,123,0
a7c96849-b5e9-4f63-bb09-dff4ce1452d6,f178c96d-e84f-4853-8d86-c9cf4ceccd22,Facebook,prashant.natarajan,Prashant Natarajan,2016-02-15,147,0
07fa1147-1101-4d71-8d94-e87299b9efe5,f178c96d-e84f-4853-8d86-c9cf4ceccd22,Telegram,prashant.natarajan4459,Prashant Natarajan,2016-06-18,,0
3bbfbdef-6881-4e5e-948a-c3ec0cac59ff,b354d3c3-ca9d-45b6-8bc9-71cc5a10e7b3,WhatsApp,alok_natarajan444,Alok Natarajan,2021-09-14,,0
d7dd5108-5dbd-4570-a446-afad7fd79eae,bf91005a-2d11-4be2-899c-ebf23c8cf907,Facebook,anjali.hegde783,Anjali Hegde,2017-11-19,13,0
1f586faf-5338-459a-b3ef-9e9a32f72c4f,24c3bc57-33d6-4b69-9ced-8aeb7e3f40f0,WhatsApp,BombayPanther886,BombayPanther886,2017-02-22,,0
19c71892-151e-4855-85af-7790f9ecbc68,9aedc370-6cd0-459d-87ce-016e96ea1dca,Facebook,CityTiger70,CityTiger70,2024-01-30,281,0
00119724-3811-4219-83d2-e7027cd1ae20,9aedc370-6cd0-459d-87ce-016e96ea1dca,Twitter,sita_sodhi,Sita Sodhi,2022-03-08,407,0
f1ad2417-f109-4ae2-ae24-8f9754520cf5,487eadcf-df87-4b50-be25-42fc60d236cb,WhatsApp,divyansh.balakrishnan,Divyansh Balakrishnan,2024-05-15,,0
9f8bc89a-a1eb-409b-a24e-0f55656fed6b,ed7911e6-3465-4f1d-b781-e1f0f3b04c18,Facebook,PrinceShark343,PrinceShark343,2020-07-15,152,0
132aa07f-d691-478e-bfb7-5e9ea7460681,ed7911e6-3465-4f1d-b781-e1f0f3b04c18,Twitter,tanya.goyal270,Tanya Goyal,2023-01-24,800,0
4a6d2c04-557e-4535-8fa7-5adbeeb57cec,4604c0fb-6f50-45d8-9c76-8c666a59a025,Instagram,BengalKing668,BengalKing668,2016-04-23,257,0
f749ace8-9f74-467d-afce-cbc620e2d4e2,4604c0fb-6f50-45d8-9c76-8c666a59a025,Telegram,DesertBaba902,DesertBaba902,2016-09-11,,0
3cadc9f2-afdb-4f42-b531-5ee7e01bec14,4604c0fb-6f50-45d8-9c76-8c666a59a025,WhatsApp,DesertWolf795,DesertWolf795,2017-08-09,,0
0659040b-915c-422c-b12e-e69619591c3f,7305de97-f04e-431b-8ecc-680ffd80cd1b,Twitter,SilentEagle320,SilentEagle320,2018-09-10,358,0
4226c42c-3e8f-413d-a9ed-88a9e9eaae9b,7305de97-f04e-431b-8ecc-680ffd80cd1b,Facebook,DelhiStorm507,DelhiStorm507,2021-07-16,21,0
5b125f92-30c7-461b-8f0a-ca441715c617,9d974a3c-f8cf-4f4a-a64d-eef3238900a7,Facebook,MidnightDon990,MidnightDon990,2024-01-07,271,0
463c4dc6-8f40-46a9-b2a9-fd9114d11ac7,9d974a3c-f8cf-4f4a-a64d-eef3238900a7,WhatsApp,manav.menon99,Manav Menon,2024-08-24,,0
b859bdf5-7426-41c1-bcc1-7accbe4420e2,9d974a3c-f8cf-4f4a-a64d-eef3238900a7,Instagram,manav.menon634,Manav Menon,2021-02-28,407,0
ca4a0bea-dd1c-45dd-8557-d86aaadd0ae7,be8508f1-4cab-4d2d-9bfa-9e2a180f4927,Facebook,SilentBaba858,SilentBaba858,2016-02-15,316,0
6bcc78f3-4dd6-4d4e-88f8-53c263c808bd,abd41776-523c-4918-9516-5079a3db4a3b,Telegram,sahil_prasad271,Sahil Prasad,2021-03-19,,0
2d59658d-a1fc-4d70-ac0c-e0808e79d8eb,ff4518c5-e310-4762-be13-f02796a2f94b,Facebook,lisa_khurana118,Lisa Khurana,2023-11-07,970,0
3726a5f9-a9ec-4b4c-a4cf-652a531857b1,158293d1-09d2-4f29-a3ae-6dceb41d2431,Twitter,CityWarrior369,CityWarrior369,2015-02-01,54,0
9b4472c9-780d-43cc-8ef3-3fc174bf9557,158293d1-09d2-4f29-a3ae-6dceb41d2431,WhatsApp,RealSir869,RealSir869,2017-10-27,,0
0af18ff2-cc3c-49f8-bd6f-ec379cba2a82,158293d1-09d2-4f29-a3ae-6dceb41d2431,Facebook,tejas.khurana586,Tejas Khurana,2020-06-11,419,0
a37b24f4-3582-48da-84d6-dd8ce6e19c6b,a249f1b5-82e1-4c5b-a594-3a1738f6cd01,Facebook,MidnightWarrior423,MidnightWarrior423,2021-10-29,84,0
82052807-cfd2-49bc-a961-eacedd46b744,a249f1b5-82e1-4c5b-a594-3a1738f6cd01,Twitter,SultanShark829,SultanShark829,2024-08-26,102,0
2a02061d-9979-4042-985b-c7fbdd3e7416,f9cf81a8-e4b0-4069-b03f-fb3a69f37306,Facebook,nilesh_narayanan235,Nilesh Narayanan,2015-10-08,332,0
8c2438c2-6c47-4d19-a638-7f90f0912d9d,f9cf81a8-e4b0-4069-b03f-fb3a69f37306,WhatsApp,nilesh_narayanan759,Nilesh Narayanan,2023-05-14,,0
97cfc0d4-da05-4d28-a4ca-e8751168854f,ce0b1ef9-8bb3-424b-829a-d2a6b3eea5a9,Facebook,lajwanti_narayanan300,Lajwanti Narayanan,2023-06-30,276,0
2482c257-bdfc-4991-8f59-d0efc2aa0750,ce0b1ef9-8bb3-424b-829a-d2a6b3eea5a9,Twitter,lajwanti.narayanan743,Lajwanti Narayanan,2015-09-26,294,1
76c19a6c-72b3-419e-9ce8-59507750ad48,3ca638bf-b7d5-4d89-9109-46b0511ab403,Facebook,DesertBoss964,DesertBoss964,2015-09-13,602,0
2b48700f-b511-47fd-8fd4-1865efd3b032,3ca638bf-b7d5-4d89-9109-46b0511ab403,Twitter,RisingBhai311,RisingBhai311,2018-12-04,133,0
608b54a9-4f94-473b-aff1-8f2de7521f26,3a3aa59a-f674-485b-87e1-2cc8a25f2707,WhatsApp,mini_sinha,Mini Sinha,2018-05-14,,0
d5db3f69-59d8-4e85-b603-b7d8b347b46c,3a3aa59a-f674-485b-87e1-2cc8a25f2707,Twitter,mini.sinha307,Mini Sinha,2016-11-26,90,0
cef91589-7101-42c7-b814-297a29e87181,64d8b984-2a98-448d-a4fb-7784ce6b1b44,WhatsApp,vaibhav.joshi528,Vaibhav Joshi,2024-09-26,,0
25458c8e-1747-4a2e-92a5-957fbefda709,64d8b984-2a98-448d-a4fb-7784ce6b1b44,Twitter,vaibhav.joshi3,Vaibhav Joshi,2019-03-31,287,1
f484f2c3-a6d2-4bd6-bd9b-c88724d0289f,c85e0d91-7387-4037-877d-ad65f52e9468,Instagram,gaurav_joshi,Gaurav Joshi,2016-01-27,317,0
32879d62-aef0-405b-877e-f04751aaa6f1,fb2ddcd8-b6d6-480b-a586-c11f057f2ac8,Telegram,raghav.joshi480,Raghav Joshi,2017-10-05,,0
35fa7afd-e0d3-437b-a805-bc86a8b74902,a53fff68-2c1f-4540-a9b7-9187343dc876,Twitter,arnav.sengupta78,Arnav Sengupta,2018-07-17,123,0
3dfd261b-f14f-452f-b25e-60ca11aceb27,a53fff68-2c1f-4540-a9b7-9187343dc876,Instagram,RoyalStorm752,RoyalStorm752,2019-03-20,147,0
918604d1-1521-4a79-b02b-b349efc3c405,a53fff68-2c1f-4540-a9b7-9187343dc876,Facebook,LoneEagle573,LoneEagle573,2015-01-16,170,0
