caller_name,callee_name,caller_number,callee_number,timestamp,duration_seconds,frequency,frequency_history
Vikram Malhotra,Arjun Reddy,+919876543210,+919845123456,2024-11-27T17:26:00,255,5,"[5, 3, 3, 5, 4, 3, 3, 3, 5, 3, 5, 5, 5, 3, 5, 4, 3, 3, 3, 3, 3, 5, 5, 3, 23, 18, 25]"
Vikram Malhotra,Arjun Reddy,+919876543210,+919845123456,2024-09-23T18:17:00,36,5,"[5, 3, 3, 5, 4, 3, 3, 3, 5, 3, 5, 5, 5, 3, 5, 4, 3, 3, 3, 3, 3, 5, 5, 3, 23, 18, 25]"
Vikram Malhotra,Arjun Reddy,+919876543210,+919845123456,2024-07-11T22:27:00,378,5,"[5, 3, 3, 5, 4, 3, 3, 3, 5, 3, 5, 5, 5, 3, 5, 4, 3, 3, 3, 3, 3, 5, 5, 3, 23, 18, 25]"
Vikram Malhotra,Arjun Reddy,+919876543210,+919845123456,2024-08-11T04:13:00,374,5,"[5, 3, 3, 5, 4, 3, 3, 3, 5, 3, 5, 5, 5, 3, 5, 4, 3, 3, 3, 3, 3, 5, 5, 3, 23, 18, 25]"
Vikram Malhotra,Arjun Reddy,+919876543210,+919845123456,2024-06-27T02:24:00,129,5,"[5, 3, 3, 5, 4, 3, 3, 3, 5, 3, 5, 5, 5, 3, 5, 4, 3, 3, 3, 3, 3, 5, 5, 3, 23, 18, 25]"
Vikram Malhotra,Arjun Reddy,+919876543210,+919845123456,2024-08-31T11:38:00,300,3,"[5, 3, 3, 5, 4, 3, 3, 3, 5, 3, 5, 5, 5, 3, 5, 4, 3, 3, 3, 3, 3, 5, 5, 3, 23, 18, 25]"
Vikram Malhotra,Arjun Reddy,+919876543210,+919845123456,2024-06-12T23:29:00,579,3,"[5, 3, 3, 5, 4, 3, 3, 3, 5, 3, 5, 5, 5, 3, 5, 4, 3, 3, 3, 3, 3, 5, 5, 3, 23, 18, 25]"
Vikram Malhotra,Arjun Reddy,+919876543210,+919845123456,2024-07-02T12:05:00,595,3,"[5, 3, 3, 5, 4, 3, 3, 3, 5, 3, 5, 5, 5, 3, 5, 4, 3, 3, 3, 3, 3, 5, 5, 3, 23, 18, 25]"
Vikram Malhotra,Arjun Reddy,+919876543210,+919845123456,2024-08-15T20:39:00,400,3,"[5, 3, 3, 5, 4, 3, 3, 3, 5, 3, 5, 5, 5, 3, 5, 4, 3, 3, 3, 3, 3, 5, 5, 3, 23, 18, 25]"
Vikram Malhotra,Arjun Reddy,+919876543210,+919845123456,2024-10-26T06:45:00,101,3,"[5, 3, 3, 5, 4, 3, 3, 3, 5, 3, 5, 5, 5, 3, 5, 4, 3, 3, 3, 3, 3, 5, 5, 3, 23, 18, 25]"
Vikram Malhotra,Arjun Reddy,+919876543210,+919845123456,2024-06-12T21:14:00,326,3,"[5, 3, 3, 5, 4, 3, 3, 3, 5, 3, 5, 5, 5, 3, 5, 4, 3, 3, 3, 3, 3, 5, 5, 3, 23, 18, 25]"
Vikram Malhotra,Arjun Reddy,+919876543210,+919845123456,2024-06-21T07:55:00,133,5,"[5, 3, 3, 5, 4, 3, 3, 3, 5, 3, 5, 5, 5, 3, 5, 4, 3, 3, 3, 3, 3, 5, 5, 3, 23, 18, 25]"
Vikram Malhotra,Arjun Reddy,+919876543210,+919845123456,2024-09-06T08:29:00,403,5,"[5, 3, 3, 5, 4, 3, 3, 3, 5, 3, 5, 5, 5, 3, 5, 4, 3, 3, 3, 3, 3, 5, 5, 3, 23, 18, 25]"
Vikram Malhotra,Arjun Reddy,+919876543210,+919845123456,2024-07-12T11:22:00,244,5,"[5, 3, 3, 5, 4, 3, 3, 3, 5, 3, 5, 5, 5, 3, 5, 4, 3, 3, 3, 3, 3, 5, 5, 3, 23, 18, 25]"
Vikram Malhotra,Arjun Reddy,+919876543210,+919845123456,2024-08-08T22:59:00,103,5,"[5, 3, 3, 5, 4, 3, 3, 3, 5, 3, 5, 5, 5, 3, 5, 4, 3, 3, 3, 3, 3, 5, 5, 3, 23, 18, 25]"
Vikram Malhotra,Arjun Reddy,+919876543210,+919845123456,2024-11-03T20:10:00,576,5,"[5, 3, 3, 5, 4, 3, 3, 3, 5, 3, 5, 5, 5, 3, 5, 4, 3, 3, 3, 3, 3, 5, 5, 3, 23, 18, 25]"
Vikram Malhotra,Arjun Reddy,+919876543210,+919845123456,2024-08-02T05:29:00,418,4,"[5, 3, 3, 5, 4, 3, 3, 3, 5, 3, 5, 5, 5, 3, 5, 4, 3, 3, 3, 3, 3, 5, 5, 3, 23, 18, 25]"
Vikram Malhotra,Arjun Reddy,+919876543210,+919845123456,2024-08-09T20:44:00,600,4,"[5, 3, 3, 5, 4, 3, 3, 3, 5, 3, 5, 5, 5, 3, 5, 4, 3, 3, 3, 3, 3, 5, 5, 3, 23, 18, 25]"
Vikram Malhotra,Arjun Reddy,+919876543210,+919845123456,2024-07-27T21:20:00,87,4,"[5, 3, 3, 5, 4, 3, 3, 3, 5, 3, 5, 5, 5, 3, 5, 4, 3, 3, 3, 3, 3, 5, 5, 3, 23, 18, 25]"
Vikram Malhotra,Arjun Reddy,+919876543210,+919845123456,2024-07-29T01:51:00,353,4,"[5, 3, 3, 5, 4, 3, 3, 3, 5, 3, 5, 5, 5, 3, 5, 4, 3, 3, 3, 3, 3, 5, 5, 3, 23, 18, 25]"
Vikram Malhotra,Arjun Reddy,+919876543210,+919845123456,2024-09-11T08:04:00,246,3,"[5, 3, 3, 5, 4, 3, 3, 3, 5, 3, 5, 5, 5, 3, 5, 4, 3, 3, 3, 3, 3, 5, 5, 3, 23, 18, 25]"
Vikram Malhotra,Arjun Reddy,+919876543210,+919845123456,2024-10-24T22:20:00,247,3,"[5, 3, 3, 5, 4, 3, 3, 3, 5, 3, 5, 5, 5, 3, 5, 4, 3, 3, 3, 3, 3, 5, 5, 3, 23, 18, 25]"
Vikram Malhotra,Arjun Reddy,+919876543210,+919845123456,2024-10-06T12:56:00,499,3,"[5, 3, 3, 5, 4, 3, 3, 3, 5, 3, 5, 5, 5, 3, 5, 4, 3, 3, 3, 3, 3, 5, 5, 3, 23, 18, 25]"
Vikram Malhotra,Arjun Reddy,+919876543210,+919845123456,2024-07-07T08:08:00,282,3,"[5, 3, 3, 5, 4, 3, 3, 3, 5, 3, 5, 5, 5, 3, 5, 4, 3, 3, 3, 3, 3, 5, 5, 3, 23, 18, 25]"
Vikram Malhotra,Arjun Reddy,+919876543210,+919845123456,2024-10-16T08:47:00,468,3,"[5, 3, 3, 5, 4, 3, 3, 3, 5, 3, 5, 5, 5, 3, 5, 4, 3, 3, 3, 3, 3, 5, 5, 3, 23, 18, 25]"
Vikram Malhotra,Arjun Reddy,+919876543210,+919845123456,2024-09-11T11:14:00,171,3,"[5, 3, 3, 5, 4, 3, 3, 3, 5, 3, 5, 5, 5, 3, 5, 4, 3, 3, 3, 3, 3, 5, 5, 3, 23, 18, 25]"
Vikram Malhotra,Arjun Reddy,+919876543210,+919845123456,2024-10-09T15:05:00,78,3,"[5, 3, 3, 5, 4, 3, 3, 3, 5, 3, 5, 5, 5, 3, 5, 4, 3, 3, 3, 3, 3, 5, 5, 3, 23, 18, 25]"
Vikram Malhotra,Arjun Reddy,+919876543210,+919845123456,2024-06-29T04:40:00,193,3,"[5, 3, 3, 5, 4, 3, 3, 3, 5, 3, 5, 5, 5, 3, 5, 4, 3, 3, 3, 3, 3, 5, 5, 3, 23, 18, 25]"
Vikram Malhotra,Arjun Reddy,+919876543210,+919845123456,2024-09-17T19:04:00,424,3,"[5, 3, 3, 5, 4, 3, 3, 3, 5, 3, 5, 5, 5, 3, 5, 4, 3, 3, 3, 3, 3, 5, 5, 3, 23, 18, 25]"
Vikram Malhotra,Arjun Reddy,+919876543210,+919845123456,2024-07-19T19:29:00,571,5,"[5, 3, 3, 5, 4, 3, 3, 3, 5, 3, 5, 5, 5, 3, 5, 4, 3, 3, 3, 3, 3, 5, 5, 3, 23, 18, 25]"
Vikram Malhotra,Arjun Reddy,+919876543210,+919845123456,2024-07-03T17:55:00,41,5,"[5, 3, 3, 5, 4, 3, 3, 3, 5, 3, 5, 5, 5, 3, 5, 4, 3, 3, 3, 3, 3, 5, 5, 3, 23, 18, 25]"
Vikram Malhotra,Arjun Reddy,+919876543210,+919845123456,2024-08-27T23:07:00,579,5,"[5, 3, 3, 5, 4, 3, 3, 3, 5, 3, 5, 5, 5, 3, 5, 4, 3, 3, 3, 3, 3, 5, 5, 3, 23, 18, 25]"
Vikram Malhotra,Arjun Reddy,+919876543210,+919845123456,2024-09-05T08:49:00,378,5,"[5, 3, 3, 5, 4, 3, 3, 3, 5, 3, 5, 5, 5, 3, 5, 4, 3, 3, 3, 3, 3, 5, 5, 3, 23, 18, 25]"
Vikram Malhotra,Arjun Reddy,+919876543210,+919845123456,2024-06-15T09:27:00,191,5,"[5, 3, 3, 5, 4, 3, 3, 3, 5, 3, 5, 5, 5, 3, 5, 4, 3, 3, 3, 3, 3, 5, 5, 3, 23, 18, 25]"
Vikram Malhotra,Arjun Reddy,+919876543210,+919845123456,2024-07-29T00:46:00,299,3,"[5, 3, 3, 5, 4, 3, 3, 3, 5, 3, 5, 5, 5, 3, 5, 4, 3, 3, 3, 3, 3, 5, 5, 3, 23, 18, 25]"
Vikram Malhotra,Arjun Reddy,+919876543210,+919845123456,2024-08-04T05:32:00,138,3,"[5, 3, 3, 5, 4, 3, 3, 3, 5, 3, 5, 5, 5, 3, 5, 4, 3, 3, 3, 3, 3, 5, 5, 3, 23, 18, 25]"
Vikram Malhotra,Arjun Reddy,+919876543210,+919845123456,2024-09-20T20:19:00,549,3,"[5, 3, 3, 5, 4, 3, 3, 3, 5, 3, 5, 5, 5, 3, 5, 4, 3, 3, 3, 3, 3, 5, 5, 3, 23, 18, 25]"
Vikram Malhotra,Arjun Reddy,+919876543210,+919845123456,2024-08-17T06:09:00,412,5,"[5, 3, 3, 5, 4, 3, 3, 3, 5, 3, 5, 5, 5, 3, 5, 4, 3, 3, 3, 3, 3, 5, 5, 3, 23, 18, 25]"
Vikram Malhotra,Arjun Reddy,+919876543210,+919845123456,2024-09-06T05:34:00,573,5,"[5, 3, 3, 5, 4, 3, 3, 3, 5, 3, 5, 5, 5, 3, 5, 4, 3, 3, 3, 3, 3, 5, 5, 3, 23, 18, 25]"
Vikram Malhotra,Arjun Reddy,+919876543210,+919845123456,2024-06-01T19:20:00,530,5,"[5, 3, 3, 5, 4, 3, 3, 3, 5, 3, 5, 5, 5, 3, 5, 4, 3, 3, 3, 3, 3, 5, 5, 3, 23, 18, 25]"
Vikram Malhotra,Arjun Reddy,+919876543210,+919845123456,2024-06-03T03:59:00,401,5,"[5, 3, 3, 5, 4, 3, 3, 3, 5, 3, 5, 5, 5, 3, 5, 4, 3, 3, 3, 3, 3, 5, 5, 3, 23, 18, 25]"
Vikram Malhotra,Arjun Reddy,+919876543210,+919845123456,2024-09-15T09:15:00,89,5,"[5, 3, 3, 5, 4, 3, 3, 3, 5, 3, 5, 5, 5, 3, 5, 4, 3, 3, 3, 3, 3, 5, 5, 3, 23, 18, 25]"
Vikram Malhotra,Arjun Reddy,+919876543210,+919845123456,2024-07-01T18:05:00,117,5,"[5, 3, 3, 5, 4, 3, 3, 3, 5, 3, 5, 5, 5, 3, 5, 4, 3, 3, 3, 3, 3, 5, 5, 3, 23, 18, 25]"
Vikram Malhotra,Arjun Reddy,+919876543210,+919845123456,2024-09-02T15:52:00,100,5,"[5, 3, 3, 5, 4, 3, 3, 3, 5, 3, 5, 5, 5, 3, 5, 4, 3, 3, 3, 3, 3, 5, 5, 3, 23, 18, 25]"
Vikram Malhotra,Arjun Reddy,+919876543210,+919845123456,2024-09-06T17:49:00,158,5,"[5, 3, 3, 5, 4, 3, 3, 3, 5, 3, 5, 5, 5, 3, 5, 4, 3, 3, 3, 3, 3, 5, 5, 3, 23, 18, 25]"
Vikram Malhotra,Arjun Reddy,+919876543210,+919845123456,2024-06-17T21:30:00,592,5,"[5, 3, 3, 5, 4, 3, 3, 3, 5, 3, 5, 5, 5, 3, 5, 4, 3, 3, 3, 3, 3, 5, 5, 3, 23, 18, 25]"
Vikram Malhotra,Arjun Reddy,+919876543210,+919845123456,2024-06-22T08:33:00,463,5,"[5, 3, 3, 5, 4, 3, 3, 3, 5, 3, 5, 5, 5, 3, 5, 4, 3, 3, 3, 3, 3, 5, 5, 3, 23, 18, 25]"
Vikram Malhotra,Arjun Reddy,+919876543210,+919845123456,2024-06-28T17:48:00,235,5,"[5, 3, 3, 5, 4, 3, 3, 3, 5, 3, 5, 5, 5, 3, 5, 4, 3, 3, 3, 3, 3, 5, 5, 3, 23, 18, 25]"
Vikram Malhotra,Arjun Reddy,+919876543210,+919845123456,2024-08-31T09:25:00,412,5,"[5, 3, 3, 5, 4, 3, 3, 3, 5, 3, 5, 5, 5, 3, 5, 4, 3, 3, 3, 3, 3, 5, 5, 3, 23, 18, 25]"
Vikram Malhotra,Arjun Reddy,+919876543210,+919845123456,2024-07-27T16:28:00,153,5,"[5, 3, 3, 5, 4, 3, 3, 3, 5, 3, 5, 5, 5, 3, 5, 4, 3, 3, 3, 3, 3, 5, 5, 3, 23, 18, 25]"
Vikram Malhotra,Arjun Reddy,+919876543210,+919845123456,2024-07-02T07:04:00,376,5,"[5, 3, 3, 5, 4, 3, 3, 3, 5, 3, 5, 5, 5, 3, 5, 4, 3, 3, 3, 3, 3, 5, 5, 3, 23, 18, 25]"
Vikram Malhotra,Arjun Reddy,+919876543210,+919845123456,2024-06-03T18:35:00,265,5,"[5, 3, 3, 5, 4, 3, 3, 3, 5, 3, 5, 5, 5, 3, 5, 4, 3, 3, 3, 3, 3, 5, 5, 3, 23, 18, 25]"
Vikram Malhotra,Arjun Reddy,+919876543210,+919845123456,2024-08-15T07:00:00,102,3,"[5, 3, 3, 5, 4, 3, 3, 3, 5, 3, 5, 5, 5, 3, 5, 4, 3, 3, 3, 3, 3, 5, 5, 3, 23, 18, 25]"
Vikram Malhotra,Arjun Reddy,+919876543210,+919845123456,2024-08-20T01:14:00,99,3,"[5, 3, 3, 5, 4, 3, 3, 3, 5, 3, 5, 5, 5, 3, 5, 4, 3, 3, 3, 3, 3, 5, 5, 3, 23, 18, 25]"
Vikram Malhotra,Arjun Reddy,+919876543210,+919845123456,2024-06-05T10:04:00,556,3,"[5, 3, 3, 5, 4, 3, 3, 3, 5, 3, 5, 5, 5, 3, 5, 4, 3, 3, 3, 3, 3, 5, 5, 3, 23, 18, 25]"
Vikram Malhotra,Arjun Reddy,+919876543210,+919845123456,2024-07-01T08:42:00,527,5,"[5, 3, 3, 5, 4, 3, 3, 3, 5, 3, 5, 5, 5, 3, 5, 4, 3, 3, 3, 3, 3, 5, 5, 3, 23, 18, 25]"
Vikram Malhotra,Arjun Reddy,+919876543210,+919845123456,2024-06-28T17:08:00,514,5,"[5, 3, 3, 5, 4, 3, 3, 3, 5, 3, 5, 5, 5, 3, 5, 4, 3, 3, 3, 3, 3, 5, 5, 3, 23, 18, 25]"
Vikram Malhotra,Arjun Reddy,+919876543210,+919845123456,2024-07-02T15:51:00,446,5,"[5, 3, 3, 5, 4, 3, 3, 3, 5, 3, 5, 5, 5, 3, 5, 4, 3, 3, 3, 3, 3, 5, 5, 3, 23, 18, 25]"
Vikram Malhotra,Arjun Reddy,+919876543210,+919845123456,2024-06-25T03:06:00,471,5,"[5, 3, 3, 5, 4, 3, 3, 3, 5, 3, 5, 5, 5, 3, 5, 4, 3, 3, 3, 3, 3, 5, 5, 3, 23, 18, 25]"
Vikram Malhotra,Arjun Reddy,+919876543210,+919845123456,2024-07-16T13:26:00,508,5,"[5, 3, 3, 5, 4, 3, 3, 3, 5, 3, 5, 5, 5, 3, 5, 4, 3, 3, 3, 3, 3, 5, 5, 3, 23, 18, 25]"
Vikram Malhotra,Arjun Reddy,+919876543210,+919845123456,2024-06-07T21:41:00,130,4,"[5, 3, 3, 5, 4, 3, 3, 3, 5, 3, 5, 5, 5, 3, 5, 4, 3, 3, 3, 3, 3, 5, 5, 3, 23, 18, 25]"
Vikram Malhotra,Arjun Reddy,+919876543210,+919845123456,2024-06-08T12:46:00,377,4,"[5, 3, 3, 5, 4, 3, 3, 3, 5, 3, 5, 5, 5, 3, 5, 4, 3, 3, 3, 3, 3, 5, 5, 3, 23, 18, 25]"
Vikram Malhotra,Arjun Reddy,+919876543210,+919845123456,2024-06-14T07:12:00,224,4,"[5, 3, 3, 5, 4, 3, 3, 3, 5, 3, 5, 5, 5, 3, 5, 4, 3, 3, 3, 3, 3, 5, 5, 3, 23, 18, 25]"
Vikram Malhotra,Arjun Reddy,+919876543210,+919845123456,2024-08-08T14:08:00,462,4,"[5, 3, 3, 5, 4, 3, 3, 3, 5, 3, 5, 5, 5, 3, 5, 4, 3, 3, 3, 3, 3, 5, 5, 3, 23, 18, 25]"
Vikram Malhotra,Arjun Reddy,+919876543210,+919845123456,2024-06-24T08:29:00,285,3,"[5, 3, 3, 5, 4, 3, 3, 3, 5, 3, 5, 5, 5, 3, 5, 4, 3, 3, 3, 3, 3, 5, 5, 3, 23, 18, 25]"
Vikram Malhotra,Arjun Reddy,+919876543210,+919845123456,2024-06-10T14:51:00,593,3,"[5, 3, 3, 5, 4, 3, 3, 3, 5, 3, 5, 5, 5, 3, 5, 4, 3, 3, 3, 3, 3, 5, 5, 3, 23, 18, 25]"
Vikram Malhotra,Arjun Reddy,+919876543210,+919845123456,2024-06-13T01:41:00,583,3,"[5, 3, 3, 5, 4, 3, 3, 3, 5, 3, 5, 5, 5, 3, 5, 4, 3, 3, 3, 3, 3, 5, 5, 3, 23, 18, 25]"
Vikram Malhotra,Arjun Reddy,+919876543210,+919845123456,2024-07-24T00:05:00,272,3,"[5, 3, 3, 5, 4, 3, 3, 3, 5, 3, 5, 5, 5, 3, 5, 4, 3, 3, 3, 3, 3, 5, 5, 3, 23, 18, 25]"
Vikram Malhotra,Arjun Reddy,+919876543210,+919845123456,2024-06-11T13:31:00,522,3,"[5, 3, 3, 5, 4, 3, 3, 3, 5, 3, 5, 5, 5, 3, 5, 4, 3, 3, 3, 3, 3, 5, 5, 3, 23, 18, 25]"
Vikram Malhotra,Arjun Reddy,+919876543210,+919845123456,2024-06-14T12:57:00,90,3,"[5, 3, 3, 5, 4, 3, 3, 3, 5, 3, 5, 5, 5, 3, 5, 4, 3, 3, 3, 3, 3, 5, 5, 3, 23, 18, 25]"
Vikram Malhotra,Arjun Reddy,+919876543210,+919845123456,2024-06-11T12:00:00,429,3,"[5, 3, 3, 5, 4, 3, 3, 3, 5, 3, 5, 5, 5, 3, 5, 4, 3, 3, 3, 3, 3, 5, 5, 3, 23, 18, 25]"
Vikram Malhotra,Arjun Reddy,+919876543210,+919845123456,2024-06-17T14:18:00,463,3,"[5, 3, 3, 5, 4, 3, 3, 3, 5, 3, 5, 5, 5, 3, 5, 4, 3, 3, 3, 3, 3, 5, 5, 3, 23, 18, 25]"
Vikram Malhotra,Arjun Reddy,+919876543210,+919845123456,2024-07-15T23:50:00,599,3,"[5, 3, 3, 5, 4, 3, 3, 3, 5, 3, 5, 5, 5, 3, 5, 4, 3, 3, 3, 3, 3, 5, 5, 3, 23, 18, 25]"
Vikram Malhotra,Arjun Reddy,+919876543210,+919845123456,2024-07-13T22:31:00,188,3,"[5, 3, 3, 5, 4, 3, 3, 3, 5, 3, 5, 5, 5, 3, 5, 4, 3, 3, 3, 3, 3, 5, 5, 3, 23, 18, 25]"
Vikram Malhotra,Arjun Reddy,+919876543210,+919845123456,2024-06-13T09:13:00,89,3,"[5, 3, 3, 5, 4, 3, 3, 3, 5, 3, 5, 5, 5, 3, 5, 4, 3, 3, 3, 3, 3, 5, 5, 3, 23, 18, 25]"
Vikram Malhotra,Arjun Reddy,+919876543210,+919845123456,2024-07-08T23:34:00,92,3,"[5, 3, 3, 5, 4, 3, 3, 3, 5, 3, 5, 5, 5, 3, 5, 4, 3, 3, 3, 3, 3, 5, 5, 3, 23, 18, 25]"
Vikram Malhotra,Arjun Reddy,+919876543210,+919845123456,2024-06-21T01:03:00,518,3,"[5, 3, 3, 5, 4, 3, 3, 3, 5, 3, 5, 5, 5, 3, 5, 4, 3, 3, 3, 3, 3, 5, 5, 3, 23, 18, 25]"
Vikram Malhotra,Arjun Reddy,+919876543210,+919845123456,2024-07-03T16:10:00,88,3,"[5, 3, 3, 5, 4, 3, 3, 3, 5, 3, 5, 5, 5, 3, 5, 4, 3, 3, 3, 3, 3, 5, 5, 3, 23, 18, 25]"
Vikram Malhotra,Arjun Reddy,+919876543210,+919845123456,2024-07-03T02:54:00,220,3,"[5, 3, 3, 5, 4, 3, 3, 3, 5, 3, 5, 5, 5, 3, 5, 4, 3, 3, 3, 3, 3, 5, 5, 3, 23, 18, 25]"
Vikram Malhotra,Arjun Reddy,+919876543210,+919845123456,2024-06-05T19:04:00,270,5,"[5, 3, 3, 5, 4, 3, 3, 3, 5, 3, 5, 5, 5, 3, 5, 4, 3, 3, 3, 3, 3, 5, 5, 3, 23, 18, 25]"
Vikram Malhotra,Arjun Reddy,+919876543210,+919845123456,2024-06-26T03:56:00,282,5,"[5, 3, 3, 5, 4, 3, 3, 3, 5, 3, 5, 5, 5, 3, 5, 4, 3, 3, 3, 3, 3, 5, 5, 3, 23, 18, 25]"
Vikram Malhotra,Arjun Reddy,+919876543210,+919845123456,2024-06-03T19:05:00,459,5,"[5, 3, 3, 5, 4, 3, 3, 3, 5, 3, 5, 5, 5, 3, 5, 4, 3, 3, 3, 3, 3, 5, 5, 3, 23, 18, 25]"
Vikram Malhotra,Arjun Reddy,+919876543210,+919845123456,2024-07-04T10:59:00,297,5,"[5, 3, 3, 5, 4, 3, 3, 3, 5, 3, 5, 5, 5, 3, 5, 4, 3, 3, 3, 3, 3, 5, 5, 3, 23, 18, 25]"
Vikram Malhotra,Arjun Reddy,+919876543210,+919845123456,2024-06-14T21:45:00,351,5,"[5, 3, 3, 5, 4, 3, 3, 3, 5, 3, 5, 5, 5, 3, 5, 4, 3, 3, 3, 3, 3, 5, 5, 3, 23, 18, 25]"
Vikram Malhotra,Arjun Reddy,+919876543210,+919845123456,2024-06-08T08:25:00,164,5,"[5, 3, 3, 5, 4, 3, 3, 3, 5, 3, 5, 5, 5, 3, 5, 4, 3, 3, 3, 3, 3, 5, 5, 3, 23, 18, 25]"
Vikram Malhotra,Arjun Reddy,+919876543210,+919845123456,2024-06-22T20:19:00,498,5,"[5, 3, 3, 5, 4, 3, 3, 3, 5, 3, 5, 5, 5, 3, 5, 4, 3, 3, 3, 3, 3, 5, 5, 3, 23, 18, 25]"
Vikram Malhotra,Arjun Reddy,+919876543210,+919845123456,2024-06-11T02:00:00,499,5,"[5, 3, 3, 5, 4, 3, 3, 3, 5, 3, 5, 5, 5, 3, 5, 4, 3, 3, 3, 3, 3, 5, 5, 3, 23, 18, 25]"
Vikram Malhotra,Arjun Reddy,+919876543210,+919845123456,2024-06-20T18:06:00,105,5,"[5, 3, 3, 5, 4, 3, 3, 3, 5, 3, 5, 5, 5, 3, 5, 4, 3, 3, 3, 3, 3, 5, 5, 3, 23, 18, 25]"
Vikram Malhotra,Arjun Reddy,+919876543210,+919845123456,2024-06-18T06:32:00,301,5,"[5, 3, 3, 5, 4, 3, 3, 3, 5, 3, 5, 5, 5, 3, 5, 4, 3, 3, 3, 3, 3, 5, 5, 3, 23, 18, 25]"
Vikram Malhotra,Arjun Reddy,+919876543210,+919845123456,2024-06-05T11:56:00,100,3,"[5, 3, 3, 5, 4, 3, 3, 3, 5, 3, 5, 5, 5, 3, 5, 4, 3, 3, 3, 3, 3, 5, 5, 3, 23, 18, 25]"
Vikram Malhotra,Arjun Reddy,+919876543210,+919845123456,2024-06-08T11:18:00,191,3,"[5, 3, 3, 5, 4, 3, 3, 3, 5, 3, 5, 5, 5, 3, 5, 4, 3, 3, 3, 3, 3, 5, 5, 3, 23, 18, 25]"
Vikram Malhotra,Arjun Reddy,+919876543210,+919845123456,2024-06-15T17:45:00,339,3,"[5, 3, 3, 5, 4, 3, 3, 3, 5, 3, 5, 5, 5, 3, 5, 4, 3, 3, 3, 3, 3, 5, 5, 3, 23, 18, 25]"
Vikram Malhotra,Arjun Reddy,+919876543210,+919845123456,2024-06-10T20:33:00,38,23,"[5, 3, 3, 5, 4, 3, 3, 3, 5, 3, 5, 5, 5, 3, 5, 4, 3, 3, 3, 3, 3, 5, 5, 3, 23, 18, 25]"
Vikram Malhotra,Arjun Reddy,+919876543210,+919845123456,2024-06-11T17:19:00,136,23,"[5, 3, 3, 5, 4, 3, 3, 3, 5, 3, 5, 5, 5, 3, 5, 4, 3, 3, 3, 3, 3, 5, 5, 3, 23, 18, 25]"
Vikram Malhotra,Arjun Reddy,+919876543210,+919845123456,2024-06-03T08:07:00,139,23,"[5, 3, 3, 5, 4, 3, 3, 3, 5, 3, 5, 5, 5, 3, 5, 4, 3, 3, 3, 3, 3, 5, 5, 3, 23, 18, 25]"
Vikram Malhotra,Arjun Reddy,+919876543210,+919845123456,2024-06-12T17:09:00,308,23,"[5, 3, 3, 5, 4, 3, 3, 3, 5, 3, 5, 5, 5, 3, 5, 4, 3, 3, 3, 3, 3, 5, 5, 3, 23, 18, 25]"
Vikram Malhotra,Arjun Reddy,+919876543210,+919845123456,2024-06-05T19:13:00,381,23,"[5, 3, 3, 5, 4, 3, 3, 3, 5, 3, 5, 5, 5, 3, 5, 4, 3, 3, 3, 3, 3, 5, 5, 3, 23, 18, 25]"
Vikram Malhotra,Arjun Reddy,+919876543210,+919845123456,2024-06-04T21:40:00,300,23,"[5, 3, 3, 5, 4, 3, 3, 3, 5, 3, 5, 5, 5, 3, 5, 4, 3, 3, 3, 3, 3, 5, 5, 3, 23, 18, 25]"
Vikram Malhotra,Arjun Reddy,+919876543210,+919845123456,2024-06-09T15:16:00,82,23,"[5, 3, 3, 5, 4, 3, 3, 3, 5, 3, 5, 5, 5, 3, 5, 4, 3, 3, 3, 3, 3, 5, 5, 3, 23, 18, 25]"
Vikram Malhotra,Arjun Reddy,+919876543210,+919845123456,2024-06-02T20:27:00,313,23,"[5, 3, 3, 5, 4, 3, 3, 3, 5, 3, 5, 5, 5, 3, 5, 4, 3, 3, 3, 3, 3, 5, 5, 3, 23, 18, 25]"
Vikram Malhotra,Arjun Reddy,+919876543210,+919845123456,2024-06-01T00:21:00,163,23,"[5, 3, 3, 5, 4, 3, 3, 3, 5, 3, 5, 5, 5, 3, 5, 4, 3, 3, 3, 3, 3, 5, 5, 3, 23, 18, 25]"
Vikram Malhotra,Arjun Reddy,+919876543210,+919845123456,2024-06-11T08:10:00,482,23,"[5, 3, 3, 5, 4, 3, 3, 3, 5, 3, 5, 5, 5, 3, 5, 4, 3, 3, 3, 3, 3, 5, 5, 3, 23, 18, 25]"
Vikram Malhotra,Arjun Reddy,+919876543210,+919845123456,2024-06-09T22:27:00,39,23,"[5, 3, 3, 5, 4, 3, 3, 3, 5, 3, 5, 5, 5, 3, 5, 4, 3, 3, 3, 3, 3, 5, 5, 3, 23, 18, 25]"
Vikram Malhotra,Arjun Reddy,+919876543210,+919845123456,2024-06-02T02:56:00,182,23,"[5, 3, 3, 5, 4, 3, 3, 3, 5, 3, 5, 5, 5, 3, 5, 4, 3, 3, 3, 3, 3, 5, 5, 3, 23, 18, 25]"
Vikram Malhotra,Arjun Reddy,+919876543210,+919845123456,2024-06-09T01:53:00,408,23,"[5, 3, 3, 5, 4, 3, 3, 3, 5, 3, 5, 5, 5, 3, 5, 4, 3, 3, 3, 3, 3, 5, 5, 3, 23, 18, 25]"
Vikram Malhotra,Arjun Reddy,+919876543210,+919845123456,2024-06-10T17:09:00,470,23,"[5, 3, 3, 5, 4, 3, 3, 3, 5, 3, 5, 5, 5, 3, 5, 4, 3, 3, 3, 3, 3, 5, 5, 3, 23, 18, 25]"
Vikram Malhotra,Arjun Reddy,+919876543210,+919845123456,2024-06-03T01:19:00,403,23,"[5, 3, 3, 5, 4, 3, 3, 3, 5, 3, 5, 5, 5, 3, 5, 4, 3, 3, 3, 3, 3, 5, 5, 3, 23, 18, 25]"
Vikram Malhotra,Arjun Reddy,+919876543210,+919845123456,2024-06-13T01:57:00,396,23,"[5, 3, 3, 5, 4, 3, 3, 3, 5, 3, 5, 5, 5, 3, 5, 4, 3, 3, 3, 3, 3, 5, 5, 3, 23, 18, 25]"
Vikram Malhotra,Arjun Reddy,+919876543210,+919845123456,2024-06-04T21:15:00,135,23,"[5, 3, 3, 5, 4, 3, 3, 3, 5, 3, 5, 5, 5, 3, 5, 4, 3, 3, 3, 3, 3, 5, 5, 3, 23, 18, 25]"
Vikram Malhotra,Arjun Reddy,+919876543210,+919845123456,2024-06-06T17:56:00,446,23,"[5, 3, 3, 5, 4, 3, 3, 3, 5, 3, 5, 5, 5, 3, 5, 4, 3, 3, 3, 3, 3, 5, 5, 3, 23, 18, 25]"
Vikram Malhotra,Arjun Reddy,+919876543210,+919845123456,2024-06-10T23:09:00,272,23,"[5, 3, 3, 5, 4, 3, 3, 3, 5, 3, 5, 5, 5, 3, 5, 4, 3, 3, 3, 3, 3, 5, 5, 3, 23, 18, 25]"
Vikram Malhotra,Arjun Reddy,+919876543210,+919845123456,2024-06-03T05:56:00,452,23,"[5, 3, 3, 5, 4, 3, 3, 3, 5, 3, 5, 5, 5, 3, 5, 4, 3, 3, 3, 3, 3, 5, 5, 3, 23, 18, 25]"
Vikram Malhotra,Arjun Reddy,+919876543210,+919845123456,2024-06-01T05:47:00,370,23,"[5, 3, 3, 5, 4, 3, 3, 3, 5, 3, 5, 5, 5, 3, 5, 4, 3, 3, 3, 3, 3, 5, 5, 3, 23, 18, 25]"
Vikram Malhotra,Arjun Reddy,+919876543210,+919845123456,2024-06-13T13:51:00,284,23,"[5, 3, 3, 5, 4, 3, 3, 3, 5, 3, 5, 5, 5, 3, 5, 4, 3, 3, 3, 3, 3, 5, 5, 3, 23, 18, 25]"
Vikram Malhotra,Arjun Reddy,+919876543210,+919845123456,2024-06-05T05:50:00,140,23,"[5, 3, 3, 5, 4, 3, 3, 3, 5, 3, 5, 5, 5, 3, 5, 4, 3, 3, 3, 3, 3, 5, 5, 3, 23, 18, 25]"
Vikram Malhotra,Arjun Reddy,+919876543210,+919845123456,2024-06-04T01:54:00,511,18,"[5, 3, 3, 5, 4, 3, 3, 3, 5, 3, 5, 5, 5, 3, 5, 4, 3, 3, 3, 3, 3, 5, 5, 3, 23, 18, 25]"
Vikram Malhotra,Arjun Reddy,+919876543210,+919845123456,2024-06-02T06:52:00,501,18,"[5, 3, 3, 5, 4, 3, 3, 3, 5, 3, 5, 5, 5, 3, 5, 4, 3, 3, 3, 3, 3, 5, 5, 3, 23, 18, 25]"
Vikram Malhotra,Arjun Reddy,+919876543210,+919845123456,2024-06-03T09:52:00,263,18,"[5, 3, 3, 5, 4, 3, 3, 3, 5, 3, 5, 5, 5, 3, 5, 4, 3, 3, 3, 3, 3, 5, 5, 3, 23, 18, 25]"
Vikram Malhotra,Arjun Reddy,+919876543210,+919845123456,2024-06-02T00:42:00,227,18,"[5, 3, 3, 5, 4, 3, 3, 3, 5, 3, 5, 5, 5, 3, 5, 4, 3, 3, 3, 3, 3, 5, 5, 3, 23, 18, 25]"
Vikram Malhotra,Arjun Reddy,+919876543210,+919845123456,2024-06-04T10:17:00,101,18,"[5, 3, 3, 5, 4, 3, 3, 3, 5, 3, 5, 5, 5, 3, 5, 4, 3, 3, 3, 3, 3, 5, 5, 3, 23, 18, 25]"
Vikram Malhotra,Arjun Reddy,+919876543210,+919845123456,2024-06-03T11:41:00,551,18,"[5, 3, 3, 5, 4, 3, 3, 3, 5, 3, 5, 5, 5, 3, 5, 4, 3, 3, 3, 3, 3, 5, 5, 3, 23, 18, 25]"
Vikram Malhotra,Arjun Reddy,+919876543210,+919845123456,2024-06-04T21:53:00,579,18,"[5, 3, 3, 5, 4, 3, 3, 3, 5, 3, 5, 5, 5, 3, 5, 4, 3, 3, 3, 3, 3, 5, 5, 3, 23, 18, 25]"
Vikram Malhotra,Arjun Reddy,+919876543210,+919845123456,2024-06-03T00:07:00,297,18,"[5, 3, 3, 5, 4, 3, 3, 3, 5, 3, 5, 5, 5, 3, 5, 4, 3, 3, 3, 3, 3, 5, 5, 3, 23, 18, 25]"
Vikram Malhotra,Arjun Reddy,+919876543210,+919845123456,2024-06-02T18:16:00,69,18,"[5, 3, 3, 5, 4, 3, 3, 3, 5, 3, 5, 5, 5, 3, 5, 4, 3, 3, 3, 3, 3, 5, 5, 3, 23, 18, 25]"
Vikram Malhotra,Arjun Reddy,+919876543210,+919845123456,2024-06-01T19:27:00,383,18,"[5, 3, 3, 5, 4, 3, 3, 3, 5, 3, 5, 5, 5, 3, 5, 4, 3, 3, 3, 3, 3, 5, 5, 3, 23, 18, 25]"
Vikram Malhotra,Arjun Reddy,+919876543210,+919845123456,2024-06-06T10:27:00,553,18,"[5, 3, 3, 5, 4, 3, 3, 3, 5, 3, 5, 5, 5, 3, 5, 4, 3, 3, 3, 3, 3, 5, 5, 3, 23, 18, 25]"
Vikram Malhotra,Arjun Reddy,+919876543210,+919845123456,2024-06-01T12:57:00,224,18,"[5, 3, 3, 5, 4, 3, 3, 3, 5, 3, 5, 5, 5, 3, 5, 4, 3, 3, 3, 3, 3, 5, 5, 3, 23, 18, 25]"
Vikram Malhotra,Arjun Reddy,+919876543210,+919845123456,2024-06-03T01:45:00,476,18,"[5, 3, 3, 5, 4, 3, 3, 3, 5, 3, 5, 5, 5, 3, 5, 4, 3, 3, 3, 3, 3, 5, 5, 3, 23, 18, 25]"
Vikram Malhotra,Arjun Reddy,+919876543210,+919845123456,2024-06-01T16:59:00,581,18,"[5, 3, 3, 5, 4, 3, 3, 3, 5, 3, 5, 5, 5, 3, 5, 4, 3, 3, 3, 3, 3, 5, 5, 3, 23, 18, 25]"
Vikram Malhotra,Arjun Reddy,+919876543210,+919845123456,2024-06-06T23:47:00,231,18,"[5, 3, 3, 5, 4, 3, 3, 3, 5, 3, 5, 5, 5, 3, 5, 4, 3, 3, 3, 3, 3, 5, 5, 3, 23, 18, 25]"
Vikram Malhotra,Arjun Reddy,+919876543210,+919845123456,2024-06-03T13:04:00,368,18,"[5, 3, 3, 5, 4, 3, 3, 3, 5, 3, 5, 5, 5, 3, 5, 4, 3, 3, 3, 3, 3, 5, 5, 3, 23, 18, 25]"
Vikram Malhotra,Arjun Reddy,+919876543210,+919845123456,2024-06-05T10:42:00,157,18,"[5, 3, 3, 5, 4, 3, 3, 3, 5, 3, 5, 5, 5, 3, 5, 4, 3, 3, 3, 3, 3, 5, 5, 3, 23, 18, 25]"
Vikram Malhotra,Arjun Reddy,+919876543210,+919845123456,2024-06-06T09:32:00,346,18,"[5, 3, 3, 5, 4, 3, 3, 3, 5, 3, 5, 5, 5, 3, 5, 4, 3, 3, 3, 3, 3, 5, 5, 3, 23, 18, 25]"
Vikram Malhotra,Arjun Reddy,+919876543210,+919845123456,2024-06-01T10:25:00,332,25,"[5, 3, 3, 5, 4, 3, 3, 3, 5, 3, 5, 5, 5, 3, 5, 4, 3, 3, 3, 3, 3, 5, 5, 3, 23, 18, 25]"
Vikram Malhotra,Arjun Reddy,+919876543210,+919845123456,2024-06-01T06:26:00,418,25,"[5, 3, 3, 5, 4, 3, 3, 3, 5, 3, 5, 5, 5, 3, 5, 4, 3, 3, 3, 3, 3, 5, 5, 3, 23, 18, 25]"
Vikram Malhotra,Arjun Reddy,+919876543210,+919845123456,2024-06-01T19:36:00,338,25,"[5, 3, 3, 5, 4, 3, 3, 3, 5, 3, 5, 5, 5, 3, 5, 4, 3, 3, 3, 3, 3, 5, 5, 3, 23, 18, 25]"
Vikram Malhotra,Arjun Reddy,+919876543210,+919845123456,2024-06-01T17:53:00,30,25,"[5, 3, 3, 5, 4, 3, 3, 3, 5, 3, 5, 5, 5, 3, 5, 4, 3, 3, 3, 3, 3, 5, 5, 3, 23, 18, 25]"
Vikram Malhotra,Arjun Reddy,+919876543210,+919845123456,2024-06-01T09:13:00,470,25,"[5, 3, 3, 5, 4, 3, 3, 3, 5, 3, 5, 5, 5, 3, 5, 4, 3, 3, 3, 3, 3, 5, 5, 3, 23, 18, 25]"
Vikram Malhotra,Arjun Reddy,+919876543210,+919845123456,2024-06-01T14:28:00,482,25,"[5, 3, 3, 5, 4, 3, 3, 3, 5, 3, 5, 5, 5, 3, 5, 4, 3, 3, 3, 3, 3, 5, 5, 3, 23, 18, 25]"
Vikram Malhotra,Arjun Reddy,+919876543210,+919845123456,2024-06-01T16:30:00,203,25,"[5, 3, 3, 5, 4, 3, 3, 3, 5, 3, 5, 5, 5, 3, 5, 4, 3, 3, 3, 3, 3, 5, 5, 3, 23, 18, 25]"
Vikram Malhotra,Arjun Reddy,+919876543210,+919845123456,2024-06-01T09:32:00,373,25,"[5, 3, 3, 5, 4, 3, 3, 3, 5, 3, 5, 5, 5, 3, 5, 4, 3, 3, 3, 3, 3, 5, 5, 3, 23, 18, 25]"
Vikram Malhotra,Arjun Reddy,+919876543210,+919845123456,2024-06-01T07:43:00,347,25,"[5, 3, 3, 5, 4, 3, 3, 3, 5, 3, 5, 5, 5, 3, 5, 4, 3, 3, 3, 3, 3, 5, 5, 3, 23, 18, 25]"
Vikram Malhotra,Arjun Reddy,+919876543210,+919845123456,2024-06-01T06:09:00,55,25,"[5, 3, 3, 5, 4, 3, 3, 3, 5, 3, 5, 5, 5, 3, 5, 4, 3, 3, 3, 3, 3, 5, 5, 3, 23, 18, 25]"
Vikram Malhotra,Arjun Reddy,+919876543210,+919845123456,2024-06-01T07:30:00,104,25,"[5, 3, 3, 5, 4, 3, 3, 3, 5, 3, 5, 5, 5, 3, 5, 4, 3, 3, 3, 3, 3, 5, 5, 3, 23, 18, 25]"
Vikram Malhotra,Arjun Reddy,+919876543210,+919845123456,2024-06-01T13:56:00,229,25,"[5, 3, 3, 5, 4, 3, 3, 3, 5, 3, 5, 5, 5, 3, 5, 4, 3, 3, 3, 3, 3, 5, 5, 3, 23, 18, 25]"
Vikram Malhotra,Arjun Reddy,+919876543210,+919845123456,2024-06-01T15:25:00,279,25,"[5, 3, 3, 5, 4, 3, 3, 3, 5, 3, 5, 5, 5, 3, 5, 4, 3, 3, 3, 3, 3, 5, 5, 3, 23, 18, 25]"
Vikram Malhotra,Arjun Reddy,+919876543210,+919845123456,2024-06-01T20:44:00,35,25,"[5, 3, 3, 5, 4, 3, 3, 3, 5, 3, 5, 5, 5, 3, 5, 4, 3, 3, 3, 3, 3, 5, 5, 3, 23, 18, 25]"
Vikram Malhotra,Arjun Reddy,+919876543210,+919845123456,2024-06-01T13:14:00,210,25,"[5, 3, 3, 5, 4, 3, 3, 3, 5, 3, 5, 5, 5, 3, 5, 4, 3, 3, 3, 3, 3, 5, 5, 3, 23, 18, 25]"
Vikram Malhotra,Arjun Reddy,+919876543210,+919845123456,2024-06-01T01:35:00,285,25,"[5, 3, 3, 5, 4, 3, 3, 3, 5, 3, 5, 5, 5, 3, 5, 4, 3, 3, 3, 3, 3, 5, 5, 3, 23, 18, 25]"
Vikram Malhotra,Arjun Reddy,+919876543210,+919845123456,2024-06-01T14:08:00,505,25,"[5, 3, 3, 5, 4, 3, 3, 3, 5, 3, 5, 5, 5, 3, 5, 4, 3, 3, 3, 3, 3, 5, 5, 3, 23, 18, 25]"
Vikram Malhotra,Arjun Reddy,+919876543210,+919845123456,2024-06-01T14:39:00,546,25,"[5, 3, 3, 5, 4, 3, 3, 3, 5, 3, 5, 5, 5, 3, 5, 4, 3, 3, 3, 3, 3, 5, 5, 3, 23, 18, 25]"
Vikram Malhotra,Arjun Reddy,+919876543210,+919845123456,2024-06-01T17:28:00,192,25,"[5, 3, 3, 5, 4, 3, 3, 3, 5, 3, 5, 5, 5, 3, 5, 4, 3, 3, 3, 3, 3, 5, 5, 3, 23, 18, 25]"
Vikram Malhotra,Arjun Reddy,+919876543210,+919845123456,2024-06-01T14:16:00,283,25,"[5, 3, 3, 5, 4, 3, 3, 3, 5, 3, 5, 5, 5, 3, 5, 4, 3, 3, 3, 3, 3, 5, 5, 3, 23, 18, 25]"
Vikram Malhotra,Arjun Reddy,+919876543210,+919845123456,2024-06-01T16:31:00,274,25,"[5, 3, 3, 5, 4, 3, 3, 3, 5, 3, 5, 5, 5, 3, 5, 4, 3, 3, 3, 3, 3, 5, 5, 3, 23, 18, 25]"
Vikram Malhotra,Arjun Reddy,+919876543210,+919845123456,2024-06-01T14:04:00,322,25,"[5, 3, 3, 5, 4, 3, 3, 3, 5, 3, 5, 5, 5, 3, 5, 4, 3, 3, 3, 3, 3, 5, 5, 3, 23, 18, 25]"
Vikram Malhotra,Arjun Reddy,+919876543210,+919845123456,2024-06-01T08:21:00,357,25,"[5, 3, 3, 5, 4, 3, 3, 3, 5, 3, 5, 5, 5, 3, 5, 4, 3, 3, 3, 3, 3, 5, 5, 3, 23, 18, 25]"
Vikram Malhotra,Arjun Reddy,+919876543210,+919845123456,2024-06-01T04:09:00,266,25,"[5, 3, 3, 5, 4, 3, 3, 3, 5, 3, 5, 5, 5, 3, 5, 4, 3, 3, 3, 3, 3, 5, 5, 3, 23, 18, 25]"
Vikram Malhotra,Arjun Reddy,+919876543210,+919845123456,2024-06-01T22:09:00,249,25,"[5, 3, 3, 5, 4, 3, 3, 3, 5, 3, 5, 5, 5, 3, 5, 4, 3, 3, 3, 3, 3, 5, 5, 3, 23, 18, 25]"
Vikram Malhotra,Deepak Yadav,+919876543210,+919823456789,2024-10-03T07:17:00,476,3,"[3, 4, 4, 4, 5, 4, 4, 3, 3, 4, 4, 5, 5, 3, 5, 4, 4, 3, 4, 4, 4, 4, 5, 5, 23, 24, 18]"
Vikram Malhotra,Deepak Yadav,+919876543210,+919823456789,2024-10-03T00:24:00,374,3,"[3, 4, 4, 4, 5, 4, 4, 3, 3, 4, 4, 5, 5, 3, 5, 4, 4, 3, 4, 4, 4, 4, 5, 5, 23, 24, 18]"
Vikram Malhotra,Deepak Yadav,+919876543210,+919823456789,2024-11-19T21:51:00,444,3,"[3, 4, 4, 4, 5, 4, 4, 3, 3, 4, 4, 5, 5, 3, 5, 4, 4, 3, 4, 4, 4, 4, 5, 5, 23, 24, 18]"
Vikram Malhotra,Deepak Yadav,+919876543210,+919823456789,2024-07-13T14:58:00,160,4,"[3, 4, 4, 4, 5, 4, 4, 3, 3, 4, 4, 5, 5, 3, 5, 4, 4, 3, 4, 4, 4, 4, 5, 5, 23, 24, 18]"
Vikram Malhotra,Deepak Yadav,+919876543210,+919823456789,2024-11-07T17:01:00,433,4,"[3, 4, 4, 4, 5, 4, 4, 3, 3, 4, 4, 5, 5, 3, 5, 4, 4, 3, 4, 4, 4, 4, 5, 5, 23, 24, 18]"
Vikram Malhotra,Deepak Yadav,+919876543210,+919823456789,2024-10-30T18:42:00,57,4,"[3, 4, 4, 4, 5, 4, 4, 3, 3, 4, 4, 5, 5, 3, 5, 4, 4, 3, 4, 4, 4, 4, 5, 5, 23, 24, 18]"
Vikram Malhotra,Deepak Yadav,+919876543210,+919823456789,2024-06-22T20:27:00,168,4,"[3, 4, 4, 4, 5, 4, 4, 3, 3, 4, 4, 5, 5, 3, 5, 4, 4, 3, 4, 4, 4, 4, 5, 5, 23, 24, 18]"
Vikram Malhotra,Deepak Yadav,+919876543210,+919823456789,2024-09-27T05:03:00,296,4,"[3, 4, 4, 4, 5, 4, 4, 3, 3, 4, 4, 5, 5, 3, 5, 4, 4, 3, 4, 4, 4, 4, 5, 5, 23, 24, 18]"
Vikram Malhotra,Deepak Yadav,+919876543210,+919823456789,2024-09-06T10:13:00,495,4,"[3, 4, 4, 4, 5, 4, 4, 3, 3, 4, 4, 5, 5, 3, 5, 4, 4, 3, 4, 4, 4, 4, 5, 5, 23, 24, 18]"
Vikram Malhotra,Deepak Yadav,+919876543210,+919823456789,2024-08-23T10:48:00,418,4,"[3, 4, 4, 4, 5, 4, 4, 3, 3, 4, 4, 5, 5, 3, 5, 4, 4, 3, 4, 4, 4, 4, 5, 5, 23, 24, 18]"
Vikram Malhotra,Deepak Yadav,+919876543210,+919823456789,2024-08-11T13:16:00,113,4,"[3, 4, 4, 4, 5, 4, 4, 3, 3, 4, 4, 5, 5, 3, 5, 4, 4, 3, 4, 4, 4, 4, 5, 5, 23, 24, 18]"
Vikram Malhotra,Deepak Yadav,+919876543210,+919823456789,2024-09-29T00:47:00,582,4,"[3, 4, 4, 4, 5, 4, 4, 3, 3, 4, 4, 5, 5, 3, 5, 4, 4, 3, 4, 4, 4, 4, 5, 5, 23, 24, 18]"
Vikram Malhotra,Deepak Yadav,+919876543210,+919823456789,2024-06-14T11:14:00,100,4,"[3, 4, 4, 4, 5, 4, 4, 3, 3, 4, 4, 5, 5, 3, 5, 4, 4, 3, 4, 4, 4, 4, 5, 5, 23, 24, 18]"
Vikram Malhotra,Deepak Yadav,+919876543210,+919823456789,2024-06-11T00:15:00,234,4,"[3, 4, 4, 4, 5, 4, 4, 3, 3, 4, 4, 5, 5, 3, 5, 4, 4, 3, 4, 4, 4, 4, 5, 5, 23, 24, 18]"
Vikram Malhotra,Deepak Yadav,+919876543210,+919823456789,2024-06-06T19:09:00,274,4,"[3, 4, 4, 4, 5, 4, 4, 3, 3, 4, 4, 5, 5, 3, 5, 4, 4, 3, 4, 4, 4, 4, 5, 5, 23, 24, 18]"
Vikram Malhotra,Deepak Yadav,+919876543210,+919823456789,2024-07-03T15:42:00,147,5,"[3, 4, 4, 4, 5, 4, 4, 3, 3, 4, 4, 5, 5, 3, 5, 4, 4, 3, 4, 4, 4, 4, 5, 5, 23, 24, 18]"
Vikram Malhotra,Deepak Yadav,+919876543210,+919823456789,2024-10-23T06:29:00,292,5,"[3, 4, 4, 4, 5, 4, 4, 3, 3, 4, 4, 5, 5, 3, 5, 4, 4, 3, 4, 4, 4, 4, 5, 5, 23, 24, 18]"
Vikram Malhotra,Deepak Yadav,+919876543210,+919823456789,2024-09-03T05:38:00,147,5,"[3, 4, 4, 4, 5, 4, 4, 3, 3, 4, 4, 5, 5, 3, 5, 4, 4, 3, 4, 4, 4, 4, 5, 5, 23, 24, 18]"
Vikram Malhotra,Deepak Yadav,+919876543210,+919823456789,2024-07-12T09:06:00,56,5,"[3, 4, 4, 4, 5, 4, 4, 3, 3, 4, 4, 5, 5, 3, 5, 4, 4, 3, 4, 4, 4, 4, 5, 5, 23, 24, 18]"
Vikram Malhotra,Deepak Yadav,+919876543210,+919823456789,2024-08-19T18:43:00,414,5,"[3, 4, 4, 4, 5, 4, 4, 3, 3, 4, 4, 5, 5, 3, 5, 4, 4, 3, 4, 4, 4, 4, 5, 5, 23, 24, 18]"
Vikram Malhotra,Deepak Yadav,+919876543210,+919823456789,2024-09-10T22:12:00,107,4,"[3, 4, 4, 4, 5, 4, 4, 3, 3, 4, 4, 5, 5, 3, 5, 4, 4, 3, 4, 4, 4, 4, 5, 5, 23, 24, 18]"
Vikram Malhotra,Deepak Yadav,+919876543210,+919823456789,2024-08-02T03:44:00,338,4,"[3, 4, 4, 4, 5, 4, 4, 3, 3, 4, 4, 5, 5, 3, 5, 4, 4, 3, 4, 4, 4, 4, 5, 5, 23, 24, 18]"
Vikram Malhotra,Deepak Yadav,+919876543210,+919823456789,2024-07-01T18:50:00,72,4,"[3, 4, 4, 4, 5, 4, 4, 3, 3, 4, 4, 5, 5, 3, 5, 4, 4, 3, 4, 4, 4, 4, 5, 5, 23, 24, 18]"
Vikram Malhotra,Deepak Yadav,+919876543210,+919823456789,2024-08-28T17:27:00,409,4,"[3, 4, 4, 4, 5, 4, 4, 3, 3, 4, 4, 5, 5, 3, 5, 4, 4, 3, 4, 4, 4, 4, 5, 5, 23, 24, 18]"
Vikram Malhotra,Deepak Yadav,+919876543210,+919823456789,2024-06-18T16:41:00,379,4,"[3, 4, 4, 4, 5, 4, 4, 3, 3, 4, 4, 5, 5, 3, 5, 4, 4, 3, 4, 4, 4, 4, 5, 5, 23, 24, 18]"
Vikram Malhotra,Deepak Yadav,+919876543210,+919823456789,2024-06-04T13:52:00,531,4,"[3, 4, 4, 4, 5, 4, 4, 3, 3, 4, 4, 5, 5, 3, 5, 4, 4, 3, 4, 4, 4, 4, 5, 5, 23, 24, 18]"
Vikram Malhotra,Deepak Yadav,+919876543210,+919823456789,2024-06-28T13:23:00,500,4,"[3, 4, 4, 4, 5, 4, 4, 3, 3, 4, 4, 5, 5, 3, 5, 4, 4, 3, 4, 4, 4, 4, 5, 5, 23, 24, 18]"
Vikram Malhotra,Deepak Yadav,+919876543210,+919823456789,2024-07-10T13:11:00,564,4,"[3, 4, 4, 4, 5, 4, 4, 3, 3, 4, 4, 5, 5, 3, 5, 4, 4, 3, 4, 4, 4, 4, 5, 5, 23, 24, 18]"
Vikram Malhotra,Deepak Yadav,+919876543210,+919823456789,2024-08-09T19:51:00,581,3,"[3, 4, 4, 4, 5, 4, 4, 3, 3, 4, 4, 5, 5, 3, 5, 4, 4, 3, 4, 4, 4, 4, 5, 5, 23, 24, 18]"
Vikram Malhotra,Deepak Yadav,+919876543210,+919823456789,2024-10-02T14:27:00,304,3,"[3, 4, 4, 4, 5, 4, 4, 3, 3, 4, 4, 5, 5, 3, 5, 4, 4, 3, 4, 4, 4, 4, 5, 5, 23, 24, 18]"
Vikram Malhotra,Deepak Yadav,+919876543210,+919823456789,2024-08-22T07:53:00,118,3,"[3, 4, 4, 4, 5, 4, 4, 3, 3, 4, 4, 5, 5, 3, 5, 4, 4, 3, 4, 4, 4, 4, 5, 5, 23, 24, 18]"
Vikram Malhotra,Deepak Yadav,+919876543210,+919823456789,2024-07-06T14:15:00,505,3,"[3, 4, 4, 4, 5, 4, 4, 3, 3, 4, 4, 5, 5, 3, 5, 4, 4, 3, 4, 4, 4, 4, 5, 5, 23, 24, 18]"
Vikram Malhotra,Deepak Yadav,+919876543210,+919823456789,2024-08-12T19:42:00,418,3,"[3, 4, 4, 4, 5, 4, 4, 3, 3, 4, 4, 5, 5, 3, 5, 4, 4, 3, 4, 4, 4, 4, 5, 5, 23, 24, 18]"
Vikram Malhotra,Deepak Yadav,+919876543210,+919823456789,2024-07-14T00:31:00,362,3,"[3, 4, 4, 4, 5, 4, 4, 3, 3, 4, 4, 5, 5, 3, 5, 4, 4, 3, 4, 4, 4, 4, 5, 5, 23, 24, 18]"
Vikram Malhotra,Deepak Yadav,+919876543210,+919823456789,2024-06-24T15:13:00,393,4,"[3, 4, 4, 4, 5, 4, 4, 3, 3, 4, 4, 5, 5, 3, 5, 4, 4, 3, 4, 4, 4, 4, 5, 5, 23, 24, 18]"
Vikram Malhotra,Deepak Yadav,+919876543210,+919823456789,2024-09-11T08:21:00,316,4,"[3, 4, 4, 4, 5, 4, 4, 3, 3, 4, 4, 5, 5, 3, 5, 4, 4, 3, 4, 4, 4, 4, 5, 5, 23, 24, 18]"
Vikram Malhotra,Deepak Yadav,+919876543210,+919823456789,2024-09-21T19:44:00,312,4,"[3, 4, 4, 4, 5, 4, 4, 3, 3, 4, 4, 5, 5, 3, 5, 4, 4, 3, 4, 4, 4, 4, 5, 5, 23, 24, 18]"
Vikram Malhotra,Deepak Yadav,+919876543210,+919823456789,2024-08-11T00:33:00,225,4,"[3, 4, 4, 4, 5, 4, 4, 3, 3, 4, 4, 5, 5, 3, 5, 4, 4, 3, 4, 4, 4, 4, 5, 5, 23, 24, 18]"
Vikram Malhotra,Deepak Yadav,+919876543210,+919823456789,2024-06-11T07:46:00,446,4,"[3, 4, 4, 4, 5, 4, 4, 3, 3, 4, 4, 5, 5, 3, 5, 4, 4, 3, 4, 4, 4, 4, 5, 5, 23, 24, 18]"
Vikram Malhotra,Deepak Yadav,+919876543210,+919823456789,2024-08-02T17:48:00,276,4,"[3, 4, 4, 4, 5, 4, 4, 3, 3, 4, 4, 5, 5, 3, 5, 4, 4, 3, 4, 4, 4, 4, 5, 5, 23, 24, 18]"
Vikram Malhotra,Deepak Yadav,+919876543210,+919823456789,2024-08-28T15:41:00,532,4,"[3, 4, 4, 4, 5, 4, 4, 3, 3, 4, 4, 5, 5, 3, 5, 4, 4, 3, 4, 4, 4, 4, 5, 5, 23, 24, 18]"
Vikram Malhotra,Deepak Yadav,+919876543210,+919823456789,2024-07-28T00:05:00,331,4,"[3, 4, 4, 4, 5, 4, 4, 3, 3, 4, 4, 5, 5, 3, 5, 4, 4, 3, 4, 4, 4, 4, 5, 5, 23, 24, 18]"
Vikram Malhotra,Deepak Yadav,+919876543210,+919823456789,2024-06-29T12:44:00,279,5,"[3, 4, 4, 4, 5, 4, 4, 3, 3, 4, 4, 5, 5, 3, 5, 4, 4, 3, 4, 4, 4, 4, 5, 5, 23, 24, 18]"
Vikram Malhotra,Deepak Yadav,+919876543210,+919823456789,2024-07-10T21:37:00,407,5,"[3, 4, 4, 4, 5, 4, 4, 3, 3, 4, 4, 5, 5, 3, 5, 4, 4, 3, 4, 4, 4, 4, 5, 5, 23, 24, 18]"
Vikram Malhotra,Deepak Yadav,+919876543210,+919823456789,2024-07-31T17:33:00,382,5,"[3, 4, 4, 4, 5, 4, 4, 3, 3, 4, 4, 5, 5, 3, 5, 4, 4, 3, 4, 4, 4, 4, 5, 5, 23, 24, 18]"
Vikram Malhotra,Deepak Yadav,+919876543210,+919823456789,2024-07-25T23:35:00,368,5,"[3, 4, 4, 4, 5, 4, 4, 3, 3, 4, 4, 5, 5, 3, 5, 4, 4, 3, 4, 4, 4, 4, 5, 5, 23, 24, 18]"
Vikram Malhotra,Deepak Yadav,+919876543210,+919823456789,2024-07-16T22:29:00,307,5,"[3, 4, 4, 4, 5, 4, 4, 3, 3, 4, 4, 5, 5, 3, 5, 4, 4, 3, 4, 4, 4, 4, 5, 5, 23, 24, 18]"
Vikram Malhotra,Deepak Yadav,+919876543210,+919823456789,2024-07-10T08:14:00,153,5,"[3, 4, 4, 4, 5, 4, 4, 3, 3, 4, 4, 5, 5, 3, 5, 4, 4, 3, 4, 4, 4, 4, 5, 5, 23, 24, 18]"
Vikram Malhotra,Deepak Yadav,+919876543210,+919823456789,2024-09-01T06:20:00,152,5,"[3, 4, 4, 4, 5, 4, 4, 3, 3, 4, 4, 5, 5, 3, 5, 4, 4, 3, 4, 4, 4, 4, 5, 5, 23, 24, 18]"
Vikram Malhotra,Deepak Yadav,+919876543210,+919823456789,2024-09-04T17:48:00,219,5,"[3, 4, 4, 4, 5, 4, 4, 3, 3, 4, 4, 5, 5, 3, 5, 4, 4, 3, 4, 4, 4, 4, 5, 5, 23, 24, 18]"
Vikram Malhotra,Deepak Yadav,+919876543210,+919823456789,2024-06-25T06:47:00,525,5,"[3, 4, 4, 4, 5, 4, 4, 3, 3, 4, 4, 5, 5, 3, 5, 4, 4, 3, 4, 4, 4, 4, 5, 5, 23, 24, 18]"
Vikram Malhotra,Deepak Yadav,+919876543210,+919823456789,2024-07-06T23:37:00,567,5,"[3, 4, 4, 4, 5, 4, 4, 3, 3, 4, 4, 5, 5, 3, 5, 4, 4, 3, 4, 4, 4, 4, 5, 5, 23, 24, 18]"
Vikram Malhotra,Deepak Yadav,+919876543210,+919823456789,2024-08-16T09:06:00,228,3,"[3, 4, 4, 4, 5, 4, 4, 3, 3, 4, 4, 5, 5, 3, 5, 4, 4, 3, 4, 4, 4, 4, 5, 5, 23, 24, 18]"
Vikram Malhotra,Deepak Yadav,+919876543210,+919823456789,2024-07-08T07:23:00,213,3,"[3, 4, 4, 4, 5, 4, 4, 3, 3, 4, 4, 5, 5, 3, 5, 4, 4, 3, 4, 4, 4, 4, 5, 5, 23, 24, 18]"
Vikram Malhotra,Deepak Yadav,+919876543210,+919823456789,2024-07-09T00:45:00,576,3,"[3, 4, 4, 4, 5, 4, 4, 3, 3, 4, 4, 5, 5, 3, 5, 4, 4, 3, 4, 4, 4, 4, 5, 5, 23, 24, 18]"
Vikram Malhotra,Deepak Yadav,+919876543210,+919823456789,2024-06-17T08:02:00,85,5,"[3, 4, 4, 4, 5, 4, 4, 3, 3, 4, 4, 5, 5, 3, 5, 4, 4, 3, 4, 4, 4, 4, 5, 5, 23, 24, 18]"
Vikram Malhotra,Deepak Yadav,+919876543210,+919823456789,2024-08-10T09:44:00,159,5,"[3, 4, 4, 4, 5, 4, 4, 3, 3, 4, 4, 5, 5, 3, 5, 4, 4, 3, 4, 4, 4, 4, 5, 5, 23, 24, 18]"
Vikram Malhotra,Deepak Yadav,+919876543210,+919823456789,2024-08-21T15:06:00,42,5,"[3, 4, 4, 4, 5, 4, 4, 3, 3, 4, 4, 5, 5, 3, 5, 4, 4, 3, 4, 4, 4, 4, 5, 5, 23, 24, 18]"
Vikram Malhotra,Deepak Yadav,+919876543210,+919823456789,2024-08-13T09:30:00,520,5,"[3, 4, 4, 4, 5, 4, 4, 3, 3, 4, 4, 5, 5, 3, 5, 4, 4, 3, 4, 4, 4, 4, 5, 5, 23, 24, 18]"
Vikram Malhotra,Deepak Yadav,+919876543210,+919823456789,2024-07-27T10:11:00,82,5,"[3, 4, 4, 4, 5, 4, 4, 3, 3, 4, 4, 5, 5, 3, 5, 4, 4, 3, 4, 4, 4, 4, 5, 5, 23, 24, 18]"
Vikram Malhotra,Deepak Yadav,+919876543210,+919823456789,2024-07-03T15:07:00,96,4,"[3, 4, 4, 4, 5, 4, 4, 3, 3, 4, 4, 5, 5, 3, 5, 4, 4, 3, 4, 4, 4, 4, 5, 5, 23, 24, 18]"
Vikram Malhotra,Deepak Yadav,+919876543210,+919823456789,2024-07-22T15:04:00,84,4,"[3, 4, 4, 4, 5, 4, 4, 3, 3, 4, 4, 5, 5, 3, 5, 4, 4, 3, 4, 4, 4, 4, 5, 5, 23, 24, 18]"
Vikram Malhotra,Deepak Yadav,+919876543210,+919823456789,2024-06-20T04:51:00,341,4,"[3, 4, 4, 4, 5, 4, 4, 3, 3, 4, 4, 5, 5, 3, 5, 4, 4, 3, 4, 4, 4, 4, 5, 5, 23, 24, 18]"
Vikram Malhotra,Deepak Yadav,+919876543210,+919823456789,2024-06-11T07:07:00,456,4,"[3, 4, 4, 4, 5, 4, 4, 3, 3, 4, 4, 5, 5, 3, 5, 4, 4, 3, 4, 4, 4, 4, 5, 5, 23, 24, 18]"
Vikram Malhotra,Deepak Yadav,+919876543210,+919823456789,2024-06-29T16:24:00,491,4,"[3, 4, 4, 4, 5, 4, 4, 3, 3, 4, 4, 5, 5, 3, 5, 4, 4, 3, 4, 4, 4, 4, 5, 5, 23, 24, 18]"
Vikram Malhotra,Deepak Yadav,+919876543210,+919823456789,2024-07-27T09:55:00,469,4,"[3, 4, 4, 4, 5, 4, 4, 3, 3, 4, 4, 5, 5, 3, 5, 4, 4, 3, 4, 4, 4, 4, 5, 5, 23, 24, 18]"
Vikram Malhotra,Deepak Yadav,+919876543210,+919823456789,2024-07-10T18:39:00,91,4,"[3, 4, 4, 4, 5, 4, 4, 3, 3, 4, 4, 5, 5, 3, 5, 4, 4, 3, 4, 4, 4, 4, 5, 5, 23, 24, 18]"
Vikram Malhotra,Deepak Yadav,+919876543210,+919823456789,2024-06-13T06:40:00,246,4,"[3, 4, 4, 4, 5, 4, 4, 3, 3, 4, 4, 5, 5, 3, 5, 4, 4, 3, 4, 4, 4, 4, 5, 5, 23, 24, 18]"
Vikram Malhotra,Deepak Yadav,+919876543210,+919823456789,2024-06-17T21:05:00,190,3,"[3, 4, 4, 4, 5, 4, 4, 3, 3, 4, 4, 5, 5, 3, 5, 4, 4, 3, 4, 4, 4, 4, 5, 5, 23, 24, 18]"
Vikram Malhotra,Deepak Yadav,+919876543210,+919823456789,2024-06-16T05:35:00,106,3,"[3, 4, 4, 4, 5, 4, 4, 3, 3, 4, 4, 5, 5, 3, 5, 4, 4, 3, 4, 4, 4, 4, 5, 5, 23, 24, 18]"
Vikram Malhotra,Deepak Yadav,+919876543210,+919823456789,2024-06-11T00:26:00,491,3,"[3, 4, 4, 4, 5, 4, 4, 3, 3, 4, 4, 5, 5, 3, 5, 4, 4, 3, 4, 4, 4, 4, 5, 5, 23, 24, 18]"
Vikram Malhotra,Deepak Yadav,+919876543210,+919823456789,2024-07-15T19:30:00,328,4,"[3, 4, 4, 4, 5, 4, 4, 3, 3, 4, 4, 5, 5, 3, 5, 4, 4, 3, 4, 4, 4, 4, 5, 5, 23, 24, 18]"
Vikram Malhotra,Deepak Yadav,+919876543210,+919823456789,2024-06-03T07:18:00,319,4,"[3, 4, 4, 4, 5, 4, 4, 3, 3, 4, 4, 5, 5, 3, 5, 4, 4, 3, 4, 4, 4, 4, 5, 5, 23, 24, 18]"
Vikram Malhotra,Deepak Yadav,+919876543210,+919823456789,2024-07-15T14:04:00,269,4,"[3, 4, 4, 4, 5, 4, 4, 3, 3, 4, 4, 5, 5, 3, 5, 4, 4, 3, 4, 4, 4, 4, 5, 5, 23, 24, 18]"
Vikram Malhotra,Deepak Yadav,+919876543210,+919823456789,2024-06-17T20:37:00,232,4,"[3, 4, 4, 4, 5, 4, 4, 3, 3, 4, 4, 5, 5, 3, 5, 4, 4, 3, 4, 4, 4, 4, 5, 5, 23, 24, 18]"
Vikram Malhotra,Deepak Yadav,+919876543210,+919823456789,2024-06-28T03:34:00,260,4,"[3, 4, 4, 4, 5, 4, 4, 3, 3, 4, 4, 5, 5, 3, 5, 4, 4, 3, 4, 4, 4, 4, 5, 5, 23, 24, 18]"
Vikram Malhotra,Deepak Yadav,+919876543210,+919823456789,2024-07-12T04:58:00,302,4,"[3, 4, 4, 4, 5, 4, 4, 3, 3, 4, 4, 5, 5, 3, 5, 4, 4, 3, 4, 4, 4, 4, 5, 5, 23, 24, 18]"
Vikram Malhotra,Deepak Yadav,+919876543210,+919823456789,2024-06-10T02:03:00,199,4,"[3, 4, 4, 4, 5, 4, 4, 3, 3, 4, 4, 5, 5, 3, 5, 4, 4, 3, 4, 4, 4, 4, 5, 5, 23, 24, 18]"
Vikram Malhotra,Deepak Yadav,+919876543210,+919823456789,2024-06-20T19:47:00,325,4,"[3, 4, 4, 4, 5, 4, 4, 3, 3, 4, 4, 5, 5, 3, 5, 4, 4, 3, 4, 4, 4, 4, 5, 5, 23, 24, 18]"
Vikram Malhotra,Deepak Yadav,+919876543210,+919823456789,2024-06-29T03:29:00,341,4,"[3, 4, 4, 4, 5, 4, 4, 3, 3, 4, 4, 5, 5, 3, 5, 4, 4, 3, 4, 4, 4, 4, 5, 5, 23, 24, 18]"
Vikram Malhotra,Deepak Yadav,+919876543210,+919823456789,2024-06-26T08:32:00,582,4,"[3, 4, 4, 4, 5, 4, 4, 3, 3, 4, 4, 5, 5, 3, 5, 4, 4, 3, 4, 4, 4, 4, 5, 5, 23, 24, 18]"
Vikram Malhotra,Deepak Yadav,+919876543210,+919823456789,2024-07-02T14:05:00,70,4,"[3, 4, 4, 4, 5, 4, 4, 3, 3, 4, 4, 5, 5, 3, 5, 4, 4, 3, 4, 4, 4, 4, 5, 5, 23, 24, 18]"
Vikram Malhotra,Deepak Yadav,+919876543210,+919823456789,2024-06-28T23:20:00,286,4,"[3, 4, 4, 4, 5, 4, 4, 3, 3, 4, 4, 5, 5, 3, 5, 4, 4, 3, 4, 4, 4, 4, 5, 5, 23, 24, 18]"
Vikram Malhotra,Deepak Yadav,+919876543210,+919823456789,2024-06-02T02:14:00,51,4,"[3, 4, 4, 4, 5, 4, 4, 3, 3, 4, 4, 5, 5, 3, 5, 4, 4, 3, 4, 4, 4, 4, 5, 5, 23, 24, 18]"
Vikram Malhotra,Deepak Yadav,+919876543210,+919823456789,2024-06-18T18:02:00,209,4,"[3, 4, 4, 4, 5, 4, 4, 3, 3, 4, 4, 5, 5, 3, 5, 4, 4, 3, 4, 4, 4, 4, 5, 5, 23, 24, 18]"
Vikram Malhotra,Deepak Yadav,+919876543210,+919823456789,2024-07-01T16:41:00,482,4,"[3, 4, 4, 4, 5, 4, 4, 3, 3, 4, 4, 5, 5, 3, 5, 4, 4, 3, 4, 4, 4, 4, 5, 5, 23, 24, 18]"
Vikram Malhotra,Deepak Yadav,+919876543210,+919823456789,2024-06-18T05:37:00,476,4,"[3, 4, 4, 4, 5, 4, 4, 3, 3, 4, 4, 5, 5, 3, 5, 4, 4, 3, 4, 4, 4, 4, 5, 5, 23, 24, 18]"
Vikram Malhotra,Deepak Yadav,+919876543210,+919823456789,2024-06-21T15:05:00,511,5,"[3, 4, 4, 4, 5, 4, 4, 3, 3, 4, 4, 5, 5, 3, 5, 4, 4, 3, 4, 4, 4, 4, 5, 5, 23, 24, 18]"
Vikram Malhotra,Deepak Yadav,+919876543210,+919823456789,2024-06-12T13:21:00,358,5,"[3, 4, 4, 4, 5, 4, 4, 3, 3, 4, 4, 5, 5, 3, 5, 4, 4, 3, 4, 4, 4, 4, 5, 5, 23, 24, 18]"
Vikram Malhotra,Deepak Yadav,+919876543210,+919823456789,2024-06-22T03:54:00,194,5,"[3, 4, 4, 4, 5, 4, 4, 3, 3, 4, 4, 5, 5, 3, 5, 4, 4, 3, 4, 4, 4, 4, 5, 5, 23, 24, 18]"
Vikram Malhotra,Deepak Yadav,+919876543210,+919823456789,2024-06-11T13:44:00,537,5,"[3, 4, 4, 4, 5, 4, 4, 3, 3, 4, 4, 5, 5, 3, 5, 4, 4, 3, 4, 4, 4, 4, 5, 5, 23, 24, 18]"
Vikram Malhotra,Deepak Yadav,+919876543210,+919823456789,2024-06-10T21:25:00,593,5,"[3, 4, 4, 4, 5, 4, 4, 3, 3, 4, 4, 5, 5, 3, 5, 4, 4, 3, 4, 4, 4, 4, 5, 5, 23, 24, 18]"
Vikram Malhotra,Deepak Yadav,+919876543210,+919823456789,2024-06-02T14:05:00,352,5,"[3, 4, 4, 4, 5, 4, 4, 3, 3, 4, 4, 5, 5, 3, 5, 4, 4, 3, 4, 4, 4, 4, 5, 5, 23, 24, 18]"
Vikram Malhotra,Deepak Yadav,+919876543210,+919823456789,2024-06-09T10:07:00,443,5,"[3, 4, 4, 4, 5, 4, 4, 3, 3, 4, 4, 5, 5, 3, 5, 4, 4, 3, 4, 4, 4, 4, 5, 5, 23, 24, 18]"
Vikram Malhotra,Deepak Yadav,+919876543210,+919823456789,2024-06-17T00:42:00,585,5,"[3, 4, 4, 4, 5, 4, 4, 3, 3, 4, 4, 5, 5, 3, 5, 4, 4, 3, 4, 4, 4, 4, 5, 5, 23, 24, 18]"
Vikram Malhotra,Deepak Yadav,+919876543210,+919823456789,2024-06-15T13:03:00,222,5,"[3, 4, 4, 4, 5, 4, 4, 3, 3, 4, 4, 5, 5, 3, 5, 4, 4, 3, 4, 4, 4, 4, 5, 5, 23, 24, 18]"
Vikram Malhotra,Deepak Yadav,+919876543210,+919823456789,2024-06-17T11:39:00,540,5,"[3, 4, 4, 4, 5, 4, 4, 3, 3, 4, 4, 5, 5, 3, 5, 4, 4, 3, 4, 4, 4, 4, 5, 5, 23, 24, 18]"
Vikram Malhotra,Deepak Yadav,+919876543210,+919823456789,2024-06-11T14:48:00,82,23,"[3, 4, 4, 4, 5, 4, 4, 3, 3, 4, 4, 5, 5, 3, 5, 4, 4, 3, 4, 4, 4, 4, 5, 5, 23, 24, 18]"
Vikram Malhotra,Deepak Yadav,+919876543210,+919823456789,2024-06-04T08:35:00,164,23,"[3, 4, 4, 4, 5, 4, 4, 3, 3, 4, 4, 5, 5, 3, 5, 4, 4, 3, 4, 4, 4, 4, 5, 5, 23, 24, 18]"
Vikram Malhotra,Deepak Yadav,+919876543210,+919823456789,2024-06-05T14:56:00,526,23,"[3, 4, 4, 4, 5, 4, 4, 3, 3, 4, 4, 5, 5, 3, 5, 4, 4, 3, 4, 4, 4, 4, 5, 5, 23, 24, 18]"
Vikram Malhotra,Deepak Yadav,+919876543210,+919823456789,2024-06-02T00:40:00,275,23,"[3, 4, 4, 4, 5, 4, 4, 3, 3, 4, 4, 5, 5, 3, 5, 4, 4, 3, 4, 4, 4, 4, 5, 5, 23, 24, 18]"
Vikram Malhotra,Deepak Yadav,+919876543210,+919823456789,2024-06-12T05:19:00,594,23,"[3, 4, 4, 4, 5, 4, 4, 3, 3, 4, 4, 5, 5, 3, 5, 4, 4, 3, 4, 4, 4, 4, 5, 5, 23, 24, 18]"
Vikram Malhotra,Deepak Yadav,+919876543210,+919823456789,2024-06-01T17:26:00,125,23,"[3, 4, 4, 4, 5, 4, 4, 3, 3, 4, 4, 5, 5, 3, 5, 4, 4, 3, 4, 4, 4, 4, 5, 5, 23, 24, 18]"
Vikram Malhotra,Deepak Yadav,+919876543210,+919823456789,2024-06-04T03:29:00,150,23,"[3, 4, 4, 4, 5, 4, 4, 3, 3, 4, 4, 5, 5, 3, 5, 4, 4, 3, 4, 4, 4, 4, 5, 5, 23, 24, 18]"
Vikram Malhotra,Deepak Yadav,+919876543210,+919823456789,2024-06-11T04:31:00,328,23,"[3, 4, 4, 4, 5, 4, 4, 3, 3, 4, 4, 5, 5, 3, 5, 4, 4, 3, 4, 4, 4, 4, 5, 5, 23, 24, 18]"
Vikram Malhotra,Deepak Yadav,+919876543210,+919823456789,2024-06-09T22:17:00,455,23,"[3, 4, 4, 4, 5, 4, 4, 3, 3, 4, 4, 5, 5, 3, 5, 4, 4, 3, 4, 4, 4, 4, 5, 5, 23, 24, 18]"
Vikram Malhotra,Deepak Yadav,+919876543210,+919823456789,2024-06-08T15:15:00,497,23,"[3, 4, 4, 4, 5, 4, 4, 3, 3, 4, 4, 5, 5, 3, 5, 4, 4, 3, 4, 4, 4, 4, 5, 5, 23, 24, 18]"
Vikram Malhotra,Deepak Yadav,+919876543210,+919823456789,2024-06-09T04:24:00,225,23,"[3, 4, 4, 4, 5, 4, 4, 3, 3, 4, 4, 5, 5, 3, 5, 4, 4, 3, 4, 4, 4, 4, 5, 5, 23, 24, 18]"
Vikram Malhotra,Deepak Yadav,+919876543210,+919823456789,2024-06-10T16:47:00,169,23,"[3, 4, 4, 4, 5, 4, 4, 3, 3, 4, 4, 5, 5, 3, 5, 4, 4, 3, 4, 4, 4, 4, 5, 5, 23, 24, 18]"
Vikram Malhotra,Deepak Yadav,+919876543210,+919823456789,2024-06-02T08:49:00,454,23,"[3, 4, 4, 4, 5, 4, 4, 3, 3, 4, 4, 5, 5, 3, 5, 4, 4, 3, 4, 4, 4, 4, 5, 5, 23, 24, 18]"
Vikram Malhotra,Deepak Yadav,+919876543210,+919823456789,2024-06-06T16:17:00,32,23,"[3, 4, 4, 4, 5, 4, 4, 3, 3, 4, 4, 5, 5, 3, 5, 4, 4, 3, 4, 4, 4, 4, 5, 5, 23, 24, 18]"
Vikram Malhotra,Deepak Yadav,+919876543210,+919823456789,2024-06-05T23:19:00,531,23,"[3, 4, 4, 4, 5, 4, 4, 3, 3, 4, 4, 5, 5, 3, 5, 4, 4, 3, 4, 4, 4, 4, 5, 5, 23, 24, 18]"
Vikram Malhotra,Deepak Yadav,+919876543210,+919823456789,2024-06-03T14:34:00,525,23,"[3, 4, 4, 4, 5, 4, 4, 3, 3, 4, 4, 5, 5, 3, 5, 4, 4, 3, 4, 4, 4, 4, 5, 5, 23, 24, 18]"
Vikram Malhotra,Deepak Yadav,+919876543210,+919823456789,2024-06-06T10:35:00,586,23,"[3, 4, 4, 4, 5, 4, 4, 3, 3, 4, 4, 5, 5, 3, 5, 4, 4, 3, 4, 4, 4, 4, 5, 5, 23, 24, 18]"
Vikram Malhotra,Deepak Yadav,+919876543210,+919823456789,2024-06-07T14:59:00,359,23,"[3, 4, 4, 4, 5, 4, 4, 3, 3, 4, 4, 5, 5, 3, 5, 4, 4, 3, 4, 4, 4, 4, 5, 5, 23, 24, 18]"
Vikram Malhotra,Deepak Yadav,+919876543210,+919823456789,2024-06-04T22:15:00,422,23,"[3, 4, 4, 4, 5, 4, 4, 3, 3, 4, 4, 5, 5, 3, 5, 4, 4, 3, 4, 4, 4, 4, 5, 5, 23, 24, 18]"
Vikram Malhotra,Deepak Yadav,+919876543210,+919823456789,2024-06-04T13:02:00,355,23,"[3, 4, 4, 4, 5, 4, 4, 3, 3, 4, 4, 5, 5, 3, 5, 4, 4, 3, 4, 4, 4, 4, 5, 5, 23, 24, 18]"
Vikram Malhotra,Deepak Yadav,+919876543210,+919823456789,2024-06-12T15:45:00,420,23,"[3, 4, 4, 4, 5, 4, 4, 3, 3, 4, 4, 5, 5, 3, 5, 4, 4, 3, 4, 4, 4, 4, 5, 5, 23, 24, 18]"
Vikram Malhotra,Deepak Yadav,+919876543210,+919823456789,2024-06-07T21:50:00,185,23,"[3, 4, 4, 4, 5, 4, 4, 3, 3, 4, 4, 5, 5, 3, 5, 4, 4, 3, 4, 4, 4, 4, 5, 5, 23, 24, 18]"
Vikram Malhotra,Deepak Yadav,+919876543210,+919823456789,2024-06-08T01:08:00,544,23,"[3, 4, 4, 4, 5, 4, 4, 3, 3, 4, 4, 5, 5, 3, 5, 4, 4, 3, 4, 4, 4, 4, 5, 5, 23, 24, 18]"
Vikram Malhotra,Deepak Yadav,+919876543210,+919823456789,2024-06-05T10:55:00,132,24,"[3, 4, 4, 4, 5, 4, 4, 3, 3, 4, 4, 5, 5, 3, 5, 4, 4, 3, 4, 4, 4, 4, 5, 5, 23, 24, 18]"
Vikram Malhotra,Deepak Yadav,+919876543210,+919823456789,2024-06-04T03:33:00,497,24,"[3, 4, 4, 4, 5, 4, 4, 3, 3, 4, 4, 5, 5, 3, 5, 4, 4, 3, 4, 4, 4, 4, 5, 5, 23, 24, 18]"
Vikram Malhotra,Deepak Yadav,+919876543210,+919823456789,2024-06-01T23:09:00,449,24,"[3, 4, 4, 4, 5, 4, 4, 3, 3, 4, 4, 5, 5, 3, 5, 4, 4, 3, 4, 4, 4, 4, 5, 5, 23, 24, 18]"
Vikram Malhotra,Deepak Yadav,+919876543210,+919823456789,2024-06-06T04:04:00,510,24,"[3, 4, 4, 4, 5, 4, 4, 3, 3, 4, 4, 5, 5, 3, 5, 4, 4, 3, 4, 4, 4, 4, 5, 5, 23, 24, 18]"
Vikram Malhotra,Deepak Yadav,+919876543210,+919823456789,2024-06-03T10:39:00,437,24,"[3, 4, 4, 4, 5, 4, 4, 3, 3, 4, 4, 5, 5, 3, 5, 4, 4, 3, 4, 4, 4, 4, 5, 5, 23, 24, 18]"
Vikram Malhotra,Deepak Yadav,+919876543210,+919823456789,2024-06-06T02:54:00,366,24,"[3, 4, 4, 4, 5, 4, 4, 3, 3, 4, 4, 5, 5, 3, 5, 4, 4, 3, 4, 4, 4, 4, 5, 5, 23, 24, 18]"
Vikram Malhotra,Deepak Yadav,+919876543210,+919823456789,2024-06-06T17:24:00,354,24,"[3, 4, 4, 4, 5, 4, 4, 3, 3, 4, 4, 5, 5, 3, 5, 4, 4, 3, 4, 4, 4, 4, 5, 5, 23, 24, 18]"
Vikram Malhotra,Deepak Yadav,+919876543210,+919823456789,2024-06-06T22:56:00,529,24,"[3, 4, 4, 4, 5, 4, 4, 3, 3, 4, 4, 5, 5, 3, 5, 4, 4, 3, 4, 4, 4, 4, 5, 5, 23, 24, 18]"
Vikram Malhotra,Deepak Yadav,+919876543210,+919823456789,2024-06-05T01:39:00,100,24,"[3, 4, 4, 4, 5, 4, 4, 3, 3, 4, 4, 5, 5, 3, 5, 4, 4, 3, 4, 4, 4, 4, 5, 5, 23, 24, 18]"
Vikram Malhotra,Deepak Yadav,+919876543210,+919823456789,2024-06-02T20:43:00,324,24,"[3, 4, 4, 4, 5, 4, 4, 3, 3, 4, 4, 5, 5, 3, 5, 4, 4, 3, 4, 4, 4, 4, 5, 5, 23, 24, 18]"
Vikram Malhotra,Deepak Yadav,+919876543210,+919823456789,2024-06-02T23:05:00,474,24,"[3, 4, 4, 4, 5, 4, 4, 3, 3, 4, 4, 5, 5, 3, 5, 4, 4, 3, 4, 4, 4, 4, 5, 5, 23, 24, 18]"
Vikram Malhotra,Deepak Yadav,+919876543210,+919823456789,2024-06-01T20:45:00,132,24,"[3, 4, 4, 4, 5, 4, 4, 3, 3, 4, 4, 5, 5, 3, 5, 4, 4, 3, 4, 4, 4, 4, 5, 5, 23, 24, 18]"
Vikram Malhotra,Deepak Yadav,+919876543210,+919823456789,2024-06-04T05:44:00,336,24,"[3, 4, 4, 4, 5, 4, 4, 3, 3, 4, 4, 5, 5, 3, 5, 4, 4, 3, 4, 4, 4, 4, 5, 5, 23, 24, 18]"
Vikram Malhotra,Deepak Yadav,+919876543210,+919823456789,2024-06-01T01:20:00,87,24,"[3, 4, 4, 4, 5, 4, 4, 3, 3, 4, 4, 5, 5, 3, 5, 4, 4, 3, 4, 4, 4, 4, 5, 5, 23, 24, 18]"
Vikram Malhotra,Deepak Yadav,+919876543210,+919823456789,2024-06-03T11:23:00,471,24,"[3, 4, 4, 4, 5, 4, 4, 3, 3, 4, 4, 5, 5, 3, 5, 4, 4, 3, 4, 4, 4, 4, 5, 5, 23, 24, 18]"
Vikram Malhotra,Deepak Yadav,+919876543210,+919823456789,2024-06-02T07:33:00,451,24,"[3, 4, 4, 4, 5, 4, 4, 3, 3, 4, 4, 5, 5, 3, 5, 4, 4, 3, 4, 4, 4, 4, 5, 5, 23, 24, 18]"
Vikram Malhotra,Deepak Yadav,+919876543210,+919823456789,2024-06-05T21:50:00,214,24,"[3, 4, 4, 4, 5, 4, 4, 3, 3, 4, 4, 5, 5, 3, 5, 4, 4, 3, 4, 4, 4, 4, 5, 5, 23, 24, 18]"
Vikram Malhotra,Deepak Yadav,+919876543210,+919823456789,2024-06-02T05:05:00,421,24,"[3, 4, 4, 4, 5, 4, 4, 3, 3, 4, 4, 5, 5, 3, 5, 4, 4, 3, 4, 4, 4, 4, 5, 5, 23, 24, 18]"
Vikram Malhotra,Deepak Yadav,+919876543210,+919823456789,2024-06-05T21:15:00,539,24,"[3, 4, 4, 4, 5, 4, 4, 3, 3, 4, 4, 5, 5, 3, 5, 4, 4, 3, 4, 4, 4, 4, 5, 5, 23, 24, 18]"
Vikram Malhotra,Deepak Yadav,+919876543210,+919823456789,2024-06-05T04:14:00,502,24,"[3, 4, 4, 4, 5, 4, 4, 3, 3, 4, 4, 5, 5, 3, 5, 4, 4, 3, 4, 4, 4, 4, 5, 5, 23, 24, 18]"
Vikram Malhotra,Deepak Yadav,+919876543210,+919823456789,2024-06-06T08:29:00,291,24,"[3, 4, 4, 4, 5, 4, 4, 3, 3, 4, 4, 5, 5, 3, 5, 4, 4, 3, 4, 4, 4, 4, 5, 5, 23, 24, 18]"
Vikram Malhotra,Deepak Yadav,+919876543210,+919823456789,2024-06-06T00:57:00,506,24,"[3, 4, 4, 4, 5, 4, 4, 3, 3, 4, 4, 5, 5, 3, 5, 4, 4, 3, 4, 4, 4, 4, 5, 5, 23, 24, 18]"
Vikram Malhotra,Deepak Yadav,+919876543210,+919823456789,2024-06-03T21:34:00,191,24,"[3, 4, 4, 4, 5, 4, 4, 3, 3, 4, 4, 5, 5, 3, 5, 4, 4, 3, 4, 4, 4, 4, 5, 5, 23, 24, 18]"
Vikram Malhotra,Deepak Yadav,+919876543210,+919823456789,2024-06-01T14:22:00,336,24,"[3, 4, 4, 4, 5, 4, 4, 3, 3, 4, 4, 5, 5, 3, 5, 4, 4, 3, 4, 4, 4, 4, 5, 5, 23, 24, 18]"
Vikram Malhotra,Deepak Yadav,+919876543210,+919823456789,2024-06-01T22:16:00,497,18,"[3, 4, 4, 4, 5, 4, 4, 3, 3, 4, 4, 5, 5, 3, 5, 4, 4, 3, 4, 4, 4, 4, 5, 5, 23, 24, 18]"
Vikram Malhotra,Deepak Yadav,+919876543210,+919823456789,2024-06-01T06:24:00,524,18,"[3, 4, 4, 4, 5, 4, 4, 3, 3, 4, 4, 5, 5, 3, 5, 4, 4, 3, 4, 4, 4, 4, 5, 5, 23, 24, 18]"
Vikram Malhotra,Deepak Yadav,+919876543210,+919823456789,2024-06-01T07:24:00,397,18,"[3, 4, 4, 4, 5, 4, 4, 3, 3, 4, 4, 5, 5, 3, 5, 4, 4, 3, 4, 4, 4, 4, 5, 5, 23, 24, 18]"
Vikram Malhotra,Deepak Yadav,+919876543210,+919823456789,2024-06-01T22:18:00,52,18,"[3, 4, 4, 4, 5, 4, 4, 3, 3, 4, 4, 5, 5, 3, 5, 4, 4, 3, 4, 4, 4, 4, 5, 5, 23, 24, 18]"
Vikram Malhotra,Deepak Yadav,+919876543210,+919823456789,2024-06-01T08:00:00,80,18,"[3, 4, 4, 4, 5, 4, 4, 3, 3, 4, 4, 5, 5, 3, 5, 4, 4, 3, 4, 4, 4, 4, 5, 5, 23, 24, 18]"
Vikram Malhotra,Deepak Yadav,+919876543210,+919823456789,2024-06-01T09:49:00,265,18,"[3, 4, 4, 4, 5, 4, 4, 3, 3, 4, 4, 5, 5, 3, 5, 4, 4, 3, 4, 4, 4, 4, 5, 5, 23, 24, 18]"
Vikram Malhotra,Deepak Yadav,+919876543210,+919823456789,2024-06-01T07:40:00,224,18,"[3, 4, 4, 4, 5, 4, 4, 3, 3, 4, 4, 5, 5, 3, 5, 4, 4, 3, 4, 4, 4, 4, 5, 5, 23, 24, 18]"
Vikram Malhotra,Deepak Yadav,+919876543210,+919823456789,2024-06-01T21:48:00,170,18,"[3, 4, 4, 4, 5, 4, 4, 3, 3, 4, 4, 5, 5, 3, 5, 4, 4, 3, 4, 4, 4, 4, 5, 5, 23, 24, 18]"
Vikram Malhotra,Deepak Yadav,+919876543210,+919823456789,2024-06-01T20:41:00,70,18,"[3, 4, 4, 4, 5, 4, 4, 3, 3, 4, 4, 5, 5, 3, 5, 4, 4, 3, 4, 4, 4, 4, 5, 5, 23, 24, 18]"
Vikram Malhotra,Deepak Yadav,+919876543210,+919823456789,2024-06-01T14:02:00,403,18,"[3, 4, 4, 4, 5, 4, 4, 3, 3, 4, 4, 5, 5, 3, 5, 4, 4, 3, 4, 4, 4, 4, 5, 5, 23, 24, 18]"
Vikram Malhotra,Deepak Yadav,+919876543210,+919823456789,2024-06-01T02:58:00,332,18,"[3, 4, 4, 4, 5, 4, 4, 3, 3, 4, 4, 5, 5, 3, 5, 4, 4, 3, 4, 4, 4, 4, 5, 5, 23, 24, 18]"
Vikram Malhotra,Deepak Yadav,+919876543210,+919823456789,2024-06-01T23:26:00,209,18,"[3, 4, 4, 4, 5, 4, 4, 3, 3, 4, 4, 5, 5, 3, 5, 4, 4, 3, 4, 4, 4, 4, 5, 5, 23, 24, 18]"
Vikram Malhotra,Deepak Yadav,+919876543210,+919823456789,2024-06-01T04:50:00,582,18,"[3, 4, 4, 4, 5, 4, 4, 3, 3, 4, 4, 5, 5, 3, 5, 4, 4, 3, 4, 4, 4, 4, 5, 5, 23, 24, 18]"
Vikram Malhotra,Deepak Yadav,+919876543210,+919823456789,2024-06-01T16:32:00,309,18,"[3, 4, 4, 4, 5, 4, 4, 3, 3, 4, 4, 5, 5, 3, 5, 4, 4, 3, 4, 4, 4, 4, 5, 5, 23, 24, 18]"
Vikram Malhotra,Deepak Yadav,+919876543210,+919823456789,2024-06-01T08:58:00,523,18,"[3, 4, 4, 4, 5, 4, 4, 3, 3, 4, 4, 5, 5, 3, 5, 4, 4, 3, 4, 4, 4, 4, 5, 5, 23, 24, 18]"
Vikram Malhotra,Deepak Yadav,+919876543210,+919823456789,2024-06-01T23:55:00,376,18,"[3, 4, 4, 4, 5, 4, 4, 3, 3, 4, 4, 5, 5, 3, 5, 4, 4, 3, 4, 4, 4, 4, 5, 5, 23, 24, 18]"
Vikram Malhotra,Deepak Yadav,+919876543210,+919823456789,2024-06-01T14:04:00,174,18,"[3, 4, 4, 4, 5, 4, 4, 3, 3, 4, 4, 5, 5, 3, 5, 4, 4, 3, 4, 4, 4, 4, 5, 5, 23, 24, 18]"
Vikram Malhotra,Deepak Yadav,+919876543210,+919823456789,2024-06-01T21:46:00,436,18,"[3, 4, 4, 4, 5, 4, 4, 3, 3, 4, 4, 5, 5, 3, 5, 4, 4, 3, 4, 4, 4, 4, 5, 5, 23, 24, 18]"
Vikram Malhotra,Farah Sheikh,+919876543210,+919812345678,2024-07-27T20:04:00,505,5,"[5, 4, 3, 4, 3, 4, 5, 3, 4, 4, 5, 5, 5, 4, 5, 4, 5, 4, 3, 5, 3, 4, 3, 5, 23, 20, 24]"
Vikram Malhotra,Farah Sheikh,+919876543210,+919812345678,2024-11-27T09:41:00,448,5,"[5, 4, 3, 4, 3, 4, 5, 3, 4, 4, 5, 5, 5, 4, 5, 4, 5, 4, 3, 5, 3, 4, 3, 5, 23, 20, 24]"
Vikram Malhotra,Farah Sheikh,+919876543210,+919812345678,2024-06-30T04:02:00,68,5,"[5, 4, 3, 4, 3, 4, 5, 3, 4, 4, 5, 5, 5, 4, 5, 4, 5, 4, 3, 5, 3, 4, 3, 5, 23, 20, 24]"
Vikram Malhotra,Farah Sheikh,+919876543210,+919812345678,2024-08-17T15:07:00,129,5,"[5, 4, 3, 4, 3, 4, 5, 3, 4, 4, 5, 5, 5, 4, 5, 4, 5, 4, 3, 5, 3, 4, 3, 5, 23, 20, 24]"
Vikram Malhotra,Farah Sheikh,+919876543210,+919812345678,2024-07-31T17:08:00,427,5,"[5, 4, 3, 4, 3, 4, 5, 3, 4, 4, 5, 5, 5, 4, 5, 4, 5, 4, 3, 5, 3, 4, 3, 5, 23, 20, 24]"
Vikram Malhotra,Farah Sheikh,+919876543210,+919812345678,2024-09-25T11:42:00,583,4,"[5, 4, 3, 4, 3, 4, 5, 3, 4, 4, 5, 5, 5, 4, 5, 4, 5, 4, 3, 5, 3, 4, 3, 5, 23, 20, 24]"
Vikram Malhotra,Farah Sheikh,+919876543210,+919812345678,2024-09-16T18:47:00,188,4,"[5, 4, 3, 4, 3, 4, 5, 3, 4, 4, 5, 5, 5, 4, 5, 4, 5, 4, 3, 5, 3, 4, 3, 5, 23, 20, 24]"
Vikram Malhotra,Farah Sheikh,+919876543210,+919812345678,2024-09-15T20:06:00,531,4,"[5, 4, 3, 4, 3, 4, 5, 3, 4, 4, 5, 5, 5, 4, 5, 4, 5, 4, 3, 5, 3, 4, 3, 5, 23, 20, 24]"
Vikram Malhotra,Farah Sheikh,+919876543210,+919812345678,2024-11-05T13:17:00,63,4,"[5, 4, 3, 4, 3, 4, 5, 3, 4, 4, 5, 5, 5, 4, 5, 4, 5, 4, 3, 5, 3, 4, 3, 5, 23, 20, 24]"
Vikram Malhotra,Farah Sheikh,+919876543210,+919812345678,2024-09-03T06:28:00,485,3,"[5, 4, 3, 4, 3, 4, 5, 3, 4, 4, 5, 5, 5, 4, 5, 4, 5, 4, 3, 5, 3, 4, 3, 5, 23, 20, 24]"
Vikram Malhotra,Farah Sheikh,+919876543210,+919812345678,2024-07-31T11:06:00,406,3,"[5, 4, 3, 4, 3, 4, 5, 3, 4, 4, 5, 5, 5, 4, 5, 4, 5, 4, 3, 5, 3, 4, 3, 5, 23, 20, 24]"
Vikram Malhotra,Farah Sheikh,+919876543210,+919812345678,2024-10-18T20:22:00,92,3,"[5, 4, 3, 4, 3, 4, 5, 3, 4, 4, 5, 5, 5, 4, 5, 4, 5, 4, 3, 5, 3, 4, 3, 5, 23, 20, 24]"
Vikram Malhotra,Farah Sheikh,+919876543210,+919812345678,2024-09-10T08:12:00,155,4,"[5, 4, 3, 4, 3, 4, 5, 3, 4, 4, 5, 5, 5, 4, 5, 4, 5, 4, 3, 5, 3, 4, 3, 5, 23, 20, 24]"
Vikram Malhotra,Farah Sheikh,+919876543210,+919812345678,2024-09-25T02:42:00,247,4,"[5, 4, 3, 4, 3, 4, 5, 3, 4, 4, 5, 5, 5, 4, 5, 4, 5, 4, 3, 5, 3, 4, 3, 5, 23, 20, 24]"
Vikram Malhotra,Farah Sheikh,+919876543210,+919812345678,2024-10-31T00:03:00,371,4,"[5, 4, 3, 4, 3, 4, 5, 3, 4, 4, 5, 5, 5, 4, 5, 4, 5, 4, 3, 5, 3, 4, 3, 5, 23, 20, 24]"
Vikram Malhotra,Farah Sheikh,+919876543210,+919812345678,2024-08-02T04:50:00,240,4,"[5, 4, 3, 4, 3, 4, 5, 3, 4, 4, 5, 5, 5, 4, 5, 4, 5, 4, 3, 5, 3, 4, 3, 5, 23, 20, 24]"
Vikram Malhotra,Farah Sheikh,+919876543210,+919812345678,2024-06-18T17:13:00,251,3,"[5, 4, 3, 4, 3, 4, 5, 3, 4, 4, 5, 5, 5, 4, 5, 4, 5, 4, 3, 5, 3, 4, 3, 5, 23, 20, 24]"
Vikram Malhotra,Farah Sheikh,+919876543210,+919812345678,2024-07-30T10:49:00,181,3,"[5, 4, 3, 4, 3, 4, 5, 3, 4, 4, 5, 5, 5, 4, 5, 4, 5, 4, 3, 5, 3, 4, 3, 5, 23, 20, 24]"
Vikram Malhotra,Farah Sheikh,+919876543210,+919812345678,2024-10-31T00:17:00,178,3,"[5, 4, 3, 4, 3, 4, 5, 3, 4, 4, 5, 5, 5, 4, 5, 4, 5, 4, 3, 5, 3, 4, 3, 5, 23, 20, 24]"
Vikram Malhotra,Farah Sheikh,+919876543210,+919812345678,2024-07-04T17:16:00,208,4,"[5, 4, 3, 4, 3, 4, 5, 3, 4, 4, 5, 5, 5, 4, 5, 4, 5, 4, 3, 5, 3, 4, 3, 5, 23, 20, 24]"
Vikram Malhotra,Farah Sheikh,+919876543210,+919812345678,2024-06-29T21:55:00,56,4,"[5, 4, 3, 4, 3, 4, 5, 3, 4, 4, 5, 5, 5, 4, 5, 4, 5, 4, 3, 5, 3, 4, 3, 5, 23, 20, 24]"
Vikram Malhotra,Farah Sheikh,+919876543210,+919812345678,2024-07-04T00:22:00,273,4,"[5, 4, 3, 4, 3, 4, 5, 3, 4, 4, 5, 5, 5, 4, 5, 4, 5, 4, 3, 5, 3, 4, 3, 5, 23, 20, 24]"
Vikram Malhotra,Farah Sheikh,+919876543210,+919812345678,2024-08-22T00:11:00,301,4,"[5, 4, 3, 4, 3, 4, 5, 3, 4, 4, 5, 5, 5, 4, 5, 4, 5, 4, 3, 5, 3, 4, 3, 5, 23, 20, 24]"
Vikram Malhotra,Farah Sheikh,+919876543210,+919812345678,2024-06-14T04:47:00,461,5,"[5, 4, 3, 4, 3, 4, 5, 3, 4, 4, 5, 5, 5, 4, 5, 4, 5, 4, 3, 5, 3, 4, 3, 5, 23, 20, 24]"
Vikram Malhotra,Farah Sheikh,+919876543210,+919812345678,2024-10-13T03:47:00,95,5,"[5, 4, 3, 4, 3, 4, 5, 3, 4, 4, 5, 5, 5, 4, 5, 4, 5, 4, 3, 5, 3, 4, 3, 5, 23, 20, 24]"
Vikram Malhotra,Farah Sheikh,+919876543210,+919812345678,2024-09-30T14:49:00,400,5,"[5, 4, 3, 4, 3, 4, 5, 3, 4, 4, 5, 5, 5, 4, 5, 4, 5, 4, 3, 5, 3, 4, 3, 5, 23, 20, 24]"
Vikram Malhotra,Farah Sheikh,+919876543210,+919812345678,2024-10-10T18:06:00,492,5,"[5, 4, 3, 4, 3, 4, 5, 3, 4, 4, 5, 5, 5, 4, 5, 4, 5, 4, 3, 5, 3, 4, 3, 5, 23, 20, 24]"
Vikram Malhotra,Farah Sheikh,+919876543210,+919812345678,2024-10-07T07:39:00,74,5,"[5, 4, 3, 4, 3, 4, 5, 3, 4, 4, 5, 5, 5, 4, 5, 4, 5, 4, 3, 5, 3, 4, 3, 5, 23, 20, 24]"
Vikram Malhotra,Farah Sheikh,+919876543210,+919812345678,2024-08-17T14:41:00,61,3,"[5, 4, 3, 4, 3, 4, 5, 3, 4, 4, 5, 5, 5, 4, 5, 4, 5, 4, 3, 5, 3, 4, 3, 5, 23, 20, 24]"
Vikram Malhotra,Farah Sheikh,+919876543210,+919812345678,2024-06-16T15:54:00,441,3,"[5, 4, 3, 4, 3, 4, 5, 3, 4, 4, 5, 5, 5, 4, 5, 4, 5, 4, 3, 5, 3, 4, 3, 5, 23, 20, 24]"
Vikram Malhotra,Farah Sheikh,+919876543210,+919812345678,2024-09-18T21:06:00,532,3,"[5, 4, 3, 4, 3, 4, 5, 3, 4, 4, 5, 5, 5, 4, 5, 4, 5, 4, 3, 5, 3, 4, 3, 5, 23, 20, 24]"
Vikram Malhotra,Farah Sheikh,+919876543210,+919812345678,2024-08-31T14:04:00,112,4,"[5, 4, 3, 4, 3, 4, 5, 3, 4, 4, 5, 5, 5, 4, 5, 4, 5, 4, 3, 5, 3, 4, 3, 5, 23, 20, 24]"
Vikram Malhotra,Farah Sheikh,+919876543210,+919812345678,2024-07-12T19:09:00,97,4,"[5, 4, 3, 4, 3, 4, 5, 3, 4, 4, 5, 5, 5, 4, 5, 4, 5, 4, 3, 5, 3, 4, 3, 5, 23, 20, 24]"
Vikram Malhotra,Farah Sheikh,+919876543210,+919812345678,2024-06-17T08:39:00,591,4,"[5, 4, 3, 4, 3, 4, 5, 3, 4, 4, 5, 5, 5, 4, 5, 4, 5, 4, 3, 5, 3, 4, 3, 5, 23, 20, 24]"
Vikram Malhotra,Farah Sheikh,+919876543210,+919812345678,2024-08-31T10:24:00,573,4,"[5, 4, 3, 4, 3, 4, 5, 3, 4, 4, 5, 5, 5, 4, 5, 4, 5, 4, 3, 5, 3, 4, 3, 5, 23, 20, 24]"
Vikram Malhotra,Farah Sheikh,+919876543210,+919812345678,2024-07-08T14:32:00,470,4,"[5, 4, 3, 4, 3, 4, 5, 3, 4, 4, 5, 5, 5, 4, 5, 4, 5, 4, 3, 5, 3, 4, 3, 5, 23, 20, 24]"
Vikram Malhotra,Farah Sheikh,+919876543210,+919812345678,2024-06-13T22:07:00,594,4,"[5, 4, 3, 4, 3, 4, 5, 3, 4, 4, 5, 5, 5, 4, 5, 4, 5, 4, 3, 5, 3, 4, 3, 5, 23, 20, 24]"
Vikram Malhotra,Farah Sheikh,+919876543210,+919812345678,2024-09-01T06:27:00,492,4,"[5, 4, 3, 4, 3, 4, 5, 3, 4, 4, 5, 5, 5, 4, 5, 4, 5, 4, 3, 5, 3, 4, 3, 5, 23, 20, 24]"
Vikram Malhotra,Farah Sheikh,+919876543210,+919812345678,2024-09-22T07:26:00,377,4,"[5, 4, 3, 4, 3, 4, 5, 3, 4, 4, 5, 5, 5, 4, 5, 4, 5, 4, 3, 5, 3, 4, 3, 5, 23, 20, 24]"
Vikram Malhotra,Farah Sheikh,+919876543210,+919812345678,2024-09-14T14:25:00,455,5,"[5, 4, 3, 4, 3, 4, 5, 3, 4, 4, 5, 5, 5, 4, 5, 4, 5, 4, 3, 5, 3, 4, 3, 5, 23, 20, 24]"
Vikram Malhotra,Farah Sheikh,+919876543210,+919812345678,2024-09-02T03:20:00,467,5,"[5, 4, 3, 4, 3, 4, 5, 3, 4, 4, 5, 5, 5, 4, 5, 4, 5, 4, 3, 5, 3, 4, 3, 5, 23, 20, 24]"
Vikram Malhotra,Farah Sheikh,+919876543210,+919812345678,2024-07-11T21:16:00,413,5,"[5, 4, 3, 4, 3, 4, 5, 3, 4, 4, 5, 5, 5, 4, 5, 4, 5, 4, 3, 5, 3, 4, 3, 5, 23, 20, 24]"
Vikram Malhotra,Farah Sheikh,+919876543210,+919812345678,2024-06-20T21:59:00,515,5,"[5, 4, 3, 4, 3, 4, 5, 3, 4, 4, 5, 5, 5, 4, 5, 4, 5, 4, 3, 5, 3, 4, 3, 5, 23, 20, 24]"
Vikram Malhotra,Farah Sheikh,+919876543210,+919812345678,2024-06-09T02:53:00,117,5,"[5, 4, 3, 4, 3, 4, 5, 3, 4, 4, 5, 5, 5, 4, 5, 4, 5, 4, 3, 5, 3, 4, 3, 5, 23, 20, 24]"
Vikram Malhotra,Farah Sheikh,+919876543210,+919812345678,2024-06-12T13:06:00,411,5,"[5, 4, 3, 4, 3, 4, 5, 3, 4, 4, 5, 5, 5, 4, 5, 4, 5, 4, 3, 5, 3, 4, 3, 5, 23, 20, 24]"
Vikram Malhotra,Farah Sheikh,+919876543210,+919812345678,2024-09-12T04:35:00,91,5,"[5, 4, 3, 4, 3, 4, 5, 3, 4, 4, 5, 5, 5, 4, 5, 4, 5, 4, 3, 5, 3, 4, 3, 5, 23, 20, 24]"
Vikram Malhotra,Farah Sheikh,+919876543210,+919812345678,2024-08-15T17:35:00,367,5,"[5, 4, 3, 4, 3, 4, 5, 3, 4, 4, 5, 5, 5, 4, 5, 4, 5, 4, 3, 5, 3, 4, 3, 5, 23, 20, 24]"
Vikram Malhotra,Farah Sheikh,+919876543210,+919812345678,2024-08-25T03:26:00,392,5,"[5, 4, 3, 4, 3, 4, 5, 3, 4, 4, 5, 5, 5, 4, 5, 4, 5, 4, 3, 5, 3, 4, 3, 5, 23, 20, 24]"
Vikram Malhotra,Farah Sheikh,+919876543210,+919812345678,2024-08-25T13:55:00,82,5,"[5, 4, 3, 4, 3, 4, 5, 3, 4, 4, 5, 5, 5, 4, 5, 4, 5, 4, 3, 5, 3, 4, 3, 5, 23, 20, 24]"
Vikram Malhotra,Farah Sheikh,+919876543210,+919812345678,2024-07-07T19:19:00,390,5,"[5, 4, 3, 4, 3, 4, 5, 3, 4, 4, 5, 5, 5, 4, 5, 4, 5, 4, 3, 5, 3, 4, 3, 5, 23, 20, 24]"
Vikram Malhotra,Farah Sheikh,+919876543210,+919812345678,2024-06-14T18:32:00,247,5,"[5, 4, 3, 4, 3, 4, 5, 3, 4, 4, 5, 5, 5, 4, 5, 4, 5, 4, 3, 5, 3, 4, 3, 5, 23, 20, 24]"
Vikram Malhotra,Farah Sheikh,+919876543210,+919812345678,2024-06-20T21:30:00,259,5,"[5, 4, 3, 4, 3, 4, 5, 3, 4, 4, 5, 5, 5, 4, 5, 4, 5, 4, 3, 5, 3, 4, 3, 5, 23, 20, 24]"
Vikram Malhotra,Farah Sheikh,+919876543210,+919812345678,2024-06-14T11:54:00,599,5,"[5, 4, 3, 4, 3, 4, 5, 3, 4, 4, 5, 5, 5, 4, 5, 4, 5, 4, 3, 5, 3, 4, 3, 5, 23, 20, 24]"
Vikram Malhotra,Farah Sheikh,+919876543210,+919812345678,2024-07-18T03:48:00,315,5,"[5, 4, 3, 4, 3, 4, 5, 3, 4, 4, 5, 5, 5, 4, 5, 4, 5, 4, 3, 5, 3, 4, 3, 5, 23, 20, 24]"
Vikram Malhotra,Farah Sheikh,+919876543210,+919812345678,2024-08-13T07:51:00,469,4,"[5, 4, 3, 4, 3, 4, 5, 3, 4, 4, 5, 5, 5, 4, 5, 4, 5, 4, 3, 5, 3, 4, 3, 5, 23, 20, 24]"
Vikram Malhotra,Farah Sheikh,+919876543210,+919812345678,2024-08-11T19:39:00,600,4,"[5, 4, 3, 4, 3, 4, 5, 3, 4, 4, 5, 5, 5, 4, 5, 4, 5, 4, 3, 5, 3, 4, 3, 5, 23, 20, 24]"
Vikram Malhotra,Farah Sheikh,+919876543210,+919812345678,2024-06-04T19:59:00,303,4,"[5, 4, 3, 4, 3, 4, 5, 3, 4, 4, 5, 5, 5, 4, 5, 4, 5, 4, 3, 5, 3, 4, 3, 5, 23, 20, 24]"
Vikram Malhotra,Farah Sheikh,+919876543210,+919812345678,2024-06-04T05:17:00,346,4,"[5, 4, 3, 4, 3, 4, 5, 3, 4, 4, 5, 5, 5, 4, 5, 4, 5, 4, 3, 5, 3, 4, 3, 5, 23, 20, 24]"
Vikram Malhotra,Farah Sheikh,+919876543210,+919812345678,2024-07-14T11:00:00,215,5,"[5, 4, 3, 4, 3, 4, 5, 3, 4, 4, 5, 5, 5, 4, 5, 4, 5, 4, 3, 5, 3, 4, 3, 5, 23, 20, 24]"
Vikram Malhotra,Farah Sheikh,+919876543210,+919812345678,2024-06-19T18:42:00,440,5,"[5, 4, 3, 4, 3, 4, 5, 3, 4, 4, 5, 5, 5, 4, 5, 4, 5, 4, 3, 5, 3, 4, 3, 5, 23, 20, 24]"
Vikram Malhotra,Farah Sheikh,+919876543210,+919812345678,2024-06-09T04:47:00,61,5,"[5, 4, 3, 4, 3, 4, 5, 3, 4, 4, 5, 5, 5, 4, 5, 4, 5, 4, 3, 5, 3, 4, 3, 5, 23, 20, 24]"
Vikram Malhotra,Farah Sheikh,+919876543210,+919812345678,2024-06-12T23:33:00,250,5,"[5, 4, 3, 4, 3, 4, 5, 3, 4, 4, 5, 5, 5, 4, 5, 4, 5, 4, 3, 5, 3, 4, 3, 5, 23, 20, 24]"
Vikram Malhotra,Farah Sheikh,+919876543210,+919812345678,2024-07-19T13:29:00,379,5,"[5, 4, 3, 4, 3, 4, 5, 3, 4, 4, 5, 5, 5, 4, 5, 4, 5, 4, 3, 5, 3, 4, 3, 5, 23, 20, 24]"
Vikram Malhotra,Farah Sheikh,+919876543210,+919812345678,2024-06-21T11:19:00,362,4,"[5, 4, 3, 4, 3, 4, 5, 3, 4, 4, 5, 5, 5, 4, 5, 4, 5, 4, 3, 5, 3, 4, 3, 5, 23, 20, 24]"
Vikram Malhotra,Farah Sheikh,+919876543210,+919812345678,2024-08-12T19:05:00,83,4,"[5, 4, 3, 4, 3, 4, 5, 3, 4, 4, 5, 5, 5, 4, 5, 4, 5, 4, 3, 5, 3, 4, 3, 5, 23, 20, 24]"
Vikram Malhotra,Farah Sheikh,+919876543210,+919812345678,2024-06-20T05:48:00,80,4,"[5, 4, 3, 4, 3, 4, 5, 3, 4, 4, 5, 5, 5, 4, 5, 4, 5, 4, 3, 5, 3, 4, 3, 5, 23, 20, 24]"
Vikram Malhotra,Farah Sheikh,+919876543210,+919812345678,2024-06-11T08:28:00,464,4,"[5, 4, 3, 4, 3, 4, 5, 3, 4, 4, 5, 5, 5, 4, 5, 4, 5, 4, 3, 5, 3, 4, 3, 5, 23, 20, 24]"
Vikram Malhotra,Farah Sheikh,+919876543210,+919812345678,2024-08-02T19:28:00,454,5,"[5, 4, 3, 4, 3, 4, 5, 3, 4, 4, 5, 5, 5, 4, 5, 4, 5, 4, 3, 5, 3, 4, 3, 5, 23, 20, 24]"
Vikram Malhotra,Farah Sheikh,+919876543210,+919812345678,2024-07-05T06:48:00,554,5,"[5, 4, 3, 4, 3, 4, 5, 3, 4, 4, 5, 5, 5, 4, 5, 4, 5, 4, 3, 5, 3, 4, 3, 5, 23, 20, 24]"
Vikram Malhotra,Farah Sheikh,+919876543210,+919812345678,2024-06-15T11:27:00,143,5,"[5, 4, 3, 4, 3, 4, 5, 3, 4, 4, 5, 5, 5, 4, 5, 4, 5, 4, 3, 5, 3, 4, 3, 5, 23, 20, 24]"
Vikram Malhotra,Farah Sheikh,+919876543210,+919812345678,2024-07-07T21:43:00,528,5,"[5, 4, 3, 4, 3, 4, 5, 3, 4, 4, 5, 5, 5, 4, 5, 4, 5, 4, 3, 5, 3, 4, 3, 5, 23, 20, 24]"
Vikram Malhotra,Farah Sheikh,+919876543210,+919812345678,2024-08-07T21:19:00,76,5,"[5, 4, 3, 4, 3, 4, 5, 3, 4, 4, 5, 5, 5, 4, 5, 4, 5, 4, 3, 5, 3, 4, 3, 5, 23, 20, 24]"
Vikram Malhotra,Farah Sheikh,+919876543210,+919812345678,2024-06-15T12:38:00,86,4,"[5, 4, 3, 4, 3, 4, 5, 3, 4, 4, 5, 5, 5, 4, 5, 4, 5, 4, 3, 5, 3, 4, 3, 5, 23, 20, 24]"
Vikram Malhotra,Farah Sheikh,+919876543210,+919812345678,2024-06-01T06:19:00,246,4,"[5, 4, 3, 4, 3, 4, 5, 3, 4, 4, 5, 5, 5, 4, 5, 4, 5, 4, 3, 5, 3, 4, 3, 5, 23, 20, 24]"
Vikram Malhotra,Farah Sheikh,+919876543210,+919812345678,2024-07-20T04:48:00,291,4,"[5, 4, 3, 4, 3, 4, 5, 3, 4, 4, 5, 5, 5, 4, 5, 4, 5, 4, 3, 5, 3, 4, 3, 5, 23, 20, 24]"
Vikram Malhotra,Farah Sheikh,+919876543210,+919812345678,2024-06-19T10:07:00,37,4,"[5, 4, 3, 4, 3, 4, 5, 3, 4, 4, 5, 5, 5, 4, 5, 4, 5, 4, 3, 5, 3, 4, 3, 5, 23, 20, 24]"
Vikram Malhotra,Farah Sheikh,+919876543210,+919812345678,2024-07-02T23:27:00,209,3,"[5, 4, 3, 4, 3, 4, 5, 3, 4, 4, 5, 5, 5, 4, 5, 4, 5, 4, 3, 5, 3, 4, 3, 5, 23, 20, 24]"
Vikram Malhotra,Farah Sheikh,+919876543210,+919812345678,2024-06-09T12:34:00,265,3,"[5, 4, 3, 4, 3, 4, 5, 3, 4, 4, 5, 5, 5, 4, 5, 4, 5, 4, 3, 5, 3, 4, 3, 5, 23, 20, 24]"
Vikram Malhotra,Farah Sheikh,+919876543210,+919812345678,2024-07-03T17:53:00,392,3,"[5, 4, 3, 4, 3, 4, 5, 3, 4, 4, 5, 5, 5, 4, 5, 4, 5, 4, 3, 5, 3, 4, 3, 5, 23, 20, 24]"
Vikram Malhotra,Farah Sheikh,+919876543210,+919812345678,2024-06-05T12:55:00,73,5,"[5, 4, 3, 4, 3, 4, 5, 3, 4, 4, 5, 5, 5, 4, 5, 4, 5, 4, 3, 5, 3, 4, 3, 5, 23, 20, 24]"
Vikram Malhotra,Farah Sheikh,+919876543210,+919812345678,2024-06-28T00:29:00,109,5,"[5, 4, 3, 4, 3, 4, 5, 3, 4, 4, 5, 5, 5, 4, 5, 4, 5, 4, 3, 5, 3, 4, 3, 5, 23, 20, 24]"
Vikram Malhotra,Farah Sheikh,+919876543210,+919812345678,2024-06-21T18:27:00,444,5,"[5, 4, 3, 4, 3, 4, 5, 3, 4, 4, 5, 5, 5, 4, 5, 4, 5, 4, 3, 5, 3, 4, 3, 5, 23, 20, 24]"
Vikram Malhotra,Farah Sheikh,+919876543210,+919812345678,2024-07-16T20:26:00,326,5,"[5, 4, 3, 4, 3, 4, 5, 3, 4, 4, 5, 5, 5, 4, 5, 4, 5, 4, 3, 5, 3, 4, 3, 5, 23, 20, 24]"
Vikram Malhotra,Farah Sheikh,+919876543210,+919812345678,2024-06-08T12:01:00,362,5,"[5, 4, 3, 4, 3, 4, 5, 3, 4, 4, 5, 5, 5, 4, 5, 4, 5, 4, 3, 5, 3, 4, 3, 5, 23, 20, 24]"
Vikram Malhotra,Farah Sheikh,+919876543210,+919812345678,2024-06-11T19:29:00,400,3,"[5, 4, 3, 4, 3, 4, 5, 3, 4, 4, 5, 5, 5, 4, 5, 4, 5, 4, 3, 5, 3, 4, 3, 5, 23, 20, 24]"
Vikram Malhotra,Farah Sheikh,+919876543210,+919812345678,2024-06-06T13:54:00,138,3,"[5, 4, 3, 4, 3, 4, 5, 3, 4, 4, 5, 5, 5, 4, 5, 4, 5, 4, 3, 5, 3, 4, 3, 5, 23, 20, 24]"
Vikram Malhotra,Farah Sheikh,+919876543210,+919812345678,2024-06-16T13:37:00,440,3,"[5, 4, 3, 4, 3, 4, 5, 3, 4, 4, 5, 5, 5, 4, 5, 4, 5, 4, 3, 5, 3, 4, 3, 5, 23, 20, 24]"
Vikram Malhotra,Farah Sheikh,+919876543210,+919812345678,2024-07-04T02:25:00,347,4,"[5, 4, 3, 4, 3, 4, 5, 3, 4, 4, 5, 5, 5, 4, 5, 4, 5, 4, 3, 5, 3, 4, 3, 5, 23, 20, 24]"
Vikram Malhotra,Farah Sheikh,+919876543210,+919812345678,2024-06-22T07:21:00,202,4,"[5, 4, 3, 4, 3, 4, 5, 3, 4, 4, 5, 5, 5, 4, 5, 4, 5, 4, 3, 5, 3, 4, 3, 5, 23, 20, 24]"
Vikram Malhotra,Farah Sheikh,+919876543210,+919812345678,2024-06-05T16:40:00,146,4,"[5, 4, 3, 4, 3, 4, 5, 3, 4, 4, 5, 5, 5, 4, 5, 4, 5, 4, 3, 5, 3, 4, 3, 5, 23, 20, 24]"
Vikram Malhotra,Farah Sheikh,+919876543210,+919812345678,2024-07-04T16:12:00,387,4,"[5, 4, 3, 4, 3, 4, 5, 3, 4, 4, 5, 5, 5, 4, 5, 4, 5, 4, 3, 5, 3, 4, 3, 5, 23, 20, 24]"
Vikram Malhotra,Farah Sheikh,+919876543210,+919812345678,2024-06-12T23:52:00,181,3,"[5, 4, 3, 4, 3, 4, 5, 3, 4, 4, 5, 5, 5, 4, 5, 4, 5, 4, 3, 5, 3, 4, 3, 5, 23, 20, 24]"
Vikram Malhotra,Farah Sheikh,+919876543210,+919812345678,2024-06-08T03:09:00,292,3,"[5, 4, 3, 4, 3, 4, 5, 3, 4, 4, 5, 5, 5, 4, 5, 4, 5, 4, 3, 5, 3, 4, 3, 5, 23, 20, 24]"
Vikram Malhotra,Farah Sheikh,+919876543210,+919812345678,2024-06-07T05:38:00,186,3,"[5, 4, 3, 4, 3, 4, 5, 3, 4, 4, 5, 5, 5, 4, 5, 4, 5, 4, 3, 5, 3, 4, 3, 5, 23, 20, 24]"
Vikram Malhotra,Farah Sheikh,+919876543210,+919812345678,2024-06-03T05:49:00,535,5,"[5, 4, 3, 4, 3, 4, 5, 3, 4, 4, 5, 5, 5, 4, 5, 4, 5, 4, 3, 5, 3, 4, 3, 5, 23, 20, 24]"
Vikram Malhotra,Farah Sheikh,+919876543210,+919812345678,2024-06-15T18:48:00,489,5,"[5, 4, 3, 4, 3, 4, 5, 3, 4, 4, 5, 5, 5, 4, 5, 4, 5, 4, 3, 5, 3, 4, 3, 5, 23, 20, 24]"
Vikram Malhotra,Farah Sheikh,+919876543210,+919812345678,2024-06-19T20:40:00,360,5,"[5, 4, 3, 4, 3, 4, 5, 3, 4, 4, 5, 5, 5, 4, 5, 4, 5, 4, 3, 5, 3, 4, 3, 5, 23, 20, 24]"
Vikram Malhotra,Farah Sheikh,+919876543210,+919812345678,2024-06-11T04:28:00,99,5,"[5, 4, 3, 4, 3, 4, 5, 3, 4, 4, 5, 5, 5, 4, 5, 4, 5, 4, 3, 5, 3, 4, 3, 5, 23, 20, 24]"
Vikram Malhotra,Farah Sheikh,+919876543210,+919812345678,2024-06-16T14:40:00,340,5,"[5, 4, 3, 4, 3, 4, 5, 3, 4, 4, 5, 5, 5, 4, 5, 4, 5, 4, 3, 5, 3, 4, 3, 5, 23, 20, 24]"
Vikram Malhotra,Farah Sheikh,+919876543210,+919812345678,2024-06-13T08:37:00,87,23,"[5, 4, 3, 4, 3, 4, 5, 3, 4, 4, 5, 5, 5, 4, 5, 4, 5, 4, 3, 5, 3, 4, 3, 5, 23, 20, 24]"
Vikram Malhotra,Farah Sheikh,+919876543210,+919812345678,2024-06-06T16:04:00,347,23,"[5, 4, 3, 4, 3, 4, 5, 3, 4, 4, 5, 5, 5, 4, 5, 4, 5, 4, 3, 5, 3, 4, 3, 5, 23, 20, 24]"
Vikram Malhotra,Farah Sheikh,+919876543210,+919812345678,2024-06-08T14:02:00,88,23,"[5, 4, 3, 4, 3, 4, 5, 3, 4, 4, 5, 5, 5, 4, 5, 4, 5, 4, 3, 5, 3, 4, 3, 5, 23, 20, 24]"
Vikram Malhotra,Farah Sheikh,+919876543210,+919812345678,2024-06-06T09:04:00,122,23,"[5, 4, 3, 4, 3, 4, 5, 3, 4, 4, 5, 5, 5, 4, 5, 4, 5, 4, 3, 5, 3, 4, 3, 5, 23, 20, 24]"
Vikram Malhotra,Farah Sheikh,+919876543210,+919812345678,2024-06-10T19:32:00,423,23,"[5, 4, 3, 4, 3, 4, 5, 3, 4, 4, 5, 5, 5, 4, 5, 4, 5, 4, 3, 5, 3, 4, 3, 5, 23, 20, 24]"
Vikram Malhotra,Farah Sheikh,+919876543210,+919812345678,2024-06-08T18:35:00,72,23,"[5, 4, 3, 4, 3, 4, 5, 3, 4, 4, 5, 5, 5, 4, 5, 4, 5, 4, 3, 5, 3, 4, 3, 5, 23, 20, 24]"
Vikram Malhotra,Farah Sheikh,+919876543210,+919812345678,2024-06-08T18:41:00,222,23,"[5, 4, 3, 4, 3, 4, 5, 3, 4, 4, 5, 5, 5, 4, 5, 4, 5, 4, 3, 5, 3, 4, 3, 5, 23, 20, 24]"
Vikram Malhotra,Farah Sheikh,+919876543210,+919812345678,2024-06-06T19:30:00,543,23,"[5, 4, 3, 4, 3, 4, 5, 3, 4, 4, 5, 5, 5, 4, 5, 4, 5, 4, 3, 5, 3, 4, 3, 5, 23, 20, 24]"
Vikram Malhotra,Farah Sheikh,+919876543210,+919812345678,2024-06-03T01:28:00,135,23,"[5, 4, 3, 4, 3, 4, 5, 3, 4, 4, 5, 5, 5, 4, 5, 4, 5, 4, 3, 5, 3, 4, 3, 5, 23, 20, 24]"
Vikram Malhotra,Farah Sheikh,+919876543210,+919812345678,2024-06-13T10:45:00,116,23,"[5, 4, 3, 4, 3, 4, 5, 3, 4, 4, 5, 5, 5, 4, 5, 4, 5, 4, 3, 5, 3, 4, 3, 5, 23, 20, 24]"
Vikram Malhotra,Farah Sheikh,+919876543210,+919812345678,2024-06-09T20:11:00,70,23,"[5, 4, 3, 4, 3, 4, 5, 3, 4, 4, 5, 5, 5, 4, 5, 4, 5, 4, 3, 5, 3, 4, 3, 5, 23, 20, 24]"
Vikram Malhotra,Farah Sheikh,+919876543210,+919812345678,2024-06-04T22:28:00,479,23,"[5, 4, 3, 4, 3, 4, 5, 3, 4, 4, 5, 5, 5, 4, 5, 4, 5, 4, 3, 5, 3, 4, 3, 5, 23, 20, 24]"
Vikram Malhotra,Farah Sheikh,+919876543210,+919812345678,2024-06-09T16:39:00,192,23,"[5, 4, 3, 4, 3, 4, 5, 3, 4, 4, 5, 5, 5, 4, 5, 4, 5, 4, 3, 5, 3, 4, 3, 5, 23, 20, 24]"
Vikram Malhotra,Farah Sheikh,+919876543210,+919812345678,2024-06-06T11:58:00,319,23,"[5, 4, 3, 4, 3, 4, 5, 3, 4, 4, 5, 5, 5, 4, 5, 4, 5, 4, 3, 5, 3, 4, 3, 5, 23, 20, 24]"
Vikram Malhotra,Farah Sheikh,+919876543210,+919812345678,2024-06-07T13:49:00,376,23,"[5, 4, 3, 4, 3, 4, 5, 3, 4, 4, 5, 5, 5, 4, 5, 4, 5, 4, 3, 5, 3, 4, 3, 5, 23, 20, 24]"
Vikram Malhotra,Farah Sheikh,+919876543210,+919812345678,2024-06-11T19:03:00,372,23,"[5, 4, 3, 4, 3, 4, 5, 3, 4, 4, 5, 5, 5, 4, 5, 4, 5, 4, 3, 5, 3, 4, 3, 5, 23, 20, 24]"
Vikram Malhotra,Farah Sheikh,+919876543210,+919812345678,2024-06-02T10:06:00,425,23,"[5, 4, 3, 4, 3, 4, 5, 3, 4, 4, 5, 5, 5, 4, 5, 4, 5, 4, 3, 5, 3, 4, 3, 5, 23, 20, 24]"
Vikram Malhotra,Farah Sheikh,+919876543210,+919812345678,2024-06-05T08:46:00,183,23,"[5, 4, 3, 4, 3, 4, 5, 3, 4, 4, 5, 5, 5, 4, 5, 4, 5, 4, 3, 5, 3, 4, 3, 5, 23, 20, 24]"
Vikram Malhotra,Farah Sheikh,+919876543210,+919812345678,2024-06-06T02:37:00,174,23,"[5, 4, 3, 4, 3, 4, 5, 3, 4, 4, 5, 5, 5, 4, 5, 4, 5, 4, 3, 5, 3, 4, 3, 5, 23, 20, 24]"
Vikram Malhotra,Farah Sheikh,+919876543210,+919812345678,2024-06-06T09:41:00,431,23,"[5, 4, 3, 4, 3, 4, 5, 3, 4, 4, 5, 5, 5, 4, 5, 4, 5, 4, 3, 5, 3, 4, 3, 5, 23, 20, 24]"
Vikram Malhotra,Farah Sheikh,+919876543210,+919812345678,2024-06-03T19:45:00,116,23,"[5, 4, 3, 4, 3, 4, 5, 3, 4, 4, 5, 5, 5, 4, 5, 4, 5, 4, 3, 5, 3, 4, 3, 5, 23, 20, 24]"
Vikram Malhotra,Farah Sheikh,+919876543210,+919812345678,2024-06-05T17:24:00,366,23,"[5, 4, 3, 4, 3, 4, 5, 3, 4, 4, 5, 5, 5, 4, 5, 4, 5, 4, 3, 5, 3, 4, 3, 5, 23, 20, 24]"
Vikram Malhotra,Farah Sheikh,+919876543210,+919812345678,2024-06-03T21:44:00,569,23,"[5, 4, 3, 4, 3, 4, 5, 3, 4, 4, 5, 5, 5, 4, 5, 4, 5, 4, 3, 5, 3, 4, 3, 5, 23, 20, 24]"
Vikram Malhotra,Farah Sheikh,+919876543210,+919812345678,2024-06-01T20:42:00,463,20,"[5, 4, 3, 4, 3, 4, 5, 3, 4, 4, 5, 5, 5, 4, 5, 4, 5, 4, 3, 5, 3, 4, 3, 5, 23, 20, 24]"
Vikram Malhotra,Farah Sheikh,+919876543210,+919812345678,2024-06-05T11:01:00,401,20,"[5, 4, 3, 4, 3, 4, 5, 3, 4, 4, 5, 5, 5, 4, 5, 4, 5, 4, 3, 5, 3, 4, 3, 5, 23, 20, 24]"
Vikram Malhotra,Farah Sheikh,+919876543210,+919812345678,2024-06-03T05:13:00,379,20,"[5, 4, 3, 4, 3, 4, 5, 3, 4, 4, 5, 5, 5, 4, 5, 4, 5, 4, 3, 5, 3, 4, 3, 5, 23, 20, 24]"
Vikram Malhotra,Farah Sheikh,+919876543210,+919812345678,2024-06-04T06:14:00,170,20,"[5, 4, 3, 4, 3, 4, 5, 3, 4, 4, 5, 5, 5, 4, 5, 4, 5, 4, 3, 5, 3, 4, 3, 5, 23, 20, 24]"
Vikram Malhotra,Farah Sheikh,+919876543210,+919812345678,2024-06-02T02:18:00,133,20,"[5, 4, 3, 4, 3, 4, 5, 3, 4, 4, 5, 5, 5, 4, 5, 4, 5, 4, 3, 5, 3, 4, 3, 5, 23, 20, 24]"
Vikram Malhotra,Farah Sheikh,+919876543210,+919812345678,2024-06-05T17:53:00,569,20,"[5, 4, 3, 4, 3, 4, 5, 3, 4, 4, 5, 5, 5, 4, 5, 4, 5, 4, 3, 5, 3, 4, 3, 5, 23, 20, 24]"
Vikram Malhotra,Farah Sheikh,+919876543210,+919812345678,2024-06-01T21:21:00,164,20,"[5, 4, 3, 4, 3, 4, 5, 3, 4, 4, 5, 5, 5, 4, 5, 4, 5, 4, 3, 5, 3, 4, 3, 5, 23, 20, 24]"
Vikram Malhotra,Farah Sheikh,+919876543210,+919812345678,2024-06-05T12:09:00,196,20,"[5, 4, 3, 4, 3, 4, 5, 3, 4, 4, 5, 5, 5, 4, 5, 4, 5, 4, 3, 5, 3, 4, 3, 5, 23, 20, 24]"
Vikram Malhotra,Farah Sheikh,+919876543210,+919812345678,2024-06-02T22:49:00,199,20,"[5, 4, 3, 4, 3, 4, 5, 3, 4, 4, 5, 5, 5, 4, 5, 4, 5, 4, 3, 5, 3, 4, 3, 5, 23, 20, 24]"
Vikram Malhotra,Farah Sheikh,+919876543210,+919812345678,2024-06-06T14:02:00,450,20,"[5, 4, 3, 4, 3, 4, 5, 3, 4, 4, 5, 5, 5, 4, 5, 4, 5, 4, 3, 5, 3, 4, 3, 5, 23, 20, 24]"
Vikram Malhotra,Farah Sheikh,+919876543210,+919812345678,2024-06-03T21:46:00,273,20,"[5, 4, 3, 4, 3, 4, 5, 3, 4, 4, 5, 5, 5, 4, 5, 4, 5, 4, 3, 5, 3, 4, 3, 5, 23, 20, 24]"
Vikram Malhotra,Farah Sheikh,+919876543210,+919812345678,2024-06-04T19:18:00,489,20,"[5, 4, 3, 4, 3, 4, 5, 3, 4, 4, 5, 5, 5, 4, 5, 4, 5, 4, 3, 5, 3, 4, 3, 5, 23, 20, 24]"
Vikram Malhotra,Farah Sheikh,+919876543210,+919812345678,2024-06-02T17:15:00,346,20,"[5, 4, 3, 4, 3, 4, 5, 3, 4, 4, 5, 5, 5, 4, 5, 4, 5, 4, 3, 5, 3, 4, 3, 5, 23, 20, 24]"
Vikram Malhotra,Farah Sheikh,+919876543210,+919812345678,2024-06-04T06:23:00,481,20,"[5, 4, 3, 4, 3, 4, 5, 3, 4, 4, 5, 5, 5, 4, 5, 4, 5, 4, 3, 5, 3, 4, 3, 5, 23, 20, 24]"
Vikram Malhotra,Farah Sheikh,+919876543210,+919812345678,2024-06-04T09:49:00,421,20,"[5, 4, 3, 4, 3, 4, 5, 3, 4, 4, 5, 5, 5, 4, 5, 4, 5, 4, 3, 5, 3, 4, 3, 5, 23, 20, 24]"
Vikram Malhotra,Farah Sheikh,+919876543210,+919812345678,2024-06-05T16:26:00,195,20,"[5, 4, 3, 4, 3, 4, 5, 3, 4, 4, 5, 5, 5, 4, 5, 4, 5, 4, 3, 5, 3, 4, 3, 5, 23, 20, 24]"
Vikram Malhotra,Farah Sheikh,+919876543210,+919812345678,2024-06-02T19:08:00,286,20,"[5, 4, 3, 4, 3, 4, 5, 3, 4, 4, 5, 5, 5, 4, 5, 4, 5, 4, 3, 5, 3, 4, 3, 5, 23, 20, 24]"
Vikram Malhotra,Farah Sheikh,+919876543210,+919812345678,2024-06-01T20:30:00,410,20,"[5, 4, 3, 4, 3, 4, 5, 3, 4, 4, 5, 5, 5, 4, 5, 4, 5, 4, 3, 5, 3, 4, 3, 5, 23, 20, 24]"
Vikram Malhotra,Farah Sheikh,+919876543210,+919812345678,2024-06-05T03:45:00,558,20,"[5, 4, 3, 4, 3, 4, 5, 3, 4, 4, 5, 5, 5, 4, 5, 4, 5, 4, 3, 5, 3, 4, 3, 5, 23, 20, 24]"
Vikram Malhotra,Farah Sheikh,+919876543210,+919812345678,2024-06-01T09:05:00,194,20,"[5, 4, 3, 4, 3, 4, 5, 3, 4, 4, 5, 5, 5, 4, 5, 4, 5, 4, 3, 5, 3, 4, 3, 5, 23, 20, 24]"
Vikram Malhotra,Farah Sheikh,+919876543210,+919812345678,2024-06-01T14:57:00,555,24,"[5, 4, 3, 4, 3, 4, 5, 3, 4, 4, 5, 5, 5, 4, 5, 4, 5, 4, 3, 5, 3, 4, 3, 5, 23, 20, 24]"
Vikram Malhotra,Farah Sheikh,+919876543210,+919812345678,2024-06-01T13:05:00,257,24,"[5, 4, 3, 4, 3, 4, 5, 3, 4, 4, 5, 5, 5, 4, 5, 4, 5, 4, 3, 5, 3, 4, 3, 5, 23, 20, 24]"
Vikram Malhotra,Farah Sheikh,+919876543210,+919812345678,2024-06-01T11:59:00,57,24,"[5, 4, 3, 4, 3, 4, 5, 3, 4, 4, 5, 5, 5, 4, 5, 4, 5, 4, 3, 5, 3, 4, 3, 5, 23, 20, 24]"
Vikram Malhotra,Farah Sheikh,+919876543210,+919812345678,2024-06-01T01:25:00,544,24,"[5, 4, 3, 4, 3, 4, 5, 3, 4, 4, 5, 5, 5, 4, 5, 4, 5, 4, 3, 5, 3, 4, 3, 5, 23, 20, 24]"
Vikram Malhotra,Farah Sheikh,+919876543210,+919812345678,2024-06-01T07:24:00,113,24,"[5, 4, 3, 4, 3, 4, 5, 3, 4, 4, 5, 5, 5, 4, 5, 4, 5, 4, 3, 5, 3, 4, 3, 5, 23, 20, 24]"
Vikram Malhotra,Farah Sheikh,+919876543210,+919812345678,2024-06-01T07:01:00,356,24,"[5, 4, 3, 4, 3, 4, 5, 3, 4, 4, 5, 5, 5, 4, 5, 4, 5, 4, 3, 5, 3, 4, 3, 5, 23, 20, 24]"
Vikram Malhotra,Farah Sheikh,+919876543210,+919812345678,2024-06-01T22:41:00,373,24,"[5, 4, 3, 4, 3, 4, 5, 3, 4, 4, 5, 5, 5, 4, 5, 4, 5, 4, 3, 5, 3, 4, 3, 5, 23, 20, 24]"
Vikram Malhotra,Farah Sheikh,+919876543210,+919812345678,2024-06-01T04:02:00,323,24,"[5, 4, 3, 4, 3, 4, 5, 3, 4, 4, 5, 5, 5, 4, 5, 4, 5, 4, 3, 5, 3, 4, 3, 5, 23, 20, 24]"
Vikram Malhotra,Farah Sheikh,+919876543210,+919812345678,2024-06-01T22:53:00,172,24,"[5, 4, 3, 4, 3, 4, 5, 3, 4, 4, 5, 5, 5, 4, 5, 4, 5, 4, 3, 5, 3, 4, 3, 5, 23, 20, 24]"
Vikram Malhotra,Farah Sheikh,+919876543210,+919812345678,2024-06-01T14:39:00,35,24,"[5, 4, 3, 4, 3, 4, 5, 3, 4, 4, 5, 5, 5, 4, 5, 4, 5, 4, 3, 5, 3, 4, 3, 5, 23, 20, 24]"
Vikram Malhotra,Farah Sheikh,+919876543210,+919812345678,2024-06-01T00:16:00,250,24,"[5, 4, 3, 4, 3, 4, 5, 3, 4, 4, 5, 5, 5, 4, 5, 4, 5, 4, 3, 5, 3, 4, 3, 5, 23, 20, 24]"
Vikram Malhotra,Farah Sheikh,+919876543210,+919812345678,2024-06-01T17:46:00,570,24,"[5, 4, 3, 4, 3, 4, 5, 3, 4, 4, 5, 5, 5, 4, 5, 4, 5, 4, 3, 5, 3, 4, 3, 5, 23, 20, 24]"
Vikram Malhotra,Farah Sheikh,+919876543210,+919812345678,2024-06-01T03:49:00,325,24,"[5, 4, 3, 4, 3, 4, 5, 3, 4, 4, 5, 5, 5, 4, 5, 4, 5, 4, 3, 5, 3, 4, 3, 5, 23, 20, 24]"
Vikram Malhotra,Farah Sheikh,+919876543210,+919812345678,2024-06-01T09:07:00,78,24,"[5, 4, 3, 4, 3, 4, 5, 3, 4, 4, 5, 5, 5, 4, 5, 4, 5, 4, 3, 5, 3, 4, 3, 5, 23, 20, 24]"
Vikram Malhotra,Farah Sheikh,+919876543210,+919812345678,2024-06-01T13:40:00,498,24,"[5, 4, 3, 4, 3, 4, 5, 3, 4, 4, 5, 5, 5, 4, 5, 4, 5, 4, 3, 5, 3, 4, 3, 5, 23, 20, 24]"
Vikram Malhotra,Farah Sheikh,+919876543210,+919812345678,2024-06-01T03:53:00,541,24,"[5, 4, 3, 4, 3, 4, 5, 3, 4, 4, 5, 5, 5, 4, 5, 4, 5, 4, 3, 5, 3, 4, 3, 5, 23, 20, 24]"
Vikram Malhotra,Farah Sheikh,+919876543210,+919812345678,2024-06-01T20:32:00,277,24,"[5, 4, 3, 4, 3, 4, 5, 3, 4, 4, 5, 5, 5, 4, 5, 4, 5, 4, 3, 5, 3, 4, 3, 5, 23, 20, 24]"
Vikram Malhotra,Farah Sheikh,+919876543210,+919812345678,2024-06-01T09:27:00,31,24,"[5, 4, 3, 4, 3, 4, 5, 3, 4, 4, 5, 5, 5, 4, 5, 4, 5, 4, 3, 5, 3, 4, 3, 5, 23, 20, 24]"
Vikram Malhotra,Farah Sheikh,+919876543210,+919812345678,2024-06-01T07:36:00,456,24,"[5, 4, 3, 4, 3, 4, 5, 3, 4, 4, 5, 5, 5, 4, 5, 4, 5, 4, 3, 5, 3, 4, 3, 5, 23, 20, 24]"
Vikram Malhotra,Farah Sheikh,+919876543210,+919812345678,2024-06-01T21:42:00,117,24,"[5, 4, 3, 4, 3, 4, 5, 3, 4, 4, 5, 5, 5, 4, 5, 4, 5, 4, 3, 5, 3, 4, 3, 5, 23, 20, 24]"
Vikram Malhotra,Farah Sheikh,+919876543210,+919812345678,2024-06-01T02:33:00,587,24,"[5, 4, 3, 4, 3, 4, 5, 3, 4, 4, 5, 5, 5, 4, 5, 4, 5, 4, 3, 5, 3, 4, 3, 5, 23, 20, 24]"
Vikram Malhotra,Farah Sheikh,+919876543210,+919812345678,2024-06-01T12:55:00,511,24,"[5, 4, 3, 4, 3, 4, 5, 3, 4, 4, 5, 5, 5, 4, 5, 4, 5, 4, 3, 5, 3, 4, 3, 5, 23, 20, 24]"
Vikram Malhotra,Farah Sheikh,+919876543210,+919812345678,2024-06-01T20:24:00,412,24,"[5, 4, 3, 4, 3, 4, 5, 3, 4, 4, 5, 5, 5, 4, 5, 4, 5, 4, 3, 5, 3, 4, 3, 5, 23, 20, 24]"
Vikram Malhotra,Farah Sheikh,+919876543210,+919812345678,2024-06-01T23:01:00,395,24,"[5, 4, 3, 4, 3, 4, 5, 3, 4, 4, 5, 5, 5, 4, 5, 4, 5, 4, 3, 5, 3, 4, 3, 5, 23, 20, 24]"
Arjun Reddy,Harpreet Singh,+919845123456,+919654321000,2024-08-25T04:02:00,195,6,"[4, 8, 7, 3, 8, 8, 7, 5, 7, 5, 7, 3, 8, 3, 2, 7, 8, 5, 2, 4]"
Arjun Reddy,Harpreet Singh,+919845123456,+919654321000,2024-07-22T01:50:00,117,2,"[4, 4, 6, 5, 8, 6, 5, 4, 2, 8, 7, 3, 4, 4, 8, 8, 2, 8, 7, 4]"
Arjun Reddy,Harpreet Singh,+919845123456,+919654321000,2024-08-09T03:51:00,203,5,"[5, 7, 5, 5, 4, 3, 5, 7, 5, 4, 8, 6, 4, 8, 2, 7, 5, 2, 5, 6]"
Arjun Reddy,Harpreet Singh,+919845123456,+919654321000,2024-07-17T17:18:00,179,2,"[2, 4, 7, 4, 4, 5, 6, 7, 5, 3, 7, 5, 4, 5, 2, 7, 8, 4, 6, 5]"
Arjun Reddy,Harpreet Singh,+919845123456,+919654321000,2024-08-10T20:50:00,44,2,"[7, 7, 5, 4, 6, 8, 7, 7, 3, 2, 3, 8, 6, 7, 8, 5, 2, 3, 2, 3]"
Arjun Reddy,Harpreet Singh,+919845123456,+919654321000,2024-11-13T11:23:00,211,6,"[2, 6, 3, 7, 5, 4, 4, 5, 8, 2, 6, 3, 6, 4, 5, 4, 7, 4, 3, 2]"
Arjun Reddy,Harpreet Singh,+919845123456,+919654321000,2024-06-07T23:11:00,270,6,"[5, 6, 2, 4, 8, 4, 7, 5, 3, 6, 4, 7, 5, 3, 2, 3, 8, 2, 5, 3]"
Arjun Reddy,Harpreet Singh,+919845123456,+919654321000,2024-09-22T02:51:00,178,7,"[4, 7, 2, 6, 6, 4, 4, 8, 3, 7, 7, 7, 7, 3, 8, 4, 6, 3, 2, 3]"
Arjun Reddy,Harpreet Singh,+919845123456,+919654321000,2024-07-06T07:50:00,267,2,"[4, 6, 6, 4, 5, 8, 6, 3, 6, 2, 2, 4, 5, 7, 7, 5, 6, 5, 8, 5]"
Arjun Reddy,Harpreet Singh,+919845123456,+919654321000,2024-10-26T02:08:00,177,7,"[2, 5, 5, 7, 6, 4, 3, 8, 8, 6, 7, 6, 3, 8, 3, 5, 6, 8, 2, 8]"
Arjun Reddy,Harpreet Singh,+919845123456,+919654321000,2024-07-02T16:09:00,170,3,"[3, 4, 7, 3, 4, 6, 4, 8, 2, 4, 3, 7, 6, 4, 3, 7, 4, 6, 6, 2]"
Arjun Reddy,Harpreet Singh,+919845123456,+919654321000,2024-10-07T20:10:00,93,3,"[7, 6, 7, 6, 4, 8, 6, 2, 8, 8, 2, 2, 2, 7, 8, 6, 4, 7, 3, 8]"
Arjun Reddy,Harpreet Singh,+919845123456,+919654321000,2024-10-25T13:39:00,30,5,"[7, 6, 4, 7, 4, 5, 3, 8, 8, 7, 5, 4, 5, 2, 7, 2, 3, 5, 5, 5]"
Arjun Reddy,Harpreet Singh,+919845123456,+919654321000,2024-09-27T06:21:00,88,4,"[8, 7, 4, 7, 8, 4, 5, 3, 8, 4, 6, 6, 2, 4, 3, 5, 2, 4, 5, 3]"
Arjun Reddy,Harpreet Singh,+919845123456,+919654321000,2024-07-07T03:03:00,163,5,"[8, 6, 5, 3, 8, 3, 8, 4, 6, 7, 4, 3, 8, 3, 5, 6, 5, 5, 4, 5]"
Arjun Reddy,Harpreet Singh,+919845123456,+919654321000,2024-06-06T02:25:00,273,5,"[3, 3, 6, 4, 2, 2, 4, 5, 6, 8, 7, 7, 5, 4, 6, 2, 8, 2, 5, 3]"
Arjun Reddy,Harpreet Singh,+919845123456,+919654321000,2024-08-07T23:23:00,221,4,"[2, 5, 2, 6, 6, 3, 4, 6, 4, 2, 5, 6, 5, 8, 6, 4, 8, 6, 7, 6]"
Arjun Reddy,Harpreet Singh,+919845123456,+919654321000,2024-07-01T04:06:00,216,4,"[8, 4, 6, 4, 8, 3, 3, 6, 6, 5, 6, 2, 2, 2, 3, 7, 4, 8, 5, 6]"
Arjun Reddy,Harpreet Singh,+919845123456,+919654321000,2024-09-25T04:38:00,278,3,"[4, 6, 4, 3, 5, 6, 7, 8, 4, 6, 4, 6, 8, 6, 6, 5, 7, 6, 4, 5]"
Arjun Reddy,Harpreet Singh,+919845123456,+919654321000,2024-06-05T11:21:00,71,5,"[6, 4, 8, 7, 8, 7, 7, 2, 6, 5, 4, 7, 8, 8, 6, 6, 3, 7, 2, 6]"
Arjun Reddy,Harpreet Singh,+919845123456,+919654321000,2024-10-01T05:33:00,209,3,"[8, 7, 3, 2, 6, 7, 2, 3, 2, 5, 4, 5, 3, 5, 7, 3, 5, 6, 8, 6]"
Arjun Reddy,Harpreet Singh,+919845123456,+919654321000,2024-09-29T23:46:00,46,7,"[3, 6, 3, 6, 4, 7, 5, 6, 5, 4, 3, 5, 6, 4, 6, 4, 7, 8, 8, 7]"
Arjun Reddy,Harpreet Singh,+919845123456,+919654321000,2024-11-22T20:51:00,150,6,"[5, 3, 3, 4, 6, 4, 3, 4, 8, 4, 7, 3, 7, 7, 5, 4, 5, 4, 6, 8]"
Arjun Reddy,Harpreet Singh,+919845123456,+919654321000,2024-08-10T09:07:00,293,5,"[5, 8, 4, 8, 8, 3, 4, 2, 4, 7, 2, 4, 5, 7, 4, 7, 5, 3, 3, 8]"
Arjun Reddy,Harpreet Singh,+919845123456,+919654321000,2024-10-16T08:59:00,154,3,"[2, 6, 7, 6, 3, 3, 2, 7, 6, 3, 7, 3, 2, 2, 5, 4, 7, 5, 2, 7]"
Arjun Reddy,Harpreet Singh,+919845123456,+919654321000,2024-07-06T00:35:00,95,5,"[7, 5, 5, 7, 3, 8, 4, 4, 4, 7, 2, 8, 2, 7, 6, 3, 6, 7, 7, 8]"
Arjun Reddy,Harpreet Singh,+919845123456,+919654321000,2024-06-10T05:26:00,105,2,"[8, 5, 8, 5, 3, 7, 8, 4, 2, 2, 4, 6, 6, 2, 4, 4, 5, 7, 6, 6]"
Arjun Reddy,Harpreet Singh,+919845123456,+919654321000,2024-10-05T04:54:00,273,5,"[4, 3, 8, 2, 4, 3, 7, 5, 7, 4, 7, 3, 2, 7, 4, 8, 4, 6, 7, 8]"
Arjun Reddy,Imran Ali,+919845123456,+919543210001,2024-07-15T19:54:00,222,8,"[5, 6, 4, 2, 5, 7, 2, 3, 3, 5, 4, 3, 2, 4, 5, 3, 5, 8, 4, 4]"
Arjun Reddy,Imran Ali,+919845123456,+919543210001,2024-08-17T18:46:00,20,4,"[7, 4, 7, 3, 2, 7, 2, 5, 4, 3, 5, 7, 6, 7, 8, 4, 7, 2, 7, 4]"
Arjun Reddy,Imran Ali,+919845123456,+919543210001,2024-09-03T19:14:00,127,3,"[5, 3, 5, 7, 6, 4, 5, 7, 6, 5, 8, 6, 8, 7, 8, 3, 8, 3, 7, 8]"
Arjun Reddy,Imran Ali,+919845123456,+919543210001,2024-10-31T02:33:00,243,6,"[7, 4, 2, 6, 2, 2, 8, 6, 6, 3, 6, 6, 3, 3, 4, 8, 6, 5, 2, 7]"
Arjun Reddy,Imran Ali,+919845123456,+919543210001,2024-07-23T22:37:00,265,2,"[6, 5, 8, 2, 5, 3, 6, 5, 5, 6, 2, 6, 5, 7, 8, 4, 7, 2, 5, 4]"
Arjun Reddy,Imran Ali,+919845123456,+919543210001,2024-06-01T23:13:00,52,2,"[5, 4, 7, 2, 6, 2, 2, 5, 2, 4, 5, 3, 8, 3, 8, 7, 7, 7, 5, 4]"
Arjun Reddy,Imran Ali,+919845123456,+919543210001,2024-09-06T14:55:00,208,5,"[2, 7, 7, 8, 6, 3, 7, 8, 4, 2, 3, 6, 5, 6, 3, 7, 3, 8, 2, 8]"
Arjun Reddy,Imran Ali,+919845123456,+919543210001,2024-06-06T09:29:00,293,5,"[6, 5, 8, 3, 3, 5, 4, 3, 4, 3, 7, 8, 2, 2, 8, 7, 5, 6, 8, 2]"
Arjun Reddy,Imran Ali,+919845123456,+919543210001,2024-08-01T06:04:00,66,6,"[2, 5, 6, 7, 7, 8, 2, 3, 7, 2, 5, 5, 3, 6, 3, 8, 8, 8, 2, 3]"
Arjun Reddy,Imran Ali,+919845123456,+919543210001,2024-10-07T09:14:00,178,6,"[6, 8, 7, 8, 4, 3, 4, 3, 7, 6, 3, 5, 4, 4, 2, 6, 6, 7, 3, 7]"
Arjun Reddy,Imran Ali,+919845123456,+919543210001,2024-11-21T13:35:00,268,2,"[4, 7, 7, 5, 8, 6, 4, 7, 5, 5, 3, 4, 5, 3, 8, 6, 5, 3, 8, 3]"
Arjun Reddy,Imran Ali,+919845123456,+919543210001,2024-08-16T22:09:00,252,2,"[6, 5, 5, 6, 6, 3, 5, 3, 4, 3, 4, 7, 2, 5, 8, 4, 2, 6, 7, 8]"
Arjun Reddy,Imran Ali,+919845123456,+919543210001,2024-07-19T01:17:00,208,7,"[6, 6, 2, 8, 2, 3, 8, 8, 6, 7, 7, 6, 3, 5, 3, 8, 4, 4, 2, 3]"
Arjun Reddy,Imran Ali,+919845123456,+919543210001,2024-07-19T23:07:00,260,3,"[7, 6, 7, 3, 5, 3, 6, 4, 8, 4, 5, 5, 6, 7, 4, 4, 4, 4, 6, 5]"
Arjun Reddy,Imran Ali,+919845123456,+919543210001,2024-09-28T03:51:00,255,8,"[8, 4, 3, 4, 4, 5, 2, 6, 8, 3, 7, 3, 2, 4, 6, 6, 6, 7, 5, 4]"
Arjun Reddy,Imran Ali,+919845123456,+919543210001,2024-07-10T06:21:00,132,5,"[6, 8, 3, 5, 6, 7, 7, 4, 4, 8, 8, 5, 7, 7, 7, 5, 5, 3, 7, 8]"
Arjun Reddy,Neha Gupta,+919845123456,+918976543210,2024-07-14T04:46:00,294,5,"[3, 6, 7, 2, 6, 2, 8, 8, 2, 8, 7, 2, 8, 2, 5, 3, 8, 7, 3, 2]"
Arjun Reddy,Neha Gupta,+919845123456,+918976543210,2024-07-09T00:13:00,273,5,"[4, 2, 6, 7, 7, 6, 5, 7, 5, 2, 2, 6, 6, 5, 2, 2, 6, 7, 4, 6]"
Arjun Reddy,Neha Gupta,+919845123456,+918976543210,2024-08-13T00:32:00,235,8,"[3, 2, 2, 6, 3, 3, 3, 6, 6, 4, 8, 4, 4, 8, 5, 2, 4, 5, 5, 6]"
Arjun Reddy,Neha Gupta,+919845123456,+918976543210,2024-08-02T22:14:00,168,7,"[8, 8, 2, 7, 8, 7, 8, 2, 2, 5, 5, 5, 6, 5, 2, 7, 2, 7, 3, 2]"
Arjun Reddy,Neha Gupta,+919845123456,+918976543210,2024-10-06T13:41:00,184,6,"[8, 2, 6, 2, 3, 3, 8, 7, 6, 5, 4, 2, 2, 7, 4, 6, 6, 7, 2, 3]"
Arjun Reddy,Neha Gupta,+919845123456,+918976543210,2024-08-20T00:13:00,88,8,"[8, 7, 8, 5, 2, 4, 3, 6, 3, 6, 8, 8, 5, 7, 6, 4, 5, 8, 7, 3]"
Arjun Reddy,Neha Gupta,+919845123456,+918976543210,2024-11-24T23:05:00,271,7,"[4, 2, 2, 5, 3, 8, 2, 4, 6, 8, 6, 6, 5, 8, 4, 2, 7, 4, 8, 5]"
Arjun Reddy,Neha Gupta,+919845123456,+918976543210,2024-10-04T07:22:00,298,5,"[5, 3, 7, 6, 7, 5, 2, 8, 6, 4, 8, 3, 7, 2, 2, 4, 3, 5, 7, 8]"
Arjun Reddy,Neha Gupta,+919845123456,+918976543210,2024-11-10T04:47:00,214,4,"[4, 2, 2, 2, 4, 5, 4, 8, 4, 2, 3, 2, 3, 5, 5, 6, 6, 6, 5, 2]"
Arjun Reddy,Neha Gupta,+919845123456,+918976543210,2024-06-07T02:22:00,298,2,"[6, 6, 8, 4, 8, 5, 2, 4, 5, 5, 8, 2, 7, 6, 3, 6, 6, 3, 7, 5]"
Arjun Reddy,Neha Gupta,+919845123456,+918976543210,2024-07-14T04:17:00,169,4,"[5, 3, 2, 3, 5, 4, 5, 4, 5, 8, 2, 4, 4, 3, 7, 7, 5, 6, 6, 3]"
Arjun Reddy,Neha Gupta,+919845123456,+918976543210,2024-09-26T03:08:00,170,2,"[5, 4, 8, 6, 5, 8, 8, 4, 5, 4, 5, 8, 8, 8, 7, 6, 3, 4, 4, 6]"
Arjun Reddy,Neha Gupta,+919845123456,+918976543210,2024-11-25T06:30:00,175,3,"[5, 4, 4, 7, 7, 7, 5, 6, 8, 3, 4, 5, 4, 8, 8, 5, 4, 2, 6, 3]"
Arjun Reddy,Neha Gupta,+919845123456,+918976543210,2024-10-30T17:11:00,296,2,"[7, 5, 7, 3, 5, 8, 4, 8, 7, 2, 8, 8, 8, 8, 5, 7, 5, 3, 7, 4]"
Arjun Reddy,Neha Gupta,+919845123456,+918976543210,2024-08-01T08:42:00,93,7,"[5, 8, 5, 2, 5, 6, 5, 6, 5, 6, 6, 8, 7, 5, 6, 2, 8, 4, 7, 8]"
Arjun Reddy,Neha Gupta,+919845123456,+918976543210,2024-10-16T19:40:00,58,2,"[8, 3, 7, 7, 4, 3, 7, 6, 2, 6, 7, 7, 7, 5, 8, 4, 8, 5, 2, 2]"
Arjun Reddy,Neha Gupta,+919845123456,+918976543210,2024-06-26T08:14:00,276,7,"[6, 6, 6, 7, 6, 3, 5, 4, 5, 5, 8, 7, 6, 7, 6, 3, 4, 2, 5, 2]"
Arjun Reddy,Neha Gupta,+919845123456,+918976543210,2024-08-15T13:58:00,58,2,"[8, 7, 3, 4, 4, 4, 5, 8, 3, 6, 5, 4, 5, 2, 5, 7, 7, 5, 4, 2]"
Arjun Reddy,Neha Gupta,+919845123456,+918976543210,2024-08-16T01:51:00,73,2,"[8, 4, 7, 2, 7, 8, 3, 7, 3, 6, 3, 6, 3, 4, 6, 5, 5, 3, 8, 5]"
Arjun Reddy,Neha Gupta,+919845123456,+918976543210,2024-11-09T05:11:00,236,5,"[2, 7, 6, 3, 5, 6, 5, 5, 2, 7, 3, 3, 4, 8, 7, 8, 8, 2, 6, 2]"
Arjun Reddy,Neha Gupta,+919845123456,+918976543210,2024-10-16T05:23:00,181,3,"[5, 2, 4, 7, 8, 5, 6, 7, 4, 6, 5, 6, 5, 6, 2, 4, 4, 8, 5, 6]"
Arjun Reddy,Ganesh Patil,+919845123456,+919765432100,2024-11-20T22:51:00,167,6,"[6, 2, 7, 3, 4, 2, 3, 4, 2, 3, 4, 7, 3, 6, 5, 5, 6, 3, 6, 5]"
Arjun Reddy,Ganesh Patil,+919845123456,+919765432100,2024-09-17T05:31:00,290,7,"[7, 3, 6, 3, 5, 4, 3, 3, 4, 8, 5, 6, 2, 8, 4, 2, 5, 3, 3, 8]"
Arjun Reddy,Ganesh Patil,+919845123456,+919765432100,2024-09-07T17:32:00,268,5,"[7, 5, 5, 7, 8, 5, 5, 3, 2, 6, 2, 8, 8, 3, 4, 2, 4, 3, 6, 4]"
Arjun Reddy,Ganesh Patil,+919845123456,+919765432100,2024-07-14T14:36:00,268,6,"[6, 2, 6, 2, 4, 8, 6, 8, 4, 6, 8, 8, 2, 8, 7, 5, 6, 3, 5, 2]"
Arjun Reddy,Ganesh Patil,+919845123456,+919765432100,2024-11-15T07:19:00,31,5,"[4, 4, 8, 8, 2, 5, 8, 2, 8, 8, 3, 3, 8, 7, 6, 7, 4, 8, 7, 6]"
Arjun Reddy,Ganesh Patil,+919845123456,+919765432100,2024-11-09T13:10:00,86,8,"[3, 8, 3, 8, 2, 6, 4, 6, 4, 6, 6, 3, 4, 7, 4, 4, 6, 4, 8, 6]"
Arjun Reddy,Ganesh Patil,+919845123456,+919765432100,2024-11-21T03:08:00,225,2,"[4, 8, 7, 3, 7, 8, 3, 3, 3, 7, 4, 8, 3, 8, 8, 7, 5, 5, 3, 6]"
Arjun Reddy,Ganesh Patil,+919845123456,+919765432100,2024-11-09T08:40:00,227,5,"[5, 2, 7, 8, 8, 2, 5, 6, 7, 4, 7, 4, 5, 5, 4, 6, 2, 8, 8, 8]"
Arjun Reddy,Ganesh Patil,+919845123456,+919765432100,2024-06-24T23:29:00,198,8,"[2, 8, 6, 5, 3, 5, 8, 3, 5, 4, 4, 8, 4, 4, 6, 6, 3, 6, 8, 5]"
Arjun Reddy,Ganesh Patil,+919845123456,+919765432100,2024-08-27T21:48:00,39,2,"[2, 7, 8, 8, 5, 2, 2, 8, 3, 5, 5, 2, 5, 3, 7, 3, 7, 4, 3, 8]"
Arjun Reddy,Ganesh Patil,+919845123456,+919765432100,2024-08-10T02:41:00,199,4,"[2, 4, 7, 7, 3, 2, 5, 7, 4, 7, 7, 8, 3, 5, 7, 2, 7, 2, 2, 3]"
Arjun Reddy,Ganesh Patil,+919845123456,+919765432100,2024-10-01T02:08:00,130,6,"[7, 5, 2, 2, 7, 4, 8, 2, 8, 5, 7, 3, 5, 2, 3, 5, 2, 7, 8, 2]"
Arjun Reddy,Ganesh Patil,+919845123456,+919765432100,2024-06-27T10:23:00,168,3,"[5, 8, 8, 8, 8, 3, 7, 7, 3, 2, 6, 6, 2, 6, 7, 3, 5, 4, 7, 3]"
Arjun Reddy,Ganesh Patil,+919845123456,+919765432100,2024-11-08T23:09:00,225,6,"[7, 5, 8, 3, 2, 2, 3, 8, 2, 6, 7, 5, 4, 5, 4, 8, 3, 3, 4, 7]"
Arjun Reddy,Ganesh Patil,+919845123456,+919765432100,2024-06-22T07:35:00,160,8,"[7, 2, 8, 8, 7, 4, 3, 6, 6, 6, 3, 7, 5, 4, 7, 2, 8, 8, 3, 5]"
Deepak Yadav,Mohammed Farooq,+919823456789,+919100012345,2024-10-31T02:33:00,21,4,"[4, 3, 5, 8, 8, 6, 5, 4, 6, 7, 3, 8, 5, 8, 2, 2, 6, 2, 2, 4]"
Deepak Yadav,Mohammed Farooq,+919823456789,+919100012345,2024-07-26T01:59:00,45,8,"[5, 6, 4, 7, 7, 6, 8, 5, 5, 7, 5, 2, 7, 6, 6, 6, 3, 4, 2, 4]"
Deepak Yadav,Mohammed Farooq,+919823456789,+919100012345,2024-06-21T16:58:00,119,8,"[3, 6, 4, 5, 6, 7, 8, 8, 7, 7, 7, 2, 4, 7, 5, 7, 8, 3, 2, 3]"
Deepak Yadav,Mohammed Farooq,+919823456789,+919100012345,2024-06-23T13:07:00,247,6,"[6, 2, 4, 7, 7, 7, 7, 3, 2, 2, 7, 3, 7, 2, 3, 5, 4, 6, 6, 8]"
Deepak Yadav,Mohammed Farooq,+919823456789,+919100012345,2024-08-06T05:23:00,79,7,"[8, 8, 4, 7, 2, 8, 2, 4, 8, 5, 4, 6, 2, 4, 7, 6, 7, 2, 5, 5]"
Deepak Yadav,Mohammed Farooq,+919823456789,+919100012345,2024-10-09T11:03:00,270,8,"[6, 3, 4, 3, 4, 8, 2, 6, 7, 7, 2, 3, 7, 6, 2, 2, 8, 8, 2, 3]"
Deepak Yadav,Mohammed Farooq,+919823456789,+919100012345,2024-06-12T15:23:00,211,3,"[3, 8, 2, 6, 8, 7, 7, 7, 5, 3, 4, 3, 5, 7, 4, 4, 8, 2, 6, 4]"
Deepak Yadav,Mohammed Farooq,+919823456789,+919100012345,2024-07-01T16:43:00,41,3,"[3, 8, 6, 2, 5, 2, 5, 8, 4, 8, 8, 4, 4, 2, 6, 5, 2, 4, 3, 4]"
Deepak Yadav,Mohammed Farooq,+919823456789,+919100012345,2024-10-23T09:47:00,139,5,"[4, 6, 5, 8, 8, 3, 7, 6, 8, 8, 3, 3, 2, 5, 2, 3, 6, 4, 7, 8]"
Deepak Yadav,Mohammed Farooq,+919823456789,+919100012345,2024-11-25T00:21:00,15,8,"[7, 5, 8, 7, 7, 4, 2, 3, 6, 3, 5, 5, 2, 3, 7, 4, 2, 2, 3, 8]"
Deepak Yadav,Mohammed Farooq,+919823456789,+919100012345,2024-10-12T13:44:00,205,5,"[7, 2, 6, 2, 6, 3, 7, 8, 5, 2, 6, 6, 2, 5, 7, 3, 3, 4, 4, 8]"
Deepak Yadav,Mohammed Farooq,+919823456789,+919100012345,2024-08-20T12:44:00,182,4,"[5, 4, 3, 2, 3, 3, 8, 8, 6, 2, 3, 2, 3, 5, 5, 4, 5, 2, 6, 4]"
Deepak Yadav,Mohammed Farooq,+919823456789,+919100012345,2024-07-24T14:19:00,252,4,"[8, 2, 2, 3, 8, 7, 4, 8, 7, 7, 6, 2, 3, 8, 8, 4, 3, 2, 7, 3]"
Deepak Yadav,Mohammed Farooq,+919823456789,+919100012345,2024-08-31T12:32:00,40,7,"[4, 4, 8, 3, 2, 5, 8, 5, 6, 7, 6, 3, 2, 5, 2, 8, 8, 3, 2, 2]"
Deepak Yadav,Mohammed Farooq,+919823456789,+919100012345,2024-06-16T07:08:00,116,8,"[5, 4, 7, 7, 7, 2, 6, 6, 4, 8, 2, 2, 2, 3, 7, 5, 8, 3, 2, 8]"
Deepak Yadav,Mohammed Farooq,+919823456789,+919100012345,2024-08-24T03:02:00,251,2,"[3, 6, 5, 8, 7, 5, 5, 2, 5, 7, 5, 3, 4, 3, 3, 4, 4, 5, 3, 2]"
Deepak Yadav,Mohammed Farooq,+919823456789,+919100012345,2024-11-05T19:39:00,140,7,"[4, 5, 5, 6, 5, 2, 2, 4, 5, 3, 5, 3, 7, 8, 6, 3, 7, 8, 6, 8]"
Deepak Yadav,Mohammed Farooq,+919823456789,+919100012345,2024-06-05T12:50:00,198,5,"[6, 8, 5, 4, 6, 6, 4, 5, 4, 3, 2, 4, 6, 3, 2, 8, 8, 4, 2, 8]"
Deepak Yadav,Mohammed Farooq,+919823456789,+919100012345,2024-09-29T16:22:00,134,3,"[2, 3, 7, 3, 4, 6, 8, 8, 7, 2, 8, 3, 6, 8, 8, 5, 4, 8, 8, 3]"
Deepak Yadav,Mohammed Farooq,+919823456789,+919100012345,2024-07-16T07:37:00,177,8,"[7, 7, 4, 6, 2, 7, 7, 4, 6, 6, 3, 6, 3, 8, 8, 5, 6, 4, 3, 5]"
Deepak Yadav,Mohammed Farooq,+919823456789,+919100012345,2024-06-10T02:03:00,134,6,"[3, 2, 6, 5, 2, 4, 6, 3, 8, 3, 4, 7, 3, 8, 8, 8, 4, 2, 2, 3]"
Deepak Yadav,Mohammed Farooq,+919823456789,+919100012345,2024-10-29T22:58:00,87,8,"[2, 8, 6, 8, 4, 2, 4, 7, 7, 5, 6, 2, 4, 4, 4, 3, 3, 7, 5, 8]"
Deepak Yadav,Mohammed Farooq,+919823456789,+919100012345,2024-11-11T15:41:00,177,3,"[7, 6, 7, 6, 8, 4, 3, 7, 6, 8, 3, 5, 4, 7, 7, 4, 3, 3, 7, 2]"
Deepak Yadav,Mohammed Farooq,+919823456789,+919100012345,2024-11-27T18:25:00,31,3,"[6, 4, 8, 6, 3, 7, 6, 2, 5, 3, 4, 7, 2, 3, 4, 4, 3, 7, 2, 8]"
Deepak Yadav,Mohammed Farooq,+919823456789,+919100012345,2024-11-19T20:46:00,186,5,"[2, 4, 3, 3, 7, 2, 4, 4, 8, 2, 7, 2, 2, 5, 5, 7, 5, 3, 5, 5]"
Deepak Yadav,Mohammed Farooq,+919823456789,+919100012345,2024-09-05T11:34:00,207,2,"[8, 5, 8, 8, 6, 7, 8, 7, 3, 3, 5, 2, 8, 8, 2, 4, 2, 4, 4, 2]"
Deepak Yadav,Mohammed Farooq,+919823456789,+919100012345,2024-06-19T10:10:00,207,3,"[7, 2, 6, 2, 4, 6, 6, 5, 7, 2, 5, 7, 3, 6, 5, 3, 2, 2, 4, 3]"
Deepak Yadav,Mohammed Farooq,+919823456789,+919100012345,2024-07-19T13:44:00,298,7,"[7, 6, 4, 7, 4, 4, 3, 2, 2, 5, 6, 6, 8, 5, 3, 2, 4, 2, 5, 2]"
Deepak Yadav,Mohammed Farooq,+919823456789,+919100012345,2024-08-15T21:40:00,260,3,"[2, 2, 3, 3, 7, 4, 2, 5, 8, 2, 4, 8, 5, 5, 5, 7, 4, 2, 7, 6]"
Deepak Yadav,Mohammed Farooq,+919823456789,+919100012345,2024-09-08T05:23:00,210,4,"[3, 5, 2, 4, 5, 5, 4, 3, 8, 4, 6, 2, 3, 8, 7, 7, 2, 2, 7, 4]"
Deepak Yadav,Ganesh Patil,+919823456789,+919765432100,2024-09-14T18:14:00,298,2,"[8, 5, 8, 6, 5, 6, 7, 8, 5, 6, 3, 5, 4, 2, 5, 8, 7, 2, 6, 6]"
Deepak Yadav,Ganesh Patil,+919823456789,+919765432100,2024-10-11T18:43:00,90,2,"[8, 5, 3, 3, 3, 8, 3, 3, 2, 5, 2, 7, 5, 3, 8, 7, 3, 8, 6, 4]"
Deepak Yadav,Ganesh Patil,+919823456789,+919765432100,2024-08-21T23:58:00,49,2,"[5, 6, 5, 6, 4, 8, 4, 6, 5, 8, 2, 8, 7, 6, 6, 6, 8, 5, 2, 5]"
Deepak Yadav,Ganesh Patil,+919823456789,+919765432100,2024-07-09T04:36:00,66,2,"[6, 8, 2, 8, 4, 8, 6, 4, 5, 4, 5, 7, 5, 6, 6, 5, 2, 3, 4, 5]"
Deepak Yadav,Ganesh Patil,+919823456789,+919765432100,2024-07-07T19:38:00,220,2,"[5, 4, 7, 3, 2, 7, 5, 4, 4, 2, 4, 8, 8, 4, 4, 4, 8, 5, 8, 7]"
Deepak Yadav,Ganesh Patil,+919823456789,+919765432100,2024-11-23T03:55:00,131,3,"[4, 7, 5, 8, 8, 4, 4, 7, 5, 6, 7, 2, 3, 5, 3, 8, 5, 7, 5, 8]"
Deepak Yadav,Ganesh Patil,+919823456789,+919765432100,2024-10-11T11:52:00,43,6,"[8, 3, 2, 4, 7, 6, 5, 3, 8, 8, 6, 6, 2, 3, 3, 8, 3, 8, 2, 3]"
Deepak Yadav,Ganesh Patil,+919823456789,+919765432100,2024-06-09T14:03:00,199,7,"[3, 4, 4, 8, 5, 6, 5, 7, 2, 7, 2, 3, 4, 5, 6, 5, 3, 8, 5, 6]"
Deepak Yadav,Ganesh Patil,+919823456789,+919765432100,2024-10-20T11:22:00,98,8,"[4, 7, 8, 7, 2, 4, 2, 5, 2, 3, 8, 6, 8, 3, 8, 3, 7, 3, 7, 3]"
Deepak Yadav,Ganesh Patil,+919823456789,+919765432100,2024-08-08T20:26:00,277,2,"[8, 8, 8, 7, 2, 5, 3, 7, 3, 6, 8, 2, 3, 4, 6, 8, 4, 7, 7, 7]"
Deepak Yadav,Ganesh Patil,+919823456789,+919765432100,2024-08-10T13:57:00,207,8,"[4, 5, 4, 3, 5, 4, 7, 6, 8, 6, 5, 6, 2, 2, 6, 7, 8, 8, 4, 6]"
Deepak Yadav,Ganesh Patil,+919823456789,+919765432100,2024-11-13T19:38:00,159,4,"[7, 2, 5, 2, 4, 4, 7, 4, 8, 4, 4, 7, 7, 7, 4, 3, 3, 6, 8, 3]"
Deepak Yadav,Ganesh Patil,+919823456789,+919765432100,2024-06-15T19:25:00,178,7,"[3, 7, 2, 7, 5, 4, 4, 5, 5, 5, 7, 2, 6, 7, 6, 8, 3, 4, 7, 7]"
Deepak Yadav,Ganesh Patil,+919823456789,+919765432100,2024-07-27T21:34:00,258,7,"[4, 6, 4, 8, 3, 8, 7, 6, 3, 4, 2, 5, 3, 7, 4, 7, 8, 6, 8, 3]"
Deepak Yadav,Ganesh Patil,+919823456789,+919765432100,2024-11-22T10:41:00,60,3,"[4, 3, 7, 8, 4, 5, 8, 4, 4, 4, 6, 4, 5, 8, 2, 5, 2, 8, 7, 6]"
Deepak Yadav,Ganesh Patil,+919823456789,+919765432100,2024-10-27T19:04:00,256,3,"[6, 2, 8, 7, 5, 6, 4, 5, 2, 8, 8, 3, 3, 3, 4, 5, 6, 5, 3, 4]"
Deepak Yadav,Ganesh Patil,+919823456789,+919765432100,2024-07-17T02:31:00,185,7,"[3, 4, 7, 2, 2, 5, 4, 3, 8, 8, 3, 6, 8, 3, 5, 8, 8, 8, 2, 3]"
Deepak Yadav,Ganesh Patil,+919823456789,+919765432100,2024-11-05T13:40:00,234,5,"[5, 5, 5, 2, 2, 6, 3, 7, 4, 2, 4, 8, 8, 6, 3, 2, 7, 2, 7, 7]"
Deepak Yadav,Ganesh Patil,+919823456789,+919765432100,2024-08-03T07:44:00,191,4,"[3, 2, 5, 6, 6, 4, 3, 2, 8, 2, 4, 4, 5, 7, 6, 6, 6, 4, 5, 7]"
Deepak Yadav,Ganesh Patil,+919823456789,+919765432100,2024-07-05T10:57:00,265,4,"[8, 3, 3, 8, 5, 2, 3, 3, 7, 3, 3, 7, 2, 6, 6, 3, 2, 4, 7, 7]"
Deepak Yadav,Ganesh Patil,+919823456789,+919765432100,2024-06-10T12:56:00,145,8,"[6, 6, 2, 6, 2, 7, 2, 7, 8, 2, 2, 7, 2, 5, 5, 5, 2, 6, 4, 5]"
Deepak Yadav,Ganesh Patil,+919823456789,+919765432100,2024-11-27T04:13:00,19,4,"[5, 7, 2, 7, 6, 4, 6, 6, 7, 3, 5, 8, 2, 6, 7, 6, 2, 4, 2, 8]"
Deepak Yadav,Ganesh Patil,+919823456789,+919765432100,2024-06-28T15:12:00,117,8,"[4, 8, 6, 3, 4, 7, 5, 4, 3, 2, 6, 5, 3, 7, 5, 4, 3, 2, 2, 7]"
Deepak Yadav,Ganesh Patil,+919823456789,+919765432100,2024-06-23T03:53:00,267,3,"[2, 8, 6, 2, 7, 7, 2, 4, 7, 3, 5, 4, 4, 5, 2, 2, 8, 3, 8, 2]"
Deepak Yadav,Ganesh Patil,+919823456789,+919765432100,2024-08-14T11:51:00,175,5,"[7, 2, 2, 8, 8, 2, 2, 8, 3, 7, 7, 3, 4, 4, 5, 6, 4, 7, 2, 4]"
Deepak Yadav,Ganesh Patil,+919823456789,+919765432100,2024-08-27T05:07:00,220,5,"[5, 4, 8, 5, 7, 8, 5, 8, 5, 7, 8, 3, 2, 3, 7, 7, 2, 8, 3, 2]"
Deepak Yadav,Ganesh Patil,+919823456789,+919765432100,2024-09-15T18:30:00,239,3,"[6, 5, 8, 4, 6, 2, 8, 7, 8, 7, 3, 5, 5, 2, 5, 5, 2, 2, 4, 7]"
Deepak Yadav,Harpreet Singh,+919823456789,+919654321000,2024-06-04T22:55:00,283,8,"[7, 6, 7, 6, 3, 7, 8, 4, 6, 6, 7, 7, 6, 2, 5, 7, 7, 3, 5, 4]"
Deepak Yadav,Harpreet Singh,+919823456789,+919654321000,2024-11-17T21:41:00,212,3,"[8, 8, 6, 6, 2, 2, 7, 3, 6, 8, 5, 8, 5, 8, 3, 2, 8, 5, 4, 3]"
Deepak Yadav,Harpreet Singh,+919823456789,+919654321000,2024-08-24T08:03:00,274,3,"[6, 7, 5, 5, 8, 3, 2, 5, 5, 8, 6, 5, 2, 8, 5, 5, 4, 2, 5, 7]"
Deepak Yadav,Harpreet Singh,+919823456789,+919654321000,2024-11-15T00:06:00,221,5,"[2, 6, 6, 2, 8, 2, 8, 6, 6, 7, 4, 6, 6, 3, 7, 7, 5, 4, 4, 8]"
Deepak Yadav,Harpreet Singh,+919823456789,+919654321000,2024-06-14T07:54:00,247,4,"[6, 8, 6, 6, 5, 7, 7, 4, 7, 5, 2, 2, 8, 7, 3, 2, 4, 4, 8, 7]"
Deepak Yadav,Harpreet Singh,+919823456789,+919654321000,2024-08-14T17:33:00,206,7,"[2, 2, 3, 5, 3, 8, 7, 7, 7, 5, 2, 4, 6, 3, 3, 2, 8, 5, 3, 5]"
Deepak Yadav,Harpreet Singh,+919823456789,+919654321000,2024-07-19T22:21:00,70,8,"[5, 2, 7, 8, 7, 6, 2, 8, 5, 5, 7, 6, 6, 3, 5, 2, 6, 7, 2, 6]"
Deepak Yadav,Harpreet Singh,+919823456789,+919654321000,2024-09-19T18:30:00,275,8,"[3, 7, 6, 3, 7, 8, 3, 2, 5, 7, 6, 6, 4, 6, 5, 5, 6, 7, 8, 3]"
Deepak Yadav,Harpreet Singh,+919823456789,+919654321000,2024-08-10T12:21:00,165,5,"[8, 3, 3, 5, 6, 7, 7, 6, 4, 8, 7, 6, 8, 4, 7, 7, 6, 7, 3, 3]"
Deepak Yadav,Harpreet Singh,+919823456789,+919654321000,2024-07-24T19:45:00,163,7,"[4, 7, 3, 7, 7, 3, 6, 6, 7, 7, 4, 7, 2, 8, 4, 6, 5, 6, 6, 7]"
Deepak Yadav,Harpreet Singh,+919823456789,+919654321000,2024-09-15T21:47:00,288,4,"[8, 5, 8, 2, 6, 2, 2, 5, 3, 2, 7, 2, 3, 4, 8, 8, 3, 4, 7, 4]"
Deepak Yadav,Harpreet Singh,+919823456789,+919654321000,2024-07-08T01:44:00,166,3,"[8, 6, 2, 4, 8, 5, 2, 6, 8, 7, 7, 6, 8, 3, 7, 7, 6, 5, 3, 6]"
Deepak Yadav,Harpreet Singh,+919823456789,+919654321000,2024-11-26T09:44:00,39,5,"[5, 5, 8, 7, 4, 6, 2, 2, 7, 4, 3, 6, 8, 8, 8, 8, 5, 8, 3, 7]"
Deepak Yadav,Harpreet Singh,+919823456789,+919654321000,2024-11-28T22:41:00,203,8,"[6, 6, 7, 6, 3, 8, 7, 3, 4, 5, 3, 7, 2, 3, 3, 7, 6, 2, 5, 2]"
Deepak Yadav,Harpreet Singh,+919823456789,+919654321000,2024-09-18T08:35:00,150,3,"[3, 6, 8, 4, 2, 4, 5, 7, 3, 2, 3, 4, 6, 2, 8, 7, 6, 8, 7, 4]"
Deepak Yadav,Harpreet Singh,+919823456789,+919654321000,2024-10-04T18:35:00,198,2,"[8, 7, 4, 6, 3, 3, 6, 2, 8, 6, 3, 5, 6, 6, 5, 2, 4, 3, 3, 7]"
Deepak Yadav,Harpreet Singh,+919823456789,+919654321000,2024-08-24T10:23:00,165,3,"[8, 6, 6, 5, 6, 8, 8, 7, 2, 2, 7, 4, 5, 3, 7, 6, 6, 3, 2, 7]"
Deepak Yadav,Harpreet Singh,+919823456789,+919654321000,2024-08-22T12:58:00,73,5,"[4, 6, 7, 4, 2, 6, 8, 8, 4, 6, 8, 6, 5, 5, 2, 4, 7, 3, 4, 6]"
Deepak Yadav,Harpreet Singh,+919823456789,+919654321000,2024-06-22T03:10:00,290,6,"[2, 7, 2, 3, 7, 7, 8, 3, 8, 7, 5, 8, 2, 3, 6, 8, 7, 7, 8, 5]"
Deepak Yadav,Harpreet Singh,+919823456789,+919654321000,2024-11-13T02:47:00,93,2,"[5, 7, 4, 2, 2, 2, 2, 3, 8, 4, 6, 2, 6, 8, 3, 4, 5, 5, 5, 7]"
Deepak Yadav,Jaya Sharma,+919823456789,+919432100012,2024-09-19T10:01:00,214,7,"[2, 6, 2, 7, 7, 6, 2, 8, 7, 6, 2, 7, 8, 2, 4, 6, 2, 4, 8, 7]"
Deepak Yadav,Jaya Sharma,+919823456789,+919432100012,2024-08-17T19:05:00,159,8,"[5, 5, 5, 8, 7, 2, 5, 3, 6, 3, 3, 7, 5, 8, 8, 8, 6, 4, 7, 3]"
Deepak Yadav,Jaya Sharma,+919823456789,+919432100012,2024-08-16T21:56:00,206,2,"[6, 8, 6, 3, 2, 2, 2, 6, 6, 5, 6, 6, 2, 4, 3, 7, 7, 7, 4, 3]"
Deepak Yadav,Jaya Sharma,+919823456789,+919432100012,2024-09-14T20:54:00,277,3,"[3, 3, 3, 6, 8, 4, 3, 2, 3, 7, 8, 6, 8, 2, 8, 8, 6, 5, 7, 6]"
Deepak Yadav,Jaya Sharma,+919823456789,+919432100012,2024-06-19T09:42:00,49,4,"[2, 3, 7, 6, 5, 4, 4, 3, 7, 7, 3, 2, 4, 6, 2, 3, 4, 5, 5, 4]"
Deepak Yadav,Jaya Sharma,+919823456789,+919432100012,2024-11-05T21:19:00,93,6,"[6, 4, 8, 4, 5, 3, 2, 4, 3, 8, 3, 7, 7, 7, 5, 4, 8, 4, 3, 7]"
Deepak Yadav,Jaya Sharma,+919823456789,+919432100012,2024-08-24T15:29:00,243,4,"[8, 4, 5, 6, 2, 3, 7, 6, 2, 8, 4, 8, 8, 3, 6, 3, 4, 7, 7, 2]"
Deepak Yadav,Jaya Sharma,+919823456789,+919432100012,2024-06-20T00:54:00,274,7,"[2, 8, 6, 6, 5, 8, 6, 3, 2, 6, 4, 6, 6, 5, 7, 8, 3, 4, 5, 3]"
Deepak Yadav,Jaya Sharma,+919823456789,+919432100012,2024-10-29T23:54:00,163,3,"[5, 6, 6, 2, 5, 4, 6, 2, 7, 3, 8, 8, 6, 7, 3, 8, 6, 3, 5, 3]"
Deepak Yadav,Jaya Sharma,+919823456789,+919432100012,2024-07-16T18:36:00,89,7,"[7, 5, 4, 2, 3, 8, 5, 3, 2, 4, 4, 3, 2, 7, 3, 6, 8, 4, 5, 5]"
Deepak Yadav,Jaya Sharma,+919823456789,+919432100012,2024-09-25T01:02:00,180,2,"[7, 6, 7, 8, 4, 8, 7, 4, 6, 6, 6, 3, 5, 7, 5, 4, 6, 7, 8, 2]"
Deepak Yadav,Jaya Sharma,+919823456789,+919432100012,2024-10-11T08:24:00,129,6,"[5, 4, 8, 8, 4, 5, 8, 5, 6, 2, 6, 3, 5, 3, 3, 2, 6, 7, 4, 3]"
Deepak Yadav,Jaya Sharma,+919823456789,+919432100012,2024-07-09T05:10:00,200,6,"[7, 8, 2, 7, 3, 5, 8, 4, 7, 2, 5, 7, 5, 5, 3, 6, 3, 7, 8, 5]"
Deepak Yadav,Jaya Sharma,+919823456789,+919432100012,2024-06-06T07:02:00,80,6,"[6, 3, 3, 7, 6, 2, 6, 3, 2, 3, 4, 3, 6, 5, 6, 6, 7, 2, 7, 7]"
Deepak Yadav,Jaya Sharma,+919823456789,+919432100012,2024-11-17T09:05:00,125,5,"[6, 5, 8, 5, 3, 3, 8, 5, 6, 3, 8, 6, 8, 8, 3, 6, 7, 6, 4, 3]"
Deepak Yadav,Jaya Sharma,+919823456789,+919432100012,2024-11-23T10:59:00,247,6,"[6, 2, 3, 5, 5, 3, 2, 2, 3, 6, 8, 6, 7, 5, 8, 3, 6, 2, 3, 5]"
Deepak Yadav,Jaya Sharma,+919823456789,+919432100012,2024-11-05T19:02:00,287,6,"[8, 2, 2, 5, 7, 3, 6, 6, 8, 2, 8, 7, 7, 5, 6, 5, 4, 8, 2, 7]"
Deepak Yadav,Jaya Sharma,+919823456789,+919432100012,2024-10-14T13:14:00,261,8,"[8, 5, 4, 6, 8, 7, 8, 8, 7, 6, 2, 5, 3, 4, 5, 8, 3, 8, 2, 4]"
Deepak Yadav,Jaya Sharma,+919823456789,+919432100012,2024-11-01T17:26:00,146,3,"[2, 7, 7, 8, 2, 6, 6, 2, 6, 2, 5, 7, 3, 7, 8, 4, 5, 4, 2, 3]"
Deepak Yadav,Jaya Sharma,+919823456789,+919432100012,2024-09-18T20:37:00,144,4,"[8, 6, 5, 6, 4, 6, 4, 7, 5, 8, 3, 5, 6, 8, 6, 5, 3, 4, 6, 6]"
Deepak Yadav,Jaya Sharma,+919823456789,+919432100012,2024-10-02T08:19:00,191,8,"[7, 5, 7, 3, 8, 8, 7, 2, 7, 3, 5, 8, 7, 3, 2, 3, 6, 5, 8, 4]"
Deepak Yadav,Jaya Sharma,+919823456789,+919432100012,2024-10-19T19:44:00,41,3,"[5, 7, 2, 8, 2, 8, 3, 5, 6, 5, 2, 2, 4, 3, 4, 2, 6, 2, 7, 5]"
Farah Sheikh,Mohammed Farooq,+919812345678,+919100012345,2024-10-31T01:49:00,104,7,"[5, 5, 2, 3, 8, 7, 8, 6, 4, 3, 2, 8, 6, 6, 6, 7, 3, 6, 3, 7]"
Farah Sheikh,Mohammed Farooq,+919812345678,+919100012345,2024-06-10T11:15:00,15,3,"[2, 4, 8, 5, 4, 7, 5, 5, 6, 3, 6, 2, 7, 7, 2, 2, 6, 4, 7, 8]"
Farah Sheikh,Mohammed Farooq,+919812345678,+919100012345,2024-10-22T18:22:00,192,8,"[4, 3, 6, 3, 5, 5, 6, 2, 4, 3, 5, 6, 2, 6, 2, 6, 4, 4, 2, 8]"
Farah Sheikh,Mohammed Farooq,+919812345678,+919100012345,2024-10-10T08:56:00,290,8,"[8, 6, 4, 7, 5, 5, 6, 5, 8, 3, 8, 4, 8, 5, 7, 5, 6, 8, 2, 5]"
Farah Sheikh,Mohammed Farooq,+919812345678,+919100012345,2024-06-30T08:04:00,210,7,"[8, 3, 7, 7, 3, 8, 4, 5, 4, 6, 6, 2, 7, 8, 4, 3, 4, 2, 5, 7]"
Farah Sheikh,Mohammed Farooq,+919812345678,+919100012345,2024-08-27T02:35:00,106,5,"[4, 4, 3, 6, 4, 3, 7, 7, 3, 5, 7, 3, 3, 7, 3, 8, 4, 3, 3, 3]"
Farah Sheikh,Mohammed Farooq,+919812345678,+919100012345,2024-08-03T19:22:00,94,8,"[2, 2, 2, 7, 7, 5, 6, 2, 8, 8, 6, 2, 8, 5, 4, 6, 4, 5, 6, 8]"
Farah Sheikh,Mohammed Farooq,+919812345678,+919100012345,2024-08-10T15:11:00,276,4,"[5, 3, 8, 6, 3, 2, 6, 8, 5, 5, 6, 2, 6, 4, 5, 8, 7, 8, 3, 5]"
Farah Sheikh,Mohammed Farooq,+919812345678,+919100012345,2024-07-01T22:33:00,250,4,"[7, 2, 2, 7, 3, 5, 6, 2, 4, 4, 6, 8, 4, 3, 6, 4, 3, 4, 5, 6]"
Farah Sheikh,Mohammed Farooq,+919812345678,+919100012345,2024-08-27T11:11:00,270,5,"[3, 5, 7, 8, 4, 4, 8, 5, 4, 5, 3, 6, 3, 6, 7, 3, 8, 2, 7, 4]"
Farah Sheikh,Mohammed Farooq,+919812345678,+919100012345,2024-07-31T17:27:00,210,3,"[3, 8, 7, 3, 5, 8, 2, 3, 5, 5, 3, 8, 7, 6, 6, 7, 4, 8, 5, 4]"
Farah Sheikh,Mohammed Farooq,+919812345678,+919100012345,2024-08-04T17:54:00,39,5,"[2, 7, 3, 2, 3, 8, 4, 5, 8, 7, 2, 5, 7, 4, 4, 4, 4, 6, 6, 8]"
Farah Sheikh,Mohammed Farooq,+919812345678,+919100012345,2024-08-05T11:01:00,225,2,"[4, 8, 7, 6, 3, 6, 6, 7, 7, 6, 3, 8, 4, 4, 4, 7, 6, 5, 8, 7]"
Farah Sheikh,Mohammed Farooq,+919812345678,+919100012345,2024-09-23T02:24:00,161,5,"[7, 3, 8, 3, 7, 8, 4, 5, 7, 6, 6, 5, 8, 2, 2, 3, 4, 3, 4, 4]"
Farah Sheikh,Mohammed Farooq,+919812345678,+919100012345,2024-11-15T09:45:00,151,6,"[7, 5, 4, 5, 8, 8, 4, 7, 6, 6, 5, 5, 3, 3, 8, 2, 3, 7, 3, 7]"
Farah Sheikh,Mohammed Farooq,+919812345678,+919100012345,2024-08-04T23:44:00,55,3,"[3, 5, 2, 2, 2, 5, 6, 2, 2, 8, 5, 6, 8, 2, 2, 4, 6, 3, 2, 7]"
Farah Sheikh,Mohammed Farooq,+919812345678,+919100012345,2024-09-08T09:14:00,141,7,"[4, 5, 7, 3, 3, 6, 8, 3, 2, 2, 7, 4, 8, 4, 8, 5, 5, 8, 6, 4]"
Farah Sheikh,Mohammed Farooq,+919812345678,+919100012345,2024-10-19T14:08:00,291,3,"[6, 6, 5, 7, 7, 7, 6, 5, 6, 7, 7, 6, 4, 4, 5, 6, 3, 8, 2, 5]"
Farah Sheikh,Mohammed Farooq,+919812345678,+919100012345,2024-08-18T11:26:00,148,3,"[4, 2, 2, 6, 8, 8, 8, 3, 4, 4, 5, 6, 2, 7, 5, 8, 5, 4, 2, 8]"
Farah Sheikh,Kiran Desai,+919812345678,+919321000123,2024-08-14T19:14:00,18,6,"[4, 3, 5, 6, 5, 5, 3, 3, 7, 7, 7, 5, 8, 5, 3, 4, 2, 5, 7, 3]"
Farah Sheikh,Kiran Desai,+919812345678,+919321000123,2024-10-11T19:51:00,154,4,"[7, 7, 6, 8, 4, 5, 3, 8, 2, 3, 3, 4, 2, 7, 5, 6, 5, 4, 7, 6]"
Farah Sheikh,Kiran Desai,+919812345678,+919321000123,2024-10-04T06:20:00,24,3,"[2, 6, 2, 3, 2, 4, 4, 3, 7, 5, 7, 2, 3, 2, 3, 2, 5, 3, 4, 5]"
Farah Sheikh,Kiran Desai,+919812345678,+919321000123,2024-08-19T15:23:00,252,7,"[8, 2, 4, 2, 8, 8, 3, 2, 4, 8, 5, 2, 6, 5, 3, 3, 8, 4, 8, 5]"
Farah Sheikh,Kiran Desai,+919812345678,+919321000123,2024-06-04T03:49:00,142,5,"[8, 5, 3, 7, 2, 3, 5, 7, 8, 2, 6, 7, 3, 5, 5, 7, 4, 4, 3, 7]"
Farah Sheikh,Kiran Desai,+919812345678,+919321000123,2024-06-11T23:59:00,296,6,"[2, 4, 5, 7, 4, 3, 4, 2, 8, 7, 3, 2, 3, 7, 5, 4, 2, 3, 8, 4]"
Farah Sheikh,Kiran Desai,+919812345678,+919321000123,2024-10-28T03:25:00,139,2,"[2, 6, 8, 7, 5, 7, 6, 3, 4, 8, 2, 3, 3, 5, 2, 7, 6, 4, 8, 7]"
Farah Sheikh,Kiran Desai,+919812345678,+919321000123,2024-06-16T01:22:00,93,7,"[6, 8, 2, 3, 5, 3, 4, 6, 8, 7, 8, 4, 8, 5, 7, 3, 2, 7, 5, 4]"
Farah Sheikh,Kiran Desai,+919812345678,+919321000123,2024-07-05T08:57:00,35,5,"[7, 5, 6, 4, 6, 7, 5, 3, 6, 3, 6, 4, 4, 7, 5, 4, 8, 8, 6, 8]"
Farah Sheikh,Kiran Desai,+919812345678,+919321000123,2024-10-20T05:04:00,286,3,"[5, 4, 8, 4, 6, 4, 5, 2, 8, 7, 6, 5, 7, 3, 2, 6, 8, 4, 8, 6]"
Farah Sheikh,Kiran Desai,+919812345678,+919321000123,2024-08-01T10:46:00,47,7,"[6, 8, 5, 3, 6, 7, 5, 8, 6, 3, 6, 4, 4, 5, 7, 4, 2, 2, 6, 7]"
Farah Sheikh,Kiran Desai,+919812345678,+919321000123,2024-06-18T01:53:00,81,3,"[8, 2, 3, 2, 5, 3, 2, 2, 6, 7, 8, 5, 7, 5, 6, 6, 7, 6, 4, 2]"
Farah Sheikh,Kiran Desai,+919812345678,+919321000123,2024-09-02T07:38:00,51,2,"[3, 7, 5, 8, 2, 5, 8, 7, 2, 4, 6, 7, 5, 8, 4, 8, 7, 2, 8, 6]"
Farah Sheikh,Kiran Desai,+919812345678,+919321000123,2024-08-08T16:02:00,51,8,"[4, 2, 3, 6, 2, 2, 7, 3, 6, 5, 3, 3, 6, 7, 3, 6, 7, 3, 6, 7]"
Farah Sheikh,Kiran Desai,+919812345678,+919321000123,2024-10-21T13:47:00,69,8,"[7, 6, 4, 7, 5, 7, 7, 5, 2, 3, 8, 3, 6, 5, 6, 4, 7, 3, 6, 6]"
Farah Sheikh,Kiran Desai,+919812345678,+919321000123,2024-09-22T11:57:00,176,6,"[4, 8, 4, 5, 8, 7, 5, 8, 7, 4, 6, 3, 6, 6, 3, 5, 8, 6, 7, 4]"
Farah Sheikh,Kiran Desai,+919812345678,+919321000123,2024-09-01T14:28:00,218,2,"[7, 2, 4, 6, 2, 6, 3, 4, 2, 4, 3, 3, 8, 4, 2, 8, 8, 7, 8, 4]"
Farah Sheikh,Kiran Desai,+919812345678,+919321000123,2024-10-20T16:35:00,94,2,"[2, 5, 4, 3, 3, 4, 4, 6, 3, 3, 4, 8, 4, 2, 6, 5, 6, 3, 7, 2]"
Farah Sheikh,Kiran Desai,+919812345678,+919321000123,2024-08-23T15:11:00,264,8,"[7, 7, 6, 8, 2, 6, 7, 4, 2, 7, 8, 6, 5, 2, 8, 2, 8, 4, 4, 8]"
Farah Sheikh,Kiran Desai,+919812345678,+919321000123,2024-09-20T13:59:00,76,8,"[8, 3, 7, 7, 8, 6, 2, 7, 8, 7, 5, 2, 4, 6, 2, 4, 6, 6, 3, 4]"
Farah Sheikh,Kiran Desai,+919812345678,+919321000123,2024-10-07T22:14:00,93,2,"[7, 7, 5, 5, 8, 6, 6, 6, 2, 3, 5, 4, 8, 5, 3, 3, 4, 2, 5, 6]"
Farah Sheikh,Kiran Desai,+919812345678,+919321000123,2024-06-13T17:25:00,149,2,"[5, 6, 5, 8, 7, 3, 8, 3, 5, 6, 3, 5, 5, 7, 6, 3, 6, 6, 7, 6]"
Farah Sheikh,Kiran Desai,+919812345678,+919321000123,2024-08-03T07:04:00,151,8,"[5, 4, 7, 6, 2, 2, 7, 5, 5, 4, 4, 3, 4, 4, 6, 7, 2, 8, 4, 3]"
Farah Sheikh,Lakshmi Nair,+919812345678,+919210001234,2024-11-05T14:39:00,89,5,"[2, 8, 3, 3, 7, 4, 3, 8, 7, 8, 2, 2, 7, 2, 3, 6, 3, 8, 8, 8]"
Farah Sheikh,Lakshmi Nair,+919812345678,+919210001234,2024-08-13T00:21:00,71,4,"[5, 5, 2, 4, 3, 7, 6, 3, 3, 6, 6, 8, 4, 6, 5, 6, 7, 3, 7, 7]"
Farah Sheikh,Lakshmi Nair,+919812345678,+919210001234,2024-11-19T00:24:00,284,2,"[4, 3, 2, 4, 3, 8, 7, 6, 4, 2, 5, 7, 2, 2, 5, 7, 4, 7, 8, 7]"
Farah Sheikh,Lakshmi Nair,+919812345678,+919210001234,2024-09-01T03:01:00,164,8,"[7, 5, 3, 5, 6, 7, 2, 4, 5, 8, 6, 6, 2, 3, 3, 6, 5, 6, 7, 2]"
Farah Sheikh,Lakshmi Nair,+919812345678,+919210001234,2024-06-11T07:59:00,286,4,"[4, 5, 5, 7, 3, 2, 4, 7, 4, 4, 7, 4, 3, 6, 4, 8, 2, 7, 4, 5]"
Farah Sheikh,Lakshmi Nair,+919812345678,+919210001234,2024-06-08T17:17:00,130,3,"[4, 5, 7, 3, 2, 7, 5, 6, 7, 6, 8, 7, 7, 3, 5, 3, 6, 3, 5, 4]"
Farah Sheikh,Lakshmi Nair,+919812345678,+919210001234,2024-11-02T10:28:00,292,3,"[3, 7, 3, 6, 6, 7, 8, 3, 8, 3, 4, 7, 7, 6, 3, 5, 8, 3, 7, 6]"
Farah Sheikh,Lakshmi Nair,+919812345678,+919210001234,2024-07-11T10:04:00,300,6,"[7, 2, 3, 4, 8, 3, 7, 2, 8, 4, 5, 5, 4, 5, 7, 8, 7, 7, 4, 3]"
Farah Sheikh,Lakshmi Nair,+919812345678,+919210001234,2024-07-19T03:08:00,109,2,"[8, 6, 6, 4, 6, 6, 6, 3, 6, 3, 3, 7, 2, 4, 2, 7, 8, 5, 3, 6]"
Farah Sheikh,Lakshmi Nair,+919812345678,+919210001234,2024-11-02T15:45:00,206,3,"[8, 5, 5, 5, 3, 3, 3, 3, 2, 5, 8, 2, 4, 5, 3, 7, 7, 3, 8, 3]"
Farah Sheikh,Lakshmi Nair,+919812345678,+919210001234,2024-06-17T05:59:00,239,8,"[6, 5, 7, 4, 8, 5, 3, 5, 5, 8, 2, 6, 7, 8, 5, 7, 4, 5, 6, 7]"
Farah Sheikh,Lakshmi Nair,+919812345678,+919210001234,2024-10-25T19:34:00,283,7,"[7, 8, 2, 6, 2, 5, 5, 8, 2, 3, 6, 6, 5, 7, 2, 6, 5, 6, 8, 7]"
Farah Sheikh,Lakshmi Nair,+919812345678,+919210001234,2024-06-13T06:18:00,240,5,"[4, 8, 8, 4, 5, 3, 5, 4, 6, 2, 7, 6, 3, 5, 8, 7, 5, 2, 7, 6]"
Farah Sheikh,Lakshmi Nair,+919812345678,+919210001234,2024-06-29T05:49:00,294,3,"[5, 5, 4, 5, 2, 3, 5, 6, 7, 3, 5, 2, 4, 4, 7, 7, 7, 8, 3, 7]"
Farah Sheikh,Lakshmi Nair,+919812345678,+919210001234,2024-07-02T02:07:00,245,7,"[4, 2, 6, 7, 5, 7, 8, 6, 6, 3, 5, 6, 5, 2, 8, 3, 4, 6, 8, 7]"
Farah Sheikh,Lakshmi Nair,+919812345678,+919210001234,2024-07-09T05:55:00,89,3,"[8, 7, 2, 5, 4, 4, 7, 8, 5, 4, 7, 3, 2, 3, 3, 2, 6, 8, 4, 2]"
Farah Sheikh,Lakshmi Nair,+919812345678,+919210001234,2024-09-26T15:54:00,270,6,"[8, 2, 6, 5, 3, 3, 6, 7, 5, 5, 5, 5, 2, 6, 6, 2, 3, 6, 4, 6]"
Farah Sheikh,Lakshmi Nair,+919812345678,+919210001234,2024-11-08T17:52:00,121,2,"[3, 3, 2, 7, 4, 2, 3, 8, 2, 7, 6, 8, 6, 4, 4, 2, 2, 2, 5, 3]"
Farah Sheikh,Lakshmi Nair,+919812345678,+919210001234,2024-07-12T21:18:00,105,5,"[7, 6, 4, 2, 2, 8, 4, 4, 4, 5, 8, 2, 8, 5, 8, 6, 2, 4, 5, 3]"
Farah Sheikh,Lakshmi Nair,+919812345678,+919210001234,2024-07-02T22:55:00,155,4,"[6, 5, 6, 3, 7, 3, 6, 2, 2, 6, 7, 7, 6, 2, 5, 7, 7, 6, 8, 7]"
Farah Sheikh,Lakshmi Nair,+919812345678,+919210001234,2024-08-13T13:38:00,177,4,"[6, 6, 6, 4, 3, 6, 6, 5, 6, 7, 7, 5, 5, 8, 3, 6, 3, 7, 4, 3]"
Farah Sheikh,Neha Gupta,+919812345678,+918976543210,2024-07-01T00:29:00,75,7,"[8, 3, 8, 6, 5, 5, 2, 4, 4, 6, 8, 7, 3, 2, 7, 3, 7, 4, 4, 8]"
Farah Sheikh,Neha Gupta,+919812345678,+918976543210,2024-06-18T09:19:00,274,6,"[4, 8, 2, 2, 7, 4, 4, 5, 7, 6, 6, 2, 8, 3, 3, 4, 8, 4, 7, 5]"
Farah Sheikh,Neha Gupta,+919812345678,+918976543210,2024-09-30T01:41:00,84,5,"[3, 7, 5, 8, 6, 4, 5, 8, 8, 5, 7, 2, 8, 6, 4, 6, 7, 7, 4, 6]"
Farah Sheikh,Neha Gupta,+919812345678,+918976543210,2024-10-16T00:13:00,184,8,"[8, 4, 2, 3, 4, 8, 2, 4, 5, 7, 6, 8, 3, 6, 6, 5, 3, 6, 2, 8]"
Farah Sheikh,Neha Gupta,+919812345678,+918976543210,2024-08-18T22:54:00,176,7,"[2, 4, 5, 2, 5, 3, 4, 5, 8, 4, 3, 6, 4, 3, 2, 4, 8, 2, 8, 3]"
Farah Sheikh,Neha Gupta,+919812345678,+918976543210,2024-06-24T14:32:00,27,8,"[5, 6, 3, 3, 4, 5, 7, 8, 6, 4, 8, 4, 3, 8, 8, 2, 8, 6, 7, 3]"
Farah Sheikh,Neha Gupta,+919812345678,+918976543210,2024-07-23T23:02:00,250,5,"[7, 8, 6, 2, 2, 4, 2, 7, 8, 6, 8, 2, 4, 5, 2, 2, 6, 8, 7, 7]"
Farah Sheikh,Neha Gupta,+919812345678,+918976543210,2024-08-19T00:36:00,174,7,"[3, 4, 3, 3, 4, 4, 6, 4, 8, 5, 7, 2, 4, 3, 3, 4, 2, 2, 6, 6]"
Farah Sheikh,Neha Gupta,+919812345678,+918976543210,2024-10-10T03:13:00,292,4,"[6, 4, 4, 3, 7, 8, 4, 6, 3, 3, 2, 4, 6, 4, 6, 5, 2, 3, 2, 5]"
Farah Sheikh,Neha Gupta,+919812345678,+918976543210,2024-11-20T01:06:00,211,2,"[2, 5, 5, 3, 7, 6, 6, 7, 8, 7, 7, 5, 6, 4, 4, 4, 8, 3, 7, 8]"
Ganesh Patil,Wasim Khan,+919765432100,+917987654321,2024-06-24T22:29:00,22,2,"[2, 3, 3, 3, 2, 2, 1, 1, 1, 3, 2, 2, 2, 1, 3]"
Ganesh Patil,Wasim Khan,+919765432100,+917987654321,2024-11-18T10:50:00,120,2,"[2, 2, 1, 1, 2, 1, 2, 2, 2, 1, 2, 2, 3, 3, 1]"
Ganesh Patil,Wasim Khan,+919765432100,+917987654321,2024-10-09T03:25:00,114,3,"[1, 2, 3, 3, 1, 2, 3, 2, 2, 3, 2, 1, 3, 1, 3]"
Ganesh Patil,Wasim Khan,+919765432100,+917987654321,2024-07-11T15:24:00,18,2,"[1, 3, 3, 2, 2, 3, 2, 3, 3, 1, 1, 3, 3, 1, 3]"
Ganesh Patil,Wasim Khan,+919765432100,+917987654321,2024-10-25T15:07:00,85,3,"[2, 2, 3, 1, 2, 1, 2, 2, 1, 3, 1, 3, 3, 2, 2]"
Ganesh Patil,Priya Menon,+919765432100,+918754321000,2024-11-13T21:03:00,21,1,"[1, 3, 3, 1, 1, 3, 1, 2, 3, 2, 2, 3, 3, 2, 1]"
Ganesh Patil,Priya Menon,+919765432100,+918754321000,2024-07-23T21:56:00,50,2,"[3, 3, 2, 2, 3, 2, 1, 3, 1, 3, 3, 2, 1, 2, 1]"
Ganesh Patil,Priya Menon,+919765432100,+918754321000,2024-09-03T17:03:00,10,3,"[3, 2, 1, 2, 1, 1, 2, 3, 3, 2, 3, 2, 3, 2, 2]"
Ganesh Patil,Priya Menon,+919765432100,+918754321000,2024-09-06T13:34:00,37,3,"[1, 2, 1, 1, 3, 2, 2, 2, 1, 2, 3, 1, 1, 1, 1]"
Ganesh Patil,Priya Menon,+919765432100,+918754321000,2024-11-13T00:09:00,102,2,"[3, 2, 1, 1, 1, 3, 2, 2, 3, 3, 2, 3, 1, 2, 3]"
Ganesh Patil,Priya Menon,+919765432100,+918754321000,2024-09-17T17:52:00,67,2,"[2, 1, 1, 2, 3, 1, 3, 2, 3, 1, 3, 3, 2, 2, 3]"
Ganesh Patil,Priya Menon,+919765432100,+918754321000,2024-10-26T11:02:00,14,3,"[2, 3, 2, 1, 3, 2, 3, 1, 1, 3, 3, 3, 2, 2, 3]"
Ganesh Patil,Priya Menon,+919765432100,+918754321000,2024-06-21T16:56:00,88,1,"[1, 2, 3, 3, 3, 3, 1, 3, 3, 3, 3, 2, 3, 1, 2]"
Ganesh Patil,Priya Menon,+919765432100,+918754321000,2024-10-15T00:30:00,68,3,"[2, 3, 3, 2, 2, 2, 2, 2, 1, 1, 3, 3, 3, 2, 3]"
Ganesh Patil,Priya Menon,+919765432100,+918754321000,2024-10-23T08:03:00,90,2,"[3, 1, 3, 1, 3, 2, 3, 3, 1, 2, 2, 1, 1, 3, 1]"
Ganesh Patil,Vandana Pillai,+919765432100,+918100123456,2024-08-04T04:39:00,45,2,"[2, 1, 3, 1, 3, 1, 3, 3, 1, 3, 2, 2, 1, 2, 3]"
Ganesh Patil,Vandana Pillai,+919765432100,+918100123456,2024-07-31T15:11:00,112,3,"[1, 2, 1, 1, 3, 1, 2, 2, 2, 1, 3, 2, 3, 3, 1]"
Ganesh Patil,Vandana Pillai,+919765432100,+918100123456,2024-07-24T18:46:00,117,2,"[1, 3, 2, 1, 1, 1, 2, 2, 2, 2, 2, 3, 3, 1, 2]"
Ganesh Patil,Vandana Pillai,+919765432100,+918100123456,2024-11-22T22:24:00,70,2,"[1, 3, 2, 1, 2, 2, 2, 3, 2, 3, 3, 1, 1, 3, 3]"
Ganesh Patil,Vandana Pillai,+919765432100,+918100123456,2024-08-30T13:39:00,93,2,"[2, 2, 2, 1, 2, 3, 3, 2, 2, 3, 3, 1, 3, 3, 3]"
Ganesh Patil,Vandana Pillai,+919765432100,+918100123456,2024-07-20T16:21:00,96,3,"[1, 2, 3, 1, 3, 1, 1, 1, 2, 1, 3, 1, 3, 2, 2]"
Ganesh Patil,Vandana Pillai,+919765432100,+918100123456,2024-07-27T23:18:00,42,1,"[1, 1, 3, 1, 1, 3, 3, 1, 3, 3, 1, 3, 1, 1, 3]"
Harpreet Singh,Qadir Hassan,+919654321000,+918643210001,2024-11-26T05:16:00,47,2,"[3, 1, 3, 2, 2, 2, 3, 3, 2, 2, 1, 1, 2, 1, 2]"
Harpreet Singh,Qadir Hassan,+919654321000,+918643210001,2024-09-08T10:03:00,43,2,"[1, 2, 1, 2, 1, 3, 2, 1, 3, 2, 1, 1, 3, 2, 1]"
Harpreet Singh,Qadir Hassan,+919654321000,+918643210001,2024-11-05T20:06:00,66,3,"[2, 1, 1, 1, 1, 3, 3, 2, 2, 1, 2, 1, 3, 3, 1]"
Harpreet Singh,Qadir Hassan,+919654321000,+918643210001,2024-06-10T21:24:00,44,1,"[3, 2, 2, 3, 1, 3, 3, 2, 2, 2, 2, 3, 1, 3, 1]"
Harpreet Singh,Uday Chauhan,+919654321000,+918200012345,2024-09-07T22:52:00,109,2,"[1, 3, 3, 2, 2, 3, 2, 2, 1, 3, 3, 1, 2, 3, 2]"
Harpreet Singh,Uday Chauhan,+919654321000,+918200012345,2024-06-21T14:48:00,108,2,"[3, 1, 1, 3, 1, 2, 3, 1, 2, 3, 2, 1, 3, 3, 2]"
Harpreet Singh,Uday Chauhan,+919654321000,+918200012345,2024-10-03T02:56:00,90,2,"[3, 1, 1, 1, 1, 1, 3, 3, 1, 2, 2, 1, 3, 3, 2]"
Harpreet Singh,Xavier D'Souza,+919654321000,+917876543210,2024-10-15T14:01:00,14,2,"[1, 2, 3, 1, 2, 1, 1, 3, 3, 3, 2, 3, 3, 1, 3]"
Harpreet Singh,Xavier D'Souza,+919654321000,+917876543210,2024-10-27T07:59:00,19,1,"[3, 1, 2, 3, 1, 2, 3, 1, 1, 3, 3, 1, 1, 1, 3]"
Harpreet Singh,Xavier D'Souza,+919654321000,+917876543210,2024-06-13T09:52:00,111,1,"[2, 3, 1, 3, 1, 1, 1, 2, 3, 3, 1, 1, 1, 2, 2]"
Harpreet Singh,Xavier D'Souza,+919654321000,+917876543210,2024-11-21T12:20:00,25,3,"[3, 3, 1, 2, 1, 1, 3, 1, 2, 1, 1, 2, 1, 2, 1]"
Harpreet Singh,Xavier D'Souza,+919654321000,+917876543210,2024-11-26T11:35:00,31,2,"[1, 3, 1, 1, 1, 3, 3, 2, 1, 1, 2, 1, 1, 1, 1]"
Harpreet Singh,Xavier D'Souza,+919654321000,+917876543210,2024-06-23T22:41:00,85,2,"[2, 3, 2, 3, 1, 1, 1, 3, 2, 3, 2, 2, 1, 1, 3]"
Harpreet Singh,Xavier D'Souza,+919654321000,+917876543210,2024-11-25T01:38:00,33,3,"[2, 3, 1, 3, 2, 2, 2, 1, 3, 1, 1, 1, 3, 1, 3]"
Harpreet Singh,Xavier D'Souza,+919654321000,+917876543210,2024-09-01T17:32:00,38,2,"[3, 3, 1, 2, 1, 1, 1, 1, 3, 2, 2, 1, 1, 3, 1]"
Harpreet Singh,Xavier D'Souza,+919654321000,+917876543210,2024-06-14T20:23:00,46,1,"[2, 2, 2, 3, 2, 1, 1, 3, 1, 3, 1, 1, 1, 2, 3]"
Harpreet Singh,Xavier D'Souza,+919654321000,+917876543210,2024-06-30T02:57:00,40,3,"[2, 3, 3, 2, 2, 1, 3, 3, 2, 1, 1, 2, 1, 1, 1]"
Imran Ali,Uday Chauhan,+919543210001,+918200012345,2024-06-19T15:37:00,72,1,"[2, 1, 1, 3, 2, 1, 2, 2, 1, 2, 3, 1, 3, 2, 2]"
Imran Ali,Uday Chauhan,+919543210001,+918200012345,2024-07-22T10:08:00,14,3,"[3, 1, 2, 1, 1, 2, 2, 2, 1, 2, 1, 2, 3, 1, 3]"
Imran Ali,Uday Chauhan,+919543210001,+918200012345,2024-11-04T05:36:00,80,1,"[1, 2, 3, 2, 1, 3, 2, 2, 2, 1, 3, 2, 3, 1, 1]"
Imran Ali,Uday Chauhan,+919543210001,+918200012345,2024-08-23T13:37:00,38,3,"[1, 3, 1, 2, 1, 1, 2, 3, 3, 1, 2, 3, 2, 2, 3]"
Imran Ali,Uday Chauhan,+919543210001,+918200012345,2024-06-26T14:31:00,40,1,"[3, 1, 3, 3, 2, 1, 1, 2, 2, 1, 3, 1, 1, 2, 3]"
Imran Ali,Uday Chauhan,+919543210001,+918200012345,2024-08-18T05:45:00,68,3,"[3, 3, 1, 2, 2, 1, 3, 2, 1, 2, 3, 2, 3, 3, 1]"
Imran Ali,Ritu Agarwal,+919543210001,+918532100012,2024-09-07T22:21:00,77,1,"[2, 2, 2, 3, 3, 3, 3, 1, 3, 1, 3, 2, 3, 1, 3]"
Imran Ali,Ritu Agarwal,+919543210001,+918532100012,2024-11-20T11:56:00,16,1,"[2, 2, 2, 3, 1, 2, 2, 1, 3, 3, 3, 1, 3, 3, 1]"
Imran Ali,Ritu Agarwal,+919543210001,+918532100012,2024-07-06T10:15:00,79,1,"[3, 2, 3, 3, 3, 1, 3, 1, 2, 2, 2, 3, 3, 2, 2]"
Imran Ali,Ritu Agarwal,+919543210001,+918532100012,2024-06-14T02:23:00,54,2,"[2, 3, 3, 1, 2, 3, 3, 3, 3, 2, 2, 3, 2, 3, 3]"
Imran Ali,Xavier D'Souza,+919543210001,+917876543210,2024-07-19T14:05:00,20,2,"[1, 2, 1, 1, 1, 2, 1, 3, 1, 2, 1, 1, 3, 3, 1]"
Imran Ali,Xavier D'Souza,+919543210001,+917876543210,2024-08-15T13:43:00,79,1,"[2, 2, 2, 2, 3, 3, 1, 2, 1, 1, 1, 1, 3, 3, 2]"
Imran Ali,Xavier D'Souza,+919543210001,+917876543210,2024-09-14T18:21:00,93,3,"[2, 2, 3, 3, 3, 3, 3, 2, 2, 2, 3, 1, 2, 1, 2]"
Imran Ali,Xavier D'Souza,+919543210001,+917876543210,2024-07-29T15:23:00,46,1,"[1, 2, 2, 2, 1, 3, 1, 3, 3, 2, 1, 1, 3, 3, 3]"
Jaya Sharma,Qadir Hassan,+919432100012,+918643210001,2024-06-11T10:36:00,26,2,"[2, 2, 1, 1, 3, 3, 1, 3, 2, 2, 1, 2, 2, 3, 1]"
Jaya Sharma,Qadir Hassan,+919432100012,+918643210001,2024-10-15T09:07:00,13,2,"[2, 1, 2, 2, 1, 1, 3, 3, 3, 2, 3, 3, 2, 2, 2]"
Jaya Sharma,Qadir Hassan,+919432100012,+918643210001,2024-10-25T21:09:00,112,3,"[3, 2, 2, 3, 1, 3, 2, 1, 1, 3, 3, 1, 2, 1, 2]"
Jaya Sharma,Qadir Hassan,+919432100012,+918643210001,2024-11-06T07:28:00,55,1,"[2, 1, 3, 3, 1, 3, 3, 1, 2, 1, 1, 1, 3, 2, 3]"
Jaya Sharma,Xavier D'Souza,+919432100012,+917876543210,2024-10-10T12:12:00,72,2,"[3, 3, 3, 1, 3, 2, 2, 1, 3, 2, 2, 2, 2, 1, 2]"
Jaya Sharma,Xavier D'Souza,+919432100012,+917876543210,2024-08-28T11:19:00,67,3,"[1, 1, 3, 2, 3, 2, 2, 2, 1, 3, 2, 3, 2, 1, 3]"
Jaya Sharma,Xavier D'Souza,+919432100012,+917876543210,2024-11-01T02:09:00,36,2,"[2, 3, 2, 1, 3, 2, 1, 1, 2, 3, 2, 2, 1, 3, 2]"
Jaya Sharma,Xavier D'Souza,+919432100012,+917876543210,2024-10-24T04:12:00,33,2,"[2, 3, 2, 1, 2, 3, 2, 2, 3, 3, 2, 1, 1, 1, 1]"
Jaya Sharma,Ritu Agarwal,+919432100012,+918532100012,2024-08-16T20:53:00,91,2,"[1, 3, 3, 2, 2, 1, 2, 3, 3, 1, 1, 1, 2, 2, 1]"
Jaya Sharma,Ritu Agarwal,+919432100012,+918532100012,2024-11-01T23:23:00,84,2,"[3, 2, 2, 3, 3, 2, 3, 1, 2, 3, 3, 3, 1, 2, 1]"
Jaya Sharma,Ritu Agarwal,+919432100012,+918532100012,2024-10-27T01:09:00,50,2,"[3, 1, 2, 1, 1, 2, 2, 2, 3, 2, 1, 2, 2, 3, 3]"
Jaya Sharma,Ritu Agarwal,+919432100012,+918532100012,2024-06-20T16:12:00,108,3,"[1, 1, 3, 1, 3, 2, 2, 3, 2, 2, 3, 3, 3, 2, 1]"
Jaya Sharma,Ritu Agarwal,+919432100012,+918532100012,2024-10-15T18:22:00,115,1,"[1, 1, 3, 2, 2, 2, 2, 2, 1, 1, 1, 1, 3, 1, 1]"
Jaya Sharma,Ritu Agarwal,+919432100012,+918532100012,2024-10-22T19:44:00,116,3,"[3, 3, 3, 3, 1, 2, 2, 1, 1, 1, 1, 2, 2, 2, 3]"
Jaya Sharma,Ritu Agarwal,+919432100012,+918532100012,2024-09-01T04:52:00,66,3,"[3, 2, 1, 3, 2, 1, 3, 1, 1, 1, 3, 1, 3, 1, 2]"
Kiran Desai,Qadir Hassan,+919321000123,+918643210001,2024-09-17T22:48:00,110,1,"[1, 1, 2, 2, 1, 1, 1, 1, 3, 3, 3, 1, 2, 1, 2]"
Kiran Desai,Qadir Hassan,+919321000123,+918643210001,2024-06-12T02:19:00,95,1,"[1, 1, 3, 1, 3, 1, 1, 3, 2, 1, 1, 1, 3, 2, 3]"
Kiran Desai,Qadir Hassan,+919321000123,+918643210001,2024-08-29T11:10:00,119,3,"[3, 3, 1, 3, 3, 1, 1, 3, 1, 3, 1, 3, 1, 2, 1]"
Kiran Desai,Qadir Hassan,+919321000123,+918643210001,2024-10-16T00:46:00,22,1,"[3, 3, 2, 2, 3, 3, 1, 2, 3, 1, 1, 2, 2, 2, 1]"
Kiran Desai,Ritu Agarwal,+919321000123,+918532100012,2024-09-13T03:48:00,50,1,"[2, 1, 3, 1, 2, 2, 3, 2, 3, 3, 1, 1, 2, 2, 1]"
Kiran Desai,Ritu Agarwal,+919321000123,+918532100012,2024-09-07T09:29:00,86,3,"[2, 3, 2, 1, 3, 2, 2, 2, 1, 1, 2, 3, 2, 1, 1]"
Kiran Desai,Ritu Agarwal,+919321000123,+918532100012,2024-11-20T15:43:00,23,2,"[2, 3, 3, 3, 1, 1, 1, 2, 2, 3, 3, 1, 3, 1, 1]"
Kiran Desai,Ritu Agarwal,+919321000123,+918532100012,2024-09-02T06:21:00,35,3,"[2, 1, 1, 2, 3, 2, 2, 3, 3, 3, 2, 3, 2, 2, 2]"
Kiran Desai,Ritu Agarwal,+919321000123,+918532100012,2024-11-18T19:25:00,72,3,"[2, 1, 2, 1, 1, 2, 2, 2, 1, 3, 1, 1, 1, 3, 1]"
Kiran Desai,Ritu Agarwal,+919321000123,+918532100012,2024-06-18T15:43:00,13,1,"[2, 3, 3, 2, 1, 2, 3, 3, 1, 1, 3, 3, 2, 2, 1]"
Kiran Desai,Xavier D'Souza,+919321000123,+917876543210,2024-11-17T15:31:00,74,2,"[3, 2, 3, 3, 1, 1, 2, 1, 2, 2, 2, 2, 2, 2, 1]"
Kiran Desai,Xavier D'Souza,+919321000123,+917876543210,2024-06-09T05:35:00,94,2,"[3, 1, 2, 2, 1, 2, 3, 2, 2, 1, 3, 3, 2, 3, 3]"
Kiran Desai,Xavier D'Souza,+919321000123,+917876543210,2024-11-23T17:36:00,70,2,"[3, 1, 3, 1, 2, 2, 2, 3, 2, 3, 3, 2, 2, 2, 1]"
Kiran Desai,Xavier D'Souza,+919321000123,+917876543210,2024-06-08T18:02:00,26,2,"[2, 3, 3, 1, 3, 2, 2, 1, 2, 2, 2, 2, 2, 1, 3]"
Kiran Desai,Xavier D'Souza,+919321000123,+917876543210,2024-08-02T07:15:00,92,2,"[3, 1, 3, 1, 2, 1, 2, 1, 1, 3, 2, 1, 2, 3, 2]"
Kiran Desai,Xavier D'Souza,+919321000123,+917876543210,2024-10-24T16:57:00,63,2,"[1, 3, 2, 3, 1, 2, 2, 3, 2, 2, 3, 1, 2, 1, 3]"
Kiran Desai,Xavier D'Souza,+919321000123,+917876543210,2024-11-20T06:21:00,73,3,"[3, 2, 1, 3, 2, 2, 2, 1, 2, 3, 1, 3, 1, 2, 2]"
Lakshmi Nair,Omkar Joshi,+919210001234,+918865432100,2024-11-07T23:05:00,101,3,"[1, 3, 2, 2, 1, 3, 3, 2, 2, 1, 2, 1, 3, 2, 3]"
Lakshmi Nair,Omkar Joshi,+919210001234,+918865432100,2024-08-16T13:42:00,79,2,"[1, 2, 2, 2, 3, 3, 2, 3, 3, 1, 1, 3, 3, 3, 1]"
Lakshmi Nair,Omkar Joshi,+919210001234,+918865432100,2024-10-26T15:13:00,94,3,"[2, 2, 3, 3, 3, 2, 3, 3, 3, 1, 3, 1, 2, 2, 1]"
Lakshmi Nair,Omkar Joshi,+919210001234,+918865432100,2024-08-01T04:47:00,97,2,"[2, 2, 2, 1, 3, 1, 2, 2, 2, 3, 1, 2, 3, 3, 1]"
Lakshmi Nair,Omkar Joshi,+919210001234,+918865432100,2024-09-12T07:07:00,29,1,"[1, 1, 2, 2, 2, 3, 2, 2, 3, 1, 1, 1, 2, 1, 1]"
Lakshmi Nair,Omkar Joshi,+919210001234,+918865432100,2024-08-06T08:42:00,80,1,"[3, 1, 3, 2, 1, 1, 1, 2, 3, 2, 1, 2, 2, 3, 3]"
Lakshmi Nair,Suresh Iyer,+919210001234,+918421000123,2024-09-10T23:53:00,27,1,"[1, 3, 3, 3, 1, 3, 3, 3, 3, 2, 2, 1, 1, 3, 1]"
Lakshmi Nair,Suresh Iyer,+919210001234,+918421000123,2024-08-20T10:53:00,84,3,"[2, 3, 3, 1, 2, 1, 1, 1, 1, 1, 2, 2, 2, 2, 3]"
Lakshmi Nair,Suresh Iyer,+919210001234,+918421000123,2024-06-15T15:34:00,57,3,"[1, 2, 3, 2, 2, 3, 1, 2, 1, 2, 2, 3, 2, 2, 1]"
Lakshmi Nair,Suresh Iyer,+919210001234,+918421000123,2024-11-13T19:02:00,117,3,"[3, 1, 3, 3, 1, 2, 3, 2, 2, 3, 3, 2, 3, 1, 3]"
Lakshmi Nair,Uday Chauhan,+919210001234,+918200012345,2024-09-22T12:00:00,60,2,"[2, 1, 1, 2, 1, 1, 2, 3, 2, 3, 2, 1, 2, 1, 2]"
Lakshmi Nair,Uday Chauhan,+919210001234,+918200012345,2024-09-29T23:26:00,117,2,"[3, 2, 1, 1, 3, 2, 3, 1, 2, 2, 3, 3, 3, 3, 2]"
Lakshmi Nair,Uday Chauhan,+919210001234,+918200012345,2024-09-25T22:01:00,107,1,"[3, 3, 1, 3, 2, 3, 1, 1, 2, 1, 3, 2, 2, 3, 1]"
Lakshmi Nair,Uday Chauhan,+919210001234,+918200012345,2024-06-29T05:15:00,76,3,"[3, 1, 3, 3, 2, 2, 2, 2, 3, 1, 2, 1, 3, 3, 2]"
Lakshmi Nair,Uday Chauhan,+919210001234,+918200012345,2024-08-12T06:05:00,63,2,"[1, 2, 2, 3, 1, 1, 1, 3, 3, 3, 3, 1, 1, 2, 1]"
Lakshmi Nair,Uday Chauhan,+919210001234,+918200012345,2024-08-07T22:54:00,31,1,"[2, 3, 2, 3, 2, 1, 1, 2, 1, 3, 1, 1, 3, 3, 2]"
Mohammed Farooq,Vandana Pillai,+919100012345,+918100123456,2024-07-23T06:55:00,114,2,"[2, 3, 2, 2, 1, 2, 1, 3, 1, 2, 3, 3, 1, 2, 1]"
Mohammed Farooq,Vandana Pillai,+919100012345,+918100123456,2024-09-13T04:01:00,47,2,"[1, 3, 2, 1, 2, 3, 3, 3, 2, 1, 1, 2, 1, 2, 3]"
Mohammed Farooq,Vandana Pillai,+919100012345,+918100123456,2024-09-10T21:13:00,101,2,"[3, 2, 3, 3, 2, 1, 1, 3, 1, 1, 2, 1, 2, 2, 3]"
Mohammed Farooq,Vandana Pillai,+919100012345,+918100123456,2024-11-19T19:45:00,105,1,"[1, 2, 3, 3, 2, 2, 2, 3, 2, 1, 3, 1, 3, 1, 2]"
Mohammed Farooq,Vandana Pillai,+919100012345,+918100123456,2024-07-14T16:31:00,53,2,"[1, 1, 2, 3, 3, 2, 1, 2, 1, 2, 1, 1, 2, 2, 3]"
Mohammed Farooq,Vandana Pillai,+919100012345,+918100123456,2024-09-01T13:18:00,43,3,"[2, 3, 2, 2, 1, 2, 3, 2, 1, 3, 3, 3, 2, 1, 1]"
Mohammed Farooq,Xavier D'Souza,+919100012345,+917876543210,2024-06-14T07:11:00,14,2,"[2, 1, 3, 2, 2, 1, 2, 1, 2, 2, 3, 3, 2, 2, 2]"
Mohammed Farooq,Xavier D'Souza,+919100012345,+917876543210,2024-06-29T23:55:00,28,1,"[2, 1, 1, 2, 1, 1, 3, 3, 2, 3, 3, 3, 1, 3, 1]"
Mohammed Farooq,Xavier D'Souza,+919100012345,+917876543210,2024-10-13T18:11:00,63,1,"[1, 2, 3, 1, 2, 1, 2, 3, 3, 1, 2, 2, 3, 1, 2]"
Mohammed Farooq,Xavier D'Souza,+919100012345,+917876543210,2024-07-10T00:05:00,68,3,"[3, 2, 2, 3, 2, 3, 3, 1, 2, 1, 3, 3, 2, 2, 3]"
Mohammed Farooq,Xavier D'Souza,+919100012345,+917876543210,2024-10-24T04:13:00,120,1,"[3, 2, 2, 1, 3, 1, 3, 3, 2, 1, 2, 2, 1, 1, 2]"
Mohammed Farooq,Priya Menon,+919100012345,+918754321000,2024-06-06T06:10:00,59,2,"[2, 3, 3, 1, 1, 2, 2, 2, 3, 2, 3, 3, 1, 2, 3]"
Mohammed Farooq,Priya Menon,+919100012345,+918754321000,2024-06-25T11:32:00,35,2,"[2, 2, 2, 2, 3, 3, 2, 1, 2, 2, 3, 1, 2, 3, 2]"
Mohammed Farooq,Priya Menon,+919100012345,+918754321000,2024-06-24T01:32:00,53,2,"[3, 1, 3, 3, 3, 1, 2, 3, 3, 3, 3, 1, 2, 2, 2]"
Mohammed Farooq,Priya Menon,+919100012345,+918754321000,2024-06-21T15:19:00,29,1,"[3, 2, 1, 3, 2, 2, 3, 1, 3, 1, 1, 3, 1, 3, 2]"
Neha Gupta,Uday Chauhan,+918976543210,+918200012345,2024-08-30T08:37:00,20,3,"[1, 1, 3, 3, 2, 1, 1, 2, 1, 1, 2, 3, 2, 2, 3]"
Neha Gupta,Uday Chauhan,+918976543210,+918200012345,2024-09-25T21:28:00,89,2,"[2, 1, 1, 1, 1, 3, 3, 2, 3, 1, 2, 3, 1, 1, 2]"
Neha Gupta,Uday Chauhan,+918976543210,+918200012345,2024-06-30T00:10:00,93,2,"[2, 3, 2, 3, 3, 3, 3, 2, 2, 3, 3, 2, 3, 3, 3]"
Neha Gupta,Uday Chauhan,+918976543210,+918200012345,2024-11-20T12:51:00,48,1,"[1, 1, 1, 1, 1, 1, 3, 1, 1, 1, 2, 3, 1, 3, 1]"
Neha Gupta,Uday Chauhan,+918976543210,+918200012345,2024-09-20T20:54:00,111,3,"[1, 1, 2, 2, 1, 2, 2, 1, 1, 1, 1, 3, 3, 2, 2]"
Neha Gupta,Uday Chauhan,+918976543210,+918200012345,2024-09-29T00:55:00,67,3,"[1, 1, 2, 3, 2, 1, 2, 1, 1, 3, 3, 2, 2, 2, 3]"
Neha Gupta,Uday Chauhan,+918976543210,+918200012345,2024-10-27T19:46:00,80,2,"[1, 2, 2, 2, 3, 3, 3, 3, 3, 2, 1, 3, 1, 3, 1]"
Neha Gupta,Priya Menon,+918976543210,+918754321000,2024-10-26T10:35:00,18,2,"[3, 2, 2, 1, 2, 3, 3, 2, 2, 3, 2, 1, 1, 2, 3]"
Neha Gupta,Priya Menon,+918976543210,+918754321000,2024-07-20T15:22:00,66,1,"[3, 1, 3, 3, 2, 3, 3, 3, 2, 1, 2, 3, 3, 2, 2]"
Neha Gupta,Priya Menon,+918976543210,+918754321000,2024-11-20T20:47:00,56,2,"[1, 3, 1, 2, 3, 3, 1, 3, 2, 1, 1, 1, 1, 3, 2]"
Neha Gupta,Priya Menon,+918976543210,+918754321000,2024-06-26T13:31:00,48,1,"[1, 3, 1, 1, 2, 2, 2, 3, 1, 1, 3, 1, 1, 2, 2]"
Neha Gupta,Priya Menon,+918976543210,+918754321000,2024-06-30T19:14:00,25,3,"[1, 2, 2, 2, 2, 1, 3, 2, 1, 3, 3, 3, 3, 1, 3]"
Neha Gupta,Priya Menon,+918976543210,+918754321000,2024-06-13T14:51:00,68,1,"[1, 3, 3, 1, 3, 1, 3, 1, 1, 3, 1, 1, 2, 1, 3]"
Neha Gupta,Priya Menon,+918976543210,+918754321000,2024-08-14T22:28:00,107,3,"[2, 3, 1, 1, 3, 2, 2, 1, 1, 1, 2, 2, 1, 1, 2]"
Neha Gupta,Priya Menon,+918976543210,+918754321000,2024-08-27T09:32:00,31,1,"[2, 2, 3, 2, 2, 3, 3, 1, 1, 3, 2, 1, 1, 2, 2]"
Neha Gupta,Priya Menon,+918976543210,+918754321000,2024-09-13T14:54:00,76,3,"[2, 1, 2, 1, 1, 3, 3, 1, 1, 2, 2, 2, 1, 2, 1]"
Neha Gupta,Vandana Pillai,+918976543210,+918100123456,2024-06-10T21:59:00,92,1,"[3, 1, 3, 3, 3, 3, 2, 2, 2, 3, 3, 3, 2, 3, 3]"
Neha Gupta,Vandana Pillai,+918976543210,+918100123456,2024-08-20T11:00:00,115,2,"[3, 3, 1, 3, 2, 2, 3, 1, 3, 3, 3, 3, 2, 3, 2]"
Neha Gupta,Vandana Pillai,+918976543210,+918100123456,2024-11-14T12:49:00,35,2,"[1, 1, 3, 2, 2, 3, 3, 3, 1, 3, 3, 2, 1, 1, 3]"
Neha Gupta,Vandana Pillai,+918976543210,+918100123456,2024-10-20T09:33:00,53,3,"[1, 1, 1, 3, 3, 2, 1, 2, 3, 2, 3, 1, 3, 1, 2]"
Neha Gupta,Vandana Pillai,+918976543210,+918100123456,2024-08-06T20:32:00,55,1,"[1, 3, 1, 2, 2, 3, 3, 1, 2, 2, 1, 3, 3, 3, 3]"
Neha Gupta,Vandana Pillai,+918976543210,+918100123456,2024-11-08T21:34:00,118,3,"[1, 2, 2, 2, 3, 3, 3, 3, 1, 3, 2, 3, 3, 1, 1]"
Neha Gupta,Vandana Pillai,+918976543210,+918100123456,2024-08-23T16:37:00,34,2,"[2, 1, 1, 3, 2, 2, 1, 1, 1, 2, 1, 2, 1, 2, 1]"
Neha Gupta,Vandana Pillai,+918976543210,+918100123456,2024-09-03T21:33:00,61,3,"[3, 3, 2, 2, 3, 2, 3, 2, 2, 3, 2, 3, 2, 1, 1]"
Neha Gupta,Vandana Pillai,+918976543210,+918100123456,2024-10-08T04:31:00,101,2,"[1, 3, 3, 3, 1, 3, 1, 2, 2, 1, 3, 1, 3, 2, 1]"
Jaya Sharma,Yamini Devi,+919432100012,+917765432100,2024-06-29T03:23:00,41,1,[1]
Xavier D'Souza,Zaheer Abbas,+917876543210,+917654321000,2024-06-11T16:09:00,12,1,[1]
Harpreet Singh,Ananya Mishra,+919654321000,+917543210001,2024-08-18T11:19:00,23,1,[1]
Lakshmi Nair,Bharat Patel,+919210001234,+917432100012,2024-06-08T04:09:00,55,1,[1]
Jaya Sharma,Chitra Krishnan,+919432100012,+917321000123,2024-06-13T09:56:00,23,1,[1]
Uday Chauhan,Dinesh Rawat,+918200012345,+917210001234,2024-07-17T23:31:00,5,1,[1]
Ritu Agarwal,Esha Tiwari,+918532100012,+917100012345,2024-10-19T11:04:00,60,1,[1]
Priya Menon,Farhan Qureshi,+918754321000,+916987654321,2024-09-15T15:36:00,24,1,[1]
Kiran Desai,Geeta Kapoor,+919321000123,+916876543210,2024-08-26T12:30:00,58,1,[1]
Suresh Iyer,Hemant Saxena,+918421000123,+916765432100,2024-07-06T16:40:00,34,1,[1]
Kiran Desai,Isha Rajan,+919321000123,+916654321000,2024-11-18T14:09:00,60,1,[1]
Ganesh Patil,Jagdish Thakur,+919765432100,+916543210001,2024-06-23T19:42:00,44,1,[1]
Jaya Sharma,Kavita Soni,+919432100012,+916432100012,2024-09-08T07:57:00,30,1,[1]
Ganesh Patil,Lalita Verma,+919765432100,+916321000123,2024-10-17T01:42:00,33,1,[1]
Wasim Khan,Manoj Dubey,+917987654321,+916210001234,2024-11-13T02:55:00,15,1,[1]
Yamini Devi,Farah Sheikh,+917765432100,+919812345678,2024-11-15T18:00:00,180,1,"[0, 0, 0, 0, 0, 1]"
